customer_id,tenure_days,total_orders,total_spent,days_since_last_order,churn_risk_score,fraud_flag,fraud_score
861eff4711a542e4b93843c6dd7febb0,46,3,970.4,0,0.092,False,0.0
290c77bc529b7ac935b93aa66c333dc3,20,0,0,20,1.009,False,0.0
060e732b5b29e8181a18229c7b0b2b5e,26,1,88.8,21,0.639,False,0.0
259dac757896d24d7702b9acbbff3f3c,24,2,1712.73,10,0.38,False,0.0
345ecd01c38d18a9036ed96c73b8d066,60,3,575.03,1,0.063,False,0.0
4c93744516667ad3b8f1fb645a3116a4,51,15,7345.76,7,0.095,True,0.762
addec96d2e059c80c30fe6871d30d177,127,3,1701.24,14,0.18,False,0.0
57b2a98a409812fe9618067b6b8ebe4f,21,6,3920.73,1,0.105,False,0.0
1175e95fb47ddff9de6b2b06188f7e0d,31,3,1043.61,17,0.412,False,0.0
9afe194fb833f79e300e37e580171f22,20,0,0,20,0.973,False,0.0
2a7745e1ed516b289ed9b29c7d0539a5,24,0,0,24,0.97,False,0.0
2a46fb94aef5cbeeb850418118cee090,35,2,794.33,13,0.312,False,0.0
918dc87cd72cd9f6ed4bd442ed785235,20,4,2538.75,8,0.282,False,0.0
295c05e81917928d76245e842748184d,24,2,640.95,2,0.197,False,0.0
3151a81801c8386361b62277d7fa5ecf,47,0,0,47,0.988,False,0.0
21f748a16f4e1688a9014eb3ee6fa325,38,1,52.14,30,0.684,False,0.0
5c2991dbd08bbf3cf410713c4de5a0b5,24,2,2412.35,9,0.382,False,0.0
b6e99561fe6f34a55b0b7da92f8ed775,41,14,4836.93,3,0.073,True,0.942
7f3a72e8f988c6e735ba118d54f47458,79,1,1064.52,12,0.32,False,0.0
3e6fd6b2f0d499456a6a6820a40f2d79,20,9,4408.02,0,0.031,False,0.0
e607ede0e63436308660236f5a52da5e,78,4,3084.24,1,0.072,True,0.67
a96d5cfa0d3181817e2b946f921ea021,54,6,1505.67,21,0.247,False,0.0
482441ea6a06b1f72fe9784756c0ea75,28,1,1988.2,12,0.433,False,0.0
4390ddbb6276a66ff1736a6710205dca,23,0,0,23,1.04,False,0.0
a5844ba4bfc8d0cc61d13027c7e63bcc,276,1,11.66,36,0.321,False,0.0
5f102dd37243f152aec3607970aad100,28,0,0,28,0.991,False,0.0
9c0096673baf55453a50073f12d1a37f,21,2,405.25,8,0.355,False,0.0
2e6a42a9b5cbb0da62988694f18ee295,21,2,619.66,8,0.369,False,0.0
4d221875624017bc47b4d1ce7314a5b7,95,0,0,95,1.021,False,0.0
a8654e2af5da6bb72f52c22b164855e1,43,2,731.96,40,0.699,False,0.0
424aca6872c5bab80780a8dec03b7516,78,2,994.27,42,0.441,False,0.0
bf4862777db128507e9efcc789215e9b,59,1,967.83,12,0.344,False,0.0
e9dd12dca17352644a959d9dea133935,37,1,462.29,27,0.606,False,0.0
e079b18794454de9d2be5c12b4392294,407,1,1030.4,336,0.704,False,0.0
ef07ba9aa5226f77264ffa5762b2280b,29,4,2043.63,12,0.357,True,0.598
85d234692f7bee8d6fea586e237334b6,39,0,0,39,0.967,False,0.0
fe3634ccefbcdb0537b45fd589e32e8e,87,1,1587.13,60,0.611,False,0.0
40febde16f4718a5def537786473b0be,44,1,781.62,9,0.291,False,0.0
07d190f123147d9e89d4b922543d7948,103,0,0,103,0.982,False,0.0
dd992305cba295d997f263dbdf4e8c2e,40,1,1474.61,40,0.828,False,0.0
86085586aaa8c5f47ed0b400da64c59d,55,3,1176.05,6,0.205,False,0.0
5ad58a4e6a1a656b6bed070cadbaa003,20,1,300.93,8,0.391,False,0.0
c9158d089637ab443c78984d20da7fc0,24,3,2771.86,3,0.205,False,0.0
66cc90195ca44cc7ac6a1cd0e1e1e7b2,26,1,1147.43,19,0.63,False,0.0
91ec50a00ae74d0a229d2efdf4344e1e,21,4,1836.79,2,0.093,False,0.0
d251c190ca75786e9ab937982d60d1d4,24,0,0,24,1.047,False,0.0
233896de79986082f1f479f1f85281cb,21,2,977.4,4,0.222,False,0.0
a8ae36a2bb6c2bbc3b5d62ede131c9ef,26,2,1078.8,1,0.18,False,0.0
8d46223c91cbeb93e0930ca8bd8ffca2,46,1,410.51,38,0.689,False,0.0
e021e698833bdeb89dfef3acb2e91f37,29,16,9433.89,2,0.048,True,1.0
27cf4b153010911a0957150255a6c6db,29,1,1123.1,19,0.571,False,0.0
7ce5b57a120a2da6a804afa58ffcbfb5,24,0,0,24,0.955,False,0.0
d33eeadf54cb883e79be640f38c32cdc,25,2,652.69,3,0.23,False,0.0
3da7750bf3c1dbd724624a60a9f5942b,199,5,2968.96,27,0.156,False,0.0
d85547cd859833520b311b4458a14c1c,47,4,2662.81,16,0.305,False,0.0
3af0b2f7654f613ff1527b997a2ac57e,43,3,970.39,14,0.251,False,0.0
3d49f4455a3947c8dd7e972b3ad8cb76,23,0,0,23,1.036,False,0.0
b03e9d9818ee170e9d6b983803c7d406,59,3,3507.99,18,0.28,False,0.0
a302a693d5722d95984e6472150b9391,23,0,0,23,1.032,False,0.0
c80da60feddb7cf8325bd104032e314a,29,0,0,29,1.002,False,0.0
a2b8841410cf77619574d311cd06fd5e,892,1,291.07,202,0.362,False,0.0
7677c213007e9a6ec9267ea50b5ce5bc,46,1,197.94,32,0.594,False,0.0
0c17f9ac28cbd7323f0f4043e9db5907,39,2,781.88,33,0.675,False,0.0
332cf4e83e16004ba7dca932ce82475b,52,1,209.54,31,0.567,False,0.0
0d516ca029d6a28d5cfddd80b27a26dc,93,1,293.56,69,0.61,False,0.0
b3548d0cec408ae13d143bb4eeebaa6c,69,1,365.7,28,0.473,False,0.0
c3293e875ffb1116018edf76d24e52a2,24,0,0,24,1.047,False,0.0
d89e05e2d23c3d8247aeecd07758004b,20,5,3739.2,2,0.1,True,0.879
dad5018ffc0de85eb72f72575b552784,27,3,3047.95,8,0.253,False,0.0
95700615deef776ed32faa08f0be634e,25,1,151.17,10,0.479,False,0.0
b157c176c3fe04914fde33f2dc8b878a,24,1,56.67,20,0.688,False,0.0
d4397835ae287e492b186d497099439a,217,0,0,217,0.982,False,0.0
76b029c87118a29f2e3de420f5ec2fa2,114,1,280.03,111,0.775,False,0.0
7eaa86786b5955ab188db287f4726d79,27,1,50.79,12,0.423,False,0.0
b436a108536c1dabbc1d3e808d782df9,48,1,493.71,21,0.425,False,0.0
cd076285a12f40041b32f5ad8c98699f,30,1,655.15,7,0.385,False,0.0
cf6d4152d758efc43910e0141ae5b912,155,0,0,155,1.017,False,0.0
468d559ef2dcd2bea6d8db78959fb90f,33,3,1040.21,9,0.258,True,0.553
7556f182460418cf30957e6ce377c674,25,3,943.28,1,0.101,False,0.0
e5dbefdfdf3eff75c8e6cd655f128279,25,8,5937.49,4,0.127,False,0.0
67d21c8bea9d6017d1b124d3879dd815,39,0,0,39,0.957,False,0.0
fd2d5fdb84e65fa6b54b98b0e2df5645,25,0,0,25,1.023,False,0.0
d491a65a6ef3c04e145d37395996bad7,41,1,440.82,2,0.269,False,0.0
6edd17d0a29e2d4057e694afee5eaa3b,133,1,300.69,100,0.639,False,0.0
bf6e263ffc1f89999827615522b0aa45,30,0,0,30,1.039,False,0.0
6d3f61e35d0422fd8cae65b1798784be,24,3,1493.22,10,0.334,False,0.0
a9a77b4e25980b7ca58cb71f878abb27,1500,0,0,1500,0.992,False,0.0
eca666aec08df69fe31aa9a11d4a3302,36,0,0,36,1.019,False,0.0
7a380cb5434e6b6b5b37d45bb99dbe8a,21,2,1527.72,18,0.661,False,0.0
463093247faa080167d77f2e6d1b297d,20,5,5680.52,0,0.043,False,0.0
914b142462685e3161cf3a9f4152a028,22,2,1620.13,1,0.193,False,0.0
e235442a956c524e6c141141171f5801,45,3,2751.07,7,0.167,False,0.0
4a4de987b37555970ffcc9608d858a72,74,2,1385.22,16,0.307,False,0.0
44e9a1246448bd68a2e3bf0f1966c57a,31,2,1810.91,6,0.212,False,0.0
b4d6e1b900d99b52e901860bc1f44e35,21,0,0,21,1.034,False,0.0
809353196a0456095716566dd226bb48,29,0,0,29,1.005,False,0.0
9e1f719fe5b17b9c51905fee6d6385c1,1500,1,21.18,180,0.246,False,0.0
94b731a41867b47c3856e324840c4c99,37,3,3282.83,9,0.278,False,0.0
694cb45ff29b603ac2acd51016770097,383,2,1174.0,49,0.184,False,0.0
9dbb05f5577e862337b93feb8f358839,103,2,980.32,51,0.467,False,0.0
2b6082a140c439e2df870c85b0aa5e88,20,2,1173.15,8,0.326,False,0.0
eab761ccdba80c5b9a7f01b16543da0f,57,1,749.51,33,0.543,False,0.0
4071d48a2d0d0bf179c06fc42b962e1f,51,1,244.28,8,0.263,False,0.0
90d479448b39ad9586d05da64cfb695b,37,1,564.32,25,0.642,False,0.0
7b24d0e6584ac5a21ec1256d96965500,25,1,1011.47,5,0.351,False,0.0
7981196c7252350915beb9a7367d40b2,46,1,263.3,18,0.436,False,0.0
9d0ac1cdbfc919d676e2c2377abb32c1,22,1,555.75,10,0.47,False,0.0
b1a049b952fdc19b69b2865c29986b9c,32,0,0,32,0.973,False,0.0
1f6d48610f32c723924f9af3e88f1c64,33,1,352.23,10,0.392,False,0.0
fa7e6f153b7724fda5c1d7cc7b9ae4ec,259,3,1058.69,79,0.271,False,0.0
8728c766c84eeda24b3e54fe6e632051,113,1,193.16,108,0.784,False,0.0
4bc7250d4b42b3374eb6f41b12429592,25,0,0,25,0.969,False,0.0
29f61e71b90b55a988f45a66bb91bfb7,35,1,475.16,33,0.742,False,0.0
13ac6da47fef1b17b16f511e03b57918,23,9,5765.83,2,0.097,False,0.0
9553802042571deac62d5789ed18a241,152,4,1934.5,31,0.213,True,0.553
37e1a83b513512531032b4a9c43bab5d,109,1,935.74,104,0.746,False,0.0
60f874c577dc096ecd52bd0bf6bd5942,26,1,87.62,20,0.66,False,0.0
eabd76f3506262b0db0dda1d48394a9b,46,2,1198.66,16,0.332,False,0.0
93bf5d4e752358fa9ea738ebf793cb79,43,3,977.44,15,0.341,False,0.0
24a5c2b24a4467c37e2f54c1b311de93,22,1,533.54,20,0.733,False,0.0
54fccbde5e005f2dbc6ad8d5473c9ac7,66,5,859.41,12,0.148,False,0.0
1bdff446efb5846d0969eaf8978d4342,38,1,254.92,36,0.769,False,0.0
52e57dd9218d99ea21b26f00c9151761,70,1,3403.15,30,0.459,False,0.0
d04c37e1699d05ba4f5fe7cf2bffc97a,37,0,0,37,1.029,False,0.0
82e96a74eeb99b61395a1403630fe437,20,2,2644.21,5,0.279,False,0.0
7b3b8cf6cef1b5fb3f47348a33cd6d42,27,1,334.92,8,0.405,False,0.0
f32cdbbeca0aba5358bddc018dd12b09,20,0,0,20,0.965,False,0.0
2e61eefc516ee26837d29fd3d76530fa,181,1,755.89,145,0.642,False,0.0
ca19a17e381182923b66007a351574b7,116,6,3354.56,21,0.196,False,0.0
96b1c916f245f2462efcde3fce04bc3e,88,5,3742.15,1,0.072,False,0.0
5ece49e012285b9003d084a4ea8a9c94,27,1,41.76,10,0.424,False,0.0
5d348bbc0f1a5cc45c3e4b93b8c9f802,21,1,232.72,7,0.436,False,0.0
b6c083700ca8c135ba9f0f132930d4e8,115,1,1260.63,102,0.761,False,0.0
1a7a10e9273fca58179bdd0d40843b0c,231,0,0,231,0.968,False,0.0
f34cd7fd85a1f8baff886edf09567be3,21,2,435.79,0,0.127,False,0.0
67626c49069bdf05ff127d59a6649948,34,3,2822.79,7,0.179,False,0.0
56636fd22de1a315b8a50d45cf94d859,21,3,2044.57,0,0.088,False,0.0
34c6f984b590bbfe3d4d6c76007c0b1c,65,13,3382.39,10,0.094,False,0.0
9bbfdf9f7f65b58481e1ed110a2eed46,67,1,9.98,45,0.604,False,0.0
0567f279c243671842613f581ed3462c,22,1,47.76,13,0.567,False,0.0
30a7c7292c38ac22477fcb75306ac4ef,34,1,421.66,15,0.415,False,0.0
ba66b6edd0756a62cb11be4d4655ed32,38,1,421.67,23,0.546,False,0.0
91e6fd64694fa9a828270d442ba88e03,25,3,790.92,6,0.221,False,0.0
87edab6661956d4d2f05e205251cf1a4,111,0,0,111,0.954,False,0.0
1d4626b197f66aa6129c135ab09f1a7b,31,2,236.82,8,0.277,False,0.0
bb50112c998293f45f49f49704165768,24,5,2227.15,3,0.153,False,0.0
113bdaf5255ce5a458057ebf9975befb,38,2,1536.67,25,0.539,False,0.0
7aeb8dc11cd50c32f37fea0435c4e9b1,59,2,815.46,40,0.515,False,0.0
b778de6d690edae39654f4444e081771,24,2,2065.44,15,0.538,False,0.0
ef6b4c0581dbf34e6eb5e33e0094c445,27,4,1819.46,1,0.138,False,0.0
8dfb24fac32ec7170821d2be63fa9c1c,1500,7,4699.02,68,0.033,True,0.643
be1e99a0c57d7c3c699cfc4db26c8edf,47,1,138.88,41,0.744,False,0.0
337691bc9242e1d53d521ed78a12ab8d,32,1,424.5,29,0.749,False,0.0
05aa2ef3623cdba9ca3e83b91f1eee5c,36,0,0,36,1.024,False,0.0
466c3a741a952640c1984a48ebbffbf9,22,1,153.77,0,0.208,False,0.0
09f54e88196d12eba479017f13f0e237,24,4,3966.42,0,0.106,False,0.0
b49d79cdef655bb4cdf8223390c20524,28,1,2446.25,0,0.184,False,0.0
ad28944afc91824e30366a595654aaa4,41,1,229.86,3,0.291,False,0.0
0b48151c4ac827afeee06ce2d77cc343,24,147,87658.33,0,0.0,True,1.0
755bdc2822a8f01cfcec19ae4dcaae66,24,13,9323.21,2,0.117,True,0.702
a4813c3f53f0652da225d8410cc615a0,21,4,3443.71,0,0.075,False,0.0
2eac18b475d7d985f0ab52b9c010f59f,45,2,1182.84,8,0.284,False,0.0
de53649541ad2006de823720ad65ca77,24,1,453.56,4,0.34,False,0.0
610d3e47ad4921adc40aa9fd6bbeeaa5,142,1,813.76,119,0.666,False,0.0
1da2a3343d3e10a969375849ac5b7f1f,102,1,57.3,68,0.596,False,0.0
3321a75303831a580b0973bbf54900da,21,4,1498.93,4,0.152,False,0.0
7a78c6e53163e36c68d2f22f5909b0eb,25,0,0,25,0.974,False,0.0
629fb99609e4613c746af4eaa455c91a,50,0,0,50,1.006,False,0.0
a296df1cf7557b871094bda3d269972e,24,0,0,24,0.993,False,0.0
237c219a24b6a3183a216a5ca00f6edf,22,1,619.56,8,0.466,False,0.0
49d79c76cf12065b7a08103cdba3e1b8,196,4,1268.21,1,0.092,False,0.0
59150cde6405fb8f31f6dd1882d15754,40,9,5023.65,7,0.166,False,0.0
a05262e3e3de722e0a42cfa3b48e622c,34,0,0,34,1.006,False,0.0
f62f269f9ce7c41d20a90f70df873f42,71,2,1187.58,69,0.668,True,0.558
6e4188c01246d30b20d17a1ed42094fe,78,1,88.15,47,0.53,False,0.0
8377420a8b3549f6f40dca93815ee602,23,2,585.88,1,0.123,False,0.0
43676e9993577d1991036ea6720213de,21,0,0,21,0.976,False,0.0
8dc17b53543ee0ff19970896cfc6c750,31,2,379.64,20,0.48,False,0.0
dc643b60537f44f35b2f91610ea64153,31,5,2933.54,4,0.116,False,0.0
f1a7919983d547880b4111fd4f77c74d,33,1,797.8,9,0.33,False,0.0
fd3c867c2bcd048675609cf2b0f1aedb,59,1,305.73,1,0.168,False,0.0
05292bc3f6db7fd79133285a32a82d53,50,1,4.24,16,0.403,False,0.0
7530369a1ddf13882910895b0559423d,632,2,825.28,614,0.754,False,0.0
a43149b43ab4253753f89fb6909d1371,21,2,214.04,6,0.346,False,0.0
c230d0a507ccf302b339305e2acf3376,30,2,536.24,6,0.279,False,0.0
58e1140fb8f15f1a010d01a34bfbf77d,28,5,3453.91,10,0.262,False,0.0
9316f45a5da8403a5938bd6069b1a4a7,103,2,940.92,8,0.224,False,0.0
1605a6c5d93d3488fb621c5323930795,25,1,314.31,4,0.26,False,0.0
25775ec7ac8aff278f093e8614bb3331,23,1,473.56,20,0.735,False,0.0
317a5bc8cf58c4401e221c74d7a51982,32,35,19064.08,0,0.01,True,0.946
95363f351776a3f8a43145c79a046053,31,2,334.18,1,0.104,False,0.0
ed62ab8aab76f4d4efc4344ba5ef3a6d,26,3,3165.1,4,0.143,False,0.0
f8f338d24407d8c6da17ada8bf6eb613,25,0,0,25,1.012,False,0.0
ce900bc17b3e45ec05956db418d86207,169,2,456.05,30,0.19,False,0.0
a5c133a6a95d06f06939fd961fb8a0c3,32,2,338.23,16,0.413,False,0.0
7cc3f51930537216ff70ecdc8f506a37,103,0,0,103,0.995,False,0.0
0d77d20b2c7c92602b0c4ec4fe5997af,38,6,2593.16,6,0.112,False,0.0
a40096fc0a3862e9e12bc55b5f8e6ab2,20,3,1519.85,0,0.078,False,0.0
c68949b701afe5343ce845dd492772e8,1500,0,0,1500,0.962,False,0.0
4f6d635ff2fd4e30ff5369a7b943eb22,90,2,1114.42,22,0.267,False,0.0
226c621e6babfecac4e9e776382c77aa,361,4,2497.39,178,0.373,False,0.0
ca87392503c5a503ff16afc9344ebbe0,175,2,1013.53,2,0.183,False,0.0
e9adf7ea1e1dbb166b5024015154104b,96,2,514.67,30,0.293,False,0.0
691d75928efd2c5dd34b678f19783c28,23,1,552.29,1,0.266,False,0.0
6ad430c5fac5e72b42f74af4ad7e98f3,34,1,341.31,32,0.802,False,0.0
28da048f094c0c9cbbc5412bcf41b6b0,24,1,338.74,3,0.266,False,0.0
2c4f12ef543ba44eead3e3a43c229c11,30,3,281.06,4,0.216,False,0.0
3e8f3e58aafa9bb38d7b2ace611ff6af,21,4,3001.7,0,0.053,False,0.0
b73b575cfe44692948a64dbdd55703f2,29,3,1834.88,3,0.116,False,0.0
dc77e5e1396c807043f506f794d8fd1e,673,10,3611.35,63,0.14,False,0.0
ec6a3d80eab7e27f7ee8efeb6839eee9,25,1,215.82,20,0.72,False,0.0
bbbea7f167264b7236e4459dcb0a8838,71,1,222.71,2,0.175,False,0.0
c555d42202667b1e09e50e7667b6a663,33,0,0,33,0.97,False,0.0
000ec5bff359e1c0ad76a81a45cb598f,31,4,1508.56,4,0.112,False,0.0
4df9aee56fa602c72756abb22ee60b17,277,1,215.83,25,0.25,False,0.0
9d85c39a38a86ed13978803d7560c612,1500,2,949.34,127,0.157,False,0.0
4c592d97ec529a019883285afe424187,39,1,463.29,5,0.264,False,0.0
ef2994ab5e93b358146005d4d3db4880,57,3,1450.69,4,0.111,False,0.0
533959cf0ee1554e269d8cc79f12a7d1,23,0,0,23,1.048,False,0.0
3cf7c427d21f1f414a8bfceac52e4c58,26,1,601.42,7,0.323,False,0.0
b5d37c728f9ea12eae24f87212cf90fa,358,0,0,358,0.967,False,0.0
e44a59cd3178714eaf095face6112af5,41,4,4424.56,4,0.111,True,0.574
941590fb8aef66b3a8352fe7c691879e,38,2,1011.26,27,0.522,False,0.0
9f67d6145893e41e7ada2e646b84f658,63,2,1580.32,28,0.399,False,0.0
fc0a9229ea43fea6c9f9d79c06761a1e,21,1,27.65,6,0.363,False,0.0
14e66b7268fef09f5183f5e3a84cdd91,41,0,0,41,0.964,False,0.0
212c759d8c4f2d4d9d6fd4c7de0afbb3,35,2,743.05,5,0.257,False,0.0
3a62a4803c77457a96c996a9db36a662,98,0,0,98,0.992,False,0.0
9ccfff93c79f3dd996cce15f26480c5b,23,1,2221.15,19,0.74,False,0.0
184ff574579b06c07152f2ba4ae74106,297,2,1017.52,69,0.313,False,0.0
84032c13e75382a35c99ae73156b30b9,21,4,6144.79,1,0.114,True,0.684
d10582c312d1c3a03ed8ea136273c54d,23,2,1285.88,10,0.41,False,0.0
97dc91f9e896442f6ac9650bb2a9b594,42,33,20196.61,1,0.053,True,1.0
5aa54d66adf169b992129dd4456b048a,51,1,410.04,2,0.204,False,0.0
cb296f03ccd21cfcb3ba0778c4f3b7d9,25,16,8111.42,0,0.071,True,1.0
803c9b252709beca97a308a9197371ff,22,6,2785.9,0,0.036,False,0.0
717aa48025662fcf27ddebbecc5f782b,126,23,12661.09,11,0.101,True,0.577
d197a184e01ac46e6cb6596185bd4db0,25,1,39.02,3,0.287,False,0.0
75d62b9a2050292984f91605099ca0c6,42,1,252.71,24,0.517,False,0.0
9aff27e32725e7f7c395e0a79a5d173d,44,0,0,44,0.984,False,0.0
b6cdccfa64579c957a905fe68bd435c3,31,0,0,31,1.04,False,0.0
2767ebe1fedf70562aa588a37a23080a,41,3,1265.52,0,0.066,False,0.0
05c567475380140907b9ca53ba1dcfeb,37,13,8340.1,8,0.118,True,0.656
2c77113623e849d30d75a10480b57108,194,2,496.2,128,0.52,False,0.0
0ec8a2bcaa8e0b1ca282f7baf9d89513,24,1,494.43,2,0.214,False,0.0
1b8b8c36e0ae8744756d6db86ebca373,57,1,838.77,48,0.722,False,0.0
56d30b9f16c42d707d89967161296a04,25,0,0,25,1.049,False,0.0
8c8fccc50566baaed602e3775d9d5665,30,3,1559.27,6,0.2,False,0.0
79051ee5ee98c4bd6982e67e2e79dbcb,50,2,1278.67,6,0.236,False,0.0
52b0e4c820d4bf6ff9b2f4ca48514319,26,1,408.28,7,0.396,False,0.0
5bd72a5ba72683010f8385cff8bb92fd,27,2,434.97,26,0.743,False,0.0
39e2788db03e5eaeb2935a7e479682c6,63,4,1446.38,4,0.118,False,0.0
99e36749c5c84dc56b13138caac13b55,21,3,836.04,4,0.256,True,0.725
9a855ffadc7ac38bd30515d077c31fbb,33,1,438.87,0,0.245,False,0.0
09d4fed6320030973607491be508c075,1500,0,0,1500,1.003,False,0.0
20bb1d9431264f331e47b2da94991eaf,1500,4,2041.59,293,0.242,False,0.0
2274251ce58a8304f8e9b8380db47018,21,3,1349.85,4,0.261,False,0.0
be4656d02bf1e9d6663764ac9c7909ef,24,0,0,24,0.963,False,0.0
801b53359d2880a9bff63574103fb74c,25,2,501.18,23,0.685,False,0.0
9cea402fce863ec4bee5af27306e213d,190,2,2934.41,62,0.334,False,0.0
c1c2fffe3d49911803df2e157bee7aa0,117,6,2275.94,2,0.053,False,0.0
a99021699fda65c2b84a3fb596a4c32b,116,3,1095.26,54,0.336,False,0.0
55d8e264560be17cdd7eb91a613d887a,29,1,37.69,29,0.797,False,0.0
8c2a5c47e0c02478c440038904724cd5,23,2,1156.12,15,0.496,False,0.0
0d8f0706c0d71cb8f6d957dad3023fc2,89,2,417.04,30,0.321,False,0.0
29ea68ebb3474676eee3322428dcb0af,55,2,2889.66,9,0.262,False,0.0
23c130edd9a7adeb635bb365f7478154,43,7,4027.71,0,0.058,False,0.0
b0b18bfffa6a1fb823a25a9167e6877c,757,0,0,757,1.039,False,0.0
323630f1bddac4dc06bf3bdeb90dbe36,48,5,1687.31,17,0.289,False,0.0
b621cb89890e2b002aada225e7c5eaf5,20,2,442.35,14,0.59,False,0.0
53b5f3ee447865c2de22e4814ef70bbe,82,0,0,82,1.004,False,0.0
c98cc8ac7311ad123e723f5caef4c1e3,26,1,217.57,4,0.316,False,0.0
6ec999e67c5e05c33554a4ba2db847bb,49,2,1016.91,3,0.122,False,0.0
b6cbe1a8674ee23e9fb086e3c61677b8,205,0,0,205,0.999,False,0.0
4d0063e13c579513a5892115c789682a,22,0,0,22,1.013,False,0.0
01ecc1f1f21f05d0736c99d92646f132,22,9,7024.96,0,0.019,True,0.845
aaf2d0137050d06ef2c8752f35c0d936,21,1,323.05,6,0.367,False,0.0
b5e4462426d75ffafaf0b1a6c912b257,39,1,7.79,29,0.695,False,0.0
bd64e82a5bf0ad0166ad7c72b302bbe4,26,0,0,26,1.05,False,0.0
22745c06a87ddc1142c22ce98c5bf8d1,43,1,654.6,37,0.713,False,0.0
f96176e892232662d1c1c5896a94e035,57,4,1291.73,16,0.263,False,0.0
34b0cd95480e55c2a701293a2b9671b3,24,2,695.07,3,0.181,False,0.0
f054e8c1cbcf5e89ddd9b615c349936b,46,49,28949.58,0,0.035,True,1.0
9072b46e3b68961565477d90b24092e9,25,2,1120.85,0,0.105,False,0.0
0bf7dfff65267867de74cb029fdd6a75,34,2,295.13,0,0.143,False,0.0
b6fda72bacd286a8ac316325ddb5be90,142,0,0,142,1.007,False,0.0
027ef1dce56b52802c3d35cd5beda928,95,6,2906.37,6,0.119,False,0.0
4d0bd25308e9d7d0a301223f3d814f85,21,2,861.57,1,0.2,False,0.0
0071f46a072a9ae25bbe4438b15efe9c,31,1,432.34,8,0.363,False,0.0
316d6ccdf24ac783b5e4ccdff8506af9,26,1,464.62,7,0.344,False,0.0
50aef30dabc7aca975dbdec85dcb848f,20,14,7380.19,1,0.056,False,0.0
016a5760b723a3a0bcb4b294d4bc6b45,68,2,716.79,25,0.307,False,0.0
4669d94e1e35f2493af76862ff85beba,46,0,0,46,0.955,False,0.0
a1e5fdb1a21a5a35f49da96f780f4229,25,2,704.23,2,0.221,False,0.0
636f22218f8430a8463c5ddc5f68fc62,61,0,0,61,0.966,False,0.0
c2e9a50bcf76b5783bc96f906f95bceb,39,2,698.85,15,0.32,False,0.0
744fcfb3939c1c57f16cb00f263c3929,31,4,1409.29,0,0.084,False,0.0
104ae9a43b6e639f45bd5e3bc19210f3,20,1,86.91,8,0.481,False,0.0
8e0275b5c7fb6f05e312a1079a674410,21,2,216.92,0,0.095,False,0.0
437869c8fa511c68c9e1f61cfc11d30e,119,1,915.9,85,0.66,False,0.0
a1864cdd58debf5031958069ee937742,140,2,633.95,20,0.262,False,0.0
55caae104bb0aefc6d44031e49373db4,38,1,240.46,32,0.708,False,0.0
31d01917860b026341cdde17c942b59b,89,1,936.32,18,0.28,False,0.0
7b0cae22ae2b6cf88163a50600da4ee2,41,1,2014.45,15,0.458,False,0.0
8ee330dd325716db048bf014601e3fa9,22,3,533.26,10,0.408,False,0.0
839bbfd4ff93b592c82a44dcaa9515c3,22,1,159.72,6,0.393,False,0.0
bb03ed8d9549898e869f0e6774064096,27,0,0,27,1.009,False,0.0
a20ba663a5abf7b8341d5ba64f23775b,135,1,1126.98,11,0.296,False,0.0
cff4ca65539a18d2726699ecc1ba6aa7,75,2,309.37,53,0.532,False,0.0
7fe108cef30f4cca2f8696a711a07d0b,103,0,0,103,0.971,False,0.0
c1a56ed1e45dde68378dcbb50655ea47,135,2,784.69,70,0.437,False,0.0
8574faf241b0a789d42051aa783d46dd,24,1,271.53,19,0.694,False,0.0
0f6371fc9c2e78818a6e7aa33022a506,25,4,2261.46,0,0.096,True,0.719
30e105cba6d3ced811512c8cf4f50a82,21,0,0,21,0.979,False,0.0
13c50fe55067ed2a26e2f85810326e50,70,1,762.37,30,0.421,False,0.0
23f014663c70f3a8cf6f1be263c89933,120,0,0,120,1.029,False,0.0
ad1ba362b0121447945a47fe07fef188,30,2,621.32,13,0.413,False,0.0
df3b1140ecb0bddb871f5e70af09ec27,44,0,0,44,1.019,False,0.0
5e21109503a635f7ad93db18a7ee4a21,23,2,891.85,15,0.488,False,0.0
09ec740fbf182446388824c67a5fb78d,183,3,1106.57,71,0.311,False,0.0
d885b619cb2e462ccc493b70faea10c5,105,5,2847.1,15,0.122,False,0.0
4914496b4e80679b99277e6a337715b7,450,3,841.06,124,0.29,False,0.0
ffd2aa973e106c7d7218a960320420bd,80,2,644.73,11,0.177,False,0.0
94e89532396b3c02f648b2bc7f93f528,118,0,0,118,1.041,False,0.0
3078dfe83b099ae6ebe055be3abe0c0d,20,3,1362.67,5,0.21,False,0.0
0fc4c0fc23ef45d16a0f32fbf9ae25cb,60,1,433.26,14,0.33,False,0.0
70e15e657d597f3c096fb696e815018f,27,2,183.31,0,0.164,False,0.0
2ee1f65b4197b8eb29826c06b876ba67,185,4,1897.71,14,0.131,False,0.0
aec17cb0c9dba3200a2c49c3ef0a07dc,77,3,861.11,10,0.161,False,0.0
18e3d276253780b44b5b7bf83f6785ec,105,16,6755.95,4,0.067,False,0.0
fbd58f38cbd2989e434b148f479534c8,80,0,0,80,1.044,False,0.0
8ec9e01dc8cbd31897a2f2116c5fbae4,25,0,0,25,0.961,False,0.0
35525a882b83a865080254c1812945f9,72,1,672.25,55,0.609,False,0.0
494c6658198b47787205a06421bb9403,22,3,1095.38,5,0.251,False,0.0
9065001c21c6240da6fa642651772e60,111,7,2352.88,13,0.164,False,0.0
000c8bdb58a29e7115cfc257230fb21b,102,0,0,102,1.038,False,0.0
9801a2c53e40c68803158742466ad09a,24,1,8.31,9,0.382,False,0.0
06cb9de4265f5e18327a1e4608a1c85c,82,2,757.62,17,0.235,False,0.0
5988cee3152a64b959afb5a6eeb87a4c,33,1,13.73,21,0.536,False,0.0
1c22aaad9006505a301a9d51b64f4c9c,27,1,414.96,13,0.466,False,0.0
9164cd45afebaec2d61200f8f51fee45,75,1,8.35,22,0.349,False,0.0
2561161bc52cafa1be6e80ed9c92c9ea,24,3,2141.62,7,0.286,False,0.0
cad6e6cc5d7a8620efda1f8310fba9d1,20,1,35.61,4,0.317,False,0.0
02a6a137ef7fe2414c9e14fc4d060790,23,4,1841.88,2,0.179,False,0.0
ff80f08b2a6a87e84a28bda4613f99bf,27,3,1270.97,3,0.157,False,0.0
3b885932732cd5252c8243102ab7fc79,105,0,0,105,0.962,False,0.0
dcdaced133f33e9651ddfe73b2350156,342,6,4822.37,40,0.13,False,0.0
99e41e69b60bd63edd83935499523063,26,11,8833.77,0,0.039,False,0.0
cbc73c75d15c7292a3defd556c710b2a,47,5,3038.93,4,0.111,False,0.0
196a0e7f3563c9de2605b2a753983846,30,1,485.13,23,0.614,False,0.0
07f61caa1c9e850c14e94854cec87545,547,8,6582.38,48,0.072,False,0.0
023f426e28a212b8328b41649a2b1a05,37,0,0,37,1.041,False,0.0
23e5f7d84dad8339f627d75ac90e2d43,206,1,438.92,53,0.363,False,0.0
91275e7b1847f102954b73d856b4eee8,22,6,3536.94,1,0.045,True,0.611
b55a113bb84fc10eaf58c6d09ec69794,375,2,468.71,252,0.551,False,0.0
e486555873e1947a1de7b1ff1e8c3554,23,4,2886.82,7,0.227,False,0.0
c95ec87a7dc2647f779aed4452ccf819,308,1,265.24,98,0.402,False,0.0
713de21fd33b1ed45f482d7ba22d51e2,25,2,424.68,9,0.357,False,0.0
339f6d44a550afdaf2a4a9a29d091d16,22,1,1070.54,16,0.598,False,0.0
04b718d93b254329e7dbdbe026e85301,32,0,0,32,0.95,False,0.0
decc46797b7d5c2c0146cc3e93720aaa,59,3,1787.26,4,0.105,False,0.0
b134d1fbe77d00a8e0a4ce9d855ea927,27,8,2606.93,0,0.09,True,0.762
73a0200d198dbc7022fbcb361cbef7f9,43,1,173.48,13,0.425,False,0.0
d8c21a391fae9a2f8f784c3c25ff5f85,36,2,1054.02,27,0.54,False,0.0
6b7e1090d106aaee31d5ed12d2bbc2af,29,0,0,29,0.982,False,0.0
a84b054411cab9cef6857aeaa4763426,40,1,826.75,23,0.497,False,0.0
51c79069e6b841c2dcda39aadd3180cb,25,5,1603.2,6,0.227,False,0.0
1964f2b215ebb68671d893438e974b0c,55,10,5979.96,10,0.137,False,0.0
627d075513dade14e0fca3b59dae6614,20,1,349.79,16,0.672,False,0.0
42d2b957a53f0240c81dee35a2463059,174,2,1819.0,79,0.385,False,0.0
7e5561ad5c5a136c9768371b733462c9,38,2,1037.36,15,0.387,False,0.0
4a665a3b72a99832d62015e9721b1cac,57,0,0,57,0.984,False,0.0
22ff8c0cd3d7471e6be7c4b5fea955c8,61,0,0,61,1.047,False,0.0
035f60af6e7d7f78470e9443be08d339,50,2,624.86,32,0.528,False,0.0
0b7604941dd811e84ae22ca3b90a49ff,29,3,1738.98,5,0.19,False,0.0
6f65f19c2dcfcab8b76b2fafb5b840e1,21,4,3062.26,1,0.108,False,0.0
272d474dde8221c368c57511d9150215,49,4,1632.23,0,0.112,False,0.0
fc0a613c6b9b23d3720b4f8878e1210d,27,1,485.83,25,0.739,False,0.0
b8c37ee810b38c416022e1c9f51e740c,27,1,192.43,6,0.336,False,0.0
60d23aecbf66b7f5058003a86e89232b,96,4,1548.42,25,0.195,False,0.0
0dc0731aafd5659410244092b0dc7d65,57,1,440.97,12,0.341,False,0.0
9e6890852705a77f9e1ad72395131f27,26,1,362.02,11,0.429,False,0.0
7cd7974c9f79f75b77f323878ef87f43,27,1,82.96,10,0.38,False,0.0
340152332a04149987a705602615f0d0,30,19,10208.61,0,0.0,True,0.813
8f1b15e134107b88557c55167040c6b3,30,3,1077.19,1,0.088,False,0.0
4e22af73a91ab5ed077a5f8033ec0f5f,26,1,6.62,4,0.265,False,0.0
3c34090736785a45dd8cbf536ad289c4,22,5,3273.1,2,0.081,False,0.0
d55417a83a73d1702b43988e63f0731a,31,4,1704.25,6,0.205,True,0.582
7b436cdf595907b9b0b142e8177c0072,209,4,2395.38,16,0.136,False,0.0
1a2aee05f48e80d4107ff223a9e4657a,51,0,0,51,1.039,False,0.0
34f0b37e89f9ef4768bdd233630f9b62,139,3,1648.93,46,0.3,False,0.0
7da3054afe371affc14d26cc2cc04358,44,3,1826.57,4,0.12,False,0.0
cdbeeb59bf23bb27eba2b6a8dd4b9e09,26,2,1092.01,7,0.261,False,0.0
f51f170e51593c5e550ef7ae616f1517,38,3,2167.58,26,0.497,False,0.0
abbc371b080d0e55bc3f40c244b1172e,20,3,2000.64,5,0.261,False,0.0
ebf40c0db4fe06ddd15a7a44238c986e,26,1,1546.63,22,0.698,False,0.0
e8b52a437e134cf2dcb5dbb93b29d0d5,31,2,1761.03,27,0.634,False,0.0
9c7601f15a64084e0e54df80e188eaad,41,0,0,41,1.021,False,0.0
15721972ad68d86dbceffb155220c7ad,48,1,64.26,18,0.458,False,0.0
196276c2651ca4783688aa741b72d540,33,5,3167.78,4,0.106,True,0.568
3030f6c7798037acd63d5d7e359b3f0b,32,0,0,32,1.034,False,0.0
3574bc798156f406b12f377bf3fdd381,24,1,228.4,18,0.617,False,0.0
760caff27799b863021f2591c828dad7,34,0,0,34,0.977,False,0.0
68238c59076a730633bd2e71a08bdf95,137,1,793.7,47,0.4,False,0.0
483ccebb9c42ae89d35740fadc153835,75,7,3032.23,6,0.138,False,0.0
d7683e45563133abe09d19dcb663200d,23,0,0,23,1.026,False,0.0
273fff5a1d5e0ffc35f76b3fe3fb2516,21,3,1135.62,7,0.273,False,0.0
30cdd9eea2b6192b8fa65c9ff5e59acc,36,7,3258.31,7,0.126,True,0.642
297fab71cc5569457eceb1d47ef3f497,46,1,615.02,27,0.534,False,0.0
587b326ba3bf8aa4d3e50fb1f38ea79f,28,7,3255.18,1,0.118,False,0.0
c1c7632732a487b1221e7bfb627c575f,82,5,1999.38,4,0.09,False,0.0
28345e4479fbaa6c278e0f64546ebf96,63,1,464.55,60,0.811,False,0.0
945a0478f858996b861b5c9b1905e56c,50,2,1099.41,24,0.469,False,0.0
184997aab6012d21021017a525de5206,24,1,436.21,2,0.286,False,0.0
bab95efa50d554d4dcd26377e1b467ba,24,1,345.79,9,0.468,False,0.0
1293c51162aeb8fcc29d498ea820f6b5,20,2,1137.83,11,0.414,False,0.0
5331278432c1d2f87ce463412a344d1e,25,5,1788.01,12,0.352,False,0.0
637c2caca17c2bf9fe41e50a6fcec9ed,34,1,479.65,20,0.516,False,0.0
e1eb483ba2db6d6845f4b546e32c646c,97,2,916.32,26,0.269,False,0.0
ea9412f324bd34513bad100b6b6e8297,21,1,95.93,16,0.608,False,0.0
fb1756887ae59c1b0efe8d0544d94815,31,8,3129.48,3,0.092,True,0.722
cf01f9dc838bee15dc892d87f879fa7d,45,3,961.33,6,0.183,False,0.0
282ebddb3e85120b1652204758fc332b,23,4,2402.63,2,0.172,False,0.0
e5eff1e54c132bef74c934de830a14ae,53,2,685.56,15,0.254,False,0.0
b68693bf3295ad9e895d2adce45deb7c,35,4,1385.62,5,0.185,False,0.0
6cf79118c9f8d0f9658313a4a6e14ee7,25,0,0,25,1.016,False,0.0
df718da6faedf01091e3a94dd8793ac6,48,0,0,48,0.986,False,0.0
8533fef411165ea5df3fe583670a76cf,20,2,976.51,0,0.182,False,0.0
774efd8e5cc822162e0af7311d81f5c1,63,2,701.43,2,0.131,False,0.0
2a914bdfae6c0cc612a51e479acc0128,68,0,0,68,0.993,False,0.0
ad91c910f921bc5d7b7cb140cd0d2c2a,21,2,1346.6,2,0.167,False,0.0
928abb7e0e74f50a0b0136df20196cd1,31,2,1404.25,0,0.171,False,0.0
05105abc98016eb044d450d5e60de1b2,23,1,295.45,15,0.637,False,0.0
f48a9bdc7d38b43bba4082517ea1bc07,280,1,270.01,39,0.329,False,0.0
9d317acb1c32146e752981044c0ea5bd,36,2,2135.78,2,0.155,False,0.0
4a362420541051d3d4055a777681ccbe,20,5,1736.52,2,0.169,False,0.0
0e0d3aed77ac2e3746c2ddc3101e3d43,25,2,1198.12,19,0.582,False,0.0
f0697e6813b23d285c3b3c8c50002fc0,96,2,1030.12,6,0.215,False,0.0
729e9d3fa93475add3ea25424e83e1ad,33,0,0,33,0.999,False,0.0
b09f1bff1aff13c997af071602bc048b,76,1,225.76,31,0.443,False,0.0
120f875c7db31f3a391a0feacbe05fa5,50,2,478.58,21,0.385,False,0.0
937f16b584dd395ce455ef468322b27f,791,4,1256.55,370,0.381,False,0.0
b88274bc5ea463278efaa456c2b8ee73,42,1,877.1,2,0.254,False,0.0
be2cff6c84f1683300337ecd499992e0,242,17,6272.98,1,0.0,False,0.0
92d6a6df2cf2d6e2fa89dc1d28164c98,127,4,1972.08,31,0.188,False,0.0
bf8369db656fa05eb3d26a4c74a13a36,44,0,0,44,0.963,False,0.0
57d2e3a4c3b277bea367027f105f1c02,57,1,670.85,5,0.266,False,0.0
86d1b878456bce15bcc9c4848207a785,35,0,0,35,0.982,False,0.0
81332bd0a95775e25469d45e070b8e65,87,1,356.85,30,0.39,False,0.0
26a2b0baec2ef2e226f1297de4b6a86f,38,3,988.73,8,0.206,False,0.0
b7cb5cfc7e208d22aa17ef640f487d7a,133,2,397.43,91,0.505,False,0.0
a6f2e4a9ff6fdb7626039136dee62c4b,62,10,4237.29,1,0.055,False,0.0
c42d503ed3de454cd24b5d1508bcf5b2,34,0,0,34,0.95,False,0.0
7bf1c59401206e31a78523077f3a1144,25,2,838.84,2,0.139,False,0.0
4ebfd10a85099b098816cbbca0604b59,25,1,562.52,19,0.688,False,0.0
759d68713a15c3b9a52b377694b94efd,46,3,1648.2,6,0.19,False,0.0
f6ce59662fa24ba7ccc289430b580a7e,67,0,0,67,0.972,False,0.0
cc438a8c7120027da70eafaf8c3727f8,36,2,501.79,4,0.206,False,0.0
df43e0b1c6f257e124883561c1e53ace,45,0,0,45,0.975,False,0.0
3fdc39171d444e1a1cd4da98ac2e4adb,26,0,0,26,0.951,False,0.0
239eca76b80e32a2d564284842d7ba44,21,3,4106.13,10,0.34,False,0.0
52b8fc428690f8974a3d3ff3a162f7b7,26,4,1995.03,11,0.3,False,0.0
9a8809085c8feb9360f282fba0a6d87e,26,1,357.08,14,0.569,False,0.0
dd8c586651f9232e473ad86cf89c143f,27,2,1058.45,11,0.378,False,0.0
d647ac91ff870deee189d7cd0cbf2380,38,3,3680.74,27,0.555,False,0.0
8fd232dc0c1648e549e2811728f6076d,22,1,127.31,21,0.743,False,0.0
8f74bd69c228697504acd82dc22ed019,24,0,0,24,0.977,False,0.0
4274c9d2313a7fbac9703456d8a788f3,53,0,0,53,0.98,False,0.0
c45221bb4573f66bdd4daf43fe2d4b3b,55,3,615.18,26,0.372,False,0.0
14debbd298c3b01daa32cef625668068,21,4,2851.35,0,0.05,False,0.0
a54de86aa4370cc93031bb4e99d436b0,30,1,98.58,14,0.489,False,0.0
f5859580b427853d3230f857fd8c1439,38,0,0,38,1.034,False,0.0
de038e601db2bbdb12a1ab691a58f7e2,31,5,2399.09,5,0.178,False,0.0
6b3b92110c5adfe4a1334369d1ef2533,24,1,212.11,2,0.238,False,0.0
1130878bf821f0b682431f513494c5f4,31,3,1192.26,3,0.165,False,0.0
d6735445f2f7ba25a4c7fe937c24bf70,142,0,0,142,1.005,False,0.0
26c62200e28fe391637570bea7abd9c5,41,5,3046.86,8,0.227,False,0.0
3d7fb21a86fa49b9dce2ac0814d6dc22,53,4,1474.28,10,0.172,False,0.0
1c3e4aa255e596013fc2b6dffc8041bd,100,4,3987.44,19,0.205,True,0.623
2aa9325eab1676f4d62830f004d67a34,66,4,1414.83,3,0.059,False,0.0
f1acc2f42f829576480ec437ff5e236e,29,0,0,29,0.989,False,0.0
ba58671cbf108397a73d8b85e57a4869,20,0,0,20,0.991,False,0.0
94b39aa1097125d918d16bbe14331074,28,2,561.09,20,0.606,False,0.0
81814a8a85ef3b0cace32bf039a7a31c,64,1,190.26,35,0.509,False,0.0
30a8328a39c99665deea9fe8954e8339,99,1,1184.57,73,0.677,False,0.0
17d7f3a57687a59fdf418ccc22adc301,257,3,1428.95,72,0.225,False,0.0
87a2388f0ca83070c02e32cde2e18fa8,31,1,346.0,27,0.719,False,0.0
cff66352965782fb7a921a07600f271f,62,2,609.04,7,0.2,False,0.0
71200e5ed443c22e1df3cfe1e053c07c,38,3,1997.67,13,0.313,False,0.0
312f3a7159f8ae9a13199d7fbc53d1c7,43,4,1562.92,0,0.099,False,0.0
536dfadbe03a1508f0300502ddb0545f,24,2,2756.96,18,0.632,False,0.0
341239d242c4e123125d42e14b7132b6,24,0,0,24,0.951,False,0.0
663a02b5b809485e2e0a1db9a6003146,32,5,2539.94,5,0.124,False,0.0
5e65571d0f33dc17c099484ae3f25a4a,20,0,0,20,1.0,False,0.0
4cc24e44f98ce556d647948ae2d27cc9,28,7,5626.73,6,0.223,True,0.598
7febafa06d9d8f232a900a2937f04338,51,1,311.75,30,0.531,False,0.0
0b3dc7efaafb0cf78a4796d42fa8d74c,30,1,588.0,12,0.489,False,0.0
e5d46317b6efaf96ecc28f78ac4ba3bc,23,1,2039.17,21,0.71,False,0.0
95b4b60a728bff942c8bd59a43effa33,33,9,2594.66,0,0.044,True,0.605
c7a2cdaf9d8bf3ad353e055e39024bfd,22,0,0,22,1.031,False,0.0
23d79f5efab47bee80aee4e351829b74,45,1,503.2,7,0.277,False,0.0
029800f459300049c50c59dcc4244e44,20,1,115.05,10,0.525,False,0.0
97d007095d1f9c6c5dbb15c3c1aecf5d,30,1,500.62,28,0.798,False,0.0
6ac6902b78ed854e42f75c8e25234e8c,39,2,1503.55,0,0.131,False,0.0
53ce59821e6c5041654f61c58e99bcc2,20,3,1246.18,4,0.254,False,0.0
67fcfe4915b93624867d350b8191ff7b,47,3,524.2,7,0.221,False,0.0
55a269f324455e78349e7b9b7e7e5911,22,2,1551.62,1,0.192,False,0.0
e145a017a309c275c23443e1240c7547,33,2,3567.61,14,0.406,False,0.0
9d86d7101600d743968f3ec5a17d577c,20,0,0,20,0.964,False,0.0
fa2f184ba76dabae9b5cd4c5f711b228,29,2,519.59,0,0.138,False,0.0
0cbd5dfde4c06bbe2960d2c0c95e5e7d,24,1,89.85,22,0.72,False,0.0
af4a4064051073083caa2b1d8e2e6ced,27,0,0,27,0.999,False,0.0
9ccbb5f759db041b2db8359d71c0547f,65,1,458.19,14,0.337,False,0.0
dc7993c491aef54414c4ff0a5be472ab,29,1,114.19,3,0.239,False,0.0
fa2b68fd80b323901db1473bb98ad68f,63,4,4004.58,19,0.214,False,0.0
eb3c04f545e10b9e1c89a7db0051a334,88,1,1358.71,38,0.414,False,0.0
661bcc412eb64f26a12a5c0c46cbb449,25,3,3051.67,7,0.224,False,0.0
8b28d6ec6f6a9124310e82e5a55f35de,21,0,0,21,1.038,False,0.0
ee301c76bd2b939da9740c6f5eb280c6,20,2,559.79,5,0.266,False,0.0
6cc5f19513662ec401e8ebbbe399ed06,38,2,1418.21,22,0.484,False,0.0
8f601c7d9263ca954656792b02517b3b,1500,1,1913.17,1221,0.729,False,0.0
42b73a45a3b9a668a96d93f02bc62144,28,0,0,28,1.043,False,0.0
fb0a15a8972216e692289f886fbe75e1,47,0,0,47,0.997,False,0.0
912a41ed4b2200e0ac7b5ea1ef1c433b,70,2,297.12,54,0.551,False,0.0
63df651d5e8adb6a0e4baeb66a0eea37,48,4,2023.72,6,0.199,False,0.0
113a92a64bcdd41586ca217144478362,64,0,0,64,1.022,False,0.0
0fa3dfc9b8012e55a6e11db4d8a82c4b,241,3,1622.33,47,0.25,False,0.0
ea59601b04db675d7d502dd6a8bf0ae2,24,4,3335.58,14,0.47,False,0.0
379634bbb8d01b2b2c91db9cfc4655e0,20,2,181.83,0,0.144,False,0.0
b171945c68776b1434cf56b06c6e41a5,22,0,0,22,0.98,False,0.0
374026021639ada6e97c12b31a997a64,22,2,1302.83,11,0.397,False,0.0
005226be8d5b972d0f72b4e8a79f322b,50,0,0,50,1.017,False,0.0
c29bc878f4400d62f9d33ddd8d13236b,39,2,2058.17,13,0.367,False,0.0
8961b4ca2c5aceb7a78ea72c6e0c840a,24,4,2428.9,0,0.041,False,0.0
5a6012519d0cf9a2103bd2170a81b833,54,2,802.24,27,0.424,False,0.0
32fb60e2ce6a1f62eeccbc2d33046072,67,2,1818.92,3,0.151,False,0.0
3fc63a1cff1beeaf62fff26f695de143,23,6,3092.74,6,0.232,False,0.0
ecfeb27fe4efa25d282d1c252e203fee,43,0,0,43,1.011,False,0.0
7247db1739364b45ac4fcd830ffeabab,63,1,885.52,0,0.167,False,0.0
1145616de76e14f4e7fd5452c2be149c,22,18,9545.08,0,0.021,True,0.88
0881442e3b9a9a2e65938b30e0598eb0,83,0,0,83,1.006,False,0.0
8d9399ba84c5c3b8d7952f8700845209,324,1,1050.85,140,0.468,False,0.0
40c4c308279011b2e5b85c75579f415d,22,3,962.59,0,0.095,False,0.0
0d4393a1abe4dca62098942cc50ba744,20,1,505.53,10,0.531,False,0.0
35e8b4c2a64acb75f3bf063d82a8478b,27,2,467.02,17,0.485,False,0.0
9b05b38d7d9ef19a89815c217b30fd37,51,2,657.66,15,0.289,False,0.0
0890bfbe7e7ce34f5ead1f48e41e5772,281,3,1398.67,1,0.139,False,0.0
cc117a146f6e56e036afcedbd420c0e6,30,4,1366.86,13,0.322,False,0.0
860251114960c25499acca49949b1f12,56,4,1046.99,2,0.095,False,0.0
08b4c336c9d41a15dfd9259c6ad8c93c,21,3,2147.34,13,0.51,False,0.0
6995203f8a5ddbd2fad3a9df1e099a51,53,5,3994.66,10,0.215,False,0.0
756ac4f4c1bfd6e7c652e37e33254dbc,45,0,0,45,0.997,False,0.0
0beec065ce2d16d3a8dbb22b87cf4c43,21,6,1724.61,5,0.163,False,0.0
037a72c77c3565c6e41ac0607c797b08,68,2,569.56,0,0.172,False,0.0
3a653a41f6f9fc3d2a113cf8398680e8,97,0,0,97,0.97,False,0.0
c9c0c82af514e815fa47534f71113ebe,42,0,0,42,0.958,False,0.0
d0e87d00021530383c16452a39a393ba,22,2,1915.7,13,0.451,False,0.0
b2664990a1ac9e250d98ff5c615c3276,622,0,0,622,1.046,False,0.0
0e58d0234d25ec72a22396e55e223959,71,1,188.37,66,0.748,False,0.0
527c6fbbe85cdf78ff1645e0a71e266f,28,1,283.73,28,0.786,False,0.0
2cc0f5affc2ccbdacbbc6c5e88f5f059,31,2,1752.91,1,0.202,False,0.0
89e3027de49c3012858cfeb7f5a34f59,29,13,6963.83,0,0.038,False,0.0
87a7c3090f96d9da963125a0d7f8193a,35,1,219.15,6,0.308,False,0.0
a50381d8ac7b457ced2071af9ef0caed,28,0,0,28,0.981,False,0.0
1a39704fa1459528597c7e52f99e39d4,96,2,650.05,89,0.671,False,0.0
51123d30e274aeedc27ae7f4d1abed14,84,2,2815.89,14,0.195,False,0.0
3c631f7224998f22c0fa884a2e04e39c,21,1,353.23,12,0.495,False,0.0
f9ac86b4993a6e2a48758cb47d808712,297,3,2942.41,25,0.108,False,0.0
9af871b776e8c4ce28cc3a468ec98de9,46,0,0,46,0.987,False,0.0
b8c927d19fa13d8669e620e03902bf68,87,2,1489.73,18,0.238,False,0.0
b99ad02f5d0dce8edaed40e36fd4d71e,55,3,568.19,47,0.599,False,0.0
3420ecc1371e17140c73a1dd148b7390,32,3,1672.98,17,0.387,False,0.0
f102240598836332442c455abbcecfbc,60,2,335.15,33,0.512,False,0.0
1aecc1804f168ed275ad536517843133,330,0,0,330,0.999,False,0.0
b9fe8c4b5fbad9389aa5f425561a2786,25,4,1406.72,4,0.174,False,0.0
3f43c86453d02badf9c09a8149b620d3,79,3,858.02,4,0.137,False,0.0
dd1c379f2ec5f2fcadad957937de8d1c,38,4,2772.22,2,0.116,False,0.0
dbfd0ee98fac0d9b4f109a2aaed48093,34,2,541.84,1,0.152,False,0.0
05d814587e80f2e2846c144d4fb511bc,32,1,142.34,20,0.529,False,0.0
d5b838b5c341f1957cea18610d054ac6,59,4,1841.5,8,0.117,False,0.0
b0d033df9e6ba67e76b3cd09ea92d506,25,2,1078.96,12,0.452,False,0.0
0ee46c6eaf5a0a46aecad04306ae65e2,98,3,1264.5,7,0.174,False,0.0
e84b5b350485f100868b2f719f2d9158,87,0,0,87,0.972,False,0.0
9e1a43ff4b344d86253ffc4afe5fb870,21,0,0,21,1.035,False,0.0
01daeb09de8f07882ccd4319ffbc4693,118,2,1372.3,1,0.14,False,0.0
4cbdc0f2029c78a012c400623a82e55f,25,11,7246.14,2,0.116,True,0.91
397cc6f362ce814681a6d95e3b9cde2c,33,0,0,33,1.026,False,0.0
4dbc9e60ee79f8547f8a3fe7f3d02fd1,43,2,1415.29,19,0.393,False,0.0
c3ae72f7fe12701be16e17345697d359,29,3,1771.56,2,0.144,False,0.0
0f13e3bb90bbd8912d57145479ce4839,20,6,5053.0,10,0.365,False,0.0
223ab530d4126650969ce8bc7370a21b,97,1,147.62,42,0.448,False,0.0
1b18bc689cd5f83c4c9e84c5150a07fe,23,1,477.47,11,0.444,False,0.0
f25f4335773e57531fab383b2a86d978,24,0,0,24,1.003,False,0.0
77f990b8b2cae027e436e8b74a1e7d68,75,1,558.46,5,0.277,False,0.0
5b424d5287408acfeb03ad7fed722545,28,2,755.82,6,0.235,False,0.0
a7b3ee56a66877702d89d6e6d8ecfa59,117,0,0,117,0.965,False,0.0
ed5b0d9aa093cc966424056ec8c10c4c,54,2,1430.81,27,0.472,False,0.0
b310264264a53605778ac08833bd5514,26,5,1420.64,0,0.03,False,0.0
a2c403630a8ed427bb5d0b3d0f170f68,20,0,0,20,1.017,False,0.0
7649b15c0f9e10a06fd969de050553bf,235,0,0,235,1.01,False,0.0
c4727b31f6dae15654a8a097c91abe75,21,3,980.73,9,0.318,False,0.0
2ca8ef8560c5cd0f9ddb65d1b1b51380,57,1,258.32,21,0.408,False,0.0
08995ff3d56d1423655c3b21cebe06bd,34,16,6291.26,3,0.109,False,0.0
a62f1ea95f3b1031c7cabb98f147aa27,65,0,0,65,0.995,False,0.0
470a8f2e1dc7b277e4625f23039c6f84,53,14,12539.09,5,0.049,False,0.0
996d5fb8a5736b0fea622c72fc1026c7,47,3,2489.83,5,0.208,False,0.0
f393ee789889eff3f65907da221fa79c,35,0,0,35,0.968,False,0.0
fd44c522241326d803458027362ebca9,74,0,0,74,1.02,False,0.0
4dbafcb931c678dd5ba9a20ed4f01f7f,21,1,678.56,17,0.676,False,0.0
4c9f7850ecd8952525191c444fe9079a,24,1,182.85,4,0.254,False,0.0
296d0b2c6acccdf4d6727b20e1f9f4a2,53,1,2703.12,23,0.456,False,0.0
76464fcf73d60dc8e2166448bd23a1bb,27,1,344.44,10,0.408,False,0.0
2d4df3b94e4c56fb47d7fc7ec065a612,41,2,733.63,33,0.581,False,0.0
3f31485edb88c756d5163cdcea80d7ed,34,1,329.85,17,0.512,False,0.0
e1a5b21153987479299c92d5c8b1ee1a,37,3,2065.62,13,0.334,False,0.0
6bb68e803ab5d836c7bdb0c3d3281953,31,0,0,31,1.003,False,0.0
324b9a2e37fc2ab928a842b9429c46ea,62,9,5814.24,2,0.087,False,0.0
4e65032f1f574189fb793bac5a867bbc,27,1,218.01,15,0.504,False,0.0
9749fdb8ed91500eced9e9af5ccdb0e0,54,1,332.09,30,0.489,False,0.0
5ade76c1b8598f4752607e46984950d5,26,1,192.93,24,0.794,False,0.0
0062adafa3846d9f372d8f1bde591b24,25,2,1905.49,10,0.381,True,0.578
fe78f9a2d0726d03ff9fc4307d3fa5df,22,2,1237.03,0,0.146,True,0.615
8dfbc9064378d19ac99a21ac353072d7,23,3,1326.7,10,0.324,False,0.0
ebec19ef82a1e635967cd50a037d41d7,22,1,618.5,22,0.765,False,0.0
1c68b10c39678b2f8a7354ae67c44ef3,37,1,37.75,4,0.246,False,0.0
1bb02eb35385950b5dace2632164426c,66,2,868.97,32,0.393,False,0.0
78c5f76b60a3a2588635aadc70e34df7,23,2,3389.68,5,0.276,False,0.0
77a63731fc358f68a5ce26211fc340a8,24,7,5043.78,0,0.076,False,0.0
af4d3cd0b29b208c971ff6ad78b41b79,34,1,420.17,20,0.507,False,0.0
99172dcdec60d7c00f2f6cedcdab4c3e,58,2,2836.56,5,0.177,False,0.0
3654085ce61efbb9a73d03c7d94a46b4,457,0,0,457,1.02,False,0.0
2b1ff9585b05c73232a93e5440697094,37,2,194.56,19,0.419,False,0.0
bdf7458b78fc3a9cc62e71cb779d0452,26,3,314.9,10,0.314,False,0.0
acd9aa54ba1fb6d537ea8bb1bd65eed2,21,1,322.59,16,0.677,False,0.0
04a710ba27c70647fb2a4ffc6fe48e43,23,6,3364.86,0,0.056,False,0.0
6e74a070e214eca4da1af1d8c10e0b98,24,1,343.34,4,0.294,False,0.0
6c3974f2a296fbcb0aa071279dbf6f24,23,4,1611.69,2,0.117,False,0.0
f94d7c267f1bb6956a0c6c6fef65da8b,20,0,0,20,0.97,False,0.0
42398dee8f2098eec5579129cc1a6f5e,37,9,5420.62,5,0.084,False,0.0
d36fc675519adcbd1e824cabc25bda07,26,2,2427.66,2,0.223,False,0.0
bb6ffa5f9b68665f0cb238ea298092a3,422,1,747.63,348,0.666,False,0.0
fffbf87b7a1a6fa8b03f081c5f51a201,39,3,2130.71,16,0.371,False,0.0
f2b73529bb775e473cdeb67d991cc985,54,3,852.08,29,0.455,False,0.0
0d086121374abc7682c5ec5bc50373b6,22,1,252.94,20,0.751,False,0.0
61b1cf555fffb6c8845d81e8aa44f7e5,108,0,0,108,0.998,False,0.0
cd8738980c3332339baf3e92dd5cb071,35,2,1543.18,7,0.248,False,0.0
a3bf83b50f90eb382d63942a93addf69,111,0,0,111,0.977,False,0.0
79066fb583868e4fdd17fc83a96db5e8,40,2,563.66,10,0.28,False,0.0
7d435b111211b3f34f6995914fdef980,33,3,1660.14,7,0.198,False,0.0
2699b1bdee690329303fb2c0aada1c1b,32,1,33.32,7,0.34,False,0.0
2761fee7f378f0a8d7682d8a3fa07ab1,23,0,0,23,1.022,False,0.0
3e3048f4f31ca9a28f05279f3554c715,20,3,1364.71,0,0.112,False,0.0
2ec68b85269ac7794879aecff0dab44f,211,1,618.74,110,0.475,False,0.0
9f735d60e4d6d3ec348d7bbdb550eb43,34,2,1070.05,1,0.176,False,0.0
4dad028c287475ff2421bdb9c9b5dd2f,84,1,95.93,58,0.568,False,0.0
d6caf670c8bf91aed723f242cafb71c8,30,2,1838.22,6,0.256,False,0.0
ce590a0c44295fc160eca2f1791f37e9,21,4,2200.08,3,0.198,True,0.615
e8a63b5829f45bc153ed838ba9de6c0b,45,3,829.19,10,0.232,False,0.0
ed2e7c127faf8aacf910fb4ecb881966,20,3,175.37,7,0.261,False,0.0
45aa853a9151e2760eaf935622413c41,22,1,1444.52,11,0.543,False,0.0
87cb6f9be6c56d669ec568ee36d1d4cc,39,0,0,39,0.969,False,0.0
b5e5fa1268db5aa96a5062853fd1891e,27,1,333.36,27,0.762,False,0.0
5af79d89508d36628b0796f94afa3fa9,1404,2,347.37,106,0.188,False,0.0
a4e7c06913461ef2298e10fb4cdd2d71,22,3,1564.49,12,0.441,False,0.0
88e20be8c5d9b89c98ac48989949983f,66,0,0,66,1.024,False,0.0
944a3eacbae592a23be282b9858d78b6,43,1,1731.58,21,0.523,False,0.0
31a5a2b6f59607a0c7ba435e40316362,73,0,0,73,0.974,False,0.0
03d7bb9d95f70cf9dcef7142f89d8ec5,24,1,286.15,6,0.309,False,0.0
afa1462306ce1941adc5524ab4198909,37,8,3291.52,1,0.064,True,0.615
70a8db6a5ae17c3a4e5df68bbeae451c,32,3,3224.29,12,0.371,False,0.0
c63c0b1ccd9e3a6c8ddd1a52c4ede43d,32,2,279.49,2,0.196,False,0.0
c98371c8c628fe00729bc01622b9009b,103,3,982.2,26,0.288,False,0.0
00cc12a6d8b578b8ebd21ea4e2ae8b27,930,2,1148.79,558,0.488,False,0.0
3a73ce6fc3b392e1ca609b5548418c36,27,0,0,27,0.993,False,0.0
61172f1f85b147f579536247e376b782,44,0,0,44,1.018,False,0.0
e308f9114426577f05baf25b11250386,43,2,1141.91,11,0.327,False,0.0
0d2fe5cee9cab31429efc0da96406758,61,2,1111.66,29,0.453,False,0.0
f8945c1122a948f727f6cc5f56f02532,233,4,997.78,66,0.297,False,0.0
e527d87e5717a8e1432c67e902a56a9b,24,6,5730.99,1,0.07,True,0.855
4af9d92576710a7d35603adfdff67acf,24,3,1678.68,8,0.256,False,0.0
63fe99fa23473a7340917d48f548ccd7,49,3,1831.7,1,0.072,False,0.0
25e1b5240ae610b163924a49e7e85bc6,23,2,984.72,2,0.176,False,0.0
483686d2c2ea82359b6aa0bb2b20829a,23,9,8344.25,2,0.068,False,0.0
293c9db44b6588c4e52fbef455fccde8,21,1,280.66,19,0.727,False,0.0
795ec127906a9e161109399a70f5826d,20,2,592.04,5,0.289,False,0.0
8fde03547587c1e6f97d14148f422242,32,1,123.71,19,0.515,False,0.0
a72a2d4e19868dba726c0e6f49198c7e,42,2,799.61,22,0.428,False,0.0
0087c31081ea8d160baa06bf4ad4d76f,26,2,1126.99,1,0.143,False,0.0
4965a4e8d51667a93ac39e04aefb33be,24,1,540.54,14,0.548,False,0.0
41678bd77f241a2270d0a5d905b22020,55,0,0,55,1.026,False,0.0
373f58d5685e5d041b9fb63c7c580593,55,1,437.0,45,0.666,False,0.0
a267191e13807d158926cae6307fa9df,33,1,281.89,24,0.627,False,0.0
9852ae41cc160b7df4017c45373187fc,52,4,1156.01,13,0.235,False,0.0
726c8f1821bccdbb500536a36b6804bc,171,1,23.11,151,0.741,False,0.0
41d92d0cb5f7f9ec270a722ff8fef153,72,1,763.17,52,0.638,False,0.0
d215654948fc3ce8f8010cc12a8c843e,45,1,548.84,16,0.393,False,0.0
4d160824ea5977aa52fef32596211a93,49,4,5010.9,4,0.08,False,0.0
8f3eef80fef6d26aca45231210bcfe63,191,0,0,191,1.03,False,0.0
3ce128c0db0a5e430f1a998105944d59,31,0,0,31,1.039,False,0.0
fa87e5558d2010f19641ca49363d5a1a,38,2,171.89,11,0.276,False,0.0
5b23e3a673f41c47a1cd5093f7843d9a,47,0,0,47,1.048,False,0.0
68d8acf19d02fb3b95c8954d31d75448,146,3,1144.45,11,0.117,False,0.0
69f4089980dd7b42129b9e458627ec30,86,2,775.49,5,0.15,False,0.0
9f169df18e7618371e862cb1c181fdc6,21,3,309.82,0,0.109,False,0.0
5c2f079ede3bce29ac622ecc9bb444fb,23,0,0,23,1.022,False,0.0
3f9d987156fddc08ef77f52d1a15c073,27,5,2388.43,1,0.058,False,0.0
76967eb50da869a312fc4adae1fa5309,63,1,2050.87,11,0.3,False,0.0
b81208443af1b894742a304cf0f86b9b,40,2,1392.19,8,0.204,False,0.0
bc6839208cb211872c9e1909676cbd0a,26,3,1659.04,14,0.461,False,0.0
b3bbe51a0caf36d05239cdb5124a2421,22,2,819.49,12,0.481,False,0.0
49d1599dd80dedc213037342bbe43fd7,52,2,420.26,27,0.465,False,0.0
a2b3dadeee49f301f5307689f05d49c2,54,1,1088.33,20,0.454,False,0.0
9a8ae5697c81ca094e4bc087022d89d9,216,4,1867.31,24,0.098,False,0.0
e88df55ef24b85d6e0f57f61ff8b660e,35,0,0,35,1.014,False,0.0
1c7fae8db20821423f3155642caad457,35,4,4168.59,4,0.169,True,0.857
dfbde47bde19b04d057e18b028d5b5cd,21,2,1410.73,0,0.179,True,0.597
fc19fe9ac733e36ff8227c29435c2030,20,1,167.62,16,0.715,False,0.0
18aef158fe07c1e9ca8e1a5e3b7b723a,32,1,179.05,16,0.45,False,0.0
30252a1d57cd506ae0f8e4d17ea834c9,27,0,0,27,0.967,False,0.0
80042d5c5e74c4cd745d8c8832f1b506,25,5,2040.63,2,0.079,False,0.0
f152faf30f85d9b5784cc9a72611a810,21,4,1244.09,0,0.066,False,0.0
bc186285d21adeb7b7c88af5e40665cb,304,1,579.3,95,0.387,False,0.0
961efa774ea7c0d0a4514295647e78d5,90,4,2726.3,20,0.188,False,0.0
a6bf63037fb9e3064d1f8fa4224df32d,40,2,755.16,2,0.195,False,0.0
86ee190a174409391a427eed6f5e2728,246,4,772.62,93,0.303,False,0.0
61657cd378eabeaa8ec89a448432357d,1500,6,2414.26,42,0.029,False,0.0
8106dda85e61ac65b597178f5eb9ee99,50,3,2303.39,6,0.202,False,0.0
f63181dd4c5b7d91e47629ecb64505c7,25,0,0,25,1.036,False,0.0
8de2a640697fdc751bf88a16ae07591d,20,10,6284.14,0,0.0,True,0.954
ea451b172ee6446d30d57f0c59a4ddc3,64,0,0,64,0.989,False,0.0
13613cae6e3bfea8327a916246c96cc9,33,2,615.62,12,0.382,False,0.0
55f21db4f9a353dcee5b774f750c65a1,48,0,0,48,1.044,False,0.0
2ab38708dc2f1200d33c47ebe14a6b25,157,0,0,157,1.024,False,0.0
5acf34561af0200eb8fe2307fdb126e6,23,1,454.15,21,0.706,False,0.0
1e3d5ec055904eea7d4e95d60a1ad2cf,41,3,1379.42,13,0.264,False,0.0
c3d1d99aa10c2e90ceb77c2197e1ae16,46,4,1229.44,10,0.241,False,0.0
6c286f4b415764f00f8ebbe4f8fe271c,35,0,0,35,0.972,False,0.0
318a8173e6ffb6811284913d9e25bae9,21,2,465.87,17,0.585,False,0.0
88baa2a0a13e63c2e2b3ebc09595e4c8,28,5,2410.69,4,0.201,False,0.0
83ec837051b48b7b5bd1c090ade0b5ef,28,1,325.05,12,0.423,False,0.0
e3113c1f62d89d94df4fc7cb38159411,50,4,1270.01,9,0.173,True,0.623
cbddc85ed8c77a56bc0ba0cfbf057242,101,4,2840.46,14,0.144,False,0.0
5c3a15e958c7a36e722408cd2ce8b34e,27,3,311.48,2,0.114,False,0.0
264f33eb52366d6efeae97a7de43a1e6,53,3,2017.79,5,0.156,False,0.0
f2cb4abe193595fe70e9c380e488004c,26,2,765.54,21,0.659,False,0.0
b9d5fde4cdab32f96f3cdd8f4cef4386,224,2,648.58,62,0.281,False,0.0
a7657330b1c135f3acd420326e335b2c,81,2,628.05,18,0.299,False,0.0
0032c76b20340da25249092a268ce66c,38,1,293.04,31,0.71,False,0.0
a2346489c23a35ba85d17038fa1cb7da,33,2,813.01,18,0.444,False,0.0
3a1e94e3308e45730624bfb5c0b3bdd3,27,2,1172.01,10,0.309,False,0.0
6fa9f081d9c0b44b00b3d343c2a4e2c5,27,0,0,27,0.964,False,0.0
65333bf484bb685082b70adc3e154aeb,373,5,2694.67,26,0.106,False,0.0
1098d1250d5bdf8bfc6a83f26494067c,30,25,11881.83,1,0.017,False,0.0
f3df2c0b7cf3814b81b37ff6273f76cd,36,3,1844.5,10,0.227,False,0.0
a1b27fb279cf1f20c233f6f8c7d468ff,804,2,1371.22,44,0.133,False,0.0
659b895fc430805f484d0beef89bf146,48,0,0,48,1.035,False,0.0
9e5d0775ccf7bc4b6b192d6a84bb3f96,38,1,51.8,0,0.172,False,0.0
6bb3b4d34fb8f3c620d799442a568788,31,0,0,31,1.001,False,0.0
6b4317e342a438c1285889fda1eac3fa,23,2,405.97,0,0.108,False,0.0
72739f22a5493890de8cc7f5a1105a1a,29,3,788.66,1,0.129,False,0.0
0b9ae040f85e7cc54f7c20efd637c859,64,4,1240.37,0,0.068,False,0.0
54350062476d8cadeb3460a0afce6735,45,1,648.4,25,0.502,False,0.0
58e41c352b12a7e96c322dca803dc08f,65,6,6219.99,3,0.13,False,0.0
a3a6f2d1b8311efa1f58c7755e022a4e,24,0,0,24,0.973,False,0.0
3e41c85ccb429fd9a03422dc9f0c18a1,38,0,0,38,1.012,False,0.0
31934416054332748fd3fa41e7e3ac12,178,0,0,178,0.999,False,0.0
b1338d6f97d1fba0fa7b1467fdc93fd0,32,1,1834.69,17,0.497,False,0.0
887698bc22a8aad2016a5134f3d10368,54,1,2263.62,17,0.434,False,0.0
7ae8e196478928ab8223458a90681d26,22,2,577.59,11,0.465,False,0.0
cd612700be57e08ca76adc1e3e69e525,407,3,758.4,32,0.119,False,0.0
0826e933ca018e8b6d1ceaad86d82691,43,2,1957.5,6,0.21,False,0.0
8e323c75fdec6658ed2933b3f2ecc33a,25,2,1016.24,3,0.229,False,0.0
708dc8654f9d1d415d0ea6fffb898f2e,23,4,1159.8,3,0.18,False,0.0
ecb43665c8c390857cabf385d918da87,38,5,1476.94,3,0.124,False,0.0
2ad3e8ebee7119e3be506709cf52c2e7,39,10,3160.27,0,0.045,True,0.598
bc2c9d4cffdfa4609cb2f961250ba4d7,21,3,764.93,1,0.148,False,0.0
fd3a69ec7f07e6cdd8f87021f0191cf9,1148,1,510.32,494,0.488,False,0.0
58ee10603291fb595e840bea6f400d41,152,3,826.12,30,0.227,False,0.0
119d43da5cf2cec95289848aec20ac51,33,6,2823.63,0,0.065,False,0.0
3971f4c7f3c96fef10932785e1093510,22,2,786.61,5,0.228,False,0.0
06b08c5a655b72aae399c4411e15cb47,88,0,0,88,0.985,False,0.0
408b1dc1bf28c3245e5eca9097e14b9f,35,1,327.69,0,0.16,False,0.0
bdaae7d0dda6bb655f833ebdceaf178e,57,2,547.7,37,0.536,False,0.0
205d12d065a7b8535ed6941b838064fc,36,0,0,36,1.024,False,0.0
47bd939e378c0ae8734c7c4194f52cfd,26,0,0,26,0.957,False,0.0
9f16fd7755d607cff890d9af2f212340,89,1,305.73,27,0.418,False,0.0
ac61539bd1e37ef9fc8b951720d90bdb,526,3,546.17,113,0.273,False,0.0
78681ccd3cdd568237129b2e5509eb73,25,0,0,25,1.003,False,0.0
58c9adbd05815ccb9c1e1ddf6a8f6124,38,0,0,38,0.958,False,0.0
c88a78ffee02f40ceeb314786550b716,29,2,790.8,7,0.304,False,0.0
eba2cf1bbf4837ae43652b7cfbaf08a9,167,0,0,167,1.032,False,0.0
72eadb2fd1950044892dac115617c6a0,36,1,298.08,21,0.52,False,0.0
6d06583742c138d70b952a6f5f4fd62c,116,5,5261.93,17,0.191,False,0.0
3e6580b01b9b859832d81c9e14d439e7,105,2,1826.05,79,0.592,False,0.0
5273449e12a174a67f5423126de96435,26,3,2509.49,1,0.139,False,0.0
39d16e1ef9c58bb82e54cf87906c185d,73,3,1304.7,12,0.185,True,0.79
3d63d3e85947d64c59f9d3b6f43b4027,31,1,1028.14,13,0.468,False,0.0
db87b9a23aca22405ab394338f087a68,193,2,214.71,5,0.176,False,0.0
de1fc6d7bb796ade9bb07f09b26a4760,36,1,136.88,14,0.448,False,0.0
a124666e823bbd5fb77a72afc8c1360c,83,2,1006.6,26,0.291,False,0.0
7974f57adaf05f72a06c307cad9db6f7,26,2,927.19,0,0.169,False,0.0
f9cf4bd5f758bdbcb0f8397c6bd49d3c,26,5,1793.26,0,0.023,False,0.0
77528332d8d9e9a13c03da164e28040f,41,3,543.84,9,0.243,False,0.0
b5be7a62bae2b8f3b867d2e9ba629a59,1500,2,528.57,394,0.297,False,0.0
ae0fa4150b81d44201545e47d2aa9ccf,35,1,1028.57,26,0.661,False,0.0
29bbf509bf085413d69208f1547f76e0,22,2,832.85,4,0.216,False,0.0
611b8fe01324647fa20c6f629dfa5b6e,38,0,0,38,0.965,False,0.0
227dee340139e8c2f57bf05bcb1246f8,28,3,3490.21,4,0.163,False,0.0
a8953e3d7677addada63eee79b91e7ff,39,1,380.81,6,0.303,False,0.0
4a51a701a27196367845d9299bee729e,38,0,0,38,0.951,False,0.0
57e5587a5f1c3fcf65dff88c6d088cef,33,2,1119.99,1,0.11,False,0.0
71d51db38ef92c129499061c9cb227f9,27,1,126.83,21,0.712,False,0.0
eee056a1664b2f91466c96a455ceea8b,23,6,2062.81,2,0.076,False,0.0
a1dcf2440c6b9aec47d70595ed124ad0,54,1,542.06,5,0.278,False,0.0
058199325498b546a39e5652a04dbbcc,40,7,2836.35,7,0.158,False,0.0
51e96af5f0314b37ecdc524b4c44c06a,24,2,633.25,9,0.31,False,0.0
9bedaa421783554848ab968c22aa6dfe,69,1,197.56,15,0.353,False,0.0
2f2c5d1fdc5db8d9302cec6fd6dad0ad,20,0,0,20,0.992,False,0.0
e15bbe8fc7504d0075b5835a1b306ada,62,2,624.39,43,0.583,False,0.0
4b384b778ebc0449d0244902bfce7beb,55,1,829.18,6,0.308,False,0.0
0fb4497f568fe7c3859c3c43d6be7277,80,1,470.02,61,0.62,False,0.0
f5de43d4ead76e9519babb3d6189ea5b,30,7,3784.64,4,0.143,True,0.86
7e8ace5e83e019d284a1cf0108b57f94,49,12,8051.44,0,0.025,True,0.676
de3fd2cb02aa89d030f943936ca17807,83,1,787.44,73,0.723,False,0.0
f9acaaf53948041869bb52c7eb1e116c,539,3,1832.46,235,0.371,False,0.0
40b1c1468c27787235deb9bf979fd51d,35,2,839.44,7,0.225,False,0.0
1b51dc88a783a437b7ab446fb12b4d23,20,0,0,20,1.035,False,0.0
544d0f13064dc42b8f6957cf43fa5cad,35,2,1920.68,30,0.616,False,0.0
64b4630b1015051dc3c2e286684d444f,42,2,2121.37,31,0.566,False,0.0
843c7e9e24758cfbc00dd941be3de79b,109,3,573.74,21,0.228,False,0.0
0839b9b0df573d1b402fe8906659303a,112,1,535.48,69,0.56,False,0.0
3ff874206f1d7d1e3ffe12bc9c88c27c,32,2,690.71,8,0.26,False,0.0
8e990907b56d2383d3a39bf0cf9a3f42,37,9,6199.49,7,0.19,True,0.854
2ce81600d264e61fe46c8cadffd18db5,33,0,0,33,1.045,False,0.0
313fc07d700930f4fbb8c08c5f5ebc20,58,0,0,58,1.042,False,0.0
3cc4abcf6c4d8a077b3c110ac04eb272,31,0,0,31,0.993,False,0.0
b7b162291adff744d6f3c6450557ffee,48,2,1408.33,8,0.26,False,0.0
7dc06f440f8107432896e33a18da3e38,22,2,1551.78,8,0.363,False,0.0
827af9fc3113e6e7b0cdc85dea8fa44b,33,2,470.12,11,0.34,False,0.0
f820eddce0a5ff03e1e40168b5ddb0ec,363,1,240.08,35,0.249,False,0.0
7f8332909b975683069ed4777867f021,28,4,3222.6,13,0.31,False,0.0
bd8e0f3ea9fb694fc53c7a358643fc06,53,1,927.09,48,0.712,False,0.0
e6925d3e39cebd0f699008b248e58361,47,11,8604.79,1,0.038,True,0.822
10b7ec8d59e18192862f78be58cd3458,98,4,1074.15,6,0.124,False,0.0
04b851412c9787a6db795f277ef20e8d,98,0,0,98,1.011,False,0.0
c7ebaf88b0022b8aa6893bf62abaf74f,102,0,0,102,1.033,False,0.0
dadbd996f437b5230f82ad00de17a4da,29,0,0,29,0.953,False,0.0
6dd5be3b2a4f4f7fe09e81590896fa0e,27,8,3930.13,4,0.114,False,0.0
ba6da4841dcbcc20caa9a57808664368,57,2,1933.58,14,0.271,False,0.0
ca5062b6d3d0b87debf099a7a772033a,65,0,0,65,1.047,False,0.0
11ce7127e348ee1d9bb75ffef00923dd,111,0,0,111,1.029,False,0.0
ea2fa8b8e775b4d4ebfdd1e828fde92e,20,1,616.37,19,0.794,False,0.0
254f01c0c4853e5c23a801f29069f932,21,1,91.27,11,0.526,False,0.0
c38ea92aa01ad97a67b5fdc061846fc4,45,2,246.26,14,0.301,False,0.0
a6287dcde3fcf9870d4254398a407d27,165,1,239.55,86,0.537,False,0.0
a117fbc2530e3b766f4f14f27cfe3c25,1500,1,210.21,695,0.446,False,0.0
34d93be3a57e6f8bba423d9064cda7c8,62,4,1748.37,23,0.307,False,0.0
84534c29f49cfc37bda78a29e6c6b629,32,0,0,32,1.04,False,0.0
cdc5b7e1bd2027fc820fab4bf76dff04,21,1,3305.85,3,0.325,False,0.0
0788a5e2db8d16e610407f3ee826b813,46,12,4854.34,1,0.009,True,0.733
caa954e15d7c966d515d79caeccb7076,111,1,652.83,30,0.349,False,0.0
c1aa08ee7ec027f1a2523bce7c841723,32,3,1171.6,2,0.17,False,0.0
d0a9421d1143535e463a15d18fcddf90,53,4,1556.43,4,0.113,False,0.0
5254c0eec4d1c586e4e6b59fba3d33ea,140,1,396.21,128,0.778,False,0.0
70a252703c9e9801d4f69aa10f583a41,20,1,315.43,2,0.283,False,0.0
26c9cb11ad1169f145cc96dc263cbb29,75,3,1275.14,31,0.357,False,0.0
a26b156b97861290e0b947bcdf2b1abf,26,0,0,26,0.998,False,0.0
b0b94079598f018f9e72e9698aefef33,29,7,5297.97,0,0.054,False,0.0
eb8367e178d144706a4ff3da62d284cb,22,1,1417.76,15,0.643,False,0.0
313a1411e58266af71ecec9da279ad12,37,3,1544.14,8,0.195,False,0.0
ec645f55cb99f62fb8a30e9d467b3e97,40,0,0,40,0.996,False,0.0
728bcc9495f951828608dbbf3a7e36b4,74,0,0,74,0.969,False,0.0
301a6d74a3eb7cd8e3508a045b8fa2e1,23,1,529.67,3,0.252,False,0.0
1ccd4d08c7d4d9bc6ceb426ee6f7acee,21,1,52.86,20,0.783,False,0.0
7236dee958fe8db7b71ae8858c07640e,110,2,2497.49,57,0.396,False,0.0
75897dfb21f53272945a344799721579,44,2,1163.75,0,0.123,False,0.0
67b05b597a66b5c449025000b9430abb,25,3,2530.14,5,0.172,False,0.0
b4ee22e08cdaeab0b8e6bf2e67d7c19b,152,1,238.0,109,0.679,False,0.0
2408917d65de5653f636d4ba42d45b4b,22,1,507.81,19,0.727,False,0.0
b5e13878ce7c196e0ba76d57dd55b485,33,1,298.44,2,0.209,False,0.0
3eddcc05abf2cf434aae2a9662597353,25,1,776.18,3,0.263,False,0.0
f12cfa9263ca5dd51027f902d1d05321,25,5,4186.35,4,0.197,False,0.0
c2167133926371fa294b6b7e9da001e6,20,3,2303.1,1,0.092,False,0.0
ece98a5dccb1e985d69a38d4e0f054e5,77,2,611.86,11,0.187,False,0.0
e2083012443da79cfafc6b423fa64a75,137,1,979.05,88,0.618,False,0.0
e411a7d93ae7ef2b1140c0d5c72fd9cc,51,0,0,51,0.98,False,0.0
c319f40740fdf4e982c795eb1eb6d6b1,23,0,0,23,1.016,False,0.0
e2f3d2f1536b4b6917e6acfa7d50dd1d,32,1,1079.1,29,0.769,False,0.0
111206009c4b4cfb6463a53cf3043ab2,28,2,928.12,1,0.126,False,0.0
39618678c9395910a7d675df2b0af941,41,2,1795.68,9,0.313,False,0.0
463d8425827e81d905edf86f9c231eef,46,7,4344.87,2,0.036,False,0.0
854de56486b249c1dd6b2e23ee5ea8b9,31,0,0,31,0.998,False,0.0
a3af9db3b686f891e7f6a7d4a27b158a,25,1,333.1,21,0.654,False,0.0
5922ce0b65492e91ac07ffa3b77b2cff,94,3,622.59,10,0.181,False,0.0
4de0066d5e32f9bd282991a485d35c03,24,0,0,24,0.999,False,0.0
c27d02e495180cbc358137a14d1b029d,29,1,224.21,24,0.667,False,0.0
873b6512a80d4ccc7ec1ad735ab81a81,34,11,6663.11,2,0.069,False,0.0
423829fedd48d538a2e70c875c52967f,25,1,3153.5,2,0.246,False,0.0
f2772c6e5817727fbe9b6932ccaa438f,40,6,3078.43,4,0.129,False,0.0
6db067a3f4b85eb84066bfd8010ef99a,40,1,413.25,11,0.367,False,0.0
643b807a55c5add3c91379b31f50d206,1205,3,2365.93,357,0.258,False,0.0
11ad985b033c153deec8400ea60810d3,26,5,2319.36,19,0.481,False,0.0
3841e1601654a5e39f3455f9c8a14f41,480,0,0,480,1.032,False,0.0
527d59def65c2a1300ae5c4138c279ea,48,2,1320.84,11,0.248,False,0.0
6832ad9ac97f82c7c5d614fb8e632e7b,26,4,1331.36,1,0.146,False,0.0
eab27a5d81262bace5fc81727514d49d,40,1,116.13,17,0.409,False,0.0
022e9ef39a8047a24a813f57ad382b94,52,0,0,52,1.004,False,0.0
08dad77aba35e08dac6e113a1c01d2c0,62,1,377.41,5,0.283,False,0.0
fc5e5fe0a1c88aebef8f551bc84abd9c,20,1,570.53,9,0.5,False,0.0
0cc3629bcdae6909e00d9512d566f570,43,2,941.97,5,0.225,False,0.0
8d97ec3fada2f08485838b53e2d70bcd,35,2,730.1,0,0.133,False,0.0
913a4e0cb7fe555e6cffa875ecd58e2e,141,3,553.62,21,0.192,False,0.0
c85aa747346fb651773ad0384949c5da,26,0,0,26,0.969,False,0.0
7be63f0ed4d9c76ed55844021da8d5e5,76,2,690.06,23,0.335,False,0.0
2a2eeca87e56515b095e26141f95a2ce,43,3,1427.82,25,0.467,False,0.0
ad076f69fe41e2f2e356025bf2751920,28,4,3979.0,10,0.269,False,0.0
fafbc4ecb15933633821dfd530c9263b,46,1,808.54,45,0.807,False,0.0
2e438ed54223fcca39c725b9a3e6376f,44,5,3139.23,2,0.052,False,0.0
6a8486027bddd6ae08e53aac48efb2a6,51,2,1379.25,31,0.463,False,0.0
171d92af5bf025428dfc2fd869eb8a04,57,0,0,57,0.989,False,0.0
f02292465189ed8f3845720662a35999,49,0,0,49,0.98,False,0.0
4700fb5c5be4d27d6bed7cb5185e6c48,91,1,118.03,9,0.242,False,0.0
86a01fa0e06f44ce0edf54c195443036,45,4,1892.89,6,0.176,False,0.0
3ac72367c83b28a9ff5508e4e5abeef7,140,0,0,140,0.975,False,0.0
d402eb7f3e879b3e39063d9aff318d75,47,2,958.17,0,0.103,False,0.0
df033c6cca61206b057d843131600fc0,27,4,1219.94,6,0.214,False,0.0
01bfd443225216fd172d2af98ae80068,32,1,109.33,16,0.531,False,0.0
f00acae66459f1828fc1feba2c759fa0,41,4,1451.23,10,0.178,True,0.569
0c17966568c69f8f827f574911f8b729,59,1,426.33,8,0.327,False,0.0
a8397e4402779864503796dd87fdbedc,21,7,2088.76,0,0.035,False,0.0
ddd8485a202512dc3df53d3092b15ff0,26,1,1473.15,6,0.292,False,0.0
144b9f1cf244df05e042b5262ecf97d1,62,3,1377.95,6,0.163,False,0.0
be34d3b235cb9ae1bfd933d05891ff8a,23,0,0,23,0.966,False,0.0
476044a045850de49b672f57aee54b5d,22,2,484.46,5,0.234,False,0.0
17ecbb11ad271dc15ba46b93be52062a,38,10,4693.18,8,0.188,False,0.0
b0454e831e63abc9d4148e48e4ebb4ae,387,2,928.5,96,0.319,False,0.0
19067e6acbb88e562f0f58eca762ac76,37,3,1108.1,5,0.203,False,0.0
04baa28903e22974e6213e632b09c193,153,7,5770.25,9,0.126,False,0.0
d7dcb6a86716cae0bae52007bd8b7822,87,4,3259.69,7,0.165,True,0.854
ab2d1ba701c748469008304cb9f83770,25,3,1249.1,13,0.379,False,0.0
1ec536e0e33d1a559b917611ccf1cd69,85,1,727.71,12,0.253,False,0.0
035b9e2e22e07827ab0ca933ad55f89a,34,7,2045.49,0,0.001,False,0.0
03d4953a455f8489e712ea80699de878,78,3,1218.73,10,0.205,False,0.0
9173f8394714a803f3d46db497a68a19,62,3,1724.04,44,0.558,False,0.0
c645339c7f927e64c0cbe6079255fc7a,28,10,3020.38,0,0.038,True,0.867
243bf34f2f9c8c7b941e3ad4783a4b10,22,3,1053.6,1,0.172,False,0.0
e48c34104caa1c6ad2fbcaddabe30092,311,2,913.33,67,0.276,False,0.0
4626d9d18722ef09665317afb9666980,22,1,645.28,15,0.648,False,0.0
2e636fd512179efa9c6e1b1a28ac7f98,338,3,1569.55,175,0.41,False,0.0
6b0c568efa39d9923961096ab40d3ed9,103,6,3540.69,13,0.14,False,0.0
3b460ededc4c23cb9eae28c706b3a310,58,4,2623.79,15,0.238,False,0.0
36c2e404800b055e0ebeb26c96e23fd0,519,1,254.54,506,0.761,False,0.0
82d3e8adcc5eaecb0594f0b20a105d93,345,0,0,345,0.958,False,0.0
e283ddc5beefba674d4dbcba24e37d04,77,1,934.67,50,0.554,False,0.0
a8794bde6655593c9b71212e6dea7177,29,3,3133.65,3,0.136,False,0.0
e49eafd7e69d43b8d86f6b5590fafd02,73,2,1250.41,36,0.455,False,0.0
427be1ae47bac17e53cd13061534a4e0,20,1,316.88,17,0.692,False,0.0
28e7419981c810e071e0f6b061129fbc,37,1,285.52,10,0.388,False,0.0
b12fb4939476e92d9490ab46c7006675,33,2,453.93,3,0.189,False,0.0
77109035aef26917b4c23dc142a55bde,50,0,0,50,0.978,False,0.0
96e136c1e84c06e4f46fbabcbc3f918d,50,1,73.26,41,0.736,False,0.0
82b2b6a27479a25369741ff265a19a49,41,3,1140.4,5,0.126,False,0.0
a5d3aa4d29649db999b3877b8961b64b,84,1,270.78,80,0.778,False,0.0
790352c18a7b36b50eb483aa9eba0a43,209,3,2652.14,24,0.214,False,0.0
bc53fa6fe784dfc008612a79f5fc0e3a,22,1,634.3,3,0.253,False,0.0
84da12896f5cde5ebcb0c8bc0f35e26e,24,1,199.27,17,0.59,False,0.0
21a2d9dc71459dbd3dad219cb9681964,20,1,409.19,8,0.432,False,0.0
7b6d07dac0a2c373d749142e920ae356,120,4,1023.56,14,0.102,False,0.0
b20eaead1d0c121ef9f0a705ad37803e,39,2,975.21,0,0.104,False,0.0
16d778764561c820ab02b6ea12796b14,156,3,902.88,2,0.153,False,0.0
4232024117e4618d2cfdc07c30b5d3c7,24,1,849.04,21,0.755,False,0.0
efdfdcb4890f42ff5fdc077b298f9af8,21,2,2686.88,0,0.14,False,0.0
28aea3e12549a3611bbd8d4e3310e4fa,85,2,551.86,25,0.358,False,0.0
b3285dd7fd409eaa193f78dbd67f70d2,147,0,0,147,1.043,False,0.0
fbb97973142894c3265d06e676820c5a,26,2,1331.04,21,0.648,False,0.0
39d7ce28dfadb187458ae98f1e7e3857,30,6,4902.53,1,0.077,False,0.0
38e31fda99a5fb901d27134d18d36c75,22,31,18953.66,0,0.0,True,1.0
6ce73016161f051b4267667a28bb417e,228,2,857.6,81,0.322,False,0.0
48464d1565a9447566fa926099aa5d9b,27,2,1206.08,12,0.371,False,0.0
2a9c0f0e5f06e91c50c74baf4dc67a0f,35,3,2700.71,5,0.198,False,0.0
6b3e85b566abefbb24c346a5c2faf23f,21,1,319.63,18,0.701,False,0.0
f5e97c4a357a49248114891b8b69fd80,123,0,0,123,0.983,False,0.0
794dcff1cc7dee09bea35d1d20994c99,22,0,0,22,0.956,False,0.0
c8fa956730a8b291e6bada90a5c6db6c,33,1,126.4,7,0.339,False,0.0
6e9c6c2120611104445c767b78377d21,50,23,11492.72,3,0.053,True,1.0
b4b26faae91bc1b8f9458d29bc3c200c,62,3,984.25,41,0.487,False,0.0
9e80855aee7a17e3e214da66f7d1c08f,227,0,0,227,0.974,False,0.0
7a6156ef7451bb5f25556d7332d1cf77,31,1,347.05,2,0.2,False,0.0
12bc33b0d41518a36034c53c10e37129,61,0,0,61,1.018,False,0.0
6fa75bcd8374aaf022bf590a4aad45e2,23,3,466.02,9,0.317,False,0.0
589ee29a3decf9bd5cd8492da02efb2e,31,1,2170.03,7,0.383,False,0.0
b087812101562e36a7b1c11c1540c3bd,21,0,0,21,1.03,False,0.0
43f0b8fa25a050c02dc18e166ed574ef,35,4,1766.1,8,0.168,False,0.0
bb4a329975df85aa69684e124f0b48b1,30,8,3499.31,13,0.3,False,0.0
93805ba8be262fe253c4284751762866,249,0,0,249,1.008,False,0.0
db94b7a9542eb59e1d8d0e7191013354,20,2,1498.63,1,0.192,False,0.0
4bac35931842898ef246fe185e61f7b3,29,1,417.95,15,0.49,False,0.0
f1bb87ce3b511f772f77765bd3fcef6a,32,2,2793.33,0,0.121,False,0.0
fbcafae33b8ac7b85dcbb5ff0cad932e,245,2,662.25,17,0.209,False,0.0
0019e8c501c85848ac0966d45226fa1d,100,2,1542.62,14,0.17,False,0.0
1b5908d160c0942cc1b26bc725536d42,21,4,1839.02,5,0.22,False,0.0
63c265da6b6a1c029778de3661b64977,52,1,1765.14,25,0.534,False,0.0
82a78b7fe9c0c1a662b2d7116c203d36,38,0,0,38,0.961,False,0.0
682dd9d89b6bd17e600db2ebb25bd46d,478,2,772.04,5,0.172,False,0.0
c7770d8b16c2c8d608209bd7df488678,28,3,822.07,2,0.127,False,0.0
579bed8121f490a9c8068ba6071edb3b,30,1,516.37,6,0.332,False,0.0
6df2dbb5ec4a3c72ffc716d264b4b425,23,1,323.68,20,0.758,False,0.0
2161aebe2d9d920cb9d7ae3c8aa39940,22,0,0,22,0.996,False,0.0
acd046ff2c7ad6d4b091883063c93ff6,96,3,1112.63,62,0.461,False,0.0
49823ffcaa3d1b5b5e95aebc40ca0c9b,33,2,239.12,15,0.391,False,0.0
74ef2468836d147c610bc829ecd77677,49,1,582.09,33,0.621,False,0.0
6ef326dc1bc04a8e63bce7e749279a00,47,2,462.43,1,0.122,False,0.0
8625b708ec6cc8afaf5d676fafc4f37e,42,3,658.29,0,0.054,False,0.0
65571628698194dbda526c22f5ed2317,20,0,0,20,1.048,False,0.0
e9738b45a5906bd7778b089a4ebba74b,72,1,323.57,70,0.814,False,0.0
cd9b72ce79772adb2e28bdfc051bb341,25,3,2197.59,13,0.462,False,0.0
3842d2de8b603bbfe941ade4da285f32,22,5,3029.78,4,0.191,False,0.0
fe362d146a84f9000664211ac929b9d5,39,1,161.51,20,0.523,False,0.0
4563a5506935785f8c7e94005595cb53,21,3,715.08,2,0.207,False,0.0
49c00537cb6418b95faaff96b95d596e,66,1,479.21,62,0.795,False,0.0
fafca0e855aa0ce0b89027f605229d55,24,0,0,24,1.041,False,0.0
af366f48405f787edafa83d61e9ab5c5,24,0,0,24,1.014,False,0.0
929de36edcb645b07f26d1871120a9ab,109,6,3599.46,0,0.075,False,0.0
4f463757edb0250ec353ab6f3610cf34,27,7,2462.58,1,0.096,False,0.0
e3839dc99461bc42b5b169c5db72234e,22,1,221.45,5,0.385,False,0.0
f2c08b92fc8f8634e72f8cc74f06a8f4,136,1,475.5,105,0.633,False,0.0
50ac16a2d87e6ab7fb5d9db91764e5bd,20,0,0,20,1.022,False,0.0
36e61142062289a6a0c06d04fd4a90f3,101,1,27.11,53,0.552,False,0.0
6991221485787f31e830a729531c20f2,22,1,616.77,10,0.462,False,0.0
a7a0990a0bc15359977148c0d41bd277,22,1,417.56,15,0.634,False,0.0
ea1bca6d388490f8f4ceb90ec9127c57,25,2,2601.63,16,0.545,False,0.0
a5782905d18c0d30d5dfbf6f2a864719,23,2,778.7,6,0.326,False,0.0
ff3e14860e32acc535aea6a5402d531c,49,3,1708.69,5,0.136,False,0.0
f75da962fb4ddac1569e90c21803c455,20,11,6561.91,0,0.056,True,0.597
e350c8445a78561ccd1eb2f7911684b0,20,0,0,20,1.012,False,0.0
a20cdea40f5bfb3da4c667e998086272,73,1,488.53,23,0.355,False,0.0
970875880538c798adfc5a56a7fdd734,25,0,0,25,1.04,False,0.0
cef0911b797ebfa3b9fa952b9932a65c,27,2,745.16,15,0.467,False,0.0
9e066311b498f2311b3e21a6577fe238,23,2,932.27,1,0.118,False,0.0
864e517a3d25387ba522277812310dff,20,2,922.13,8,0.415,False,0.0
fe797777cb9bed24de9dced3819e8b59,61,0,0,61,0.997,False,0.0
d0f35a2cb9d0fff870811961232a5904,37,1,1051.87,6,0.302,False,0.0
788d87eeb999019a75d8ba69017398b7,62,8,3371.95,2,0.097,False,0.0
557cd07fbd892abdb1dc537a91ac9f00,34,1,631.67,24,0.613,False,0.0
2e642fa075db8661dab42c957cfe6290,70,4,1968.69,5,0.098,False,0.0
adf2f3c1524855ec8e22850045998f05,36,0,0,36,0.981,False,0.0
5efebfd4cc8bc54a199c512d3bb1c6a4,22,4,1938.73,4,0.176,False,0.0
3a1843bdfa85949a0b09bae81235709d,35,1,144.84,13,0.437,False,0.0
ced43e4c9c807745b25ad6c5d519859e,225,3,3561.61,67,0.269,False,0.0
0489eb155166019d60e13ca2b0f76895,20,0,0,20,0.998,False,0.0
8c8b21e9534948db376200dd8de97c98,71,10,7579.42,7,0.1,True,0.605
3301ed311d556f65038f3c50002eef18,107,0,0,107,1.042,False,0.0
c3f3b3aec6ab1645b825e2b7031cfd43,36,2,1182.35,5,0.218,False,0.0
fa7b428394b88f4f3e244cd84163e81d,33,3,1091.84,9,0.231,False,0.0
fb5ad6c23182ac9a66db83611b62b18d,319,1,475.35,35,0.291,False,0.0
5b45f3493929fcecf1bacf1a1c4a4801,21,6,3505.37,7,0.257,False,0.0
bbfdfbd3af995f06a0da9d30e99fae15,34,0,0,34,1.022,False,0.0
0ff5b872dfd979e7d23064973ec52e5b,30,3,911.97,18,0.421,False,0.0
acfb17c1122b06dd09ea27d6e55cd139,52,4,1319.99,22,0.332,False,0.0
e6dad6995380749fc3e8f0178b5873c3,35,1,291.2,3,0.29,False,0.0
ed1b6f66996abfab57c0affd00805578,148,2,298.85,49,0.356,False,0.0
40c222fdf42ca7cb872bb2c4ebf06f93,21,2,603.19,0,0.094,False,0.0
c8ec36160dbdb80f55d3e944d2d3240b,21,2,738.85,19,0.698,False,0.0
e92cf8004da0ba60863ad7d5bd816f5c,43,3,1044.77,23,0.413,False,0.0
07c30b82dddc10f4d5d676398b62304b,21,0,0,21,0.99,False,0.0
681b1f6f853abf792786c3429e8e8633,26,1,1872.84,9,0.453,False,0.0
146ee84a8b840b713c90659dd5ae94a2,46,0,0,46,0.973,False,0.0
a776fa09b1b0a5b40d46bc4c9b91906d,38,1,672.44,8,0.372,False,0.0
dc4ece065a1fe9ac265d3908bc3e88e6,27,1,864.35,14,0.554,False,0.0
3d01523c62122408343bc08a31ddb1b4,1500,0,0,1500,1.0,False,0.0
c2d0d46bbdebdc3160671251b42d5d5b,37,1,145.01,34,0.78,False,0.0
0e9bafe047d5c6fe3fd8ef6bcdce9a1a,33,1,1088.59,19,0.561,False,0.0
b0cb09eb848eddd6485a6a38e5a2f134,43,6,6002.34,0,0.08,False,0.0
91941baa83ca10be2c0b9d1481329af4,21,2,1301.53,5,0.26,False,0.0
77c213e10acbd145d50fcb035d0e86d9,54,3,1704.91,7,0.164,False,0.0
f25c86f1fe0da86457a759fcf3893d3a,98,0,0,98,1.021,False,0.0
cb19b98e488b470bdced6f88a32033cd,48,1,539.65,22,0.435,False,0.0
09da3efea7f5ac0b094ea9c0106472bc,67,1,331.66,18,0.338,False,0.0
7708be0184a28acaf3d4b9bb7bb8dc51,57,0,0,57,0.959,False,0.0
6a8fdf11c6cc553fe201f827da2f4e65,24,1,494.67,15,0.553,False,0.0
cbbe4b5beeea8b05dae43cfd1a73e6d9,32,2,38.58,5,0.269,False,0.0
ced1416fc6e0276033a69ead27de0ccc,24,1,446.09,23,0.795,False,0.0
df85489b24646779960c73a7c2f8acbf,28,1,148.35,21,0.654,False,0.0
53c7fe58f9f5f5d8a3d132ece5d4df8b,33,2,1182.27,23,0.509,False,0.0
c756c5a0183a0e0c511a8b00fa1e2ee2,31,6,2263.49,4,0.115,True,0.705
12c5d24b9c758bbf4298c59d99746513,21,1,295.7,19,0.695,False,0.0
ef0103e9602d12594d19c2b666219bc1,31,2,896.24,2,0.153,False,0.0
97a9cbfee4f4914fdb7761206d1bd014,49,1,578.4,16,0.368,False,0.0
8a04cd485d578904eed5263be0df576c,29,3,681.67,14,0.405,False,0.0
027a8a853eac346c3bf686f95289b761,22,1,744.9,12,0.494,False,0.0
75911973553414cf548f0d62eb2f0fbc,169,5,2072.94,17,0.157,True,0.564
b896655e2083a1d76b7b85df8fc86e40,21,2,905.42,8,0.389,False,0.0
7100473ac090214faac1fd8f9af9f68f,88,0,0,88,0.956,False,0.0
e91d99078659be9b7b474bd69cb53ac3,21,2,1278.26,10,0.44,False,0.0
27aedee05bc8e9bcc4da2bae37fd4d78,21,3,1631.37,8,0.287,True,0.553
8c5458447e008fc2db69ca27bf5560f3,61,0,0,61,0.951,False,0.0
668dc9fde9d42de2f1ac1ddaa7823694,80,3,771.08,1,0.068,False,0.0
b55c4cbaa102fdce0375bc2a92ed4bf8,39,4,1749.18,4,0.104,False,0.0
c143cec5225978d71e218834a2c37920,41,0,0,41,0.952,False,0.0
e8af6532230712b51ceb46072be610d4,39,1,2470.52,3,0.2,False,0.0
c899abf9b025c3ecd2e8d8c4051ed1b9,27,0,0,27,0.98,False,0.0
bd37ac6e186acf56280b2fc1437bb981,22,1,805.74,18,0.672,False,0.0
da1b79f401c4b535be29afa615b6fa58,28,0,0,28,0.967,False,0.0
8849b35ccb854f2373c2bff43083e145,49,1,1639.87,23,0.486,False,0.0
5b0a933d48aec9721e65e09ff51d6bf8,63,0,0,63,0.992,False,0.0
f68fcf829cc4c6c8a53b46c864c1639e,108,3,965.54,69,0.529,False,0.0
0b261bf4d7968521faf1b2178930087b,57,2,522.39,32,0.471,False,0.0
baa2381220d03aa74d97baf23302ddc9,355,4,2980.39,0,0.102,True,0.583
90753e87d6102e8136a26f7c2e02b35f,42,1,232.37,25,0.511,False,0.0
918d4b7f27fa3b36b2eb95e7faafa737,28,0,0,28,1.025,False,0.0
91b06e7f118797fea3e4fdf5b9432d7d,41,8,3129.52,0,0.005,False,0.0
0b3ea22a9c32f9c1ef2684e5c981e9ea,24,2,1646.91,5,0.272,False,0.0
319735848583373563cb47f6f112b6c5,48,0,0,48,0.99,False,0.0
cfbb7ce77206d860a748fed4a35a5e3a,24,3,2584.73,12,0.373,False,0.0
3341514b8049f4a268e4188fb0211d34,22,11,7753.17,0,0.016,True,0.788
a0defeb4e8b47e1db2149cbe93d68609,94,5,3783.05,3,0.046,False,0.0
35bd5e295fe699acc2e24b0de1e53663,29,2,919.69,5,0.236,False,0.0
591ae038dcf527c45333bf204224b7f5,66,1,234.75,8,0.237,False,0.0
f5479eed84b3486132141fe08c598b95,40,5,2075.96,14,0.246,False,0.0
515be97b99f6127120e5793a7cb71aef,78,5,1663.75,9,0.157,False,0.0
040641ad9a73250e1362678a81db1b9b,94,4,2039.46,5,0.098,False,0.0
ea2cf3092f1a6b9641abe79f008ad478,426,1,291.83,118,0.358,False,0.0
e106b0bf1efc2352bda60eaeced76675,82,2,566.18,27,0.365,False,0.0
720ac6417c01c1815e7e6e898a549f90,44,1,764.33,41,0.725,False,0.0
c0b8f06358c17e08e149768d1568b639,47,3,1836.04,27,0.444,False,0.0
c57eec8752714491b49a0af853dd80e6,20,1,534.94,12,0.566,False,0.0
c374dc8c48a3edc15dc8bcd4aaeb67be,181,1,43.22,16,0.272,False,0.0
7b9fdbf39311ea24e456accef9d98b6d,87,1,254.42,10,0.303,False,0.0
ecc8e39e03d252a504520ec827882930,25,2,1616.86,13,0.489,False,0.0
65af86340218f71a500596087e69bd10,23,1,443.15,23,0.836,False,0.0
bffe21e5fcf1018f69c5654bb45ec1b6,54,3,776.47,10,0.197,False,0.0
0cb7f0c5d651cb95e32abfd633338af7,27,1,611.25,3,0.267,False,0.0
81cac5e539b7849224280b2b7b4114a4,28,1,280.23,3,0.229,False,0.0
949970123579e8829ddd1ba3d32ac18d,20,2,716.32,1,0.15,False,0.0
cde21009d0c20492ba91c194adc13101,109,3,1117.15,31,0.233,False,0.0
f99fa0c7b369bde9c53edc9e6f6c4a58,40,3,1689.18,19,0.344,False,0.0
d73d940f6fc13f3e9bdafaf100690c55,30,2,1911.5,5,0.186,False,0.0
01ca0680cddb7f4c71e3235f08cd16a2,22,3,3049.45,13,0.504,False,0.0
66980c3775537536f77b434d74e520f5,46,0,0,46,0.993,False,0.0
02a9fc337956564657d9fa17d41af27f,20,1,330.6,18,0.72,False,0.0
dd3c3c93dbf411c967feecabdf1b8751,62,0,0,62,1.008,False,0.0
30d77053d42d9d72c6875552cba2cc64,24,3,1673.95,17,0.523,True,0.735
6d69a17bd912f5421904a22de939f6f7,31,0,0,31,1.038,False,0.0
3daa1c97a3155484f70c88b19c90dfb5,28,2,1348.73,23,0.619,False,0.0
1573fa36d8bf101af8300e86e78fecbf,29,3,3011.27,1,0.083,False,0.0
60c9aac573e07a0ac0a9678f43ac25e1,58,2,743.48,55,0.67,False,0.0
6b05110cdbb6841273fdb6718c9f58ea,69,2,1973.99,28,0.34,False,0.0
89e0dd98544c5ff21224086f5cd4f885,40,2,747.03,5,0.24,False,0.0
796af4fac93296428070925a8a78aaa1,21,10,3583.71,3,0.112,True,0.841
cb85c247e17145a2883f582786099f12,20,1,25.59,1,0.224,False,0.0
6a3b483e9b2d95ff255471067c0f7203,23,2,676.13,7,0.3,False,0.0
0946262550402fc07495e24ad9f252f2,44,0,0,44,1.033,False,0.0
4350cf84c81dc8d0fed2aaf06c683d9a,50,1,419.74,27,0.54,False,0.0
91072c5d9631aab2b794c98dd68d2c9c,26,2,370.81,5,0.243,False,0.0
46df7382c666159526532d5ffe8138b3,49,0,0,49,1.036,False,0.0
8335867dab25b0b9e2ba0f5e6299c870,34,1,413.8,9,0.381,False,0.0
fb24197c4a4ebc546b9d0fe21cc13835,32,0,0,32,0.96,False,0.0
16958e0580aabd51c43765569afea366,26,1,754.78,22,0.726,False,0.0
d20f34444ce44ca683d46e9da98456e1,64,11,2934.91,4,0.04,False,0.0
2e22a2c99a49984d1ef90e308770ebe4,22,4,1783.89,1,0.096,False,0.0
04c5ad73047074972e9a1c744c3b4bf8,31,7,2019.01,2,0.077,False,0.0
6ba32efcb359d12143b1bf24b7592c81,26,2,1334.21,3,0.241,False,0.0
a696ba5db33cf4835a04dd5965a86781,51,4,2951.77,21,0.286,True,0.846
c9c2e6e2ec65683e71205e16a5f3aa90,34,1,862.07,27,0.643,False,0.0
8dffa3165d189110cdbe104f7f948f1f,50,5,1584.34,0,0.052,False,0.0
fddb0443caca83884ff3d7e44a9bcbdd,20,1,772.16,1,0.214,False,0.0
eea69b2b4f7272b279bd2e0e9b106132,30,3,2473.71,5,0.164,False,0.0
4affc8f04011f35b1b1411bf56841f0e,42,0,0,42,1.011,False,0.0
c3166e62cdfb039707b78bcfc4828c86,20,2,1470.2,14,0.526,False,0.0
5e2d89be42420641aa1c19cf1a90247e,26,1,303.5,23,0.757,False,0.0
8479ef9838c9bca6f1ad143f1c0404f9,24,3,1427.88,2,0.14,False,0.0
f845965c44b627242d3fe2ff76fcb908,22,2,543.1,3,0.251,False,0.0
3be2432d88955b7cc6e9cb71d9d1931e,25,7,5467.13,0,0.057,True,0.817
9089f3d032c44d092d8de15a28de55f0,27,1,705.46,9,0.358,False,0.0
e65a6776046796b39fe251f71b6abd6f,20,2,3007.85,5,0.281,False,0.0
45717be4d89508e2acd37fedec782c0f,62,1,22.77,24,0.441,False,0.0
02399dafe5a38655445fb46ec2499071,23,0,0,23,1.038,False,0.0
1600e56406cd89032fefb96f79ffeef9,29,2,1129.16,2,0.199,False,0.0
afa2d112b99f01c2f052f0dfec88726c,55,2,616.95,8,0.239,True,0.588
39104edef5e46d7b8c61848cc95e6d97,35,3,1543.55,2,0.131,False,0.0
e2c40c8b0afea459059e4f2b8d22b6f0,89,0,0,89,1.011,False,0.0
2356a157ac13013e2af4979379737874,78,2,1035.91,26,0.308,False,0.0
0567862a60d6b41efcb7f0e4d20aac8f,21,2,711.07,1,0.174,False,0.0
157876073aaa5d005e429235e1d56983,104,1,10.82,27,0.369,False,0.0
9b61c2fdf2c0a670763b67aad64dab3d,20,5,3935.99,3,0.154,False,0.0
d63d0b04501d2e9583cfe64e6e9f7eda,20,1,759.48,15,0.696,False,0.0
cb3766a52eaee82451ef56d6f12b9fb0,166,6,3654.72,25,0.119,False,0.0
32c050ea3af0bf160de1209adfb922eb,104,2,1831.92,21,0.282,False,0.0
2734e0cdd8354610f50b29876b01fc97,40,2,2266.46,9,0.296,False,0.0
efa5d4299e261e6d7f6cd7f94b5aa7ff,40,0,0,40,1.002,False,0.0
83511e439930d5ee33c12a4712d1baa3,56,2,774.1,11,0.239,False,0.0
429bc087ae0c9ec6f0b3a0d42d5bf9c9,31,1,1386.34,21,0.643,False,0.0
ee2bbda93ed3cbef0bfde31a62f807e7,22,1,478.69,10,0.47,False,0.0
af93c8e23e4df2d72f78fd43cb6ae215,20,1,349.94,20,0.848,False,0.0
57f374ff5fea84f3570619a1425a6b43,27,1,36.53,17,0.613,False,0.0
ec2c939a56b9d792f75a3132ee47c2ec,76,0,0,76,1.007,False,0.0
53dad0f86e33e3e263658b3484563365,44,1,1769.1,14,0.366,False,0.0
71483eefef96601ce6e0f9437715b5fe,88,1,730.48,53,0.578,False,0.0
0df55f5accedda71bda8f4c7f590951f,163,1,92.09,34,0.373,False,0.0
f0fe4ee68e4a03068e981e6481bb9e1e,21,12,9033.14,0,0.036,True,0.737
c7797b25e6175614c2c8ad82742a2ddd,94,0,0,94,0.98,False,0.0
5dbaf31e6f3ccef2df173b8d09a07128,25,2,1795.37,6,0.291,False,0.0
1c0ad53bbac159e9a38bcb2ddc56afe2,41,1,282.66,1,0.209,False,0.0
f26327ec6541f1c2aa119fd0d02a351d,37,1,421.83,34,0.727,False,0.0
634f09f6075fe9032e6c19609ffe995a,30,3,1028.21,10,0.285,False,0.0
4e0e024ecf013f1487910ad3a94c049c,27,0,0,27,1.012,False,0.0
a66e716d02b556bd6a57ee40c8a610ef,28,3,2319.78,0,0.077,False,0.0
6202c5845cda18b2540b7e0c3883840c,28,2,314.9,15,0.415,False,0.0
8c2e1b595fa98d5f22cb089e0e70d9cc,23,6,2845.4,2,0.154,True,0.795
51c8ddf321ee68b8d49ccafa8f4cfa50,36,3,841.96,6,0.238,False,0.0
212b273eed006f96498ccd8e91427e42,22,2,997.63,7,0.304,False,0.0
ae5df8e33ea496f14db277c8b8e77281,36,9,5018.23,4,0.097,True,0.609
273d136f7121c493a5c994c4838fa350,143,3,2628.19,60,0.32,False,0.0
18e362d58b54666925aacfd86ff84213,28,4,1320.64,10,0.326,False,0.0
4e17943c8edf2f66d70f0e97b81aaf17,59,4,2341.0,29,0.357,False,0.0
d35862da9bdb38fad3994de72a77a3c2,83,2,1443.7,7,0.171,False,0.0
3726ac7519981c0c5a86b98ca38297a4,81,0,0,81,0.99,False,0.0
8f3dca4306d5a89e4ae2c65c110603a2,25,2,1052.14,7,0.32,False,0.0
03f923dbcd3b3c763b22b24db6072d27,22,4,6359.26,9,0.347,True,0.88
0647d94e80c8033ef27686bdb447e105,24,3,2985.01,8,0.251,False,0.0
957bf068749b802595d8b336214f7ca2,43,2,639.17,12,0.346,False,0.0
cfef5d9c94eda3154a09d2a0d2e3e214,65,0,0,65,1.035,False,0.0
5802e2beb1b61c3ec744d5780f0600bb,48,1,1631.08,48,0.796,False,0.0
825ace36a4828de05694b8047f6dd905,23,5,3457.89,0,0.017,True,0.594
7afc4a1c2af2ac4a2b4fd9fe63037bfe,68,1,226.57,10,0.272,False,0.0
d6d67261f2634cdf9ec293cd765c8479,35,6,2902.74,0,0.078,False,0.0
9caf7fce45f197ace0ef67476d5f0b94,64,2,571.04,30,0.387,False,0.0
a4297e8887cab7669f74acae48d8fc92,65,1,441.62,47,0.615,False,0.0
b41219e27b06fa15f910c4442b1457a8,32,1,1274.12,23,0.594,False,0.0
c5132a4ca6a90b81f1c947f705706392,171,1,158.47,127,0.687,False,0.0
27b4a7740a9b118f9eed1e8c8be7822b,39,3,4262.06,1,0.106,True,0.712
6b75c62f41f50b0c278ab548066a100e,46,0,0,46,0.982,False,0.0
7c70ca4d728c6988ee9c326479b5f507,45,1,313.59,18,0.439,False,0.0
029b457bd01199c39136f89e0eddcd3a,105,2,1008.62,0,0.088,False,0.0
55133cf96f44c834ac51d0e3b678c7a8,45,6,2132.76,8,0.199,False,0.0
4b3496d4740f8929ba830bb965b82891,22,2,513.57,2,0.189,True,0.635
6df827ed74b2b39a2b18b83ba11949c5,21,3,2153.57,0,0.095,False,0.0
9e5dba14616edd353e3e344705daebbc,32,0,0,32,0.956,False,0.0
30de122d775af047eb43340af4ba6159,27,1,271.92,21,0.707,False,0.0
62049cfbc68cd893920204de3b5c057d,26,11,6433.59,4,0.099,True,1.0
2da5ee41ace2b004297ab83756b6639e,20,1,485.87,7,0.433,False,0.0
7d0983269f825d3112e5a64364b1258a,36,0,0,36,0.968,False,0.0
d9f68ddf6447c3192acfef75203bf30f,27,2,856.13,5,0.241,False,0.0
2d94b4d76656b186b0b717c23ed66273,33,1,123.35,1,0.192,False,0.0
e94f497b64b4c843216126feedb1dfae,21,41,21872.84,0,0.008,True,1.0
561e71dc2bf45afd3c2c7130bed4e370,88,1,656.77,55,0.608,False,0.0
309ad0882e18729b77dbe9b6bdbb2165,21,2,1674.69,3,0.221,False,0.0
0db307a3bf5f0cf05e7a62c6c3bb942d,105,1,469.96,6,0.228,False,0.0
179b7afa741e910646e438f3e480b4b4,100,2,1667.63,45,0.368,False,0.0
f757482977cb6137615b622a8b782d97,44,0,0,44,0.991,False,0.0
fda3a6917a6ad5f8fe29d2177f79f210,36,1,60.63,34,0.738,False,0.0
b33f678a7299da3b06beb4438a8d6908,33,3,1569.07,23,0.547,True,0.766
554b6028a7eb7766b87a690bb1b91e69,39,0,0,39,1.035,False,0.0
97ffc2a068683682cd75484bdb8df6fb,73,2,524.03,21,0.321,False,0.0
92a4b4c966f31e01ad29b7adc861f25a,131,2,862.08,36,0.254,False,0.0
9e496be39289cedb58494ef74a1c8bb1,32,1,447.37,23,0.613,False,0.0
a4f3f98f5f9d151530c62ab2377d3fac,79,0,0,79,0.997,False,0.0
031f055c013d9b147263937cc2d5b6a2,48,1,208.49,40,0.7,False,0.0
5863a84c48e166291a930a8fd88f92aa,27,3,1575.04,3,0.161,False,0.0
5f2eb40c7352bf49c3876e764133f0c2,34,4,927.25,3,0.108,False,0.0
93451172a198897b74f15a1cd6f2e954,22,0,0,22,1.023,False,0.0
a356a8567cf4cd5ce32a18e6e7fcabc8,21,4,1391.06,8,0.301,False,0.0
f4371991881a328886a134bbc99cec9e,21,6,3134.47,0,0.049,False,0.0
51c498c80f4afd96c234f0b6795f2e9e,135,2,215.47,41,0.294,False,0.0
69622cc3c28c760631192198f71fd35a,28,1,368.93,1,0.199,False,0.0
80751f3256e9ecc03c4556904f6d72c8,56,5,1157.72,0,0.073,False,0.0
1291474366a550ebc251d9187e763d62,35,1,411.1,13,0.412,False,0.0
578a719055f199cc37fc781c943a51dd,23,1,449.25,12,0.532,False,0.0
26f8790baee110479bb7cb362e16134a,25,1,351.79,11,0.507,False,0.0
63822de2a13203c2aa8a22cb8e52bcd9,32,3,1016.6,2,0.172,False,0.0
1f730c825bb084addd4914f9c2390f35,32,1,257.06,13,0.459,False,0.0
aa2b96dd03307ea6dc4b763c0b5f0b39,37,1,331.75,8,0.323,False,0.0
e1429df8d7fcb85252834ee1552ea20c,23,3,441.94,13,0.391,False,0.0
edf55e0391148600e839275491f147e5,29,5,2018.73,7,0.163,False,0.0
48c239b2821e4f65ef32ff7ecd4ed37b,26,2,1151.81,0,0.112,False,0.0
f359832fd1c530fbb94b787e049f833f,30,2,160.28,0,0.104,False,0.0
f5d3f7d6508d52291134f9cd009eb354,28,3,1048.92,3,0.188,False,0.0
437ca9feaa724197fb6f66a2b9060bed,42,1,448.86,13,0.359,False,0.0
255db56b61e0c9227afd094f0a2f1aa5,73,2,603.53,16,0.249,False,0.0
54ff1465fc605abd6e3df3b2d283e153,47,1,590.77,36,0.709,False,0.0
799ed9d9a1712679681fb6bb70a8b638,21,2,783.21,1,0.123,False,0.0
a21a8c17fb2d281bb4890748efc12200,21,4,1686.94,1,0.063,False,0.0
0f4435f8973c32a5ffe9fd128d096561,51,0,0,51,1.017,False,0.0
89d9a5f6c5538b8fe797f4f5b6769008,26,3,1798.15,9,0.305,False,0.0
7e7fc3003584df59be31abba5784d8e5,58,1,183.16,44,0.684,False,0.0
71c5139f336dd5af24b6ddd97683be54,48,0,0,48,1.022,False,0.0
31f1c1348185be629ce9ea2d4d71617e,143,3,1170.14,80,0.448,False,0.0
a0f3a0c053ba7501b10fb72e038bcc1b,111,2,998.39,35,0.275,False,0.0
1be0b0b172e10ad52bef0d454965c053,28,2,1085.87,11,0.409,False,0.0
ac4d728ffba33afd47b701d5f679a123,41,2,1021.73,23,0.489,False,0.0
c2551ea089b7ebbc67a2ea8757152514,22,0,0,22,1.026,False,0.0
886fa36372fc4428557e3352f37ffc55,28,4,2115.58,2,0.109,False,0.0
e719553726c32083e14d368222557f1b,349,2,1131.15,241,0.5,False,0.0
3e7093ecfc2d4fda791cc93d9e18c3ad,54,2,1196.46,22,0.393,False,0.0
d0bd25a13b24e8d59a11adda68bd3ecd,30,0,0,30,1.02,False,0.0
c7c57673fe2bd1823ef2ca06c7591df0,42,0,0,42,1.014,False,0.0
ffddff7cfa827d6c430ed9e373be416c,202,1,413.23,13,0.217,False,0.0
af891fdabc40f3e11c5813f876b5257f,27,5,1526.93,0,0.053,False,0.0
586d40194eaf4932c4c5d248926beae9,29,2,600.79,15,0.442,False,0.0
1bc973dd0c2d4b8eb3b9c44b42eff102,73,0,0,73,1.026,False,0.0
27a53659b6216c57d106d48be0c50264,80,3,1489.31,1,0.073,False,0.0
795c1622cf7a53d63d324e862349d01c,50,1,308.99,21,0.41,False,0.0
bec4565233c872dc005b32e9616669d1,87,4,2165.67,5,0.079,False,0.0
ebe45b12f9bb37fb0832dcc00b58c4ce,61,1,329.36,4,0.201,False,0.0
62ba5c994e3a39d8070906dfe744ccc6,52,0,0,52,0.97,False,0.0
011784926e81122b1abd0210b5888c22,37,2,329.33,15,0.332,False,0.0
b2233d3dee64ccc23443e4e9d9bbb9a0,47,0,0,47,1.046,False,0.0
184f9811137ce4bd9fb8308cf535a857,31,3,2286.53,0,0.074,False,0.0
5efeef1510d928c549c082d0ef4447ac,29,1,578.08,4,0.327,False,0.0
513f44fd9ef4992cdf77e9b60dd986af,29,4,2057.45,0,0.035,False,0.0
909e3e8fddd658aee6cd045a9ed19cdf,23,2,692.24,11,0.446,False,0.0
eb3704b505516a05c0fea2e8cca4de56,24,3,1787.94,8,0.337,False,0.0
2d2f795be3c86374ae2ffecaac3c4013,233,2,481.71,74,0.328,False,0.0
4dc9867052507ed64279ae90d1946da2,34,2,1830.75,8,0.274,False,0.0
53d1e66c7e220018ea348c52d02bc5a6,24,1,267.79,10,0.471,False,0.0
00cc0061269a99836cf8b029b1d0177d,22,2,2047.9,9,0.406,False,0.0
d453631105ef4efe9324ff9163c93895,21,0,0,21,0.995,False,0.0
440fb40fd45aea8a5dc60465f9b3d15d,94,1,762.87,78,0.678,False,0.0
598303f52e054ede6c3b5d53ba72ff65,21,2,491.97,0,0.171,False,0.0
eb3401656cd6eaad985629735dc1c339,68,1,268.81,57,0.67,False,0.0
278fe707d0e9a60b36b5de18762499f4,89,1,1324.61,29,0.387,False,0.0
8edc207feeb0cf1b7094bd24e55b03fc,120,2,1376.69,56,0.366,False,0.0
6e0c910d67dc3a55add6f66632b33fb6,20,0,0,20,0.966,False,0.0
0978d7916da809d3c71e2061832c3408,28,0,0,28,1.042,False,0.0
ef94ab37c9e865083fb1916862c23fd2,67,7,5215.66,0,0.063,False,0.0
063342fa545494715cc59f983598c546,22,0,0,22,1.023,False,0.0
d3b1ea21e85de5679eb875b8a3a9dd4c,29,19,11262.65,0,0.0,True,0.752
f148041f970c084006b2a719e9459a8e,23,0,0,23,1.018,False,0.0
4c3e319751f31fb9c21a247247fe85e0,88,1,487.3,26,0.379,False,0.0
e8cb0c78d44d572d96674d666f082fed,68,0,0,68,0.957,False,0.0
084b52bfe7638733e0c99f8139ea3924,79,1,1132.24,79,0.802,False,0.0
19be5923f7d998e76b9f3b1eb87c32af,23,1,901.61,11,0.5,False,0.0
0c60bacc1a7a82067397bff2c02aee50,32,0,0,32,1.05,False,0.0
5538f4cb054b71b5525a019a47019aa0,31,1,81.72,14,0.434,False,0.0
390ab7d275c35f0bfb2be964ff5ffbe4,51,1,319.02,21,0.4,False,0.0
7cf6aa111c7b888b8f9fcc26b6fa1130,25,3,2325.17,0,0.065,False,0.0
88450f30160dc120139ca2a54a1f1524,32,0,0,32,1.034,False,0.0
f2ee0221f86c32532028f6be7f94f07b,26,2,944.93,0,0.137,False,0.0
74bba753d0dfd62b4c32ee45cab7c812,63,1,436.08,35,0.529,False,0.0
67ecbf1f06c3a1649d5d6c5e15ea1a8a,32,0,0,32,0.963,False,0.0
d3882d7abd0c66064d740d7ed04dd1ef,37,2,974.37,1,0.166,False,0.0
99da196553d9b67b1c762a712a8caaf6,27,3,1270.68,8,0.231,False,0.0
a9b4929689bc74b4d8764b7214a9bbc8,79,2,898.62,7,0.153,False,0.0
879f4eb9f58eadb8f2f204919b162935,33,1,490.13,25,0.661,False,0.0
62ee16c2a070f1f24270db18fffa0f5f,89,0,0,89,0.985,False,0.0
c68a95b096e94c5c6e1f47c06d847171,29,0,0,29,0.969,False,0.0
56a3ba5c3703252753c2391b9ad3bafb,231,2,493.91,20,0.21,False,0.0
84f30d2fd3937449dc7e0c835c281961,642,7,4770.35,10,0.044,False,0.0
cb5c545d96f39390b7f372aaa88c4a7e,33,1,477.92,14,0.436,False,0.0
d0a4b174cd7ee51b5d7992e58c815622,26,0,0,26,0.966,False,0.0
04f621df77702e8f5e8fb25c81c5bf5c,29,1,232.61,19,0.574,False,0.0
75ecead8782ef6730e1f7e51f7052f75,37,16,6345.22,1,0.071,True,0.57
3ff45f223bb4d6fc772a38ad5a7b1b33,337,5,1244.79,53,0.14,False,0.0
0a00766f8a586a704af2767dc685ecc1,82,1,294.08,43,0.517,False,0.0
0228e299d1cabeaf9be64b5ccd784c97,76,14,7561.14,1,0.008,True,0.625
d864fec759886e2c8ee25038e7f095ab,22,2,651.29,4,0.21,False,0.0
a012820fbbced38a03331716e231e0ba,25,34,14801.53,0,0.0,True,1.0
25f24493ded5ebebc26a69b5db344e35,46,2,261.81,4,0.17,False,0.0
69101784d3263f0dba4bad411d3289ee,112,1,1146.59,81,0.662,False,0.0
9f51f38ab4c123b449203a821414c3ef,39,2,1853.36,9,0.261,False,0.0
0470135d506f45f407a71c9094f62d6d,21,0,0,21,1.038,False,0.0
5f906880e2ce13b655bd34d324a48ea9,95,1,152.98,10,0.219,False,0.0
d7381970033691cee4a1dcbe8eb52ffc,97,1,227.0,86,0.716,False,0.0
c4854939d499d4786a9273c855fa6b77,26,6,8446.24,1,0.06,True,0.552
29c059c81f62aa098e896ddd7fbc5c32,66,9,8362.46,0,0.036,False,0.0
fd837fa3548f0e74f75081f38a34e56b,26,4,3900.12,2,0.095,True,0.554
eef70e28876f73d3076a39e54b764c8a,142,0,0,142,0.952,False,0.0
4ddeefbdd502268d9c7223d31452481c,22,2,446.57,1,0.176,False,0.0
8bcf4dc0342b8295df1d7bc9fa4d250d,32,2,442.03,2,0.15,False,0.0
5abaf8290581633718e3ad75f2400643,229,3,1641.86,61,0.24,False,0.0
08c1b64fbaaeffe33ffb68f2629effac,24,1,280.3,8,0.405,False,0.0
60701c1e7374ef731d859ed7be31a8c8,32,2,1451.19,4,0.227,False,0.0
5400394e71d0e31eff5a35aa40fb26ac,28,2,1012.66,3,0.192,False,0.0
cb3709632b79a6369878c981ccb22045,20,0,0,20,1.033,False,0.0
821e4e781313d2eb18711efe7a50d66a,20,1,731.27,10,0.458,False,0.0
43fcee98a4442ab2f299df637f8e2413,35,8,4025.59,0,0.045,True,0.692
42bd11eab7631f93159c55cb7289c8c2,25,1,593.79,0,0.17,False,0.0
e89b05b0bb32e1d5065217c753a174d0,1500,3,2079.79,149,0.175,False,0.0
42f4968985f42ab8bb656fc5d9b5967a,29,0,0,29,0.984,False,0.0
ceacc242acd679abeeaa2353b76b99de,20,3,3786.75,18,0.616,False,0.0
f8ac03cb1226e6f2699b45df0032dcc2,185,2,1360.31,13,0.15,False,0.0
4c6a2d83c50b419129850e0468b2560a,91,0,0,91,0.979,False,0.0
9bf10a69502a4607deb26ef091689316,47,0,0,47,0.996,False,0.0
7c64114d404c93f2c4305a9f2e7dc3eb,73,16,7580.02,10,0.092,True,0.729
7982a126838b4905453367b0dacf075c,22,2,958.39,1,0.138,False,0.0
6d9ccbd8cc7ce34491c34c7ce5d03767,26,3,1573.21,7,0.281,False,0.0
2e9399fc2fe209771a6f719e14bdb6fe,87,3,3347.22,45,0.434,False,0.0
fab027a1984a0733038af650d749ac7a,53,0,0,53,1.028,False,0.0
a61f05883cecf76583e22f4283e3c015,22,2,1292.76,13,0.47,False,0.0
835019738f3ba3c7c85fb00d0a9638d2,55,1,111.5,4,0.224,False,0.0
bf7e07e4ccc7df0889db4653d60c3f27,32,1,199.27,22,0.633,False,0.0
c7cca8620c81fb1142e23433e48d084a,20,0,0,20,0.996,False,0.0
a532fd54430dcef49c1f8dd838889158,21,0,0,21,0.968,False,0.0
17edcf1332227a04be5ee81262f0757e,25,22,11586.86,0,0.01,False,0.0
d0658aae129bbf2d62a72fb809308a8d,89,2,1222.03,8,0.194,False,0.0
c9cc1db7d87ab8d292dca31e5f1d6d01,38,1,124.19,18,0.457,False,0.0
70a2aece5345a514bf960b01975aaa60,59,1,651.27,32,0.54,False,0.0
0f0a9438a8f4fb6f9fd50c0df502ae0c,37,3,1656.19,10,0.241,False,0.0
55954d0157e12e3284be75bcf04dc088,22,2,1058.48,2,0.189,False,0.0
225f33b719e0dffa058cf6485e08fecc,26,1,431.68,9,0.397,False,0.0
6d7c974ab1462997003d633939f2ef8f,26,1,159.89,1,0.222,False,0.0
edf6f64d9bb54ba61b4c3a008416501e,20,1,292.37,3,0.286,False,0.0
8ce926bd160bb91f5a10d99b6e118f14,31,0,0,31,1.041,False,0.0
6d8a1ff2b74ef9d939013151ef4d95cf,74,2,437.2,18,0.248,False,0.0
c5e25440a147367c5b2ee3d48f6ac7a5,33,0,0,33,1.021,False,0.0
9e4cec36a7f9294540b39950eade4190,22,6,1949.81,2,0.109,False,0.0
4df43d4c7d3a093a519dbfe0b9dcc0d6,142,2,704.22,9,0.201,False,0.0
003e2af81ea3c72fbdd093f07724a4de,42,2,419.28,23,0.46,False,0.0
1660e6a9434e8900e24fea005eb4cf72,20,0,0,20,0.976,False,0.0
25c92a3613e1f6a804252e7ec51b2037,36,3,990.95,0,0.064,False,0.0
0781838872ec0cf61c6bd00af978d3ae,25,0,0,25,0.992,False,0.0
367f810d77e192e1440edd2afa6b07cd,22,1,596.14,16,0.658,False,0.0
873e5a11673ea73e58db17af95546fc5,31,3,683.62,11,0.271,False,0.0
aec17bbaff43f7d302094a3169d8a1ce,44,2,256.53,15,0.304,False,0.0
abb30df339614118b0728ba40e31780e,25,2,1026.94,6,0.295,False,0.0
8897ea56bce6fe37a39cb2ec40898102,31,0,0,31,0.986,False,0.0
b8b3c435a58aebd788a477bed8342910,49,2,1918.02,8,0.193,False,0.0
7e04891cacaba45a6160a80c09758633,21,0,0,21,0.985,False,0.0
688f41aa35d278c66448d8c443304f51,427,2,965.17,100,0.305,False,0.0
a8fd074b27a3bcbb16deba85b778900f,21,2,1736.51,1,0.163,False,0.0
578d5e6d37a20bbf631183feedfe2dea,37,6,1491.09,7,0.123,False,0.0
5de4cf8eaf33d8453e6bd998d714ebce,36,2,881.0,15,0.388,False,0.0
304bdb7650773fcfe7b1d364cb05b490,816,3,1981.23,4,0.111,False,0.0
bf9d1e2df54a068d1a9ea18fa1f22491,39,0,0,39,1.007,False,0.0
bcecc0dacf83b048a31ed8e3c3d928b2,30,3,207.78,3,0.112,False,0.0
dda153711f14f8bcbf37d7ccd8946500,33,0,0,33,0.959,False,0.0
b5e391181709e5196275b01b8e6e9d73,46,6,3009.22,14,0.283,True,0.662
8e44f96c051e781c86cee504038ab204,544,2,732.96,22,0.113,False,0.0
940d9d317d40eeef75780396a46f3c99,25,0,0,25,0.988,False,0.0
27891f64aa89e1e7a933b2862b583ee4,20,3,2061.72,4,0.257,False,0.0
8028fbabf6123c13297c82f4393a4724,72,0,0,72,1.008,False,0.0
f7798970018758d36b9bbf007a053e23,28,3,650.81,3,0.118,False,0.0
ae3cba3668c3e870aa0401647dc5848a,60,1,5.41,56,0.777,False,0.0
b193a594e0171de03f8d3ba14722a7b9,45,2,1116.61,21,0.449,False,0.0
a6c4aa44d56da0c0d81baa9779708f60,68,2,1376.72,6,0.196,False,0.0
42669722f592114360451dba9cfb6f49,60,2,227.8,31,0.396,False,0.0
1fca9e6bc55b17b765c10d62eff1bee7,28,2,1093.03,5,0.262,False,0.0
b6060f1e6ead8a46861445ea8ac72c85,20,1,298.0,16,0.687,False,0.0
c8dbfbb4a47a215d79659c927e786a58,38,17,9352.86,1,0.015,True,0.871
c16948c2abc51af80a151392f718e895,81,5,6870.68,10,0.166,False,0.0
6c56bc412d285dc4211c29a964a7837b,23,1,457.33,10,0.436,False,0.0
c7b748bd163c5b69c546cc17f5d740ab,70,1,37.31,20,0.321,False,0.0
8da4f8884cb807a1a95dce688436b0ba,33,2,838.11,9,0.268,False,0.0
fe583fa349eada65507f4a724344f5d7,53,0,0,53,0.954,False,0.0
c1986731c9187570bab707969f420963,45,1,194.54,24,0.538,False,0.0
f9b57816964006c90c458a0caba0306b,80,3,1850.0,21,0.253,True,0.6
d15fb07319a69b9ddae13ea902e9b15f,21,1,228.78,17,0.683,False,0.0
6f041ad60d1b98ad6ffa085775b93041,69,2,983.1,41,0.527,False,0.0
b5553bcd30cc28e403933b0295b9f245,33,2,1578.97,2,0.126,False,0.0
eb82773f124d950497791381563e00f6,26,2,664.31,5,0.252,False,0.0
f153272ca75661659630de82f3f2084d,20,9,3999.28,4,0.192,True,0.837
d1e8c97912d2141613702704e639dbc1,24,0,0,24,0.968,False,0.0
c1d9e6bbbc34d8eabbaf75ec77de9eff,20,3,1284.64,2,0.198,False,0.0
2b49a7b7c7f0a75aa6d8950f02cb9182,191,0,0,191,0.999,False,0.0
9533ce91d1190c076a4a1cf4ffd0f7fc,36,0,0,36,0.969,False,0.0
03466aa4289c03856add8a3537f914cd,865,0,0,865,0.981,False,0.0
bfb447864c8ce1e6b093d723792a60f8,38,3,834.56,4,0.181,False,0.0
546ed56ed469aa89580be8bb1b51a6fc,25,4,2614.67,2,0.133,True,0.552
c7b7d8934b4a3ce51288162d4f7a1399,64,2,1394.48,26,0.411,False,0.0
3b529e86d89222d9af57ee77a108374e,23,3,2186.35,11,0.4,True,0.788
7371189c8632ddaeb1e55bb5ed167adb,28,1,72.1,8,0.395,False,0.0
2c7ad76b7694988382706caa2b5b33f9,70,2,1417.22,4,0.184,False,0.0
75314dd3e9d6fa51365b9e7a405f35b5,106,1,208.56,22,0.292,False,0.0
bbb4489598feac603a21e4560d04699e,27,2,656.19,7,0.264,False,0.0
da5541262d0f00a6d57572f3aa1af41a,22,3,1645.14,4,0.199,False,0.0
d7777e57eeb396debfd5a74a8cbb4c1a,29,0,0,29,1.027,False,0.0
520fb5816c90b19464baa8e8644cbdc4,125,2,929.95,56,0.381,False,0.0
6f20c62564607bddca39c54e9ca5af9b,62,1,250.4,47,0.688,False,0.0
d99fc08319dbc8845e2a114877462ff7,130,1,122.44,15,0.24,False,0.0
01726e5d6a88d1a8dffd9578872ce54e,30,2,142.25,1,0.166,False,0.0
9cf09239ed6ade14a7a589a75c3e0706,415,1,64.46,278,0.642,False,0.0
70a242b52ee3d0640c6d7f5ee237651b,35,3,1332.79,2,0.131,False,0.0
87e5b2ef0c9dd7a455bea05c99177c27,35,2,368.38,5,0.187,False,0.0
467bf79ce2396e5892760388eae4fcce,171,5,2636.14,8,0.077,False,0.0
5bcc8f0e733f747f511a810ec408fdd9,36,2,1133.01,5,0.216,False,0.0
07f1a64852859634cccf3e52125aa854,76,4,1810.26,1,0.137,False,0.0
0585e62fb157dcf017fb8be5d6569d51,59,1,578.85,10,0.303,False,0.0
a37a685913f2c2d8ae96bc8b2f25ec7d,21,4,2099.86,0,0.031,False,0.0
d4905d4ebbdae57e9c242c7ab2c57cc5,43,1,368.99,34,0.71,False,0.0
141902ce86bbe8dab919938119c54f1b,84,1,61.49,37,0.427,False,0.0
366cf7b3ba178d11f5a988d4f8c2f2c2,38,2,427.17,2,0.142,False,0.0
f5422e8b0c2a29cbc1bd48e0c0b9c523,27,0,0,27,0.97,False,0.0
126646ff7e983d825b46a004555996bc,21,1,1791.74,11,0.48,False,0.0
d395b5c9bd6e808680ac6dc64d6bfbad,49,1,582.66,34,0.647,False,0.0
c4ad2cc1cab80dd3e916573b773cdfcc,27,3,1714.88,19,0.496,False,0.0
80f12d5f1e4d44314120ecf336da2e8b,43,0,0,43,0.959,False,0.0
2f0def88a867b9c0aabb60c561b4d640,31,0,0,31,1.022,False,0.0
4e7d084161eec682220d0adeec4eec8f,53,0,0,53,0.954,False,0.0
6a7ee8caad3b24acd1400d10ec62bf64,28,2,690.5,13,0.446,False,0.0
50353cb3dff3aa5646fabd41e30572da,20,3,2486.52,0,0.072,False,0.0
1fe7afd58ce8429c5a8d27bf8c24738f,109,10,4902.75,10,0.119,True,0.719
eda46d6e2c60876abff5c974b0523158,28,3,912.23,4,0.225,False,0.0
44c25e0d681c18ccc5461789f3cac74f,1500,1,274.8,746,0.512,False,0.0
f1fe705bc4a9f9b1508be25a3e4141f0,26,0,0,26,1.027,False,0.0
58679291a77a997657d7a3dda51a784e,521,3,1097.28,243,0.344,False,0.0
d55e594accb5b8cd7e3c26cdd854f5bd,234,2,1028.15,13,0.163,False,0.0
4329781165a441a91f38a4c583cf5131,21,1,160.28,3,0.253,False,0.0
88b2a20927021d420f7ea6a6e71ae478,46,0,0,46,0.984,False,0.0
90149dae3857b44597744541030794a3,29,2,1928.24,16,0.424,False,0.0
868b06b609beeaf4ca5b8a8a292ffcd5,76,0,0,76,1.01,False,0.0
53ccf70665dab6af0ae44b370d84b61e,51,0,0,51,0.979,False,0.0
21d91fc3e9c980a0978dad2e6126fe5d,254,1,1037.91,44,0.295,False,0.0
eb15cc694c96c23d5d5049fe290a0202,22,0,0,22,0.978,False,0.0
8912b89ef23a547c94ffc09574c01357,43,3,1348.93,16,0.355,False,0.0
32a43786b189977d4d4a5940f177b243,70,2,918.8,61,0.645,False,0.0
cd79b407828f02fdbba457111c38e4c4,20,4,2746.75,3,0.179,True,0.584
c0fcd6e2e07097e1461b44aabb0c3306,21,6,2641.88,6,0.234,False,0.0
4f2942851db2a70c008b54fd9e970fa6,70,7,4359.92,3,0.041,False,0.0
8ac4ecbdab8d119d46ccff5adaf3db15,29,3,2220.39,0,0.086,False,0.0
fc25f71bab94146446884fc523121d48,29,44,22379.07,1,0.074,True,1.0
f9b752c739b24875babd3d3207928767,40,3,437.4,11,0.236,False,0.0
d83533715a8843e3a26adf36d889e9b7,43,3,1685.45,11,0.211,False,0.0
54b50d481e0c0501204f7d42446f73da,51,3,1799.13,0,0.103,False,0.0
bcaedda052fc72c42f55dd7c28b4b38e,238,4,1732.03,1,0.118,False,0.0
6cc49dacefbda29910f00542b05a0031,29,1,302.68,9,0.408,False,0.0
f0903f4311560f0f99dca752df6dfa67,66,0,0,66,0.976,False,0.0
b49862d2d7d16d13e68d23e868b3d8e0,40,1,284.96,14,0.447,False,0.0
6fa9c99baf1b7af17be283a0afaf24e9,37,0,0,37,1.021,False,0.0
03f05c2a180d57b7451f87cb4864ba53,30,1,236.84,9,0.369,False,0.0
a3b2490482986f1638e702550961658d,47,1,1291.95,28,0.512,False,0.0
3b54ec3e11e5befee527b120ef8b0f02,25,2,1025.65,13,0.447,False,0.0
dc7db033534dd88c993be14c98ac7de6,22,0,0,22,0.97,False,0.0
e640111298500f5006fac7f416d7637f,60,9,4105.49,9,0.119,False,0.0
2faa1049ebdcc58a3092c7ee8169eabf,35,0,0,35,1.045,False,0.0
7e940e7a039b58afbd11bf54464f59af,30,1,474.3,8,0.359,False,0.0
0821beeb20948f233864186b1d3c06b2,39,3,3054.26,2,0.162,False,0.0
c77b4bb192918ceba50cd4d6bcf64b67,25,2,1507.69,22,0.654,False,0.0
0dbf75634e9cdb8dfef760501cf983a8,25,1,263.51,13,0.526,False,0.0
16df396804bc71ff9a59764e3c0f490c,32,2,985.5,1,0.108,False,0.0
620b267bdbb662197c42079245841d2a,1500,0,0,1500,1.036,False,0.0
fdcf4139f50f370c91e8b8f33adde2a6,26,24,11195.04,0,0.013,True,0.887
5319364c457e14aa56350c44d314bff3,158,1,61.49,96,0.523,False,0.0
4c11b2afb93173f9689f48c685739e0a,35,0,0,35,1.046,False,0.0
e9dc105c3da1d2c71a3540f37385d3f7,22,4,1291.61,8,0.322,False,0.0
816a9d13b0b4a4c4b7c1015ba08deff1,98,8,3522.8,3,0.112,False,0.0
36f7cbc956469da1d4bdde49171d192b,33,4,1235.76,3,0.124,False,0.0
39583d496cc15d47bfea1d9808e9406c,134,4,2185.49,41,0.24,False,0.0
fce99ffc1d835ef6f6977139579adf36,32,0,0,32,0.99,False,0.0
16bd2490eab76fccfb60ad76e90c4ca1,21,1,350.71,1,0.271,False,0.0
848eabba326848e8125cb53af4720eb5,51,3,1808.65,17,0.255,True,0.586
02f1bf7b0a3e8e4f916c2584908314e7,94,2,698.74,40,0.358,False,0.0
b57bae12fea3467502bf32351c47144b,27,2,1742.06,13,0.412,False,0.0
c76b9b7efd2e02d6c8627bf5ad450622,28,3,2621.02,12,0.337,False,0.0
af982647bad6ee3e3a748ff4721e6644,21,2,1227.34,18,0.606,False,0.0
a1d02d8e96f1691603036bfcad4df844,38,8,2888.13,7,0.181,False,0.0
8d692a436fa634e911ebb1e69bb0f481,127,1,907.62,74,0.547,False,0.0
301bcaac6077aa5e56aa5b6559846534,97,3,2982.57,8,0.11,False,0.0
50d59756373a395d180aa6414fcb99c2,56,1,426.03,12,0.304,False,0.0
0c7f5da7d9d33d16ddc25dfafcc513ce,177,3,2849.12,30,0.166,False,0.0
83cd9156b579d10dbf29ed2e13dd5514,46,1,1463.2,40,0.743,False,0.0
fae9d22f06d65f5aa7814fa992262c86,74,0,0,74,0.952,False,0.0
6d72dcf4278a605a832b7d5375d33ba8,36,1,408.15,9,0.331,False,0.0
6e5dd140cba7cbcb0c66aaff5e796786,22,1,1370.8,5,0.319,False,0.0
155be55796f02d42350765e7703821f5,24,0,0,24,1.029,False,0.0
94e6edac4fcfaba68a45fe869e6abb8a,22,3,1627.69,6,0.222,False,0.0
de5b15b5269883dea3cf95f30cf7fece,73,3,786.75,0,0.094,False,0.0
455c4cf9166818b1739c900a57433aba,20,2,528.29,4,0.254,False,0.0
ee464d4fde64c19df72f3051c29e0803,39,5,3181.65,6,0.18,False,0.0
d8317a17f4fc39505fb392f6e688f2d7,29,0,0,29,1.039,False,0.0
8797820f6554668a5b835ff74cd077df,77,1,337.51,31,0.475,False,0.0
167d383796431b64c2272cc414b9633b,39,1,237.14,2,0.244,False,0.0
8022c80273671be26b6ba3f15e194e8a,44,1,716.74,2,0.247,False,0.0
cabd63ea066284b36b128a865fb15e2a,21,2,476.49,10,0.426,False,0.0
309f02616f34bbcfe2f58d13818685b9,27,1,370.55,0,0.229,False,0.0
33f86281d5203b278e32070d4a02592e,1500,9,3841.9,68,0.078,True,0.591
9d62781deeb1060adc0f47a86d4a2ef3,57,3,1546.24,17,0.235,False,0.0
44bd7571a7dad968306f7776bd5a5745,37,2,2410.21,13,0.383,False,0.0
81ec41f3b0c51a9df15c5957140686fa,67,1,231.24,42,0.613,False,0.0
55fbb64f60861980e74c4f136f304297,84,7,5382.87,11,0.123,False,0.0
2585a52c9e40ce4cf0f16ce6c7336cae,21,0,0,21,1.004,False,0.0
c7c92d52defccd813e462a6bd33ab16b,398,3,733.24,48,0.16,False,0.0
147375750bdc81b55b75dc08daf84c8a,47,3,1524.53,0,0.117,False,0.0
5faabfe6772088c4d906b63fa81ac63d,32,4,2716.08,7,0.256,True,0.72
11cd4821f3f646fae625b1f043fb5ec3,51,7,5035.78,6,0.171,True,0.643
462bb3bbbb472504944511257137ebc8,28,2,899.16,11,0.38,False,0.0
2852756794b74680d1de8e8e8b8421ff,115,2,1641.91,26,0.315,False,0.0
369a11c5adc1b48c07a6f2342a36f2cf,70,2,790.65,4,0.178,False,0.0
dca996b43abe5392a685a11289eb1fbd,46,2,735.75,6,0.229,False,0.0
07fe3cee40551d2377a917fb4f377714,23,1,786.42,17,0.611,False,0.0
7c5f2513d8feafd1ee95553ba1269a56,336,3,1964.5,45,0.189,False,0.0
a57e52701c9a09efd6d58268f8f2edcc,32,1,454.17,30,0.78,False,0.0
663b8dc399b315977cb3f44fbd391d37,149,0,0,149,0.962,False,0.0
c962775fb252a325ae5206df9e9db84d,20,0,0,20,1.036,False,0.0
de063bea4f3c9809b4780af305873f02,22,1,271.97,5,0.33,False,0.0
6056d31a9cf9cf98ea9de7ef86cf4f5d,22,58,31119.24,0,0.04,True,1.0
d3e1706bd9290ddbfd20fc30fa7224b0,23,12,7126.85,0,0.04,True,1.0
a31afd5504f618a4cd9f19a215db2705,27,2,74.98,12,0.393,False,0.0
9794264dd1bdfd78006c7cb741b42fea,56,1,530.58,32,0.499,False,0.0
65f03fbedc7e8316cd4eeef6480b681e,28,2,664.14,0,0.183,False,0.0
a046d29175845b313e52f2dff96cc050,211,2,1378.21,163,0.644,False,0.0
d3a5fa065a68c1f357e6d8f4385938ee,130,6,2920.96,17,0.173,True,0.721
5038908495a860fe8f2dddc9ea5f7252,95,0,0,95,0.976,False,0.0
de031c302b6b340148a5ae814e393539,25,2,155.19,0,0.18,False,0.0
2a802e5f8676d69fbfed47ad4b9f35c9,46,3,2168.31,4,0.155,False,0.0
ef309784561fed416ff25e05ddfe495e,38,1,197.48,17,0.433,False,0.0
7f75745b4c2e50fbe27640c3949d0769,22,2,1033.68,2,0.165,False,0.0
dabfb46e557987c1797d05a1b387cfd3,27,1,12.12,6,0.362,False,0.0
f226b323a26dc6e66d61c7d93d05ae4b,37,1,1344.65,26,0.644,False,0.0
ed8e2b7893049cefa0a660172119ccff,35,0,0,35,0.962,False,0.0
27878a3c150b60cf92f5b812998f2990,23,0,0,23,1.015,False,0.0
6fe1eeba50adb26785158eef67c6ce38,213,5,3879.32,29,0.104,False,0.0
92780b513694a69ad78065593f467900,22,2,1758.34,0,0.137,False,0.0
b3d23d61fb01dde311c5ddc5dfde8e47,48,0,0,48,0.952,False,0.0
7c4c172f6ad96039c75d87385d74d0b8,57,2,1595.0,6,0.148,False,0.0
1f53b88248f7dd4c47d69eaeb0da3d88,43,0,0,43,0.983,False,0.0
db977788293a64073047f4afca1d4b0e,93,3,985.26,22,0.195,False,0.0
caf8cfa0ac3ff60facda076545837647,39,50,26794.9,0,0.04,True,1.0
4bb151996e2d125f227785d3e4c3ebc6,85,0,0,85,1.023,False,0.0
f5956e481edfe26b2a8a8035f0ccfea8,20,2,2332.71,15,0.596,False,0.0
d1ec84ece21390313fe8dd6457dd6ecb,20,5,1736.12,3,0.202,False,0.0
d847d66f1135608cc13cb31f967f902f,47,1,329.21,36,0.659,False,0.0
51471983a16795b28218d45c15d22fd5,40,1,359.0,14,0.438,False,0.0
a9ef550a2e94766b3491bffc789ad91c,48,3,2686.41,8,0.157,False,0.0
83e8281db92841314f911511c67f6e20,67,1,329.11,18,0.396,False,0.0
1b2d658aff066cc4c104cd74093101b6,31,2,719.37,5,0.25,False,0.0
019441bdb2c9b0b1990cac725c427960,46,1,1205.7,11,0.379,False,0.0
f6139ab3e9e9100d5210dc8467c38663,35,2,438.75,2,0.12,False,0.0
208ed8bf578938c97d49b3429358a424,45,1,842.4,9,0.316,False,0.0
16fd4a65560ace047d491ce149537337,26,2,1062.61,5,0.244,False,0.0
7c534bad6850d94161a9cf12e8171339,273,3,442.22,107,0.308,False,0.0
f4e625382a194ac38751d8267c38977b,34,1,1621.15,30,0.775,False,0.0
a50c1032c3f5635519c65a8cc84c6171,77,2,1549.77,15,0.247,False,0.0
9049685052da8ea435727689c67b81c9,52,1,654.03,4,0.2,False,0.0
69ac4dee02a9a4a925d3dfc7d5536d03,26,1,426.44,18,0.579,False,0.0
73278b59b2b5f03916ad797bd298a641,21,0,0,21,1.049,False,0.0
5a4a5f760f4e24691ad78a7f84bbe608,21,3,1778.17,13,0.47,False,0.0
f1731fa7ae810577598d2d31a1888b4f,32,4,1597.03,1,0.079,False,0.0
f6ee8291b6a190067c03176e4b5ab465,34,0,0,34,0.991,False,0.0
aa884350c48f728088dd1e84ef7e8309,24,2,892.27,11,0.387,False,0.0
5f2ec485da1fb5b4bce0fbf413845a90,43,1,360.88,17,0.402,False,0.0
ce128a731e25fed87a7ace92333b142f,27,2,1881.91,7,0.305,False,0.0
f7bdd054d707f2912240233e1d53144f,57,0,0,57,0.985,False,0.0
4f49e4d666dcede7d03edb6040ebcd2a,60,2,1581.61,13,0.278,False,0.0
ce73225aa1032f1a5e45f533b948bf8e,103,1,799.93,81,0.648,False,0.0
113d43d09dded33b8e67b5f981d08cf3,438,0,0,438,0.994,False,0.0
520461ee715946f0513f41524ee3213f,22,0,0,22,0.959,False,0.0
e2f1970303ff34a3af0c1d4c587f6420,29,2,1486.41,4,0.221,False,0.0
2bb655e5a68145d14491771f4a29e58f,39,2,1055.29,11,0.31,False,0.0
82375c4c18f30b5a9a5ff8da6dd206d4,27,1,158.12,19,0.597,False,0.0
b5b17698671a4c3822309b13d4f16f9e,33,3,2554.85,8,0.269,False,0.0
be2810893bf47673bed81a75bc20522e,25,0,0,25,1.024,False,0.0
5851dfa7121298d4f1941f46b8ee6fa1,25,0,0,25,1.024,False,0.0
d9575b595db7de99b327899d9ed25ff1,21,0,0,21,0.982,False,0.0
c693492be1bc2d96c6b451e109d3437c,26,1,145.74,25,0.75,False,0.0
c6f278d5700bc8fa4f7c89d328e4031b,29,0,0,29,0.957,False,0.0
3c702760fe3c149207ea8a3dc56f7d44,44,2,1310.29,4,0.189,False,0.0
f2d2d51b7f7b0c2eae23c90e8c3d1c1f,25,3,1798.43,1,0.099,False,0.0
c02560059691695b25e8400ac24bd126,106,2,1308.54,45,0.382,False,0.0
a9967806034d2d782bbcd181db432ee2,23,1,323.87,12,0.507,False,0.0
00e984e99fdfd52943156d2d7eb4a5e6,27,32,13479.26,0,0.021,True,1.0
aa60cdc29dfb37e9388bdd20aa4d7a61,41,1,558.13,32,0.631,False,0.0
827bfe48960ca0dde2edc174b2311277,27,2,1400.14,0,0.132,False,0.0
a0488912f3470a18b4c5c5dea18730df,66,2,854.96,37,0.432,False,0.0
2057c4a178808ef5a87a40c6adf2d89c,35,3,2273.78,14,0.336,False,0.0
b351ac91ab0ef29bae6da7fbc05959c0,36,4,1779.22,4,0.122,False,0.0
794a542461efefc5e9f0aed3254cbba0,35,1,500.87,12,0.441,False,0.0
3ed84f9d7541a88f7b9b40c4be87ca7d,27,1,192.22,25,0.708,False,0.0
f8922caabbfa44d8390f53927da1be30,20,0,0,20,0.969,False,0.0
bfb5363db41e6d47d3f16a1ba3e880ab,225,6,3705.76,55,0.172,False,0.0
9b0a140ff0e6dee72d4af4ec0fa5808a,35,0,0,35,1.031,False,0.0
5f6a4f13acb9f0596ba33aca50484fd4,340,1,246.99,116,0.387,False,0.0
701ada356e78d72bfd5b279280762b79,24,9,7036.69,1,0.078,True,0.696
4ac6ec83ece04605a854d931c8e8d8c7,28,2,749.61,9,0.32,False,0.0
687c94f92513205812c2f3d19576179d,20,2,469.21,17,0.684,False,0.0
2b775b75afa0be08220fb73a7e68df3b,35,1,595.24,7,0.281,False,0.0
7779fdf670bfe673e064b9aa5447674e,118,2,1211.11,90,0.552,False,0.0
2d915b9db634ef772a177e5aa1075c3f,48,0,0,48,0.955,False,0.0
4dcb9411dc19942f94f9201de79c6237,33,0,0,33,0.997,False,0.0
de7cad0a39eabfa2285ef0b891ef404a,37,0,0,37,0.989,False,0.0
4f8959e75186c78246b83bfb4219e419,95,4,2347.21,0,0.122,False,0.0
de6cf632d7ca0346c34085c4c9ff5f3d,31,1,656.72,17,0.497,False,0.0
df2162a9aaf73bf42e812408330969a0,119,20,12403.92,11,0.086,False,0.0
9dc80712fe7b594cb2022882737397c2,59,1,199.75,8,0.3,False,0.0
f988e05b9c8653f57178a723dc42cfe9,66,4,1189.98,31,0.412,False,0.0
e855df677dcf0d237ed583793afd7988,29,2,944.52,10,0.298,False,0.0
37c759db8acec627a386cd7983075479,30,0,0,30,0.978,False,0.0
9be47f0073690871caa1beada3ab06a9,40,3,832.49,17,0.4,False,0.0
8ec31beb5c890497f1872b5986d3cc26,23,0,0,23,1.001,False,0.0
a214e70576ced674f9ff61d283ab272e,39,3,1714.43,18,0.417,False,0.0
4394cce7a16aac93ea8f2c18124b1f92,21,4,3998.99,2,0.124,False,0.0
310fe886bbd2131a2f0976ed616e60a8,35,3,3306.44,4,0.179,False,0.0
70f326d437e44cf69da00c9169b74fb3,66,2,1391.98,2,0.11,False,0.0
7873fbec04e285d990a255ee32892a99,26,0,0,26,0.973,False,0.0
587d22544f4d6f17b39a30723a53a305,863,6,3391.59,81,0.152,True,0.584
5ef5f96d508fff087a06648c19201333,51,2,601.63,0,0.113,False,0.0
62de6068da9506dca753598fcfbdcd16,22,3,1807.81,1,0.089,False,0.0
f2a4f4165b72d65a5e7d10bbce13cecf,433,4,2222.37,170,0.271,False,0.0
05eece82f626032f909a2bc445957b92,30,0,0,30,0.969,False,0.0
727939c2b657e1ef6b6559b8e151e15d,74,1,704.32,61,0.709,False,0.0
5d3002cbe1d063e8510d5a7ad59ba35e,28,0,0,28,0.971,False,0.0
0a5f289d0908859e4f749900cfaa6eb9,205,2,573.05,26,0.217,False,0.0
4b0cbf5ea22869c5ea269442f9b849e7,64,33,17726.82,0,0.0,True,1.0
84b0bf771f3b14f21e6dd37e2fe2eee6,24,15,5369.49,0,0.023,True,0.673
68879d9986551c8c9e7bd1686195402d,36,1,245.6,25,0.639,False,0.0
c849085aa9f5d4af92baaa56a112d686,35,3,757.23,25,0.493,False,0.0
5087845f6069d27bee996581f74be8c9,20,1,218.52,11,0.523,False,0.0
a2f51f628955d9668200728005209afd,22,1,824.26,13,0.602,False,0.0
5a3ee05d197e24b7bafaac3e2cbc7e55,28,782,437742.49,0,0.001,True,1.0
208f290481193105f0bdc2d8f543904e,34,18,8537.33,0,0.0,True,0.785
4be1583defacacfea129170626a62569,33,7,4221.82,2,0.11,False,0.0
07df139093b720d6512c49da2980e3ee,43,9,6161.25,3,0.11,False,0.0
b4a9706266706041c10bac3e7ec4316a,36,2,1012.8,16,0.428,False,0.0
df92bfc8c606df2f1defedbd0b60a071,27,1,95.98,7,0.381,False,0.0
613262bab2c6cdc4c02b53fd5b284244,44,1,566.04,11,0.376,False,0.0
aae57465413417f890866a044a7e378d,23,0,0,23,1.044,False,0.0
e97109680b052ee858d93a539597bba7,978,2,761.54,49,0.152,False,0.0
69cf23d79e9feafe5a75da884e40ce30,61,3,912.88,15,0.265,False,0.0
cab7d960c70627143573a8d907a5e946,26,1,266.96,19,0.655,False,0.0
9d0bb2ad348ef886d42549292ffb6978,28,3,3613.9,1,0.124,False,0.0
ce5c267bd53f4e6683c66f7cb5c5c067,86,3,2647.11,0,0.11,False,0.0
c48e63d50a74ae2177fcf5d66ab51754,37,0,0,37,0.975,False,0.0
e1881c7d99c20ca24a49cf18f115db40,55,3,1901.04,5,0.189,False,0.0
4bbaf6f7a10a7e26a8777aa5cb6d5864,26,4,3835.93,9,0.282,True,0.701
1bcddf0de06b8a76191f0f7d1cfa35ed,81,1,423.83,75,0.72,False,0.0
6ef12e7a9bd73d564cc2008945b9bc38,29,0,0,29,1.004,False,0.0
0ff6bebd4c4327455d347885e2697876,50,4,1556.86,15,0.249,False,0.0
ad2cbd768be693c2a51c4d9fc3209400,518,4,3763.3,324,0.429,False,0.0
157b9d0c8b2328f814b5ee120d5e5914,41,2,1369.17,9,0.305,False,0.0
7d3c23d715240f2f77f201483d3cb276,75,1,176.55,20,0.377,False,0.0
41f0f87e7ced16f39c602164b66f3fbd,58,0,0,58,0.963,False,0.0
b9137cac4c1f714b3cfe949ba5d2f395,52,2,1337.74,35,0.539,False,0.0
d6bb892fd2920399b89ddd97e887611e,20,3,1272.1,5,0.249,False,0.0
65642d132e2747e10e1d2d00005aa20e,34,1,128.79,20,0.578,False,0.0
378c06babf08c70f32e748ac24ea33e0,343,7,3884.87,12,0.106,False,0.0
a806f4bac8089496de66aa3f1d640155,71,7,2534.63,18,0.171,False,0.0
cc27b552c1d0c33dc74ab4e926b7006c,69,2,38.72,9,0.211,False,0.0
54c7b4f48fb9e911bf328bf9884ca61d,41,5,3841.92,1,0.053,False,0.0
55584b2bdf6ec728549eced086ec8694,58,2,1726.55,32,0.424,False,0.0
60aee6970bd57744ad0435997b0a91ae,41,2,738.55,23,0.453,False,0.0
07342638d0e0aad32c3cf0efc1a37ba5,23,1,631.26,4,0.306,False,0.0
8d11f32a56d967b7e09d3a5ed6cf9991,45,2,3559.29,26,0.447,False,0.0
c8879b82433186c4f4a94344384c840f,44,1,764.79,5,0.223,False,0.0
e78cf4d7adf7655dbdaad59a76c4d2bf,92,0,0,92,0.979,False,0.0
c420ec10595dfc16830afdc6233f8916,22,2,857.42,5,0.241,False,0.0
306ca0d858edef9af39b998960923222,51,0,0,51,1.017,False,0.0
bf031ca9921548300245c13a81fdd17d,20,3,879.23,9,0.329,False,0.0
8d66f98c026e3d77ea0c70f5a2c8e98e,235,0,0,235,1.023,False,0.0
5cd49b710f13c8714bf78f4d56b676b5,22,1,38.72,9,0.493,False,0.0
4105645a2e9d4e2452957b11df3a2a04,20,2,2471.87,13,0.483,False,0.0
c85df1c6ef6f7bb605e1c49d34f172ee,27,7,2450.44,4,0.144,True,0.572
1717cd357c7bbb3158e701005cf8e50b,22,11,5243.52,0,0.08,False,0.0
8cdff5a3a9a6a434a81568b355873dca,53,0,0,53,0.968,False,0.0
08c07c761592a71b85136aa4fe76a6f4,31,3,678.28,2,0.141,False,0.0
145ecf95ce49b37e4590a8b5e635b586,69,1,592.77,55,0.707,False,0.0
7e2bb972fa73a5646c2c7f0fa3bd4895,165,0,0,165,1.009,False,0.0
9460af1d681311224e08f4e6e00bf644,111,4,3036.15,45,0.299,False,0.0
57b1f68c8d93b167ff6606951edccfeb,60,1,537.24,39,0.571,False,0.0
091e8f3526ef6dcc235f5fbbcdbeb003,21,0,0,21,1.033,False,0.0
0f25f51e3d187ca7b8262b956d893cf8,22,2,711.47,8,0.306,False,0.0
079ad4f138ec38e726e7d9ac51ae1410,24,1,58.84,24,0.816,False,0.0
f7c7677be77763b1b2cf982a5e67fa61,27,28,17278.14,0,0.056,True,1.0
f0d5f6b6b48d4e1599420b22ff2de1dc,49,2,658.33,14,0.283,False,0.0
3159faae98c743546432be5a500179a1,37,2,771.54,8,0.238,False,0.0
1d69cad1a7af13a8f78fefc1b996a94c,27,2,1389.88,15,0.434,False,0.0
2fc9fb9b48197a04c6d31ae67029e233,23,1,427.66,2,0.218,False,0.0
83c76475c52e94b39f6240b68ffec54a,151,1,197.73,82,0.535,False,0.0
f644ca019b90461d729d1d07fecef6bb,28,1,508.69,7,0.336,False,0.0
4fcc54152e34b2fb77f850f57582a2f1,28,1,279.3,8,0.403,False,0.0
7d2829c2222be0a081bcf2d4d3d540a5,68,5,2185.75,10,0.134,False,0.0
237d81d316c9afc1b1476200408455d8,57,1,937.88,46,0.648,False,0.0
d89a7bdab6223178b3a684e006474485,47,2,584.01,0,0.153,False,0.0
82a4ce6d85d43daa930b207bee1ef4e5,53,0,0,53,0.979,False,0.0
2b29203a18529b47950630e4ffe98abf,43,2,871.57,12,0.272,False,0.0
699003f10173022740145aa4aaeaccd5,23,1,96.43,15,0.602,False,0.0
cdef82d388697314d97a48b7a460af75,25,0,0,25,0.967,False,0.0
0e0f83c35771f4b6e283a6e40bf11085,39,1,1003.47,37,0.818,False,0.0
651ed17eda0600815cf614b33c535d6b,24,0,0,24,1.001,False,0.0
7040204cafb030750c3d1c8add529d83,404,1,1267.22,258,0.598,False,0.0
efd2f4f6a5ebfff07943a4a1c80dcf9b,26,1,811.71,3,0.23,False,0.0
ceb8b329e744b3e8982e6f9d51269ed3,26,10,5202.05,0,0.0,True,0.63
2e5b5e44efa832c60072aeb33027cd65,24,6,2891.39,0,0.08,True,0.553
f52a8a57228f8fc586dc65983d39904b,55,11,5953.47,0,0.0,True,0.701
2c2ccd48722aa6843d258a9f16f012a9,27,1,413.31,8,0.383,False,0.0
701456b03aecc8f52bb08abd823f75a2,28,0,0,28,1.006,False,0.0
7bf5c9596fc39d41078cb46a86b23831,191,3,962.72,45,0.258,False,0.0
690f1daf39d150896d05b876490b6fc5,75,2,1093.93,58,0.618,False,0.0
aef59fd9f7310b6ea1600876c510024f,26,3,2100.08,14,0.446,False,0.0
1004c2882ad356c7e8532c14f1b08e63,22,5,1660.97,0,0.022,False,0.0
49eb3e27a6fc361609658d710948cef7,51,2,839.23,6,0.208,False,0.0
ad76d21c91c30cc09fabb1b3cedc4aa5,29,3,2255.32,10,0.331,False,0.0
3104479007b9d538df0c9c2afe2caa1b,524,3,1288.41,164,0.278,False,0.0
3fd7c033b9809fe0d4536b4ea3b1e0dd,82,7,4896.72,3,0.122,True,0.578
cee8e1f2b6da0d4a835a0341f3d109f6,263,4,2924.91,47,0.153,False,0.0
a10fe3c477989c968aa284bd448b1d5b,77,3,1236.4,6,0.19,False,0.0
3a40c20f9cad0f453dce78648a2e22f3,26,2,797.75,15,0.527,False,0.0
eb9414e9c56dacd436c2b7a274b34983,26,1,306.32,0,0.19,False,0.0
b89e8adcd81b4e77d1d67eed240eb456,56,5,2702.23,16,0.213,False,0.0
cb2b7396e93f306c9076b63930b1a332,28,2,938.42,4,0.179,False,0.0
27f610da50d98eb94f1f0745606bc9f1,32,4,1907.22,7,0.255,False,0.0
f1d32fc4daad97978a28051b160ca25e,25,5,6276.58,4,0.159,True,0.552
6a4a6b6ca4705fbb205db9348233410c,34,2,608.01,6,0.241,False,0.0
2f7040ff8e20664c0856a138a97eecce,24,1,377.21,16,0.556,False,0.0
69ba88e17ea574da9c9b8c8834a583d1,38,0,0,38,1.031,False,0.0
2fd4fde99628d70ae43cfa35ee62e10e,190,1,290.66,184,0.753,False,0.0
167df41b0f249b15af37f592fb5c8c15,53,1,73.26,27,0.519,False,0.0
d29ede26cd3e2817b314005a88bd28a8,22,0,0,22,0.986,False,0.0
ceacd31e6413fd9d12c7c85b5fe2723f,44,2,420.43,8,0.24,False,0.0
4c83ee458fa2f463b069ecce3d74fb1e,41,0,0,41,1.029,False,0.0
cecd5e9d39fddb69384c1c31bdfac666,25,5,4356.68,1,0.069,True,0.661
96f683e748ecbc72b45e6609eeb0c242,50,0,0,50,0.984,False,0.0
5026a05d38ac5cde9dfc41a3269f8b04,37,2,1363.4,6,0.27,False,0.0
c107527184a9e9f426fc5a3e89cfb7e1,46,10,4171.45,2,0.013,False,0.0
5b34e292d74ef57ad8c93f54fd640388,20,0,0,20,1.012,False,0.0
f23ceb8f983987bd6b0f3bde040fdade,31,4,1431.64,0,0.072,True,0.557
b04dc00fe1902ccb64ad35472c329476,57,0,0,57,0.994,False,0.0
c1a83a518dec21a938b5ca2a66e47ef0,21,11,6412.96,1,0.049,True,0.735
485fa1b8db05ed6fa0062ece4ce80d2e,68,4,1167.07,21,0.256,False,0.0
d4543db8eab4055b35da5c716ed19c70,20,2,421.15,15,0.613,False,0.0
c6d5793d0b594c9c3599c407f62458d6,38,3,748.8,16,0.358,False,0.0
cc31282a9d20caa9b70e578d1d5a7062,181,5,2159.69,5,0.037,True,0.839
9bfa4c70f6719eaea72980d2ae88755f,30,2,872.7,9,0.315,False,0.0
a8941101d43dd447e7f5aa8e6cdc3e88,195,0,0,195,1.047,False,0.0
9abd58f6bc7412a8da01a98351e6b989,115,4,2258.43,12,0.164,False,0.0
5beb6ddd92a5f785780c5a7a08e9bca4,34,3,1420.77,6,0.165,True,0.569
57378b07a6c91c06c139bfff05a246ab,24,4,1926.8,4,0.211,False,0.0
fbb86959dcb4972a76d8432c59c7288f,318,4,1740.11,78,0.178,False,0.0
d22fa88d87b7b3e2efeb587ea5c9a742,27,1,408.82,25,0.745,False,0.0
98d073c472d6309957c0ee7999c8804f,47,1,347.59,28,0.537,False,0.0
e3a5f5e65ff3b780847f89dcc81c344b,145,3,1797.51,36,0.258,False,0.0
9a376ff06ccaae65a04b1b1c5535fc75,21,5,2562.49,0,0.097,False,0.0
62113ac26ffc26f24232f838fe2befbb,40,0,0,40,0.96,False,0.0
40b02b6a3a286b0c52837d20795e732a,37,0,0,37,1.038,False,0.0
56987d3e10c71d7d4e0fc479e65a35b6,58,7,2568.95,27,0.372,False,0.0
16840fe27040d55fedbd956d8b575774,199,0,0,199,1.045,False,0.0
bafb028d76909431de5d03693482a0a9,153,1,247.94,30,0.284,False,0.0
8faaed9a13b8c78f9e4a589fecc2748c,23,1,739.93,3,0.309,False,0.0
e69a2237d79485b1bf4c1b4dca757b4c,118,1,149.24,93,0.691,False,0.0
3de675e6f79e135540ee0144844d26a7,23,1,369.26,21,0.777,False,0.0
402cce5c0509000eed9e77fece8056e2,163,3,635.86,115,0.55,False,0.0
96d97637a814355ed5e0913942533b21,1500,9,3399.37,63,0.054,False,0.0
3edc2805e049db7e556130362bb517fc,30,2,988.25,20,0.538,False,0.0
128498d867a54913fd7d7fc9bcde6cee,35,0,0,35,0.961,False,0.0
f8e72998ed5d90531072d0f39d6bc9de,199,2,2536.95,69,0.335,False,0.0
d2d7bfabbd3076340239df05bed8ea5d,306,0,0,306,0.997,False,0.0
dd92479c2bb42ffbdc755b0b67974ac5,175,2,1282.35,60,0.33,False,0.0
ed20342b0e962655501a9a62f29e9a3c,114,2,2257.74,69,0.475,False,0.0
d699688533772c15a061e8ce81cb56df,20,1,223.94,8,0.403,False,0.0
d8e902319a9ed628de1ed00785b9e09f,40,1,590.43,39,0.782,False,0.0
cf5c7635240dca5beb6f7e5e7d9a08d6,21,2,837.99,9,0.412,False,0.0
06f627751c6010c4c1efa16a711b2764,596,2,1008.61,81,0.197,False,0.0
fc3ae503d8cbc4c02a2d8e467b7bbfe5,26,0,0,26,0.995,False,0.0
e2c59e02e343f49861fc454410cab380,863,3,2701.58,31,0.128,False,0.0
81f3e3289b23460a82aa60a77017d421,38,3,1213.75,11,0.227,False,0.0
fe947af6540d580b9703d0332d04f0e3,35,7,4630.79,8,0.201,True,0.733
ea8c130ad7f684ae458672c78e0dfd00,204,6,3118.42,51,0.188,False,0.0
606441378b517f9eeb89f9154a1c4d4f,97,2,577.06,6,0.158,False,0.0
9eb5dbe2b5f217e8a10c5b7e14b90346,33,0,0,33,0.966,False,0.0
7e84b1ab0353bcbe0b4db3b963de31ee,23,1,1631.43,14,0.591,False,0.0
54b1a351f07d51e26ef8a27989c5fd32,22,1,122.66,16,0.587,False,0.0
e87cdd2fb9f1d3ff3438a9d02e454793,23,2,470.06,7,0.29,False,0.0
7c9b935f3b97a9c5ef678418932ae8e8,33,2,1470.22,8,0.25,False,0.0
51c3c1f2163c5e5a546e0478cbe00c57,25,4,2774.42,1,0.123,False,0.0
15780038e7ab0b92f3a1672ff74dc684,23,0,0,23,1.013,False,0.0
e8bab621313ad2a3c0ce8e3a023ff9bb,60,1,205.59,8,0.232,False,0.0
39c94711f67eef8b333eec08e1b96762,73,3,1159.4,18,0.216,False,0.0
0998bf56b5b6f78fed7d753b59254727,40,3,987.92,13,0.262,False,0.0
9d74adedec2d8b3f568c85f97e0563c5,65,1,194.77,2,0.169,False,0.0
9bb17125558a326bc9db37d5ba89cbff,23,3,1047.64,3,0.133,True,0.567
804eb66464db178ab95f5f4ced1f4a9a,100,11,6636.67,11,0.06,True,0.782
b3a8a8097a47f8a79016a801b6b94dd2,132,1,239.35,98,0.607,False,0.0
e25ecad4f206325588f4b913642377eb,86,2,361.47,43,0.4,False,0.0
5980f546cbb6a7df45ccae926feea7d0,36,2,2338.17,11,0.293,False,0.0
0dd47ea03f3e61825df9e2bc94c292f1,21,10,7066.71,1,0.039,False,0.0
7ee89b8a801ff33528deae962a8a212a,50,0,0,50,0.961,False,0.0
95ae9ff17e664d7e83d3d685e78935da,23,0,0,23,1.046,False,0.0
ef9dd09d99cdfc6a10281e30f85d525f,22,1,2393.82,9,0.464,False,0.0
47a891a1662c1f27cd66c574ad2f4c95,27,0,0,27,1.041,False,0.0
5616f75d22507069b5383854a1d8c414,25,1,200.15,21,0.749,False,0.0
2329e176e6fa26919d55839e0421906f,25,4,1464.5,6,0.188,False,0.0
d0f146964d5dda4a7f837b5d8198d4ad,25,0,0,25,1.037,False,0.0
4c7b5071af05159997555b2500a1ecd0,64,3,726.8,49,0.596,False,0.0
f3d8599810560b7c7180840ace7c9342,260,2,1149.42,55,0.286,False,0.0
24bb50e3ea35adf9a12adc0a440563d0,26,2,374.24,1,0.143,False,0.0
3e94022b44948f7a53ca0d04e28a06c8,58,1,264.56,21,0.378,False,0.0
8c3ff6ad9360189ef57d625d044d7c19,20,1,276.36,13,0.595,False,0.0
8b87de30e17e4685d7e61af6029a8d1d,48,3,633.57,3,0.176,False,0.0
553ad73e3267ba622039c309c8c477df,53,1,411.11,53,0.75,False,0.0
684fda5905aa430123c7b293106a337b,21,8,3287.81,0,0.055,True,0.707
a40fd948c7052f309fbbb0c6e3d0999d,22,3,1259.68,11,0.407,False,0.0
5212c50e79fe1349b9894f6508b401d8,27,3,708.27,4,0.231,False,0.0
d8e40a4b16990a6fd1095feae46aa1af,30,3,2863.74,9,0.269,False,0.0
4795fb1b0d025528a80e2e9ed5b35a85,35,1,783.15,6,0.333,False,0.0
24058044dcbcb7313582db0305dbe7f4,130,3,825.58,71,0.438,False,0.0
3ed4235d521c24fec4f77d4254e070b8,55,2,2022.08,6,0.219,False,0.0
f5f97fb8cf2cf88369faede2ef900aca,27,0,0,27,0.973,False,0.0
b66b993b8c12ef14d25a717b22708dbd,22,1,201.61,21,0.762,False,0.0
de5f2d4aa1e29e756ca9225b1f157474,157,1,145.01,76,0.45,False,0.0
f0b5a265570e4f0518db6f9dccdbd1e0,26,1,411.15,1,0.2,False,0.0
3cc9ea3ffe189981b9a8b2b92b99271b,44,0,0,44,0.956,False,0.0
082f8d0d83744f4fa435269cf705a07c,24,2,555.72,5,0.263,False,0.0
e46199e608da08442ed8c8202690bebb,22,0,0,22,0.96,False,0.0
b577af9a54b023b4bcc51f69bb937f1c,22,0,0,22,1.018,False,0.0
f14a94df58861cb1811f48b40271884e,63,29,16992.85,0,0.0,True,0.981
e94dfce2c86ef972bfe79efc639f20df,43,1,1215.54,22,0.521,False,0.0
b7d7b6cdeefc2fe237759cfedd2bdb5a,31,0,0,31,1.048,False,0.0
a757d6fab4dc255079371d4673dcfac7,38,1,371.62,14,0.426,False,0.0
daeb283b71a3cc8f49c2c878bb86e15f,33,3,1904.59,3,0.106,False,0.0
74adf920dbd3d2e6e9f18acd88b2fd41,38,1,411.25,29,0.661,False,0.0
d925bd95427392b209f0f2fe80c239d6,49,3,903.8,7,0.151,False,0.0
71f88676a49942af16839e9690b97f54,24,6,5142.9,7,0.191,False,0.0
25bd804c580bc1ee0c93d073fae09a84,25,0,0,25,1.024,False,0.0
1e15aab5b4588dd08d8e162def63947a,64,0,0,64,0.976,False,0.0
60e25dc38171becdb0abd13aac4ece3f,111,1,318.46,37,0.422,False,0.0
6ac37d07d28f224d58ca5c8d595e91c9,21,3,1394.05,0,0.143,False,0.0
66b219a06a37d7129406e32d295a46fb,32,0,0,32,0.975,False,0.0
22c05efd13a78e3d82eca52589e0313c,55,5,2074.43,3,0.116,False,0.0
1bbadaadd0914e2ef6bcb4098f56e7eb,21,3,1430.22,8,0.312,False,0.0
3871b0ab0166a2f441fa762f5206cacc,39,2,1106.54,24,0.466,False,0.0
f668170416a9f589e91a2b9dc11e1eb3,21,3,1709.89,8,0.339,False,0.0
20a37002322179007fa568552bfac6f2,38,0,0,38,1.012,False,0.0
89be91f6d069773a65226b2773313752,35,1,1297.75,23,0.61,False,0.0
502efad234d31eb84df82019d85ad6d4,40,1,716.43,2,0.245,False,0.0
4ee553fa4da24e46926241e4a67812b0,22,1,101.19,5,0.344,False,0.0
d9b9b04147bb5cf5c5cd8c114b3cca35,27,3,2506.81,9,0.29,False,0.0
33fde9c9e4c9c62c02224ec7d84cf29b,36,0,0,36,0.973,False,0.0
6ae9f384742bd1c77def2ea71902d8e5,22,1,1076.64,10,0.435,False,0.0
517b7fc61e9aa8194ad8f298c015e97d,24,2,1241.34,5,0.211,False,0.0
af361e6472bebb98baf67b62201f9abb,41,0,0,41,0.995,False,0.0
aaa68765ddc1f8cd0eb5b67d52379d5d,21,0,0,21,1.007,False,0.0
f72d1ee92d55688d07ca88506300715e,36,12,3776.44,1,0.006,False,0.0
a546dd0e04bed8ec619f3f8a49d493dc,79,1,1152.38,31,0.427,False,0.0
daf01deafc412b92fd052d5a9e9e6525,33,2,817.93,12,0.369,False,0.0
423ddcb7c0603e732d87bcc5c87eab9c,36,2,1632.04,14,0.363,False,0.0
068bf1b6ad5389ef7fd0b25926059be9,33,4,1734.4,17,0.414,False,0.0
8a6fcdcd69b688d63ab6f124a8a94925,21,1,170.29,8,0.386,False,0.0
9751244bd65fd1f1166ab7f3e10a31ab,33,7,3469.43,8,0.158,False,0.0
12ae9d27e5e84221c11f93fd2d2656bb,78,1,891.78,41,0.527,False,0.0
980612b4526788a3ebb91b6e372db0af,58,4,3196.8,9,0.128,False,0.0
474dc55152d9636a4f660ca32374afcc,30,3,3148.33,3,0.191,False,0.0
6140e284b4e76e928d4cefbf30df1e01,82,2,1089.16,37,0.379,False,0.0
2e61a8d70f5bd8fa8dd742ed198aceaa,62,0,0,62,1.036,False,0.0
c0441350fc63bde5244872590587f1b6,41,1,921.27,1,0.194,False,0.0
ea11bc07876aef08645f2c14d46b3ba7,20,4,2810.28,1,0.123,False,0.0
1399cfeada4921c5dac7f53d6de3592f,28,1,999.51,11,0.485,False,0.0
a366793a4999f8cc135855c4dd347421,21,4,1919.71,2,0.17,False,0.0
3f10bb8c1f2cbbbaee66cb7b8aade13a,1445,3,647.27,583,0.39,False,0.0
46799d0831910f2c477c49a994961510,194,5,2898.13,19,0.12,False,0.0
f5add44bf786bd861fd6108d400cbaa5,21,2,284.04,5,0.325,False,0.0
9149b9d31ac43b208255fe4250d6a932,192,0,0,192,0.983,False,0.0
ae6ebd1ea96fc64aaa3e0b502b92bf9c,20,0,0,20,0.953,False,0.0
daddad443c8d1bd86fa6ea8395e69e82,30,1,718.94,18,0.54,False,0.0
08135a63f41779f66db61f06f67a7aa1,67,0,0,67,0.989,False,0.0
cb5d14426ba66f929f72e01bb92fc3cf,67,2,689.29,33,0.457,False,0.0
2472afd0e8eb035583a1aae9f577b5bd,487,1,493.26,5,0.245,False,0.0
2da15ef83ce8831c824aa43f2af3eff1,47,1,2320.0,8,0.287,False,0.0
235779957c2021aca8a67006d358b807,31,2,612.12,29,0.702,False,0.0
a1189e15dc652a1a751af63b65371a93,1228,1,1434.0,305,0.393,False,0.0
eb6498bc3ebfad8980c0e5a34a996a46,29,1,604.64,16,0.58,False,0.0
13ec734449904d3346466df58a6db4f7,109,0,0,109,1.043,False,0.0
456f6d64ecda1b968375d3a68eabfb5c,144,0,0,144,1.005,False,0.0
7f4adf7903f4d02c527585c4d0f65c2e,29,1,2858.06,2,0.254,False,0.0
5729c597c0f53d54a91b45f64461a958,52,1,400.81,14,0.352,False,0.0
2f7597687aeb6a542aa308ee8618fc72,49,4,2036.77,8,0.212,False,0.0
65a3525318158c0b3f6f83eac306cc6c,38,2,2048.65,2,0.179,False,0.0
b98e8baa11ce7bd990d03a54652d2723,48,0,0,48,1.026,False,0.0
1a3d1e8b28c0ee27c23333ee108c47e6,28,1,488.46,22,0.642,False,0.0
d60f975f4963e68430e95a8f4ecdbda6,23,0,0,23,0.97,False,0.0
2ca4b9fcb8898c11d3134b26790e3e45,38,2,2066.39,4,0.147,False,0.0
78b0fa5c25eb7869d20074cddfbcfa05,37,1,685.65,7,0.317,False,0.0
68ef37029e128c6e666b338276b2a47f,59,2,794.04,21,0.362,False,0.0
7188cc3b360062622e43e67f4baf8132,24,1,548.0,22,0.735,False,0.0
6e046f72846b475feea9265ae8447835,20,3,923.11,3,0.227,False,0.0
4c43b3b1f461cbefeda06a61e97a65a0,20,0,0,20,0.963,False,0.0
076efbad08f34a6316ec570ea20a0568,26,9,3986.21,0,0.036,False,0.0
526760f3b7255a26c8a93a96dfaee4a3,50,3,3987.23,17,0.345,False,0.0
073a0317f213dc51964b6f8d3344c592,38,1,227.32,28,0.684,False,0.0
508cae50c5c1e72079d266a513bca9ae,37,6,2800.64,2,0.111,False,0.0
74a79b917483257286bedb2355c729f8,84,1,1846.0,76,0.731,False,0.0
71a26c172a544ccc789674f1fab9d951,25,1,204.53,17,0.6,False,0.0
2a6ef69674d6f28002c72b8d123b3a27,28,4,1754.5,2,0.151,False,0.0
17eb2dcf3b6c44be06f2212d1cb555cc,26,1,2127.79,8,0.388,False,0.0
501b28230db2d94161afce9e4c14fb1a,201,1,495.41,26,0.245,False,0.0
56e3a984ef5040797608df8afcba3d75,58,0,0,58,1.043,False,0.0
3d5ee12ffbcb44147038950c94c9e78d,22,3,688.9,4,0.193,False,0.0
1b2612a1eb1467aba19e5bef0da52217,79,4,1144.73,10,0.173,False,0.0
ca042e1c4a76949e979abfb74159e9ab,31,5,4312.76,17,0.346,False,0.0
917f3a762ff75778673fff6067000042,67,2,837.52,41,0.52,False,0.0
ece8fc191a00edb90d32f45d67a3a178,120,4,4098.02,46,0.316,False,0.0
b2e803d748d08864a69aa128447a1358,20,5,1629.02,1,0.12,False,0.0
33a9ccad3eb356f307fcba7093df3f52,24,4,1541.75,0,0.049,False,0.0
b05dc8ebf6b00bda6748a2ed4a5fbcac,21,0,0,21,1.038,False,0.0
3ebf883fc9d9a5dca8de826c31689e41,20,1,1113.99,13,0.604,False,0.0
de1d1dd6e8c55cf4f5110ceb372c02a6,42,2,1558.99,18,0.398,False,0.0
f1010979003575c284e304f3e48a5611,55,2,1530.8,21,0.389,False,0.0
2b8649d1a9912afc25d2943a04782756,20,4,3240.92,1,0.1,False,0.0
5ad76b2e1b9830ec678ccda420872dcf,61,2,1270.08,14,0.319,False,0.0
0bbedd531a4ae68af2d3aad1ff987110,30,1,652.11,0,0.171,False,0.0
a8bf8a5a3f01ec3bab15b75fb1920205,24,5,2448.7,2,0.13,True,0.587
f2a29b4d4c04184a9372bb7374d344ac,24,1,2054.85,20,0.665,False,0.0
cae8622d51b654fcfad25446ef0197ce,105,1,424.65,90,0.705,False,0.0
61575c95d9e40ecb8277a9cd8ace01c8,20,4,3774.1,0,0.035,False,0.0
f8309b834186f428f9b4072036885959,35,5,1331.12,1,0.111,False,0.0
b4249aba7b44861b7fc54bda9d7c62f6,26,3,2035.7,2,0.141,False,0.0
6b96b24c9ea528ec5a29f0d852a79747,81,0,0,81,0.989,False,0.0
d06273369ff5483c3f75f49d621eccbe,59,1,1352.59,46,0.699,False,0.0
ac8d8e9cf18c3f48c3fe17d7910a8902,27,2,743.87,3,0.212,False,0.0
75a9e81466dbc644796740cc49bfe8d3,42,3,1575.41,21,0.448,False,0.0
a2d8125361b16f316df65f4603b88e23,50,0,0,50,0.991,False,0.0
c92ef88d3d24fe868f2f1807259faa20,27,1,369.01,20,0.648,False,0.0
940b5d5aac34067485a393d6c465d974,26,2,312.03,3,0.175,False,0.0
