customer_id,name,email,country,city,state,signup_date
861eff4711a542e4b93843c6dd7febb0,Allison Hill,donaldgarcia@example.net,BR,franca,SP,2026-06-01
290c77bc529b7ac935b93aa66c333dc3,David Guzman,jennifermiles@example.com,BR,sao bernardo do campo,SP,2026-06-27
060e732b5b29e8181a18229c7b0b2b5e,Abigail Shaffer,jpeterson@example.org,BR,sao paulo,SP,2026-06-21
259dac757896d24d7702b9acbbff3f3c,Ryan Munoz,blairamanda@example.com,BR,mogi das cruzes,SP,2026-06-23
345ecd01c38d18a9036ed96c73b8d066,Michele Williams,kendragalloway@example.org,BR,campinas,SP,2026-05-18
4c93744516667ad3b8f1fb645a3116a4,Henry Santiago,lynchgeorge@example.net,BR,jaragua do sul,SC,2026-05-27
addec96d2e059c80c30fe6871d30d177,Timothy Watts,gabriellecameron@example.org,BR,sao paulo,SP,2026-03-12
57b2a98a409812fe9618067b6b8ebe4f,Derek Clark,jason76@example.net,BR,timoteo,MG,2026-06-26
1175e95fb47ddff9de6b2b06188f7e0d,Justin Baker,zhurst@example.com,BR,curitiba,PR,2026-06-16
9afe194fb833f79e300e37e580171f22,Anthony Rodriguez,laurahenderson@example.org,BR,belo horizonte,MG,2026-06-27
2a7745e1ed516b289ed9b29c7d0539a5,Tricia Valencia,frazierdanny@example.net,BR,montes claros,MG,2026-06-23
2a46fb94aef5cbeeb850418118cee090,Jeffrey Chavez,teresa28@example.org,BR,rio de janeiro,RJ,2026-06-12
918dc87cd72cd9f6ed4bd442ed785235,Brittany Farmer,georgetracy@example.org,BR,lencois paulista,SP,2026-06-27
295c05e81917928d76245e842748184d,David Bradley,millertodd@example.org,BR,sao paulo,SP,2026-06-23
3151a81801c8386361b62277d7fa5ecf,Carmen Rose,ibrandt@example.net,BR,caxias do sul,RS,2026-05-31
21f748a16f4e1688a9014eb3ee6fa325,Marie Kim DDS,wrightcaleb@example.org,BR,piracicaba,SP,2026-06-09
5c2991dbd08bbf3cf410713c4de5a0b5,Mark Perez,heathchad@example.org,BR,rio de janeiro,RJ,2026-06-23
b6e99561fe6f34a55b0b7da92f8ed775,Miranda Khan,esanchez@example.com,BR,guarulhos,SP,2026-06-06
7f3a72e8f988c6e735ba118d54f47458,Jeff Owens,nuneztracey@example.org,BR,sao paulo,SP,2026-04-29
3e6fd6b2f0d499456a6a6820a40f2d79,Connor West,dwhite@example.org,BR,pacaja,PA,2026-06-27
e607ede0e63436308660236f5a52da5e,Matthew Fernandez,novaksara@example.org,BR,florianopolis,SC,2026-04-30
a96d5cfa0d3181817e2b946f921ea021,James Brown,ysmith@example.com,BR,aparecida de goiania,GO,2026-05-24
482441ea6a06b1f72fe9784756c0ea75,Katelyn Lee,tanyariley@example.net,BR,sao paulo,SP,2026-06-19
4390ddbb6276a66ff1736a6710205dca,Kathryn Farrell,brianromero@example.org,BR,curitiba,PR,2026-06-24
a5844ba4bfc8d0cc61d13027c7e63bcc,Todd Hudson,harveyrobert@example.net,BR,sao paulo,SP,2025-10-14
5f102dd37243f152aec3607970aad100,Emily Baker,emilyevans@example.com,BR,santo andre,SP,2026-06-19
9c0096673baf55453a50073f12d1a37f,Angel Lewis MD,nicole35@example.com,BR,goiania,GO,2026-06-26
2e6a42a9b5cbb0da62988694f18ee295,Lisa Archer,contrerasangela@example.net,BR,sao paulo,SP,2026-06-26
4d221875624017bc47b4d1ce7314a5b7,Brittney Campbell,jenniferharris@example.net,BR,cachoeiro de itapemirim,ES,2026-04-13
a8654e2af5da6bb72f52c22b164855e1,Sarah Davis,ccalderon@example.org,BR,sao paulo,SP,2026-06-04
424aca6872c5bab80780a8dec03b7516,Jeremy Thornton,rodriguezsierra@example.net,BR,sao jose dos campos,SP,2026-04-30
bf4862777db128507e9efcc789215e9b,Juan Jordan,parkerrachel@example.org,BR,sao roque,SP,2026-05-19
e9dd12dca17352644a959d9dea133935,Heather Castro,vdickson@example.org,BR,camacari,BA,2026-06-10
e079b18794454de9d2be5c12b4392294,Cassandra Gutierrez,jillcook@example.com,BR,resende,RJ,2025-06-05
ef07ba9aa5226f77264ffa5762b2280b,Janet Williams,dwalker@example.com,BR,curitiba,PR,2026-06-18
85d234692f7bee8d6fea586e237334b6,Matthew Ross,michelle45@example.net,BR,sumare,SP,2026-06-08
fe3634ccefbcdb0537b45fd589e32e8e,Alexander Wiley,gregory40@example.org,BR,guarulhos,SP,2026-04-21
40febde16f4718a5def537786473b0be,William Wilson,jonathanfletcher@example.org,BR,novo hamburgo,RS,2026-06-03
07d190f123147d9e89d4b922543d7948,Tammie Hanson,cortezkevin@example.com,BR,sao luis,MA,2026-04-05
dd992305cba295d997f263dbdf4e8c2e,Cheryl Ortega,lbyrd@example.net,BR,sao jose,SC,2026-06-07
86085586aaa8c5f47ed0b400da64c59d,Daniel Floyd,steven73@example.net,BR,guarulhos,SP,2026-05-23
5ad58a4e6a1a656b6bed070cadbaa003,Diane Beck,clarence34@example.org,BR,santa barbara,MG,2026-06-27
c9158d089637ab443c78984d20da7fc0,John Atkinson,gibsonolivia@example.net,BR,sao paulo,SP,2026-06-23
66cc90195ca44cc7ac6a1cd0e1e1e7b2,David Douglas Jr.,osbornejeffery@example.net,BR,guarulhos,SP,2026-06-21
91ec50a00ae74d0a229d2efdf4344e1e,Barbara Anderson,jcontreras@example.net,BR,ribeirao preto,SP,2026-06-26
d251c190ca75786e9ab937982d60d1d4,Michelle Wagner,vmerritt@example.com,BR,belo horizonte,MG,2026-06-23
233896de79986082f1f479f1f85281cb,Destiny Strickland,rsims@example.com,BR,ituiutaba,MG,2026-06-26
a8ae36a2bb6c2bbc3b5d62ede131c9ef,Steven Miller,jessebenson@example.net,BR,taquarituba,SP,2026-06-21
8d46223c91cbeb93e0930ca8bd8ffca2,John Brown,xprice@example.net,BR,sao jose dos pinhais,PR,2026-06-01
e021e698833bdeb89dfef3acb2e91f37,Aaron Bell,acastaneda@example.net,BR,jaragua do sul,SC,2026-06-18
27cf4b153010911a0957150255a6c6db,Allen Rogers,dramsey@example.org,BR,sao paulo,SP,2026-06-18
7ce5b57a120a2da6a804afa58ffcbfb5,Jeffrey Camacho,brentgray@example.org,BR,montes claros,MG,2026-06-23
d33eeadf54cb883e79be640f38c32cdc,Trevor Fisher,ruizkaitlyn@example.org,BR,barrinha,SP,2026-06-22
3da7750bf3c1dbd724624a60a9f5942b,Marissa Webster,jamessmith@example.org,BR,rio de janeiro,RJ,2025-12-30
d85547cd859833520b311b4458a14c1c,Travis Marshall,katie29@example.net,BR,parati,RJ,2026-05-31
3af0b2f7654f613ff1527b997a2ac57e,Alexander Collins,tsanders@example.org,BR,dourados,MS,2026-06-04
3d49f4455a3947c8dd7e972b3ad8cb76,Raymond Jefferson,hoganashlee@example.org,BR,sao paulo,SP,2026-06-24
b03e9d9818ee170e9d6b983803c7d406,Matthew Smith,gshort@example.com,BR,trindade,GO,2026-05-19
a302a693d5722d95984e6472150b9391,Jessica Gross,christina87@example.com,BR,cascavel,PR,2026-06-24
c80da60feddb7cf8325bd104032e314a,Samuel Rivas,ramirezshannon@example.com,BR,fortaleza,CE,2026-06-18
a2b8841410cf77619574d311cd06fd5e,Catherine Lewis,matthew94@example.net,BR,brasilia,DF,2024-02-06
7677c213007e9a6ec9267ea50b5ce5bc,Jason Peters,hannahbrewer@example.com,BR,sao paulo,SP,2026-06-01
0c17f9ac28cbd7323f0f4043e9db5907,Jared Sanchez,thomas85@example.com,BR,pelotas,RS,2026-06-08
332cf4e83e16004ba7dca932ce82475b,David Martinez,leslienewton@example.net,BR,porto alegre,RS,2026-05-26
0d516ca029d6a28d5cfddd80b27a26dc,Dr. William Warren,tina34@example.org,BR,rio de janeiro,RJ,2026-04-15
b3548d0cec408ae13d143bb4eeebaa6c,Beth Williams,tranheidi@example.org,BR,salto,SP,2026-05-09
c3293e875ffb1116018edf76d24e52a2,Julie Alexander,tammyking@example.com,BR,belo horizonte,MG,2026-06-23
d89e05e2d23c3d8247aeecd07758004b,Mark Brown,lisaavery@example.org,BR,jundiai,SP,2026-06-27
dad5018ffc0de85eb72f72575b552784,Kyle Montgomery,chayes@example.com,BR,cachoeiro de itapemirim,ES,2026-06-20
95700615deef776ed32faa08f0be634e,Natalie Meza,colleenbaker@example.org,BR,cacapava,SP,2026-06-22
b157c176c3fe04914fde33f2dc8b878a,Aaron Hayes,ocarter@example.com,BR,fortaleza,CE,2026-06-23
d4397835ae287e492b186d497099439a,David Baker,ronaldstephens@example.net,BR,sao vicente,SP,2025-12-12
76b029c87118a29f2e3de420f5ec2fa2,Christopher Parker,scott74@example.net,BR,uberlandia,MG,2026-03-25
7eaa86786b5955ab188db287f4726d79,Jessica George,mnavarro@example.com,BR,botelhos,MG,2026-06-20
b436a108536c1dabbc1d3e808d782df9,Alicia Hubbard,barbara27@example.net,BR,sao goncalo,RJ,2026-05-30
cd076285a12f40041b32f5ad8c98699f,Jessica Olsen DVM,vbailey@example.com,BR,sao paulo,SP,2026-06-17
cf6d4152d758efc43910e0141ae5b912,Donna Landry,gibsonleonard@example.com,BR,sao paulo,SP,2026-02-12
468d559ef2dcd2bea6d8db78959fb90f,April Booth,mgutierrez@example.net,BR,araucaria,PR,2026-06-14
7556f182460418cf30957e6ce377c674,Olivia Harris,sarakim@example.net,BR,sao vicente,SP,2026-06-22
e5dbefdfdf3eff75c8e6cd655f128279,Emily Smith,hdavis@example.com,BR,nova iguacu,RJ,2026-06-22
67d21c8bea9d6017d1b124d3879dd815,Dorothy Thornton,edavenport@example.org,BR,sao paulo,SP,2026-06-08
fd2d5fdb84e65fa6b54b98b0e2df5645,Kyle Francis,michellehill@example.com,BR,areia branca,RN,2026-06-22
d491a65a6ef3c04e145d37395996bad7,Aaron Barber,cgrimes@example.net,BR,sao paulo,SP,2026-06-06
6edd17d0a29e2d4057e694afee5eaa3b,Jamie Cantu,tinaallen@example.com,BR,campos dos goytacazes,RJ,2026-03-06
bf6e263ffc1f89999827615522b0aa45,Patrick Thornton,qhughes@example.net,BR,sao carlos,SP,2026-06-17
6d3f61e35d0422fd8cae65b1798784be,Vincent Rivera,sawyerscott@example.net,BR,sao paulo,SP,2026-06-23
a9a77b4e25980b7ca58cb71f878abb27,Matthew Moore,qharrington@example.com,BR,itajuba,MG,2022-06-08
eca666aec08df69fe31aa9a11d4a3302,Shannon James,courtney78@example.org,BR,porto alegre,RS,2026-06-11
7a380cb5434e6b6b5b37d45bb99dbe8a,Nicole Hamilton MD,wallaceheather@example.org,BR,sao bernardo do campo,SP,2026-06-26
463093247faa080167d77f2e6d1b297d,Jeffrey Sanchez,yknight@example.org,BR,salto,SP,2026-06-27
914b142462685e3161cf3a9f4152a028,Lisa Allen,jesselittle@example.com,BR,cruz das almas,BA,2026-06-25
e235442a956c524e6c141141171f5801,Megan Moore,llandry@example.com,BR,vassouras,RJ,2026-06-02
4a4de987b37555970ffcc9608d858a72,Christina Cruz,yrodriguez@example.net,BR,feira de santana,BA,2026-05-04
44e9a1246448bd68a2e3bf0f1966c57a,Ronald Foster,knightgina@example.net,BR,sao paulo,SP,2026-06-16
b4d6e1b900d99b52e901860bc1f44e35,Crystal Pham,danaoliver@example.net,BR,brasilia,DF,2026-06-26
809353196a0456095716566dd226bb48,Amanda Kramer,rileyjessica@example.org,BR,sao carlos,SP,2026-06-18
9e1f719fe5b17b9c51905fee6d6385c1,Carlos Ryan,alyssa42@example.com,BR,sao paulo,SP,2022-06-08
94b731a41867b47c3856e324840c4c99,Gina Wilson,taylortammy@example.net,BR,sao paulo,SP,2026-06-10
694cb45ff29b603ac2acd51016770097,Richard Smith,gibsonemily@example.net,BR,niteroi,RJ,2025-06-29
9dbb05f5577e862337b93feb8f358839,David Johnson,rose31@example.net,BR,sao luis,MA,2026-04-05
2b6082a140c439e2df870c85b0aa5e88,Audrey Williams,torrestravis@example.org,BR,sao paulo,SP,2026-06-27
eab761ccdba80c5b9a7f01b16543da0f,Michael Paul,umatthews@example.org,BR,sao paulo,SP,2026-05-21
4071d48a2d0d0bf179c06fc42b962e1f,Teresa Ramirez,jeff73@example.com,BR,jaragua do sul,SC,2026-05-27
90d479448b39ad9586d05da64cfb695b,Donald Donaldson,ndavis@example.net,BR,sobral,CE,2026-06-10
7b24d0e6584ac5a21ec1256d96965500,Rachel Harris DVM,brendali@example.org,BR,divinopolis,MG,2026-06-22
7981196c7252350915beb9a7367d40b2,William Huerta,lauren10@example.org,BR,mogi das cruzes,SP,2026-06-01
9d0ac1cdbfc919d676e2c2377abb32c1,Alexis Baker,judyfox@example.net,BR,brasilia,DF,2026-06-25
b1a049b952fdc19b69b2865c29986b9c,Ashley Gordon,acostaregina@example.net,BR,sao paulo,SP,2026-06-15
1f6d48610f32c723924f9af3e88f1c64,John Morales,henryrenee@example.org,BR,sao paulo,SP,2026-06-14
fa7e6f153b7724fda5c1d7cc7b9ae4ec,Marcus Richards,oscar98@example.com,BR,paraiba do sul,RJ,2025-10-31
8728c766c84eeda24b3e54fe6e632051,Michael Farrell,russellbeasley@example.com,BR,paulista,PE,2026-03-26
4bc7250d4b42b3374eb6f41b12429592,Brandon Simmons,nicholas27@example.org,BR,sao paulo,SP,2026-06-22
29f61e71b90b55a988f45a66bb91bfb7,Parker Cain,willisanna@example.com,BR,carapicuiba,SP,2026-06-12
13ac6da47fef1b17b16f511e03b57918,Michelle Schmitt,michael98@example.org,BR,sao paulo,SP,2026-06-24
9553802042571deac62d5789ed18a241,Hayley Hawkins,farmeraudrey@example.com,BR,bom principio,RS,2026-02-15
37e1a83b513512531032b4a9c43bab5d,Donald Farmer,michael22@example.net,BR,sao paulo,SP,2026-03-30
60f874c577dc096ecd52bd0bf6bd5942,Joseph Bennett,xpeterson@example.com,BR,astolfo dutra,MG,2026-06-21
eabd76f3506262b0db0dda1d48394a9b,Sophia Moore,craigjoseph@example.net,BR,curitiba,PR,2026-06-01
93bf5d4e752358fa9ea738ebf793cb79,Daniel Hunt,russell49@example.com,BR,belo horizonte,MG,2026-06-04
24a5c2b24a4467c37e2f54c1b311de93,Mrs. Christine Dougherty,kathrynroberts@example.org,BR,marialva,PR,2026-06-25
54fccbde5e005f2dbc6ad8d5473c9ac7,Joseph Hall,charles06@example.org,BR,sao paulo,SP,2026-05-12
1bdff446efb5846d0969eaf8978d4342,Laura Mckinney,zroberts@example.org,BR,sao jose do rio preto,SP,2026-06-09
52e57dd9218d99ea21b26f00c9151761,Tamara Davis,sanchezbrianna@example.net,BR,cabo frio,RJ,2026-05-08
d04c37e1699d05ba4f5fe7cf2bffc97a,Richard Jones,schmidtjames@example.com,BR,contagem,MG,2026-06-10
82e96a74eeb99b61395a1403630fe437,Charles Gonzalez,kathleenrios@example.org,BR,uberlandia,MG,2026-06-27
7b3b8cf6cef1b5fb3f47348a33cd6d42,Joann Glass,michelle52@example.com,BR,cafeara,PR,2026-06-20
f32cdbbeca0aba5358bddc018dd12b09,Leslie Bell,collinsshannon@example.org,BR,porto alegre,RS,2026-06-27
2e61eefc516ee26837d29fd3d76530fa,Vanessa Davis,jford@example.net,BR,sao joaquim da barra,SP,2026-01-17
ca19a17e381182923b66007a351574b7,Erica Alvarez,susanhayes@example.com,BR,foz do iguacu,PR,2026-03-23
96b1c916f245f2462efcde3fce04bc3e,Jeffrey Gonzales,michaelhardin@example.com,BR,belo horizonte,MG,2026-04-20
5ece49e012285b9003d084a4ea8a9c94,Maria Jones,grantpaul@example.com,BR,sao bernardo do campo,SP,2026-06-20
5d348bbc0f1a5cc45c3e4b93b8c9f802,Sydney Collins,tanderson@example.org,BR,sao goncalo,RJ,2026-06-26
b6c083700ca8c135ba9f0f132930d4e8,Meagan Calderon,lucasrodney@example.com,BR,suzano,SP,2026-03-24
1a7a10e9273fca58179bdd0d40843b0c,Ralph Lee,ericphillips@example.org,BR,guarulhos,SP,2025-11-28
f34cd7fd85a1f8baff886edf09567be3,Brittany White,jenniferwilliams@example.com,BR,timbo,SC,2026-06-26
67626c49069bdf05ff127d59a6649948,Rachel Young,kylestokes@example.com,BR,camboriu,SC,2026-06-13
56636fd22de1a315b8a50d45cf94d859,Jessica Hammond,ashaw@example.org,BR,nova bassano,RS,2026-06-26
34c6f984b590bbfe3d4d6c76007c0b1c,Amy Castillo,angela18@example.org,BR,rio grande,RS,2026-05-13
9bbfdf9f7f65b58481e1ed110a2eed46,Taylor Hernandez,odavis@example.com,BR,brasilia,DF,2026-05-11
0567f279c243671842613f581ed3462c,Jonathan Young,brooksanthony@example.org,BR,braganca paulista,SP,2026-06-25
30a7c7292c38ac22477fcb75306ac4ef,Thomas Kennedy,katherineharrison@example.net,BR,barra do garcas,MT,2026-06-13
ba66b6edd0756a62cb11be4d4655ed32,Kimberly Acosta,srodriguez@example.org,BR,sao paulo,SP,2026-06-09
91e6fd64694fa9a828270d442ba88e03,Riley Bryant,copelandvincent@example.net,BR,embu,SP,2026-06-22
87edab6661956d4d2f05e205251cf1a4,Doris Smith,john62@example.net,BR,sao bernardo do campo,SP,2026-03-28
1d4626b197f66aa6129c135ab09f1a7b,Kimberly Hartman,myerstheodore@example.net,BR,brasilia,DF,2026-06-16
bb50112c998293f45f49f49704165768,Heather Jones,jessicafuller@example.net,BR,urussanga,SC,2026-06-23
113bdaf5255ce5a458057ebf9975befb,Robin Thompson,epollard@example.net,BR,silvianopolis,MG,2026-06-09
7aeb8dc11cd50c32f37fea0435c4e9b1,Terri Johnson,bradleygonzalez@example.org,BR,sao paulo,SP,2026-05-19
b778de6d690edae39654f4444e081771,Robert Kennedy,mullinsjames@example.com,BR,gameleiras,MG,2026-06-23
ef6b4c0581dbf34e6eb5e33e0094c445,Jacob Preston,ykline@example.com,BR,belem,PA,2026-06-20
8dfb24fac32ec7170821d2be63fa9c1c,Robert Adams,acostachristian@example.net,BR,pocos de caldas,MG,2022-06-08
be1e99a0c57d7c3c699cfc4db26c8edf,Garrett Phillips,bmorrison@example.org,BR,contagem,MG,2026-05-31
337691bc9242e1d53d521ed78a12ab8d,Susan Mendez,yhill@example.org,BR,santos,SP,2026-06-15
05aa2ef3623cdba9ca3e83b91f1eee5c,Nicole Moore,thomascathy@example.com,BR,piracaia,SP,2026-06-11
466c3a741a952640c1984a48ebbffbf9,Travis Johnson,erikarush@example.com,BR,rio de janeiro,RJ,2026-06-25
09f54e88196d12eba479017f13f0e237,Jacob Edwards,john10@example.net,BR,santos,SP,2026-06-23
b49d79cdef655bb4cdf8223390c20524,Autumn Hampton,nlewis@example.com,BR,sinop,MT,2026-06-19
ad28944afc91824e30366a595654aaa4,Jodi Roach,zosborn@example.net,BR,guaruja,SP,2026-06-06
0b48151c4ac827afeee06ce2d77cc343,Donna Evans,jenniferho@example.net,BR,barueri,SP,2026-06-23
755bdc2822a8f01cfcec19ae4dcaae66,William Conner,kristyjohnson@example.net,BR,sao paulo,SP,2026-06-23
a4813c3f53f0652da225d8410cc615a0,Stephen Jones,ukey@example.com,BR,feliz,RS,2026-06-26
2eac18b475d7d985f0ab52b9c010f59f,William Day,howens@example.com,BR,sao paulo,SP,2026-06-02
de53649541ad2006de823720ad65ca77,Catherine Burch,dshaw@example.org,BR,belo horizonte,MG,2026-06-23
610d3e47ad4921adc40aa9fd6bbeeaa5,Michael Reed,meghan43@example.net,BR,jambeiro,SP,2026-02-25
1da2a3343d3e10a969375849ac5b7f1f,Anna Davidson,georgeweber@example.net,BR,sao jose do rio preto,SP,2026-04-06
3321a75303831a580b0973bbf54900da,Scott Miller,debra96@example.net,BR,ipatinga,MG,2026-06-26
7a78c6e53163e36c68d2f22f5909b0eb,Tyler Webb,eevans@example.net,BR,tupa,SP,2026-06-22
629fb99609e4613c746af4eaa455c91a,Gerald Thomas,jessica56@example.org,BR,sao paulo,SP,2026-05-28
a296df1cf7557b871094bda3d269972e,John Adams,donaldwilliams@example.com,BR,brasilia,DF,2026-06-23
237c219a24b6a3183a216a5ca00f6edf,Taylor Griffith,kathrynjimenez@example.net,BR,blumenau,SC,2026-06-25
49d79c76cf12065b7a08103cdba3e1b8,Brandon Long MD,jasongomez@example.org,BR,moncoes,SP,2026-01-02
59150cde6405fb8f31f6dd1882d15754,Adam Rodriguez,nicoleluna@example.com,BR,rio de janeiro,RJ,2026-06-07
a05262e3e3de722e0a42cfa3b48e622c,Chloe Tran,hughesshannon@example.net,BR,sao paulo,SP,2026-06-13
f62f269f9ce7c41d20a90f70df873f42,Brent Brooks,angela52@example.org,BR,balneario camboriu,SC,2026-05-07
6e4188c01246d30b20d17a1ed42094fe,Micheal Brock,ghernandez@example.org,BR,rio de janeiro,RJ,2026-04-30
8377420a8b3549f6f40dca93815ee602,William Stevenson,brittney88@example.net,BR,sao paulo,SP,2026-06-24
43676e9993577d1991036ea6720213de,Alan Rivera,whitneybrandy@example.net,BR,vargem grande,MA,2026-06-26
8dc17b53543ee0ff19970896cfc6c750,Mikayla Silva,alexandriagriffith@example.com,BR,rio brilhante,MS,2026-06-16
dc643b60537f44f35b2f91610ea64153,Travis Rodriguez,alexanderrobert@example.com,BR,eugenopolis,MG,2026-06-16
f1a7919983d547880b4111fd4f77c74d,Kaitlyn Charles,thorntonapril@example.net,BR,belem,PA,2026-06-14
fd3c867c2bcd048675609cf2b0f1aedb,Emily Thompson,amy49@example.com,BR,sao jose do rio preto,SP,2026-05-19
05292bc3f6db7fd79133285a32a82d53,Todd Hendrix,janet75@example.com,BR,paulinia,SP,2026-05-28
7530369a1ddf13882910895b0559423d,Kenneth Daniels,xcardenas@example.org,BR,sao paulo,SP,2024-10-23
a43149b43ab4253753f89fb6909d1371,Jeremy Scott,ilewis@example.com,BR,jundiai,SP,2026-06-26
c230d0a507ccf302b339305e2acf3376,Anthony Stein,danawilliams@example.com,BR,sao paulo,SP,2026-06-17
58e1140fb8f15f1a010d01a34bfbf77d,Brenda Oconnell,richarddonovan@example.com,BR,santo andre,SP,2026-06-19
9316f45a5da8403a5938bd6069b1a4a7,Matthew Velez,pearsonjesse@example.net,BR,sao jose dos campos,SP,2026-04-05
1605a6c5d93d3488fb621c5323930795,Amanda Huff,vlopez@example.com,BR,rio de janeiro,RJ,2026-06-22
25775ec7ac8aff278f093e8614bb3331,Frances Gibson,ismall@example.net,BR,campinas,SP,2026-06-24
317a5bc8cf58c4401e221c74d7a51982,Nicholas Wong,alexisrogers@example.com,BR,belo horizonte,MG,2026-06-15
95363f351776a3f8a43145c79a046053,Jennifer Patterson,christopher12@example.org,BR,apucarana,PR,2026-06-16
ed62ab8aab76f4d4efc4344ba5ef3a6d,James Griffin,stephanie49@example.net,BR,recife,PE,2026-06-21
f8f338d24407d8c6da17ada8bf6eb613,Bryan Parker,tparks@example.com,BR,osasco,SP,2026-06-22
ce900bc17b3e45ec05956db418d86207,Daniel Bernard,vhernandez@example.net,BR,valinhos,SP,2026-01-29
a5c133a6a95d06f06939fd961fb8a0c3,Nicole Pham,kathleenbecker@example.net,BR,santo andre,SP,2026-06-15
7cc3f51930537216ff70ecdc8f506a37,Justin Brown,ashleyhernandez@example.com,BR,manaus,AM,2026-04-05
0d77d20b2c7c92602b0c4ec4fe5997af,Katherine Nolan,dstokes@example.org,BR,cidreira,RS,2026-06-09
a40096fc0a3862e9e12bc55b5f8e6ab2,Megan Parker,fosterlisa@example.net,BR,rio de janeiro,RJ,2026-06-27
c68949b701afe5343ce845dd492772e8,Michael Weaver,michaelcesar@example.com,BR,santiago,RS,2022-06-08
4f6d635ff2fd4e30ff5369a7b943eb22,Veronica Brewer,ybrooks@example.com,BR,sao paulo,SP,2026-04-18
226c621e6babfecac4e9e776382c77aa,Scott Wilson,urice@example.org,BR,sao sepe,RS,2025-07-21
ca87392503c5a503ff16afc9344ebbe0,Nathan Coleman,pmorrow@example.com,BR,alta floresta,MT,2026-01-23
e9adf7ea1e1dbb166b5024015154104b,Molly Rodriguez,bmendez@example.org,BR,guarulhos,SP,2026-04-12
691d75928efd2c5dd34b678f19783c28,Kyle Warner,sanchezbradley@example.com,BR,jaboatao dos guararapes,PE,2026-06-24
6ad430c5fac5e72b42f74af4ad7e98f3,Amy Gordon,jim95@example.net,BR,sao paulo,SP,2026-06-13
28da048f094c0c9cbbc5412bcf41b6b0,Ms. Jennifer Hill,conniesimmons@example.com,BR,ibatiba,ES,2026-06-23
2c4f12ef543ba44eead3e3a43c229c11,Emma Butler,kevinwhite@example.net,BR,hortolandia,SP,2026-06-17
3e8f3e58aafa9bb38d7b2ace611ff6af,Michael Shaffer,harttammy@example.net,BR,sao paulo,SP,2026-06-26
b73b575cfe44692948a64dbdd55703f2,Matthew Nielsen,christopher30@example.com,BR,cotia,SP,2026-06-18
dc77e5e1396c807043f506f794d8fd1e,Chelsea Gill,timothybooth@example.com,BR,macae,RJ,2024-09-12
ec6a3d80eab7e27f7ee8efeb6839eee9,Colton Figueroa,srocha@example.net,BR,saudades,SC,2026-06-22
bbbea7f167264b7236e4459dcb0a8838,Patricia James,kyle58@example.com,BR,rio de janeiro,RJ,2026-05-07
c555d42202667b1e09e50e7667b6a663,Erica Harris,robert93@example.net,BR,macapa,AP,2026-06-14
000ec5bff359e1c0ad76a81a45cb598f,Lauren Butler,jameshall@example.net,BR,salto de pirapora,SP,2026-06-16
4df9aee56fa602c72756abb22ee60b17,Gail Hines,plevy@example.net,BR,taboao da serra,SP,2025-10-13
9d85c39a38a86ed13978803d7560c612,Nathan Freeman,warrenmary@example.org,BR,bom jesus,GO,2022-06-08
4c592d97ec529a019883285afe424187,Crystal Mann,robinsonstephen@example.org,BR,caxias do sul,RS,2026-06-08
ef2994ab5e93b358146005d4d3db4880,Juan Smith,amanda40@example.net,BR,uberlandia,MG,2026-05-21
533959cf0ee1554e269d8cc79f12a7d1,Brent Hernandez,christineking@example.com,BR,santa cruz do rio pardo,SP,2026-06-24
3cf7c427d21f1f414a8bfceac52e4c58,Jared Cunningham,kevinclayton@example.org,BR,diadema,SP,2026-06-21
b5d37c728f9ea12eae24f87212cf90fa,Amy Smith,christopherbruce@example.net,BR,santa ines,BA,2025-07-24
e44a59cd3178714eaf095face6112af5,Tamara Hall,enelson@example.net,BR,rio de janeiro,RJ,2026-06-06
941590fb8aef66b3a8352fe7c691879e,Cassie Jefferson,alibrenda@example.net,BR,serrinha,BA,2026-06-09
9f67d6145893e41e7ada2e646b84f658,David Davenport,irhodes@example.com,BR,votorantim,SP,2026-05-15
fc0a9229ea43fea6c9f9d79c06761a1e,Melissa Miller,brian63@example.org,BR,hortolandia,SP,2026-06-26
14e66b7268fef09f5183f5e3a84cdd91,Erin Walters,whenry@example.net,BR,itatiaia,RJ,2026-06-06
212c759d8c4f2d4d9d6fd4c7de0afbb3,Angelica Montgomery,jennifermiller@example.org,BR,duque de caxias,RJ,2026-06-12
3a62a4803c77457a96c996a9db36a662,Emily Rodriguez,hahnsean@example.com,BR,varre-sai,RJ,2026-04-10
9ccfff93c79f3dd996cce15f26480c5b,Justin Russell,davisangela@example.net,BR,rio de janeiro,RJ,2026-06-24
184ff574579b06c07152f2ba4ae74106,James Miller,ashleyjackson@example.com,BR,caxias do sul,RS,2025-09-23
84032c13e75382a35c99ae73156b30b9,Charles Jackson,robert71@example.com,BR,rio de janeiro,RJ,2026-06-26
d10582c312d1c3a03ed8ea136273c54d,Christina Rodriguez,adam65@example.net,BR,vila velha,ES,2026-06-24
97dc91f9e896442f6ac9650bb2a9b594,Jeffrey Colon,kevinmorrison@example.net,BR,campinas,SP,2026-06-05
5aa54d66adf169b992129dd4456b048a,Tracy Carter,yfaulkner@example.org,BR,mangaratiba,RJ,2026-05-27
cb296f03ccd21cfcb3ba0778c4f3b7d9,Timothy Gonzalez,erinpierce@example.net,BR,atibaia,SP,2026-06-22
803c9b252709beca97a308a9197371ff,Eddie Schwartz,ichambers@example.net,BR,sao paulo,SP,2026-06-25
717aa48025662fcf27ddebbecc5f782b,Rachel Jones,iaguilar@example.net,BR,salvador,BA,2026-03-13
d197a184e01ac46e6cb6596185bd4db0,Robin Wheeler,rodriguezjohn@example.net,BR,maceio,AL,2026-06-22
75d62b9a2050292984f91605099ca0c6,Maria Lucas,tammy61@example.org,BR,porto alegre,RS,2026-06-05
9aff27e32725e7f7c395e0a79a5d173d,Melissa Walker,peter98@example.org,BR,rio de janeiro,RJ,2026-06-03
b6cdccfa64579c957a905fe68bd435c3,Jason Nixon,guerrajessica@example.com,BR,birigui,SP,2026-06-16
2767ebe1fedf70562aa588a37a23080a,Hannah Davis,tflores@example.org,BR,franca,SP,2026-06-06
05c567475380140907b9ca53ba1dcfeb,Carly Riggs,zacharyarnold@example.com,BR,petropolis,RJ,2026-06-10
2c77113623e849d30d75a10480b57108,Lori Lopez,vfoster@example.net,BR,niteroi,RJ,2026-01-04
0ec8a2bcaa8e0b1ca282f7baf9d89513,Michael Harris,raylauren@example.net,BR,porto alegre,RS,2026-06-23
1b8b8c36e0ae8744756d6db86ebca373,Dennis Huffman,candice96@example.net,BR,sao pedro,SP,2026-05-21
56d30b9f16c42d707d89967161296a04,Robin Mccarthy,samantha91@example.net,BR,jaguariaiva,PR,2026-06-22
8c8fccc50566baaed602e3775d9d5665,Clayton Steele,ibarnes@example.net,BR,rio de janeiro,RJ,2026-06-17
79051ee5ee98c4bd6982e67e2e79dbcb,Melissa Brewer,angelaburns@example.org,BR,franco da rocha,SP,2026-05-28
52b0e4c820d4bf6ff9b2f4ca48514319,Sharon Crane,ytaylor@example.net,BR,sao paulo,SP,2026-06-21
5bd72a5ba72683010f8385cff8bb92fd,Ryan Burns,cunninghamlaura@example.org,BR,brasilia,DF,2026-06-20
39e2788db03e5eaeb2935a7e479682c6,Carol Ellis,hdunn@example.net,BR,cacapava,SP,2026-05-15
99e36749c5c84dc56b13138caac13b55,Nicole Wolf,bpayne@example.org,BR,jundiai,SP,2026-06-26
9a855ffadc7ac38bd30515d077c31fbb,Dennis Atkins,gonzalesvictoria@example.org,BR,salvador,BA,2026-06-14
09d4fed6320030973607491be508c075,Shannon Bishop,imartin@example.org,BR,pindamonhangaba,SP,2022-06-08
20bb1d9431264f331e47b2da94991eaf,Douglas Ryan,tiffany44@example.net,BR,irati,PR,2022-06-08
2274251ce58a8304f8e9b8380db47018,Miss Anna Estes,rsellers@example.net,BR,ribeira,SP,2026-06-26
be4656d02bf1e9d6663764ac9c7909ef,Michael Poole,kburns@example.net,BR,ipatinga,MG,2026-06-23
801b53359d2880a9bff63574103fb74c,Mark Beard,powellkara@example.net,BR,sao paulo,SP,2026-06-22
9cea402fce863ec4bee5af27306e213d,Aaron Schroeder,simonstephen@example.net,BR,barbacena,MG,2026-01-08
c1c2fffe3d49911803df2e157bee7aa0,Walter Summers,sadams@example.com,BR,limoeiro,PE,2026-03-22
a99021699fda65c2b84a3fb596a4c32b,Stephanie Farmer,garciakristen@example.com,BR,espigao do oeste,RO,2026-03-23
55d8e264560be17cdd7eb91a613d887a,Aaron Rubio,wendyblankenship@example.net,BR,belford roxo,RJ,2026-06-18
8c2a5c47e0c02478c440038904724cd5,Isaac Miller,brettgarrett@example.net,BR,sao jose dos campos,SP,2026-06-24
0d8f0706c0d71cb8f6d957dad3023fc2,April Woods,brittneystone@example.com,BR,brasilia,DF,2026-04-19
29ea68ebb3474676eee3322428dcb0af,Jennifer Anderson MD,zdavis@example.org,BR,coronel fabriciano,MG,2026-05-23
23c130edd9a7adeb635bb365f7478154,Raymond Mullins,darlenebyrd@example.org,BR,diadema,SP,2026-06-04
b0b18bfffa6a1fb823a25a9167e6877c,Daniel Goodman,cjensen@example.org,BR,brasilia,DF,2024-06-20
323630f1bddac4dc06bf3bdeb90dbe36,Janet Richmond,kylie34@example.net,BR,brasilia,DF,2026-05-30
b621cb89890e2b002aada225e7c5eaf5,Melissa Abbott,jamie98@example.org,BR,itanhaem,SP,2026-06-27
53b5f3ee447865c2de22e4814ef70bbe,Rebecca Allen,frodriguez@example.net,BR,goiania,GO,2026-04-26
c98cc8ac7311ad123e723f5caef4c1e3,Dr. Bonnie Valencia,rdiaz@example.org,BR,bebedouro,SP,2026-06-21
6ec999e67c5e05c33554a4ba2db847bb,Austin Baker,livingstonstacy@example.com,BR,americana,SP,2026-05-29
b6cbe1a8674ee23e9fb086e3c61677b8,Jessica Morales,joshuacollins@example.net,BR,salvador,BA,2025-12-24
4d0063e13c579513a5892115c789682a,Kevin Hines,collinssamuel@example.org,BR,uba,MG,2026-06-25
01ecc1f1f21f05d0736c99d92646f132,Logan Brown,davidzimmerman@example.net,BR,arapongas,PR,2026-06-25
aaf2d0137050d06ef2c8752f35c0d936,Rachel Le,nathanbrady@example.com,BR,vinhedo,SP,2026-06-26
b5e4462426d75ffafaf0b1a6c912b257,Denise Brown,crawfordwilliam@example.org,BR,itajai,SC,2026-06-08
bd64e82a5bf0ad0166ad7c72b302bbe4,David Garcia,perezwilliam@example.org,BR,dourados,MS,2026-06-21
22745c06a87ddc1142c22ce98c5bf8d1,Chris Velazquez,tranrobin@example.net,BR,bauru,SP,2026-06-04
f96176e892232662d1c1c5896a94e035,Nathan Nelson,duncandavid@example.net,BR,pradopolis,SP,2026-05-21
34b0cd95480e55c2a701293a2b9671b3,Dr. Andrea Marshall,kiara45@example.org,BR,sao paulo,SP,2026-06-23
f054e8c1cbcf5e89ddd9b615c349936b,Richard Stevenson,stevenvargas@example.com,BR,aripuana,MT,2026-06-01
9072b46e3b68961565477d90b24092e9,Danielle Smith,ijohnson@example.com,BR,braganca paulista,SP,2026-06-22
0bf7dfff65267867de74cb029fdd6a75,Monica Garcia,robertwoodward@example.org,BR,sao paulo,SP,2026-06-13
b6fda72bacd286a8ac316325ddb5be90,Kelly Haynes,stephen19@example.org,BR,guaratinga,BA,2026-02-25
027ef1dce56b52802c3d35cd5beda928,Keith Graham,joelgreen@example.com,BR,sao paulo,SP,2026-04-13
4d0bd25308e9d7d0a301223f3d814f85,Dillon Jones,derekcarrillo@example.org,BR,ponta pora,MS,2026-06-26
0071f46a072a9ae25bbe4438b15efe9c,Jason Herrera,shannonford@example.org,BR,aracatuba,SP,2026-06-16
316d6ccdf24ac783b5e4ccdff8506af9,Melissa Williams,eddie35@example.com,BR,volta redonda,RJ,2026-06-21
50aef30dabc7aca975dbdec85dcb848f,Jared Chavez,codygarcia@example.org,BR,maringa,PR,2026-06-27
016a5760b723a3a0bcb4b294d4bc6b45,Rodney Watson,aguilarjonathan@example.org,BR,guarulhos,SP,2026-05-10
4669d94e1e35f2493af76862ff85beba,Anna Boone,david70@example.org,BR,sao paulo,SP,2026-06-01
a1e5fdb1a21a5a35f49da96f780f4229,James Simmons MD,joshuagriffin@example.org,BR,sao paulo,SP,2026-06-22
636f22218f8430a8463c5ddc5f68fc62,Kathleen Andrade,rbrown@example.com,BR,araraquara,SP,2026-05-17
c2e9a50bcf76b5783bc96f906f95bceb,Kelly Mccoy,mayokimberly@example.com,BR,matipo,MG,2026-06-08
744fcfb3939c1c57f16cb00f263c3929,Keith Morris,hector59@example.org,BR,niteroi,RJ,2026-06-16
104ae9a43b6e639f45bd5e3bc19210f3,Kaitlyn Howard,terrigarcia@example.net,BR,barbacena,MG,2026-06-27
8e0275b5c7fb6f05e312a1079a674410,Nancy Gallagher,barbaramcgrath@example.com,BR,porto alegre,RS,2026-06-26
437869c8fa511c68c9e1f61cfc11d30e,Kevin Drake,robin05@example.net,BR,santo antonio da patrulha,RS,2026-03-20
a1864cdd58debf5031958069ee937742,Rita Waller,gregory01@example.org,BR,sao paulo,SP,2026-02-27
55caae104bb0aefc6d44031e49373db4,April Hardin,lindsaypeterson@example.org,BR,porto alegre,RS,2026-06-09
31d01917860b026341cdde17c942b59b,Sylvia Schroeder,susan56@example.net,BR,barra mansa,RJ,2026-04-19
7b0cae22ae2b6cf88163a50600da4ee2,Morgan Kim,lbanks@example.net,BR,fortaleza,CE,2026-06-06
8ee330dd325716db048bf014601e3fa9,Jamie Gross,david09@example.com,BR,diamantina,MG,2026-06-25
839bbfd4ff93b592c82a44dcaa9515c3,Ashley Crawford,julie35@example.com,BR,belo horizonte,MG,2026-06-25
bb03ed8d9549898e869f0e6774064096,Michael Fowler,sean43@example.org,BR,brasilia,DF,2026-06-20
a20ba663a5abf7b8341d5ba64f23775b,Amber Kim,acosta@example.com,BR,maringa,PR,2026-03-04
cff4ca65539a18d2726699ecc1ba6aa7,John Shields,franciscojones@example.org,BR,salvador,BA,2026-05-03
7fe108cef30f4cca2f8696a711a07d0b,Angela Jackson,emartin@example.net,BR,sao paulo,SP,2026-04-05
c1a56ed1e45dde68378dcbb50655ea47,Jessica Valdez,gmoore@example.com,BR,macae,RJ,2026-03-04
8574faf241b0a789d42051aa783d46dd,Tammy Fernandez,kenneth10@example.com,BR,sao paulo,SP,2026-06-23
0f6371fc9c2e78818a6e7aa33022a506,Brandon Colon,bgonzalez@example.org,BR,mairinque,SP,2026-06-22
30e105cba6d3ced811512c8cf4f50a82,Ryan Parker,qruiz@example.com,BR,belo horizonte,MG,2026-06-26
13c50fe55067ed2a26e2f85810326e50,James Lopez,bakersteven@example.org,BR,capitao leonidas marques,PR,2026-05-08
23f014663c70f3a8cf6f1be263c89933,Mary Miller,lindsey69@example.org,BR,rio de janeiro,RJ,2026-03-19
ad1ba362b0121447945a47fe07fef188,Joseph Camacho,parmstrong@example.com,BR,sao sebastiao do paraiso,MG,2026-06-17
df3b1140ecb0bddb871f5e70af09ec27,Stephanie Mcbride,davidtodd@example.org,BR,rio de janeiro,RJ,2026-06-03
5e21109503a635f7ad93db18a7ee4a21,Jay Mcneil,oharris@example.org,BR,petropolis,RJ,2026-06-24
09ec740fbf182446388824c67a5fb78d,Justin Arnold,april09@example.net,BR,sao paulo,SP,2026-01-15
d885b619cb2e462ccc493b70faea10c5,Kevin Chang,buckleyanna@example.org,BR,sao paulo,SP,2026-04-03
4914496b4e80679b99277e6a337715b7,Deborah Pena,rjohnson@example.com,BR,sao paulo,SP,2025-04-23
ffd2aa973e106c7d7218a960320420bd,Amanda Preston,hannah07@example.com,BR,piracicaba,SP,2026-04-28
94e89532396b3c02f648b2bc7f93f528,Ryan Garrison,comptonjeremy@example.com,BR,belford roxo,RJ,2026-03-21
3078dfe83b099ae6ebe055be3abe0c0d,Jason Brewer,scottmcintyre@example.com,BR,brasilia,DF,2026-06-27
0fc4c0fc23ef45d16a0f32fbf9ae25cb,Kaylee Moore,jenna62@example.net,BR,goiania,GO,2026-05-18
70e15e657d597f3c096fb696e815018f,Danielle Bryant,janet45@example.com,BR,rosario do sul,RS,2026-06-20
2ee1f65b4197b8eb29826c06b876ba67,Dana Burns,ethompson@example.net,BR,itaguai,RJ,2026-01-13
aec17cb0c9dba3200a2c49c3ef0a07dc,Melissa Mitchell,kwilliams@example.org,BR,sao paulo,SP,2026-05-01
18e3d276253780b44b5b7bf83f6785ec,Matthew Palmer,wellsdavid@example.org,BR,guaruja,SP,2026-04-03
fbd58f38cbd2989e434b148f479534c8,Michelle Hill,dyork@example.com,BR,paraopeba,MG,2026-04-28
8ec9e01dc8cbd31897a2f2116c5fbae4,Loretta Silva,hunteileen@example.com,BR,santo andre,SP,2026-06-22
35525a882b83a865080254c1812945f9,Mr. Donald Nguyen,jose43@example.org,BR,campinas,SP,2026-05-06
494c6658198b47787205a06421bb9403,Lindsay Guerrero,jenniferrios@example.com,BR,sao paulo,SP,2026-06-25
9065001c21c6240da6fa642651772e60,Andrew Erickson,matthewreeves@example.net,BR,rio de janeiro,RJ,2026-03-28
000c8bdb58a29e7115cfc257230fb21b,Sarah Pittman,kellyruiz@example.net,BR,belo horizonte,MG,2026-04-06
9801a2c53e40c68803158742466ad09a,Catherine Frazier,destiny35@example.org,BR,guarapuava,PR,2026-06-23
06cb9de4265f5e18327a1e4608a1c85c,Kevin Ford,ruizmichelle@example.net,BR,crisolita,MG,2026-04-26
5988cee3152a64b959afb5a6eeb87a4c,Michael Moreno,jbrown@example.org,BR,pirai,RJ,2026-06-14
1c22aaad9006505a301a9d51b64f4c9c,Susan Ellis,michelle21@example.com,BR,maceio,AL,2026-06-20
9164cd45afebaec2d61200f8f51fee45,Anthony Hayes,kathleenjackson@example.org,BR,linhares,ES,2026-05-03
2561161bc52cafa1be6e80ed9c92c9ea,Jeffrey Jordan,ysanford@example.org,BR,agudos,SP,2026-06-23
cad6e6cc5d7a8620efda1f8310fba9d1,Stephanie Sherman,andrewsmith@example.net,BR,sao paulo,SP,2026-06-27
02a6a137ef7fe2414c9e14fc4d060790,Carl Reyes,gary04@example.com,BR,sao paulo,SP,2026-06-24
ff80f08b2a6a87e84a28bda4613f99bf,Stephen Cowan,wendy75@example.org,BR,rio de janeiro,RJ,2026-06-20
3b885932732cd5252c8243102ab7fc79,Nicholas Anderson,lawrencegary@example.com,BR,sao joao de meriti,RJ,2026-04-03
dcdaced133f33e9651ddfe73b2350156,Lisa Wheeler,stanleydesiree@example.org,BR,sao paulo,SP,2025-08-09
99e41e69b60bd63edd83935499523063,Joshua Wells,jamiejennings@example.org,BR,rio de janeiro,RJ,2026-06-21
cbc73c75d15c7292a3defd556c710b2a,Debra Obrien,robertroach@example.net,BR,navegantes,SC,2026-05-31
196a0e7f3563c9de2605b2a753983846,Mr. Richard Decker DVM,jade42@example.org,BR,pirassununga,SP,2026-06-17
07f61caa1c9e850c14e94854cec87545,Aaron Powers,conleyelizabeth@example.org,BR,sao bernardo do campo,SP,2025-01-16
023f426e28a212b8328b41649a2b1a05,Maria Bryant,joseph01@example.org,BR,faxinal dos guedes,SC,2026-06-10
23e5f7d84dad8339f627d75ac90e2d43,Brian York,smithdevon@example.net,BR,guarulhos,SP,2025-12-23
91275e7b1847f102954b73d856b4eee8,Marco Johns,watsonmatthew@example.org,BR,brasilia,DF,2026-06-25
b55a113bb84fc10eaf58c6d09ec69794,James Jefferson,zbanks@example.org,BR,brasilia,DF,2025-07-07
e486555873e1947a1de7b1ff1e8c3554,Dr. Ashley Pruitt,rpham@example.com,BR,criciuma,SC,2026-06-24
c95ec87a7dc2647f779aed4452ccf819,Allen Cohen,timothyfreeman@example.com,BR,nova venecia,ES,2025-09-12
713de21fd33b1ed45f482d7ba22d51e2,Alexandria Oneill,tiffanysantiago@example.com,BR,passo fundo,RS,2026-06-22
339f6d44a550afdaf2a4a9a29d091d16,Mr. Martin Hernandez,smithsarah@example.net,BR,sao paulo,SP,2026-06-25
04b718d93b254329e7dbdbe026e85301,John Allen,brent38@example.net,BR,uberlandia,MG,2026-06-15
decc46797b7d5c2c0146cc3e93720aaa,Jeremy Berry,gatessergio@example.org,BR,carapicuiba,SP,2026-05-19
b134d1fbe77d00a8e0a4ce9d855ea927,Jason Hawkins,petersenlatoya@example.net,BR,rio de janeiro,RJ,2026-06-20
73a0200d198dbc7022fbcb361cbef7f9,Michael Clements,marcia37@example.com,BR,ibia,MG,2026-06-04
d8c21a391fae9a2f8f784c3c25ff5f85,Ashley Malone,aaronkelly@example.net,BR,aparecida de goiania,GO,2026-06-11
6b7e1090d106aaee31d5ed12d2bbc2af,Amber Martin,lydianewton@example.com,BR,sao paulo,SP,2026-06-18
a84b054411cab9cef6857aeaa4763426,Samuel Lewis,jenniferrodriguez@example.com,BR,santos,SP,2026-06-07
51c79069e6b841c2dcda39aadd3180cb,Steven Ellis,tamarasmith@example.net,BR,manhuacu,MG,2026-06-22
1964f2b215ebb68671d893438e974b0c,Mr. Thomas Thompson,jessicaanderson@example.com,BR,sumare,SP,2026-05-23
627d075513dade14e0fca3b59dae6614,Lee Schwartz,joshuastuart@example.com,BR,altamira,PA,2026-06-27
42d2b957a53f0240c81dee35a2463059,Michael Goodman,megan85@example.net,BR,goiania,GO,2026-01-24
7e5561ad5c5a136c9768371b733462c9,Melissa Morse,tinasantos@example.org,BR,rio de janeiro,RJ,2026-06-09
4a665a3b72a99832d62015e9721b1cac,Lauren Bender,icraig@example.com,BR,sao jose,SC,2026-05-21
22ff8c0cd3d7471e6be7c4b5fea955c8,James Brown,gonzalezkaren@example.org,BR,sao paulo,SP,2026-05-17
035f60af6e7d7f78470e9443be08d339,Melissa Phillips,howardshaun@example.net,BR,aperibe,RJ,2026-05-28
0b7604941dd811e84ae22ca3b90a49ff,Jorge Robles,heather06@example.com,BR,sao vicente,SP,2026-06-18
6f65f19c2dcfcab8b76b2fafb5b840e1,Amy Manning,christinenorman@example.com,BR,aracatuba,SP,2026-06-26
272d474dde8221c368c57511d9150215,Nicole Payne,kimberlybrandt@example.com,BR,cuiaba,MT,2026-05-29
fc0a613c6b9b23d3720b4f8878e1210d,Christopher Palmer,rwilliams@example.net,BR,canoas,RS,2026-06-20
b8c37ee810b38c416022e1c9f51e740c,Abigail Owens,billmcfarland@example.net,BR,contagem,MG,2026-06-20
60d23aecbf66b7f5058003a86e89232b,Kenneth Howard DDS,alicia28@example.org,BR,belo horizonte,MG,2026-04-12
0dc0731aafd5659410244092b0dc7d65,Gregory Ware,mark43@example.net,BR,sao paulo,SP,2026-05-21
9e6890852705a77f9e1ad72395131f27,Gregory Allen,susanfleming@example.com,BR,belo horizonte,MG,2026-06-21
7cd7974c9f79f75b77f323878ef87f43,Joshua Campbell,willie87@example.com,BR,cubatao,SP,2026-06-20
340152332a04149987a705602615f0d0,Bradley Davis,simsjason@example.net,BR,maringa,PR,2026-06-17
8f1b15e134107b88557c55167040c6b3,Christine Poole,elucas@example.net,BR,sao paulo,SP,2026-06-17
4e22af73a91ab5ed077a5f8033ec0f5f,Brandon Brown,angela93@example.com,BR,campo limpo paulista,SP,2026-06-21
3c34090736785a45dd8cbf536ad289c4,Alan Nunez,maychristine@example.net,BR,cambe,PR,2026-06-25
d55417a83a73d1702b43988e63f0731a,Ashley Buchanan,catherine47@example.com,BR,itaquaquecetuba,SP,2026-06-16
7b436cdf595907b9b0b142e8177c0072,Joseph Taylor,irobles@example.com,BR,sao caetano do sul,SP,2025-12-20
1a2aee05f48e80d4107ff223a9e4657a,Rebecca Daniel,susan08@example.net,BR,sao jose dos campos,SP,2026-05-27
34f0b37e89f9ef4768bdd233630f9b62,Jennifer Kelley,torreskaitlin@example.net,BR,sao paulo,SP,2026-02-28
7da3054afe371affc14d26cc2cc04358,Clinton Jensen,james29@example.org,BR,sao paulo,SP,2026-06-03
cdbeeb59bf23bb27eba2b6a8dd4b9e09,Austin Garcia,wlynn@example.org,BR,montes claros,MG,2026-06-21
f51f170e51593c5e550ef7ae616f1517,Corey Tucker,christina49@example.org,BR,salvador,BA,2026-06-09
abbc371b080d0e55bc3f40c244b1172e,Erik Floyd,xhill@example.org,BR,belo horizonte,MG,2026-06-27
ebf40c0db4fe06ddd15a7a44238c986e,Raymond Tucker,thompsoncatherine@example.com,BR,niteroi,RJ,2026-06-21
e8b52a437e134cf2dcb5dbb93b29d0d5,Lori Luna,atkinsoncrystal@example.net,BR,rio de janeiro,RJ,2026-06-16
9c7601f15a64084e0e54df80e188eaad,Kristen Stephens,jvaldez@example.com,BR,guarulhos,SP,2026-06-06
15721972ad68d86dbceffb155220c7ad,Donna Marshall,sanderswayne@example.net,BR,sao paulo,SP,2026-05-30
196276c2651ca4783688aa741b72d540,Miss Nicole Taylor,haroldfry@example.net,BR,sao goncalo do rio abaixo,MG,2026-06-14
3030f6c7798037acd63d5d7e359b3f0b,Amanda Juarez,bryanwood@example.org,BR,rolandia,PR,2026-06-15
3574bc798156f406b12f377bf3fdd381,John Gibson,williamsdeborah@example.org,BR,tres coracoes,MG,2026-06-23
760caff27799b863021f2591c828dad7,Laura Bennett,pdiaz@example.org,BR,cacapava do sul,RS,2026-06-13
68238c59076a730633bd2e71a08bdf95,Heather Parrish,msparks@example.org,BR,sao paulo,SP,2026-03-02
483ccebb9c42ae89d35740fadc153835,Mason Lewis,ericguzman@example.org,BR,sao paulo,SP,2026-05-03
d7683e45563133abe09d19dcb663200d,Karen Mendoza,brittanyholland@example.com,BR,sao paulo,SP,2026-06-24
273fff5a1d5e0ffc35f76b3fe3fb2516,Brandy Hunt,brianscott@example.org,BR,ribeirao preto,SP,2026-06-26
30cdd9eea2b6192b8fa65c9ff5e59acc,Sherry Luna,stacey37@example.net,BR,sao goncalo,RJ,2026-06-11
297fab71cc5569457eceb1d47ef3f497,Jason Thomas,cindydixon@example.org,BR,sao joao nepomuceno,MG,2026-06-01
587b326ba3bf8aa4d3e50fb1f38ea79f,James Anderson,harrismichele@example.net,BR,cotia,SP,2026-06-19
c1c7632732a487b1221e7bfb627c575f,Steven Greene,davisdonna@example.net,BR,niteroi,RJ,2026-04-26
28345e4479fbaa6c278e0f64546ebf96,Jacqueline Williams,zperez@example.com,BR,canoas,RS,2026-05-15
945a0478f858996b861b5c9b1905e56c,Cesar Woods,reneemiller@example.net,BR,rio de janeiro,RJ,2026-05-28
184997aab6012d21021017a525de5206,Rachel Lane,meyernicholas@example.org,BR,goiania,GO,2026-06-23
bab95efa50d554d4dcd26377e1b467ba,Matthew King,ncunningham@example.com,BR,leme,SP,2026-06-23
1293c51162aeb8fcc29d498ea820f6b5,Kristin White,tking@example.net,BR,araras,SP,2026-06-27
5331278432c1d2f87ce463412a344d1e,Sarah Hopkins,seanlyons@example.org,BR,jundiai,SP,2026-06-22
637c2caca17c2bf9fe41e50a6fcec9ed,Lisa Cohen,martintamara@example.org,BR,cortes,PE,2026-06-13
e1eb483ba2db6d6845f4b546e32c646c,Dennis Wood,ramseysarah@example.com,BR,ipatinga,MG,2026-04-11
ea9412f324bd34513bad100b6b6e8297,Samantha Bowman,qsmith@example.net,BR,sao paulo,SP,2026-06-26
fb1756887ae59c1b0efe8d0544d94815,Crystal Jackson,warddiana@example.org,BR,ribeirao preto,SP,2026-06-16
cf01f9dc838bee15dc892d87f879fa7d,Jennifer Gonzalez,mclaughlincasey@example.org,BR,brusque,SC,2026-06-02
282ebddb3e85120b1652204758fc332b,Hannah Richmond,jeremy37@example.com,BR,fortaleza,CE,2026-06-24
e5eff1e54c132bef74c934de830a14ae,Benjamin Phillips,prattsue@example.net,BR,montenegro,RS,2026-05-25
b68693bf3295ad9e895d2adce45deb7c,Patricia Todd,lmaldonado@example.org,BR,itaberai,GO,2026-06-12
6cf79118c9f8d0f9658313a4a6e14ee7,Richard Robinson,laurengutierrez@example.com,BR,pindamonhangaba,SP,2026-06-22
df718da6faedf01091e3a94dd8793ac6,James Goodman,charles27@example.com,BR,brasilia,DF,2026-05-30
8533fef411165ea5df3fe583670a76cf,Travis Vega,victorgonzalez@example.net,BR,santa rosa de viterbo,SP,2026-06-27
774efd8e5cc822162e0af7311d81f5c1,Ruben Huff,eric11@example.org,BR,agua fria de goias,GO,2026-05-15
2a914bdfae6c0cc612a51e479acc0128,Sarah Watson,travis94@example.com,BR,santos,SP,2026-05-10
ad91c910f921bc5d7b7cb140cd0d2c2a,Daniel Ray,foxrodney@example.net,BR,marau,RS,2026-06-26
928abb7e0e74f50a0b0136df20196cd1,Bryan Holmes,hannah03@example.com,BR,curvelo,MG,2026-06-16
05105abc98016eb044d450d5e60de1b2,Dennis Adams,michael76@example.org,BR,niteroi,RJ,2026-06-24
f48a9bdc7d38b43bba4082517ea1bc07,James Hayes,tiffanyparks@example.org,BR,juiz de fora,MG,2025-10-10
9d317acb1c32146e752981044c0ea5bd,James Thomas,thomassmith@example.com,BR,uberlandia,MG,2026-06-11
4a362420541051d3d4055a777681ccbe,Emily Tucker,anna90@example.com,BR,mogi-guacu,SP,2026-06-27
0e0d3aed77ac2e3746c2ddc3101e3d43,Karen Soto,qgarner@example.com,BR,niteroi,RJ,2026-06-22
f0697e6813b23d285c3b3c8c50002fc0,Jason Bell,barbarasantos@example.net,BR,sao paulo,SP,2026-04-12
729e9d3fa93475add3ea25424e83e1ad,Jordan Hampton,ypreston@example.net,BR,sao paulo,SP,2026-06-14
b09f1bff1aff13c997af071602bc048b,Margaret Mcfarland,kwelch@example.com,BR,sao paulo,SP,2026-05-02
120f875c7db31f3a391a0feacbe05fa5,Matthew Page,cnelson@example.com,BR,sao paulo,SP,2026-05-28
937f16b584dd395ce455ef468322b27f,Beth Young,shelby13@example.org,BR,belo horizonte,MG,2024-05-17
b88274bc5ea463278efaa456c2b8ee73,Kara Brown,fwarren@example.org,BR,osasco,SP,2026-06-05
be2cff6c84f1683300337ecd499992e0,Stacey Parker,joanramos@example.org,BR,sao paulo,SP,2025-11-17
92d6a6df2cf2d6e2fa89dc1d28164c98,Matthew Dalton,michelle78@example.com,BR,guaratingueta,SP,2026-03-12
bf8369db656fa05eb3d26a4c74a13a36,Kyle Welch,omills@example.net,BR,sao bernardo do campo,SP,2026-06-03
57d2e3a4c3b277bea367027f105f1c02,Regina Ramos,robert24@example.org,BR,paranagua,PR,2026-05-21
86d1b878456bce15bcc9c4848207a785,John Smith,earroyo@example.com,BR,lins,SP,2026-06-12
81332bd0a95775e25469d45e070b8e65,Rebecca Kelley,robertcastro@example.com,BR,sao paulo,SP,2026-04-21
26a2b0baec2ef2e226f1297de4b6a86f,Sandra Walker,hendersonjohn@example.net,BR,campo bom,RS,2026-06-09
b7cb5cfc7e208d22aa17ef640f487d7a,Jennifer Castaneda,derrickrodriguez@example.com,BR,sertaozinho,SP,2026-03-06
a6f2e4a9ff6fdb7626039136dee62c4b,Alec Williams,lopezcurtis@example.com,BR,sao paulo,SP,2026-05-16
c42d503ed3de454cd24b5d1508bcf5b2,Brandon Smith,matthewcollins@example.com,BR,tres lagoas,MS,2026-06-13
7bf1c59401206e31a78523077f3a1144,Ryan Lynn,adamsphilip@example.net,BR,taboao da serra,SP,2026-06-22
4ebfd10a85099b098816cbbca0604b59,Sandra Martinez,paulproctor@example.org,BR,contagem,MG,2026-06-22
759d68713a15c3b9a52b377694b94efd,Vickie Kennedy,sharon20@example.net,BR,niteroi,RJ,2026-06-01
f6ce59662fa24ba7ccc289430b580a7e,Stephen Boyer,teresayoung@example.com,BR,santo andre,SP,2026-05-11
cc438a8c7120027da70eafaf8c3727f8,Jennifer Sanchez,perkinshannah@example.net,BR,sao paulo,SP,2026-06-11
df43e0b1c6f257e124883561c1e53ace,Jonathan Parks,sarah00@example.com,BR,jau,SP,2026-06-02
3fdc39171d444e1a1cd4da98ac2e4adb,John Stewart,linda73@example.org,BR,curitiba,PR,2026-06-21
239eca76b80e32a2d564284842d7ba44,Andrew Mann,amy73@example.net,BR,montenegro,RS,2026-06-26
52b8fc428690f8974a3d3ff3a162f7b7,Denise Guerra,caseymoore@example.com,BR,sao jose,SC,2026-06-21
9a8809085c8feb9360f282fba0a6d87e,Mark Gray,nicoleharvey@example.com,BR,campos de julio,MT,2026-06-21
dd8c586651f9232e473ad86cf89c143f,Kimberly Hughes,jcannon@example.net,BR,saquarema,RJ,2026-06-20
d647ac91ff870deee189d7cd0cbf2380,Joseph Jones,gregoryjohnson@example.org,BR,sao caetano do sul,SP,2026-06-09
8fd232dc0c1648e549e2811728f6076d,Sara Barrett,brandon39@example.net,BR,artur nogueira,SP,2026-06-25
8f74bd69c228697504acd82dc22ed019,Tanya Collier,dowen@example.com,BR,uaua,BA,2026-06-23
4274c9d2313a7fbac9703456d8a788f3,Deborah Williams,davenportchristian@example.org,BR,sao paulo,SP,2026-05-25
c45221bb4573f66bdd4daf43fe2d4b3b,Corey Sandoval,angelagrant@example.net,BR,jandira,SP,2026-05-23
14debbd298c3b01daa32cef625668068,Michele Simmons,jacksonhenry@example.com,BR,belo horizonte,MG,2026-06-26
a54de86aa4370cc93031bb4e99d436b0,Mrs. Heather Edwards DVM,megan66@example.net,BR,sao paulo,SP,2026-06-17
f5859580b427853d3230f857fd8c1439,Jaime Pierce,michael77@example.com,BR,sao paulo,SP,2026-06-09
de038e601db2bbdb12a1ab691a58f7e2,Kelly Holder,adam33@example.com,BR,valinhos,SP,2026-06-16
6b3b92110c5adfe4a1334369d1ef2533,Kayla Duncan,clintonstevens@example.org,BR,concordia,SC,2026-06-23
1130878bf821f0b682431f513494c5f4,Crystal Shepherd,duncanashley@example.org,BR,nova friburgo,RJ,2026-06-16
d6735445f2f7ba25a4c7fe937c24bf70,Roger Norris,larsonkevin@example.net,BR,sorocaba,SP,2026-02-25
26c62200e28fe391637570bea7abd9c5,Felicia Hobbs,hbutler@example.org,BR,rio de janeiro,RJ,2026-06-06
3d7fb21a86fa49b9dce2ac0814d6dc22,Joseph Flores,markwolfe@example.org,BR,ponte nova,MG,2026-05-25
1c3e4aa255e596013fc2b6dffc8041bd,Nicole Johnston,walkerkeith@example.com,BR,araquari,SC,2026-04-08
2aa9325eab1676f4d62830f004d67a34,Patrick Kelley,christopher86@example.net,BR,sao jose dos campos,SP,2026-05-12
f1acc2f42f829576480ec437ff5e236e,Katherine Pearson,annshea@example.net,BR,muriae,MG,2026-06-18
ba58671cbf108397a73d8b85e57a4869,Erica Glass,rodriguezrobert@example.com,BR,sao paulo,SP,2026-06-27
94b39aa1097125d918d16bbe14331074,Allison Torres,christina79@example.org,BR,barueri,SP,2026-06-19
81814a8a85ef3b0cace32bf039a7a31c,James Todd,rodriguezbrian@example.net,BR,santo andre,SP,2026-05-14
30a8328a39c99665deea9fe8954e8339,Greg Brock,shannon05@example.org,BR,navegantes,SC,2026-04-09
17d7f3a57687a59fdf418ccc22adc301,Kimberly Dean,heatherbarnett@example.com,BR,nova lima,MG,2025-11-02
87a2388f0ca83070c02e32cde2e18fa8,Michael Nelson,apena@example.org,BR,inhumas,GO,2026-06-16
cff66352965782fb7a921a07600f271f,Alicia Dillon,yhall@example.net,BR,italva,RJ,2026-05-16
71200e5ed443c22e1df3cfe1e053c07c,Cristian Rasmussen,williamssandra@example.com,BR,sao paulo,SP,2026-06-09
312f3a7159f8ae9a13199d7fbc53d1c7,Michael Kelly,joel84@example.org,BR,tres rios,RJ,2026-06-04
536dfadbe03a1508f0300502ddb0545f,Tiffany Perez,penny21@example.net,BR,belford roxo,RJ,2026-06-23
341239d242c4e123125d42e14b7132b6,Kenneth Simmons,renee57@example.net,BR,santa maria,RS,2026-06-23
663a02b5b809485e2e0a1db9a6003146,Melinda Harris,kylethornton@example.net,BR,itagiba,BA,2026-06-15
5e65571d0f33dc17c099484ae3f25a4a,Brianna Fitzpatrick,lonniegrant@example.net,BR,florianopolis,SC,2026-06-27
4cc24e44f98ce556d647948ae2d27cc9,Pamela Beard,tali@example.com,BR,sao paulo,SP,2026-06-19
7febafa06d9d8f232a900a2937f04338,Cody Farmer,catherine93@example.net,BR,paracatu,MG,2026-05-27
0b3dc7efaafb0cf78a4796d42fa8d74c,Michael Woods,xjoseph@example.org,BR,rio de janeiro,RJ,2026-06-17
e5d46317b6efaf96ecc28f78ac4ba3bc,Darrell Ortiz,schaeferstephanie@example.org,BR,curitiba,PR,2026-06-24
95b4b60a728bff942c8bd59a43effa33,Troy Gonzales,dwatts@example.org,BR,rio de janeiro,RJ,2026-06-14
c7a2cdaf9d8bf3ad353e055e39024bfd,Samantha Cortez,vcarr@example.net,BR,xaxim,SC,2026-06-25
23d79f5efab47bee80aee4e351829b74,Amanda Forbes,cterrell@example.net,BR,rio de janeiro,RJ,2026-06-02
029800f459300049c50c59dcc4244e44,Jeffrey Wilkerson,steven64@example.net,BR,santo andre,SP,2026-06-27
97d007095d1f9c6c5dbb15c3c1aecf5d,Matthew Davis,whitebrenda@example.net,BR,laranjeiras do sul,PR,2026-06-17
6ac6902b78ed854e42f75c8e25234e8c,Christopher Garza,nicoledavis@example.com,BR,sao paulo,SP,2026-06-08
53ce59821e6c5041654f61c58e99bcc2,Michael Walters,millspatrick@example.net,BR,sao paulo,SP,2026-06-27
67fcfe4915b93624867d350b8191ff7b,Christopher Rogers,fernandothomas@example.net,BR,itapiuna,CE,2026-05-31
55a269f324455e78349e7b9b7e7e5911,Christopher Roach,adamcannon@example.org,BR,sao paulo,SP,2026-06-25
e145a017a309c275c23443e1240c7547,Abigail Andrade,jaykeller@example.com,BR,guarulhos,SP,2026-06-14
9d86d7101600d743968f3ec5a17d577c,Joshua Harvey,brandonhernandez@example.net,BR,campinas,SP,2026-06-27
fa2f184ba76dabae9b5cd4c5f711b228,Sara Evans,williamsrobert@example.org,BR,recife,PE,2026-06-18
0cbd5dfde4c06bbe2960d2c0c95e5e7d,Melissa Armstrong,tammycurry@example.com,BR,ribeirao preto,SP,2026-06-23
af4a4064051073083caa2b1d8e2e6ced,James Jones,ebridges@example.com,BR,divinopolis,MG,2026-06-20
9ccbb5f759db041b2db8359d71c0547f,Jason Clark,cherylrodriguez@example.net,BR,sao paulo,SP,2026-05-13
dc7993c491aef54414c4ff0a5be472ab,Ryan Green,sara99@example.com,BR,piracicaba,SP,2026-06-18
fa2b68fd80b323901db1473bb98ad68f,Crystal Roberts,aaronjohnson@example.net,BR,formosa,GO,2026-05-15
eb3c04f545e10b9e1c89a7db0051a334,Gene Castro,alexharris@example.com,BR,niteroi,RJ,2026-04-20
661bcc412eb64f26a12a5c0c46cbb449,Joshua Wang,jenningsmatthew@example.net,BR,florianopolis,SC,2026-06-22
8b28d6ec6f6a9124310e82e5a55f35de,Tammy Mendoza,probles@example.org,BR,ponte nova,MG,2026-06-26
ee301c76bd2b939da9740c6f5eb280c6,Kimberly Rogers,dreilly@example.net,BR,niteroi,RJ,2026-06-27
6cc5f19513662ec401e8ebbbe399ed06,Alicia Ray,lauren51@example.org,BR,piracicaba,SP,2026-06-09
8f601c7d9263ca954656792b02517b3b,Miss Sarah Duncan,hlopez@example.com,BR,rio brilhante,MS,2022-06-08
42b73a45a3b9a668a96d93f02bc62144,Jonathan Young,tgallegos@example.org,BR,sao paulo,SP,2026-06-19
fb0a15a8972216e692289f886fbe75e1,Paula Gentry,zhunter@example.com,BR,sao paulo,SP,2026-05-31
912a41ed4b2200e0ac7b5ea1ef1c433b,Dr. Eric Murphy,shortsharon@example.net,BR,sao paulo,SP,2026-05-08
63df651d5e8adb6a0e4baeb66a0eea37,Miguel Boyd,collinsbradley@example.net,BR,birigui,SP,2026-05-30
113a92a64bcdd41586ca217144478362,Ralph Reese,lanelarry@example.org,BR,ivoti,RS,2026-05-14
0fa3dfc9b8012e55a6e11db4d8a82c4b,Francis Alexander,nelsoneric@example.org,BR,salvador,BA,2025-11-18
ea59601b04db675d7d502dd6a8bf0ae2,Gregory Flores,sherrybrock@example.net,BR,juazeiro,BA,2026-06-23
379634bbb8d01b2b2c91db9cfc4655e0,Gina Wallace,anthonyberger@example.org,BR,ponta grossa,PR,2026-06-27
b171945c68776b1434cf56b06c6e41a5,Michael Vance,tjensen@example.com,BR,nova venecia,ES,2026-06-25
374026021639ada6e97c12b31a997a64,Angela Livingston,fbradley@example.net,BR,campina grande,PB,2026-06-25
005226be8d5b972d0f72b4e8a79f322b,Michelle Marshall,staceythomas@example.net,BR,rio de janeiro,RJ,2026-05-28
c29bc878f4400d62f9d33ddd8d13236b,Thomas Rivera,shawn01@example.com,BR,osasco,SP,2026-06-08
8961b4ca2c5aceb7a78ea72c6e0c840a,Gregory Andrews,sullivanjennifer@example.org,BR,osasco,SP,2026-06-23
5a6012519d0cf9a2103bd2170a81b833,Kim Morales,pallen@example.net,BR,votorantim,SP,2026-05-24
32fb60e2ce6a1f62eeccbc2d33046072,Robert Garza,vbradley@example.net,BR,sao paulo,SP,2026-05-11
3fc63a1cff1beeaf62fff26f695de143,Timothy Andrews,mwilson@example.com,BR,maua,SP,2026-06-24
ecfeb27fe4efa25d282d1c252e203fee,Tyler Jones,jenningscandace@example.com,BR,salgueiro,PE,2026-06-04
7247db1739364b45ac4fcd830ffeabab,Robert Clay,shermandonna@example.com,BR,sao jose dos campos,SP,2026-05-15
1145616de76e14f4e7fd5452c2be149c,Daniel Rich,ashley46@example.net,BR,rio de janeiro,RJ,2026-06-25
0881442e3b9a9a2e65938b30e0598eb0,William Powell,melissabrown@example.net,BR,lorena,SP,2026-04-25
8d9399ba84c5c3b8d7952f8700845209,Douglas Johnson,zpark@example.net,BR,sao paulo,SP,2025-08-27
40c4c308279011b2e5b85c75579f415d,Joshua Bates,jtaylor@example.com,BR,sao goncalo,RJ,2026-06-25
0d4393a1abe4dca62098942cc50ba744,Shane Martinez,jonesalfred@example.net,BR,guaruja,SP,2026-06-27
35e8b4c2a64acb75f3bf063d82a8478b,Martin Perry,senglish@example.net,BR,nova iguacu,RJ,2026-06-20
9b05b38d7d9ef19a89815c217b30fd37,Kristen Cole,jeremiah69@example.org,BR,sao paulo,SP,2026-05-27
0890bfbe7e7ce34f5ead1f48e41e5772,Debra House,arthur09@example.com,BR,fortaleza,CE,2025-10-09
cc117a146f6e56e036afcedbd420c0e6,Angela Cross,steven18@example.net,BR,toledo,PR,2026-06-17
860251114960c25499acca49949b1f12,Kimberly Riley,bergeramanda@example.org,BR,niteroi,RJ,2026-05-22
08b4c336c9d41a15dfd9259c6ad8c93c,Erin Gomez,keith09@example.net,BR,sao pedro da aldeia,RJ,2026-06-26
6995203f8a5ddbd2fad3a9df1e099a51,Mark Lane,douglaskelly@example.net,BR,curitiba,PR,2026-05-25
756ac4f4c1bfd6e7c652e37e33254dbc,Sarah Ramirez,christinahill@example.com,BR,sao bernardo do campo,SP,2026-06-02
0beec065ce2d16d3a8dbb22b87cf4c43,Nancy Hopkins,lindsey43@example.com,BR,rio de janeiro,RJ,2026-06-26
037a72c77c3565c6e41ac0607c797b08,William Coffey,marymullins@example.com,BR,rio de janeiro,RJ,2026-05-10
3a653a41f6f9fc3d2a113cf8398680e8,Carol Lane,brian41@example.org,BR,vianopolis,GO,2026-04-11
c9c0c82af514e815fa47534f71113ebe,Paul Goodwin,noahthornton@example.com,BR,arapiraca,AL,2026-06-05
d0e87d00021530383c16452a39a393ba,Timothy Cole,suzanne01@example.net,BR,porto seguro,BA,2026-06-25
b2664990a1ac9e250d98ff5c615c3276,Marissa Nelson,joseph14@example.net,BR,volta redonda,RJ,2024-11-02
0e58d0234d25ec72a22396e55e223959,Leah Lee,erica25@example.net,BR,sao paulo,SP,2026-05-07
527c6fbbe85cdf78ff1645e0a71e266f,Brent Garcia,ubell@example.com,BR,sao paulo,SP,2026-06-19
2cc0f5affc2ccbdacbbc6c5e88f5f059,Amy Wheeler,stephanielittle@example.net,BR,curitiba,PR,2026-06-16
89e3027de49c3012858cfeb7f5a34f59,Phillip Wong,pauladominguez@example.com,BR,sao goncalo,RJ,2026-06-18
87a7c3090f96d9da963125a0d7f8193a,Tammy Hill,qschwartz@example.com,BR,osasco,SP,2026-06-12
a50381d8ac7b457ced2071af9ef0caed,Antonio Price,scottlisa@example.org,BR,sao paulo,SP,2026-06-19
1a39704fa1459528597c7e52f99e39d4,Cassandra Vasquez,amberreynolds@example.net,BR,nova iguacu,RJ,2026-04-12
51123d30e274aeedc27ae7f4d1abed14,Benjamin Luna,fsmith@example.org,BR,barueri,SP,2026-04-24
3c631f7224998f22c0fa884a2e04e39c,Gary Myers,robertsonshelby@example.com,BR,ariquemes,RO,2026-06-26
f9ac86b4993a6e2a48758cb47d808712,April Finley,imartinez@example.com,BR,presidente getulio,SC,2025-09-23
9af871b776e8c4ce28cc3a468ec98de9,Zachary Holland,amanda51@example.com,BR,brasilia,DF,2026-06-01
b8c927d19fa13d8669e620e03902bf68,Tracy Guerrero,heather15@example.com,BR,belo horizonte,MG,2026-04-21
b99ad02f5d0dce8edaed40e36fd4d71e,Corey Cortez,tracybrown@example.net,BR,rio de janeiro,RJ,2026-05-23
3420ecc1371e17140c73a1dd148b7390,Alexis Morgan,kristin06@example.org,BR,florianopolis,SC,2026-06-15
f102240598836332442c455abbcecfbc,Teresa Berg,joycehall@example.org,BR,rio negro,PR,2026-05-18
1aecc1804f168ed275ad536517843133,Thomas Williams,alexischen@example.com,BR,contagem,MG,2025-08-21
b9fe8c4b5fbad9389aa5f425561a2786,Robert Wilson,bryanharris@example.com,BR,caxias do sul,RS,2026-06-22
3f43c86453d02badf9c09a8149b620d3,Erica Oconnell,kathrynwatkins@example.com,BR,porto alegre,RS,2026-04-29
dd1c379f2ec5f2fcadad957937de8d1c,Jacob Martin,sarawilliams@example.org,BR,fortaleza,CE,2026-06-09
dbfd0ee98fac0d9b4f109a2aaed48093,Angela Smith,mannbrittney@example.com,BR,rio de janeiro,RJ,2026-06-13
05d814587e80f2e2846c144d4fb511bc,Christine Bowman,ljenkins@example.net,BR,santa maria,RS,2026-06-15
d5b838b5c341f1957cea18610d054ac6,Anita Serrano,michael08@example.org,BR,rio de janeiro,RJ,2026-05-19
b0d033df9e6ba67e76b3cd09ea92d506,Lisa Huffman,stevensims@example.org,BR,sao paulo,SP,2026-06-22
0ee46c6eaf5a0a46aecad04306ae65e2,Melinda Schmitt,kjimenez@example.net,BR,jau,SP,2026-04-10
e84b5b350485f100868b2f719f2d9158,David Jensen,vwilliams@example.org,BR,recife,PE,2026-04-21
9e1a43ff4b344d86253ffc4afe5fb870,Mr. Steven Griffith,robert53@example.org,BR,rio de janeiro,RJ,2026-06-26
01daeb09de8f07882ccd4319ffbc4693,Sheila Bennett,charlesrichards@example.org,BR,ribeirao pires,SP,2026-03-21
4cbdc0f2029c78a012c400623a82e55f,James Ellis,crystalcantrell@example.org,BR,sao jose da coroa grande,PE,2026-06-22
397cc6f362ce814681a6d95e3b9cde2c,Chad York,wbarnes@example.com,BR,rio de janeiro,RJ,2026-06-14
4dbc9e60ee79f8547f8a3fe7f3d02fd1,Margaret Carr,belindatran@example.org,BR,agua doce do norte,ES,2026-06-04
c3ae72f7fe12701be16e17345697d359,Cindy Wells,uramirez@example.com,BR,sao bernardo do campo,SP,2026-06-18
0f13e3bb90bbd8912d57145479ce4839,Stephanie Vargas,robinvillanueva@example.com,BR,anapolis,GO,2026-06-27
223ab530d4126650969ce8bc7370a21b,Joseph Mendoza,chavezjohn@example.net,BR,guararapes,SP,2026-04-11
1b18bc689cd5f83c4c9e84c5150a07fe,Edward Holland,smithelizabeth@example.org,BR,petropolis,RJ,2026-06-24
f25f4335773e57531fab383b2a86d978,Jesse Ingram,xlopez@example.net,BR,sao paulo,SP,2026-06-23
77f990b8b2cae027e436e8b74a1e7d68,Andrea Barry,alyssa46@example.com,BR,suzano,SP,2026-05-03
5b424d5287408acfeb03ad7fed722545,Gabriela Randolph,pamela16@example.com,BR,farroupilha,RS,2026-06-19
a7b3ee56a66877702d89d6e6d8ecfa59,Matthew Bush,devonrogers@example.net,BR,maua,SP,2026-03-22
ed5b0d9aa093cc966424056ec8c10c4c,Michele Mullins,lukehurst@example.net,BR,rio de janeiro,RJ,2026-05-24
b310264264a53605778ac08833bd5514,Jesse Mason,harrisonamanda@example.net,BR,cacapava,SP,2026-06-21
a2c403630a8ed427bb5d0b3d0f170f68,Theresa Lamb,lopeznicole@example.org,BR,almenara,MG,2026-06-27
7649b15c0f9e10a06fd969de050553bf,Angela Martin,terrytyler@example.org,BR,rio das ostras,RJ,2025-11-24
c4727b31f6dae15654a8a097c91abe75,Kara Fisher,carterbryan@example.org,BR,gravatai,RS,2026-06-26
2ca8ef8560c5cd0f9ddb65d1b1b51380,Rachel Tucker,kellis@example.org,BR,recife,PE,2026-05-21
08995ff3d56d1423655c3b21cebe06bd,Jacob Roberts,hernandezjustin@example.org,BR,brumado,BA,2026-06-13
a62f1ea95f3b1031c7cabb98f147aa27,Christopher Erickson,evanwilson@example.com,BR,sao paulo,SP,2026-05-13
470a8f2e1dc7b277e4625f23039c6f84,Justin Johnson,tiffany25@example.com,BR,belo horizonte,MG,2026-05-25
996d5fb8a5736b0fea622c72fc1026c7,Jennifer Porter,staciereilly@example.org,BR,sao paulo,SP,2026-05-31
f393ee789889eff3f65907da221fa79c,Michael Wells,tara92@example.net,BR,rio de janeiro,RJ,2026-06-12
fd44c522241326d803458027362ebca9,Stephanie Taylor,parkerrichard@example.org,BR,campos dos goytacazes,RJ,2026-05-04
4dbafcb931c678dd5ba9a20ed4f01f7f,Martin Silva,kimberlywang@example.org,BR,marilia,SP,2026-06-26
4c9f7850ecd8952525191c444fe9079a,Tina Daugherty,ulee@example.net,BR,itabira,MG,2026-06-23
296d0b2c6acccdf4d6727b20e1f9f4a2,Jessica Hughes,mitchellmichael@example.com,BR,sorocaba,SP,2026-05-25
76464fcf73d60dc8e2166448bd23a1bb,Jennifer Ramos,lindawaller@example.com,BR,rio de janeiro,RJ,2026-06-20
2d4df3b94e4c56fb47d7fc7ec065a612,Briana Turner,carl96@example.org,BR,sao paulo,SP,2026-06-06
3f31485edb88c756d5163cdcea80d7ed,Justin Page,jamescollier@example.com,BR,claudia,MT,2026-06-13
e1a5b21153987479299c92d5c8b1ee1a,Elizabeth Hansen,ywalker@example.org,BR,florianopolis,SC,2026-06-10
6bb68e803ab5d836c7bdb0c3d3281953,Mallory Martinez,robert73@example.org,BR,rio de janeiro,RJ,2026-06-16
324b9a2e37fc2ab928a842b9429c46ea,Heidi Castillo,ooneill@example.net,BR,guarulhos,SP,2026-05-16
4e65032f1f574189fb793bac5a867bbc,Nicholas Smith,francisco02@example.com,BR,sao caetano do sul,SP,2026-06-20
9749fdb8ed91500eced9e9af5ccdb0e0,Anthony Ward,brandon48@example.net,BR,belo horizonte,MG,2026-05-24
5ade76c1b8598f4752607e46984950d5,Linda Jackson,monique44@example.net,BR,rio de janeiro,RJ,2026-06-21
0062adafa3846d9f372d8f1bde591b24,Charles Taylor,nathan76@example.com,BR,sao paulo,SP,2026-06-22
fe78f9a2d0726d03ff9fc4307d3fa5df,Sandra Pope,butlersabrina@example.org,BR,para de minas,MG,2026-06-25
8dfbc9064378d19ac99a21ac353072d7,Jack Montoya,gerald40@example.net,BR,niteroi,RJ,2026-06-24
ebec19ef82a1e635967cd50a037d41d7,Elizabeth Clark,colemankathryn@example.org,BR,miguelopolis,SP,2026-06-25
1c68b10c39678b2f8a7354ae67c44ef3,Brian Mcguire,harrisonrebekah@example.org,BR,terra roxa,SP,2026-06-10
1bb02eb35385950b5dace2632164426c,Tamara Harris,jackbell@example.org,BR,paulinia,SP,2026-05-12
78c5f76b60a3a2588635aadc70e34df7,Kevin Bell,williamjones@example.net,BR,araguari,MG,2026-06-24
77a63731fc358f68a5ce26211fc340a8,Carolyn Webster,beltrancorey@example.org,BR,contagem,MG,2026-06-23
af4d3cd0b29b208c971ff6ad78b41b79,Michael Rodriguez,tina63@example.net,BR,rio de janeiro,RJ,2026-06-13
99172dcdec60d7c00f2f6cedcdab4c3e,Mrs. Ashley Taylor,janet80@example.org,BR,cacapava,SP,2026-05-20
3654085ce61efbb9a73d03c7d94a46b4,Kyle Collins,aperez@example.com,BR,lages,SC,2025-04-16
2b1ff9585b05c73232a93e5440697094,Rebekah Crosby,harry71@example.com,BR,brasilia,DF,2026-06-10
bdf7458b78fc3a9cc62e71cb779d0452,James Neal,figueroapatricia@example.org,BR,rio de janeiro,RJ,2026-06-21
acd9aa54ba1fb6d537ea8bb1bd65eed2,Ryan Powell,maryhardy@example.com,BR,embu das artes,SP,2026-06-26
04a710ba27c70647fb2a4ffc6fe48e43,Melvin Clements,jdixon@example.com,BR,saquarema,RJ,2026-06-24
6e74a070e214eca4da1af1d8c10e0b98,Tommy Johnson,greertyrone@example.org,BR,rio de janeiro,RJ,2026-06-23
6c3974f2a296fbcb0aa071279dbf6f24,Eric Hanson,guerreroapril@example.com,BR,limeira,SP,2026-06-24
f94d7c267f1bb6956a0c6c6fef65da8b,Dennis Cooper PhD,cisnerosanthony@example.com,BR,canoas,RS,2026-06-27
42398dee8f2098eec5579129cc1a6f5e,Andrew Thompson,nicole27@example.com,BR,sao paulo,SP,2026-06-10
d36fc675519adcbd1e824cabc25bda07,Mr. Michael Keller,kalvarez@example.net,BR,sao jose do rio preto,SP,2026-06-21
bb6ffa5f9b68665f0cb238ea298092a3,Lisa Gomez,luke09@example.org,BR,taubate,SP,2025-05-21
fffbf87b7a1a6fa8b03f081c5f51a201,Lauren Hubbard,oscar65@example.com,BR,fortaleza,CE,2026-06-08
f2b73529bb775e473cdeb67d991cc985,Matthew Watkins,meltondanny@example.org,BR,santa fe do sul,SP,2026-05-24
0d086121374abc7682c5ec5bc50373b6,Jenny Robertson,sadams@example.com,BR,caieiras,SP,2026-06-25
61b1cf555fffb6c8845d81e8aa44f7e5,Brent Freeman,matthewshaw@example.net,BR,sao paulo,SP,2026-03-31
cd8738980c3332339baf3e92dd5cb071,Jeffrey Crawford,pittmanamanda@example.com,BR,itaguai,RJ,2026-06-12
a3bf83b50f90eb382d63942a93addf69,Darrell Newton,robbinsbelinda@example.net,BR,carangola,MG,2026-03-28
79066fb583868e4fdd17fc83a96db5e8,Karen Clark,pearsonkevin@example.com,BR,chapada do norte,MG,2026-06-07
7d435b111211b3f34f6995914fdef980,James Weber,jpowers@example.org,BR,campinas,SP,2026-06-14
2699b1bdee690329303fb2c0aada1c1b,Christy Hayden,oadams@example.net,BR,loanda,PR,2026-06-15
2761fee7f378f0a8d7682d8a3fa07ab1,Helen Hernandez,juliecannon@example.com,BR,franca,SP,2026-06-24
3e3048f4f31ca9a28f05279f3554c715,Sarah Adams,debbie49@example.org,BR,passa tres,RJ,2026-06-27
2ec68b85269ac7794879aecff0dab44f,David Wilcox,bwashington@example.com,BR,aracoiaba da serra,SP,2025-12-18
9f735d60e4d6d3ec348d7bbdb550eb43,Richard Ramirez,dawnwilliams@example.net,BR,nova iguacu,RJ,2026-06-13
4dad028c287475ff2421bdb9c9b5dd2f,Angela Guzman,lesterrichard@example.com,BR,porto alegre,RS,2026-04-24
d6caf670c8bf91aed723f242cafb71c8,Kenneth Mason,boydmaria@example.net,BR,cachoeiro de itapemirim,ES,2026-06-17
ce590a0c44295fc160eca2f1791f37e9,Bryan Roman,marisa63@example.com,BR,itaborai,RJ,2026-06-26
e8a63b5829f45bc153ed838ba9de6c0b,Donald Ortiz,henrynicholas@example.org,BR,juiz de fora,MG,2026-06-02
ed2e7c127faf8aacf910fb4ecb881966,Tracey Suarez,michaelbaldwin@example.com,BR,limeira,SP,2026-06-27
45aa853a9151e2760eaf935622413c41,Mary Everett,johnnycruz@example.net,BR,aperibe,RJ,2026-06-25
87cb6f9be6c56d669ec568ee36d1d4cc,Cynthia Ramos,browningphillip@example.com,BR,vitoria,ES,2026-06-08
b5e5fa1268db5aa96a5062853fd1891e,Scott Martin,zwelch@example.net,BR,rio de janeiro,RJ,2026-06-20
5af79d89508d36628b0796f94afa3fa9,Samantha Shepard,vmclaughlin@example.net,BR,sao paulo,SP,2022-09-12
a4e7c06913461ef2298e10fb4cdd2d71,Melissa Hunter,robert85@example.com,BR,sao bento do sul,SC,2026-06-25
88e20be8c5d9b89c98ac48989949983f,Rachel Taylor,tgonzalez@example.com,BR,nova iguacu,RJ,2026-05-12
944a3eacbae592a23be282b9858d78b6,Patricia Banks,melaniejennings@example.com,BR,indaiatuba,SP,2026-06-04
31a5a2b6f59607a0c7ba435e40316362,Michael Serrano,james65@example.org,BR,rio grande,RS,2026-05-05
03d7bb9d95f70cf9dcef7142f89d8ec5,Travis Leblanc,rebeccamccann@example.org,BR,caxias do sul,RS,2026-06-23
afa1462306ce1941adc5524ab4198909,Luke Burke,christopherrichardson@example.net,BR,boituva,SP,2026-06-10
70a8db6a5ae17c3a4e5df68bbeae451c,Tanya Wilcox,twilson@example.org,BR,teresopolis,RJ,2026-06-15
c63c0b1ccd9e3a6c8ddd1a52c4ede43d,Paul Reyes,mgates@example.org,BR,pinhalzinho,SP,2026-06-15
c98371c8c628fe00729bc01622b9009b,Jason Thomas,theresa39@example.com,BR,petrolina,PE,2026-04-05
00cc12a6d8b578b8ebd21ea4e2ae8b27,Angelica Harrison,terri63@example.net,BR,sao paulo,SP,2023-12-30
3a73ce6fc3b392e1ca609b5548418c36,Justin Williams,thomasgomez@example.net,BR,natal,RN,2026-06-20
61172f1f85b147f579536247e376b782,James Wood,carpenterjorge@example.net,BR,diadema,SP,2026-06-03
e308f9114426577f05baf25b11250386,Evan Moreno,jorgeedwards@example.org,BR,curitiba,PR,2026-06-04
0d2fe5cee9cab31429efc0da96406758,Tammy Campbell,chloe48@example.com,BR,sao paulo,SP,2026-05-17
f8945c1122a948f727f6cc5f56f02532,Katherine Dodson,jbrown@example.org,BR,santo andre,SP,2025-11-26
e527d87e5717a8e1432c67e902a56a9b,Michael Graham,wwilliams@example.net,BR,sao paulo,SP,2026-06-23
4af9d92576710a7d35603adfdff67acf,Sharon Martinez,harrisjustin@example.org,BR,santa cruz do rio pardo,SP,2026-06-23
63fe99fa23473a7340917d48f548ccd7,Zachary Smith,robertjones@example.com,BR,barreiras,BA,2026-05-29
25e1b5240ae610b163924a49e7e85bc6,Kevin Bean,eric17@example.net,BR,mogi-guacu,SP,2026-06-24
483686d2c2ea82359b6aa0bb2b20829a,Abigail Booker,unguyen@example.net,BR,sao paulo,SP,2026-06-24
293c9db44b6588c4e52fbef455fccde8,Diane Yates,paynecarrie@example.org,BR,florianopolis,SC,2026-06-26
795ec127906a9e161109399a70f5826d,Sharon Davis,frankchan@example.com,BR,januaria,MG,2026-06-27
8fde03547587c1e6f97d14148f422242,Nancy Dorsey,michaeldavis@example.com,BR,ipiabas,RJ,2026-06-15
a72a2d4e19868dba726c0e6f49198c7e,Derrick Burke,avilalisa@example.net,BR,firminopolis,GO,2026-06-05
0087c31081ea8d160baa06bf4ad4d76f,Jose Mcpherson,deborahreeves@example.com,BR,joinville,SC,2026-06-21
4965a4e8d51667a93ac39e04aefb33be,Karen Hernandez,gabrielleevans@example.org,BR,rio de janeiro,RJ,2026-06-23
41678bd77f241a2270d0a5d905b22020,Sylvia Palmer,dgutierrez@example.net,BR,barueri,SP,2026-05-23
373f58d5685e5d041b9fb63c7c580593,Jonathan Wilson,lwhite@example.com,BR,mococa,SP,2026-05-23
a267191e13807d158926cae6307fa9df,Nathaniel Todd,qhanson@example.com,BR,belo horizonte,MG,2026-06-14
9852ae41cc160b7df4017c45373187fc,Lindsey Savage,hamiltonandrew@example.com,BR,sao paulo,SP,2026-05-26
726c8f1821bccdbb500536a36b6804bc,Jared Sandoval,nturner@example.com,BR,rio de janeiro,RJ,2026-01-27
41d92d0cb5f7f9ec270a722ff8fef153,Adrian Rodriguez,hortonjacob@example.org,BR,vitoria,PR,2026-05-06
d215654948fc3ce8f8010cc12a8c843e,Jessica Garrett,christophercarrillo@example.org,BR,vitoria,ES,2026-06-02
4d160824ea5977aa52fef32596211a93,Christian Park,cruiz@example.net,BR,valenca,RJ,2026-05-29
8f3eef80fef6d26aca45231210bcfe63,Jenna Cook,mccoyjennifer@example.com,BR,sao miguel do oeste,SC,2026-01-07
3ce128c0db0a5e430f1a998105944d59,Mrs. Jennifer Palmer DDS,dhall@example.net,BR,nova iguacu,RJ,2026-06-16
fa87e5558d2010f19641ca49363d5a1a,Steven Butler,nwilson@example.net,BR,franca,SP,2026-06-09
5b23e3a673f41c47a1cd5093f7843d9a,Dwayne Lee,samuel83@example.net,BR,salvador,BA,2026-05-31
68d8acf19d02fb3b95c8954d31d75448,Edward Dawson,rwhitaker@example.net,BR,goiania,GO,2026-02-21
69f4089980dd7b42129b9e458627ec30,Diane Curry,manderson@example.org,BR,sao paulo,SP,2026-04-22
9f169df18e7618371e862cb1c181fdc6,Katherine Young,kiddmichael@example.com,BR,rio de janeiro,RJ,2026-06-26
5c2f079ede3bce29ac622ecc9bb444fb,Stephanie Johnson,morgandaniel@example.org,BR,sao bernardo do campo,SP,2026-06-24
3f9d987156fddc08ef77f52d1a15c073,Rachel Hammond PhD,paula89@example.net,BR,mogi-guacu,SP,2026-06-20
76967eb50da869a312fc4adae1fa5309,Tonya Campos,harringtonchelsea@example.org,BR,sao paulo,SP,2026-05-15
b81208443af1b894742a304cf0f86b9b,Susan Moore,jean87@example.net,BR,indaiatuba,SP,2026-06-07
bc6839208cb211872c9e1909676cbd0a,Barbara Harris,ahammond@example.org,BR,sao paulo,SP,2026-06-21
b3bbe51a0caf36d05239cdb5124a2421,Derek Espinoza,qward@example.org,BR,sao paulo,SP,2026-06-25
49d1599dd80dedc213037342bbe43fd7,Darren Pham,dhardin@example.net,BR,atibaia,SP,2026-05-26
a2b3dadeee49f301f5307689f05d49c2,Adam Drake,millerleroy@example.org,BR,montes claros,MG,2026-05-24
9a8ae5697c81ca094e4bc087022d89d9,Margaret Orr,levinetina@example.net,BR,brasilia,DF,2025-12-13
e88df55ef24b85d6e0f57f61ff8b660e,Mikayla Edwards,alan48@example.net,BR,ponta grossa,PR,2026-06-12
1c7fae8db20821423f3155642caad457,Stacy Weber,zterry@example.net,BR,pirassununga,SP,2026-06-12
dfbde47bde19b04d057e18b028d5b5cd,Joshua Price,abigailfernandez@example.org,BR,piracicaba,SP,2026-06-26
fc19fe9ac733e36ff8227c29435c2030,Mark Johnson,john46@example.net,BR,jales,SP,2026-06-27
18aef158fe07c1e9ca8e1a5e3b7b723a,Jordan Martinez,westashley@example.org,BR,sao joao de meriti,RJ,2026-06-15
30252a1d57cd506ae0f8e4d17ea834c9,Virginia Cunningham,michaelmitchell@example.net,BR,recife,PE,2026-06-20
80042d5c5e74c4cd745d8c8832f1b506,Ashley Black,mackenzieward@example.org,BR,sao paulo,SP,2026-06-22
f152faf30f85d9b5784cc9a72611a810,Brandon Coleman,thomasgriffin@example.com,BR,sao vicente,SP,2026-06-26
bc186285d21adeb7b7c88af5e40665cb,Shelby Silva,sbarajas@example.com,BR,rio formoso,PE,2025-09-16
961efa774ea7c0d0a4514295647e78d5,Kari Ellis,bensonstanley@example.org,BR,belo horizonte,MG,2026-04-18
a6bf63037fb9e3064d1f8fa4224df32d,Lindsay Ortiz,woodkeith@example.net,BR,rio de janeiro,RJ,2026-06-07
86ee190a174409391a427eed6f5e2728,Elizabeth Tucker PhD,kristenfisher@example.com,BR,sao paulo,SP,2025-11-13
61657cd378eabeaa8ec89a448432357d,Joshua Jones,butlerashley@example.net,BR,rio de janeiro,RJ,2022-06-08
8106dda85e61ac65b597178f5eb9ee99,Nathan Obrien,williammurray@example.com,BR,brasilia,DF,2026-05-28
f63181dd4c5b7d91e47629ecb64505c7,Mario Hanson,zhall@example.com,BR,angra dos reis,RJ,2026-06-22
8de2a640697fdc751bf88a16ae07591d,Sharon Mann,ann18@example.org,BR,vitoria,ES,2026-06-27
ea451b172ee6446d30d57f0c59a4ddc3,Tina Boyd,bshaw@example.org,BR,brasilia,DF,2026-05-14
13613cae6e3bfea8327a916246c96cc9,Ronald Combs,imiller@example.net,BR,sao paulo,SP,2026-06-14
55f21db4f9a353dcee5b774f750c65a1,Timothy Morgan Jr.,heathlogan@example.com,BR,alfredo chaves,ES,2026-05-30
2ab38708dc2f1200d33c47ebe14a6b25,Charles Scott,moorestephanie@example.net,BR,vitoria,ES,2026-02-10
5acf34561af0200eb8fe2307fdb126e6,Alexander Brown,jgarcia@example.com,BR,rio de janeiro,RJ,2026-06-24
1e3d5ec055904eea7d4e95d60a1ad2cf,David Harper,trevorgoodwin@example.com,BR,sao paulo,SP,2026-06-06
c3d1d99aa10c2e90ceb77c2197e1ae16,Ana Johnson,robinsmith@example.net,BR,sao jose dos campos,SP,2026-06-01
6c286f4b415764f00f8ebbe4f8fe271c,Jason Miller,kristathomas@example.net,BR,itapetinga,BA,2026-06-12
318a8173e6ffb6811284913d9e25bae9,Tonya Peters,smithsteven@example.net,BR,sao paulo,SP,2026-06-26
88baa2a0a13e63c2e2b3ebc09595e4c8,Timothy Olson,mary65@example.net,BR,gurupi,TO,2026-06-19
83ec837051b48b7b5bd1c090ade0b5ef,Christopher Ferguson,turnerrandall@example.org,BR,belo horizonte,MG,2026-06-19
e3113c1f62d89d94df4fc7cb38159411,Jeffrey Bishop,nicole54@example.net,BR,cambe,PR,2026-05-28
cbddc85ed8c77a56bc0ba0cfbf057242,Joe Greene,sloandennis@example.org,BR,jaboatao dos guararapes,PE,2026-04-07
5c3a15e958c7a36e722408cd2ce8b34e,Jennifer Woodard,ifarmer@example.org,BR,sao paulo,SP,2026-06-20
264f33eb52366d6efeae97a7de43a1e6,Heather Hess,paul01@example.com,BR,nucleo residencial pilar,BA,2026-05-25
f2cb4abe193595fe70e9c380e488004c,Patrick Chang,james94@example.net,BR,santos,SP,2026-06-21
b9d5fde4cdab32f96f3cdd8f4cef4386,Amanda Vasquez,adrianjoyce@example.net,BR,salvador,BA,2025-12-05
a7657330b1c135f3acd420326e335b2c,Kathleen Arnold,cameronanderson@example.org,BR,coromandel,MG,2026-04-27
0032c76b20340da25249092a268ce66c,Sierra Daniel,james08@example.net,BR,charqueada,SP,2026-06-09
a2346489c23a35ba85d17038fa1cb7da,Jeffery Nunez,nashmarcus@example.com,BR,osasco,SP,2026-06-14
3a1e94e3308e45730624bfb5c0b3bdd3,Isaiah Blake,brandonhull@example.net,BR,itau de minas,MG,2026-06-20
6fa9f081d9c0b44b00b3d343c2a4e2c5,Brad Armstrong,mooneyjeremiah@example.net,BR,sao paulo,SP,2026-06-20
65333bf484bb685082b70adc3e154aeb,Gary Brown,johnsonryan@example.org,BR,ibiruba,RS,2025-07-09
1098d1250d5bdf8bfc6a83f26494067c,David Peterson,underwoodapril@example.org,BR,bertioga,SP,2026-06-17
f3df2c0b7cf3814b81b37ff6273f76cd,Lori Riley,villegassabrina@example.com,BR,brasilia,DF,2026-06-11
a1b27fb279cf1f20c233f6f8c7d468ff,Amy Lang,turnerconnie@example.org,BR,contagem,MG,2024-05-04
659b895fc430805f484d0beef89bf146,James Davis,mhall@example.net,BR,ipiau,BA,2026-05-30
9e5d0775ccf7bc4b6b192d6a84bb3f96,Lisa Morgan,gibsonmark@example.org,BR,limeira,SP,2026-06-09
6bb3b4d34fb8f3c620d799442a568788,Sara Strong,danascott@example.com,BR,sao paulo,SP,2026-06-16
6b4317e342a438c1285889fda1eac3fa,Chad Williams,larrygraham@example.net,BR,jau,SP,2026-06-24
72739f22a5493890de8cc7f5a1105a1a,Brittany Parker,kelly08@example.net,BR,matozinhos,MG,2026-06-18
0b9ae040f85e7cc54f7c20efd637c859,Kristin Brown,james33@example.org,BR,volta redonda,RJ,2026-05-14
54350062476d8cadeb3460a0afce6735,Vicki Greene,melissa95@example.net,BR,curitiba,PR,2026-06-02
58e41c352b12a7e96c322dca803dc08f,Shawn Lozano,arobinson@example.net,BR,teresina,PI,2026-05-13
a3a6f2d1b8311efa1f58c7755e022a4e,Cynthia Navarro,lindsay63@example.com,BR,sao paulo,SP,2026-06-23
3e41c85ccb429fd9a03422dc9f0c18a1,Benjamin Johnson,thomasscott@example.net,BR,uberlandia,MG,2026-06-09
31934416054332748fd3fa41e7e3ac12,Duane Robinson,jennifer58@example.org,BR,belo horizonte,MG,2026-01-20
b1338d6f97d1fba0fa7b1467fdc93fd0,Susan Smith,nicholascobb@example.org,BR,entre rios,BA,2026-06-15
887698bc22a8aad2016a5134f3d10368,Jacob Watson,shelleyrowland@example.net,BR,itajuba,MG,2026-05-24
7ae8e196478928ab8223458a90681d26,Stephen Anderson,jamesgray@example.com,BR,campinas,SP,2026-06-25
cd612700be57e08ca76adc1e3e69e525,Pamela Matthews,kristine53@example.org,BR,jandira,SP,2025-06-05
0826e933ca018e8b6d1ceaad86d82691,Stacey Clark,muellerkrystal@example.net,BR,sao paulo,SP,2026-06-04
8e323c75fdec6658ed2933b3f2ecc33a,Joseph White,alicia77@example.com,BR,juina,MT,2026-06-22
708dc8654f9d1d415d0ea6fffb898f2e,Christine Jacobson,zroy@example.org,BR,divinopolis,MG,2026-06-24
ecb43665c8c390857cabf385d918da87,Taylor Brooks,taylorchristopher@example.com,BR,porto alegre,RS,2026-06-09
2ad3e8ebee7119e3be506709cf52c2e7,Marc Simmons,xreynolds@example.com,BR,mairipora,SP,2026-06-08
bc2c9d4cffdfa4609cb2f961250ba4d7,David Brewer,rachel48@example.net,BR,rio de janeiro,RJ,2026-06-26
fd3a69ec7f07e6cdd8f87021f0191cf9,Benjamin Johnson,matthewleonard@example.com,BR,sao paulo,SP,2023-05-26
58ee10603291fb595e840bea6f400d41,Larry Taylor,alan44@example.com,BR,teresina,PI,2026-02-15
119d43da5cf2cec95289848aec20ac51,Alexandra Valdez,michelleperez@example.net,BR,marechal candido rondon,PR,2026-06-14
3971f4c7f3c96fef10932785e1093510,Kristen Harrison,fpeterson@example.com,BR,votorantim,SP,2026-06-25
06b08c5a655b72aae399c4411e15cb47,Christine Cole,brooksbarbara@example.org,BR,sao bernardo do campo,SP,2026-04-20
408b1dc1bf28c3245e5eca9097e14b9f,Mr. Henry Perez MD,sfarmer@example.net,BR,sao paulo,SP,2026-06-12
bdaae7d0dda6bb655f833ebdceaf178e,Amanda Taylor,ashley99@example.net,BR,vitoria,ES,2026-05-21
205d12d065a7b8535ed6941b838064fc,Amy Hughes,krodriguez@example.com,BR,franco da rocha,SP,2026-06-11
47bd939e378c0ae8734c7c4194f52cfd,Cassandra Serrano,mjohnson@example.org,BR,belo horizonte,MG,2026-06-21
9f16fd7755d607cff890d9af2f212340,Joseph Gibson,april25@example.com,BR,cotia,SP,2026-04-19
ac61539bd1e37ef9fc8b951720d90bdb,Jason Paul,nfriedman@example.org,BR,avare,SP,2025-02-06
78681ccd3cdd568237129b2e5509eb73,Karen Munoz,briana87@example.com,BR,sao bernardo do campo,SP,2026-06-22
58c9adbd05815ccb9c1e1ddf6a8f6124,Roger Jacobs,aliciakent@example.com,BR,rio de janeiro,RJ,2026-06-09
c88a78ffee02f40ceeb314786550b716,Donna Ibarra,treed@example.com,BR,aparecida de goiania,GO,2026-06-18
eba2cf1bbf4837ae43652b7cfbaf08a9,Christopher Williamson,qellis@example.org,BR,icem,SP,2026-01-31
72eadb2fd1950044892dac115617c6a0,Seth Hill,elizabeth13@example.com,BR,anapolis,GO,2026-06-11
6d06583742c138d70b952a6f5f4fd62c,Jacob Campos,robert24@example.org,BR,sao sebastiao,SP,2026-03-23
3e6580b01b9b859832d81c9e14d439e7,Patrick Foley,qjohnson@example.org,BR,sao roque,SP,2026-04-03
5273449e12a174a67f5423126de96435,Joel Miller,jenniferkim@example.com,BR,serra,ES,2026-06-21
39d16e1ef9c58bb82e54cf87906c185d,Lisa Thompson,nicholspeter@example.org,BR,mirassol,SP,2026-05-05
3d63d3e85947d64c59f9d3b6f43b4027,Daniel Johnson,scottwilliams@example.net,BR,taperuaba,CE,2026-06-16
db87b9a23aca22405ab394338f087a68,Aaron Barton,sarahbrooks@example.org,BR,montes claros,MG,2026-01-05
de1fc6d7bb796ade9bb07f09b26a4760,Adrian Hoover,walkernicole@example.net,BR,sorocaba,SP,2026-06-11
a124666e823bbd5fb77a72afc8c1360c,Brian Murphy,colleenvilla@example.com,BR,sao paulo,SP,2026-04-25
7974f57adaf05f72a06c307cad9db6f7,Frank Smith,alexander37@example.org,BR,carapicuiba,SP,2026-06-21
f9cf4bd5f758bdbcb0f8397c6bd49d3c,Stephen Jenkins,gbird@example.net,BR,alfenas,MG,2026-06-21
77528332d8d9e9a13c03da164e28040f,Vicki Horton,martinreid@example.net,BR,santo andre,SP,2026-06-06
b5be7a62bae2b8f3b867d2e9ba629a59,Alan Barr,oreyes@example.net,BR,leopoldina,MG,2022-06-08
ae0fa4150b81d44201545e47d2aa9ccf,Crystal Jensen DVM,joel63@example.net,BR,brasilia,DF,2026-06-12
29bbf509bf085413d69208f1547f76e0,Christian Harris,youngjessica@example.com,BR,sao joao da boa vista,SP,2026-06-25
611b8fe01324647fa20c6f629dfa5b6e,Paige Meyer,swong@example.org,BR,sao paulo,SP,2026-06-09
227dee340139e8c2f57bf05bcb1246f8,Daniel Brown,lauriehorton@example.org,BR,sao paulo,SP,2026-06-19
a8953e3d7677addada63eee79b91e7ff,Aaron Kane,mckaybrett@example.org,BR,uba,MG,2026-06-08
4a51a701a27196367845d9299bee729e,Sandra Frederick,williamsimmons@example.com,BR,parnamirim,RN,2026-06-09
57e5587a5f1c3fcf65dff88c6d088cef,Christopher Wright,barbara34@example.com,BR,guarulhos,SP,2026-06-14
71d51db38ef92c129499061c9cb227f9,Jay Lynch,ywolf@example.com,BR,teixeira de freitas,BA,2026-06-20
eee056a1664b2f91466c96a455ceea8b,Tammy Larson,angelathompson@example.com,BR,atibaia,SP,2026-06-24
a1dcf2440c6b9aec47d70595ed124ad0,Larry Jones,jennifergonzalez@example.org,BR,porto alegre,RS,2026-05-24
058199325498b546a39e5652a04dbbcc,Timothy Bentley DVM,patrick49@example.org,BR,sao paulo,SP,2026-06-07
51e96af5f0314b37ecdc524b4c44c06a,Keith Lee,xkrueger@example.net,BR,joao pessoa,PB,2026-06-23
9bedaa421783554848ab968c22aa6dfe,Isabel Brown,vhouse@example.org,BR,chacara,MG,2026-05-09
2f2c5d1fdc5db8d9302cec6fd6dad0ad,Lynn Rhodes,josegibson@example.net,BR,rio novo do sul,ES,2026-06-27
e15bbe8fc7504d0075b5835a1b306ada,Mary Martin,wisedawn@example.com,BR,rio de janeiro,RJ,2026-05-16
4b384b778ebc0449d0244902bfce7beb,Chelsea Henderson,tking@example.net,BR,belo horizonte,MG,2026-05-23
0fb4497f568fe7c3859c3c43d6be7277,Tammy Booth,fieldskimberly@example.com,BR,belo horizonte,MG,2026-04-28
f5de43d4ead76e9519babb3d6189ea5b,Jennifer Parker,lisasmith@example.org,BR,teresina,PI,2026-06-17
7e8ace5e83e019d284a1cf0108b57f94,Carolyn Brooks,jameswhite@example.org,BR,salto de pirapora,SP,2026-05-29
de3fd2cb02aa89d030f943936ca17807,Anthony White,jordanbarrera@example.com,BR,sao paulo,SP,2026-04-25
f9acaaf53948041869bb52c7eb1e116c,Carol Carter,emartinez@example.com,BR,belford roxo,RJ,2025-01-24
40b1c1468c27787235deb9bf979fd51d,Ashlee Brown,ortegakristina@example.org,BR,sao paulo,SP,2026-06-12
1b51dc88a783a437b7ab446fb12b4d23,Joseph Hayden,sarah75@example.net,BR,guapore,RS,2026-06-27
544d0f13064dc42b8f6957cf43fa5cad,Dr. Teresa Ortega MD,hestermorgan@example.org,BR,rio branco,AC,2026-06-12
64b4630b1015051dc3c2e286684d444f,Stacy Taylor,meltonjoshua@example.net,BR,uberlandia,MG,2026-06-05
843c7e9e24758cfbc00dd941be3de79b,Sheila Robertson,aaronlittle@example.com,BR,ferraz de vasconcelos,SP,2026-03-30
0839b9b0df573d1b402fe8906659303a,Nancy Gregory,catherineross@example.net,BR,sao jose dos campos,SP,2026-03-27
3ff874206f1d7d1e3ffe12bc9c88c27c,Dr. Susan Navarro,catherine28@example.net,BR,porto alegre,RS,2026-06-15
8e990907b56d2383d3a39bf0cf9a3f42,Michael Dunn,cjackson@example.org,BR,sao luis,MA,2026-06-10
2ce81600d264e61fe46c8cadffd18db5,Christopher Raymond,garciavictoria@example.org,BR,taboao da serra,SP,2026-06-14
313fc07d700930f4fbb8c08c5f5ebc20,Connie Scott,qlynn@example.org,BR,curitiba,PR,2026-05-20
3cc4abcf6c4d8a077b3c110ac04eb272,Robert Cook II,schneidernicholas@example.net,BR,maringa,PR,2026-06-16
b7b162291adff744d6f3c6450557ffee,Jessica Hall,darrell11@example.org,BR,petrolandia,SC,2026-05-30
7dc06f440f8107432896e33a18da3e38,Audrey Richardson,stephanie90@example.com,BR,guarulhos,SP,2026-06-25
827af9fc3113e6e7b0cdc85dea8fa44b,Emma Diaz,aprilguzman@example.org,BR,niteroi,RJ,2026-06-14
f820eddce0a5ff03e1e40168b5ddb0ec,Robert Phillips,vincentbryant@example.net,BR,rio de janeiro,RJ,2025-07-19
7f8332909b975683069ed4777867f021,Ellen Mooney,hillmelanie@example.net,BR,aparecida de goiania,GO,2026-06-19
bd8e0f3ea9fb694fc53c7a358643fc06,Michael Bennett DVM,eric33@example.net,BR,goiania,GO,2026-05-25
e6925d3e39cebd0f699008b248e58361,Elizabeth Briggs,vickiekelley@example.com,BR,jundiai,SP,2026-05-31
10b7ec8d59e18192862f78be58cd3458,Jeanne Rose,justin38@example.com,BR,osasco,SP,2026-04-10
04b851412c9787a6db795f277ef20e8d,Amy Michael,stephen29@example.org,BR,araruna,PR,2026-04-10
c7ebaf88b0022b8aa6893bf62abaf74f,Christine Brock,jillsmith@example.net,BR,gravata,PE,2026-04-06
dadbd996f437b5230f82ad00de17a4da,William Shelton,saradavis@example.com,BR,rio de janeiro,RJ,2026-06-18
6dd5be3b2a4f4f7fe09e81590896fa0e,Gina Hamilton,courtneypowell@example.org,BR,alegre,ES,2026-06-20
ba6da4841dcbcc20caa9a57808664368,Tiffany Delgado,yparsons@example.net,BR,londrina,PR,2026-05-21
ca5062b6d3d0b87debf099a7a772033a,Matthew Richardson,wilsondavid@example.net,BR,sao paulo,SP,2026-05-13
11ce7127e348ee1d9bb75ffef00923dd,Mrs. Melissa Davis,patrickcooke@example.net,BR,senhor do bonfim,BA,2026-03-28
ea2fa8b8e775b4d4ebfdd1e828fde92e,Arthur Stout,richardhaynes@example.com,BR,sao bernardo do campo,SP,2026-06-27
254f01c0c4853e5c23a801f29069f932,Sabrina Pearson,tammymerritt@example.org,BR,santana de parnaiba,SP,2026-06-26
c38ea92aa01ad97a67b5fdc061846fc4,Barbara Anderson,denisemiller@example.com,BR,rio de janeiro,RJ,2026-06-02
a6287dcde3fcf9870d4254398a407d27,Vincent Jackson,wrightbrandon@example.net,BR,rio de janeiro,RJ,2026-02-02
a117fbc2530e3b766f4f14f27cfe3c25,John Edwards,catherine83@example.net,BR,piratininga,SP,2022-06-08
34d93be3a57e6f8bba423d9064cda7c8,Charles Chase,susanguzman@example.org,BR,belo horizonte,MG,2026-05-16
84534c29f49cfc37bda78a29e6c6b629,David James,ricardomiller@example.com,BR,porto alegre,RS,2026-06-15
cdc5b7e1bd2027fc820fab4bf76dff04,Andrea Oconnor,jenniferelliott@example.net,BR,maceio,AL,2026-06-26
0788a5e2db8d16e610407f3ee826b813,Richard Gray,chrismartinez@example.org,BR,duque de caxias,RJ,2026-06-01
caa954e15d7c966d515d79caeccb7076,Gavin Nelson,joshuagarcia@example.org,BR,florianopolis,SC,2026-03-28
c1aa08ee7ec027f1a2523bce7c841723,Nicholas Parker,wdavis@example.net,BR,sao paulo,SP,2026-06-15
d0a9421d1143535e463a15d18fcddf90,Carolyn Potts,zwhite@example.net,BR,jau,SP,2026-05-25
5254c0eec4d1c586e4e6b59fba3d33ea,Michael Reeves,douglasbradley@example.com,BR,sao paulo,SP,2026-02-27
70a252703c9e9801d4f69aa10f583a41,Danielle Franklin,wwhite@example.com,BR,monte carmelo,MG,2026-06-27
26c9cb11ad1169f145cc96dc263cbb29,Michelle Bradshaw,kevinhodge@example.com,BR,sao paulo,SP,2026-05-03
a26b156b97861290e0b947bcdf2b1abf,Angela Allen,martinbrian@example.net,BR,aparecida de goiania,GO,2026-06-21
b0b94079598f018f9e72e9698aefef33,Alexandra Vaughan,timothyrobertson@example.net,BR,atibaia,SP,2026-06-18
eb8367e178d144706a4ff3da62d284cb,Nichole Klein,john89@example.org,BR,ipiranga,PR,2026-06-25
313a1411e58266af71ecec9da279ad12,Carrie Richardson,williefarley@example.com,BR,belo horizonte,MG,2026-06-10
ec645f55cb99f62fb8a30e9d467b3e97,Gail Shelton,robertstimothy@example.com,BR,taubate,SP,2026-06-07
728bcc9495f951828608dbbf3a7e36b4,Claudia Torres,wallspatricia@example.com,BR,sao paulo,SP,2026-05-04
301a6d74a3eb7cd8e3508a045b8fa2e1,Hector Smith,richardsmith@example.com,BR,concordia,SC,2026-06-24
1ccd4d08c7d4d9bc6ceb426ee6f7acee,Brittany Martinez,xsmith@example.net,BR,belo horizonte,MG,2026-06-26
7236dee958fe8db7b71ae8858c07640e,Jacob Mcclain,daniel77@example.org,BR,rio de janeiro,RJ,2026-03-29
75897dfb21f53272945a344799721579,Stephen Fletcher,lopezbilly@example.com,BR,jacarei,SP,2026-06-03
67b05b597a66b5c449025000b9430abb,Cristian Mendoza,david78@example.com,BR,picos,PI,2026-06-22
b4ee22e08cdaeab0b8e6bf2e67d7c19b,Jennifer Barber,ganderson@example.org,BR,una,BA,2026-02-15
2408917d65de5653f636d4ba42d45b4b,Michael Williams,russell90@example.com,BR,salvador,BA,2026-06-25
b5e13878ce7c196e0ba76d57dd55b485,Jeffrey Williamson,johnwang@example.com,BR,taguai,SP,2026-06-14
3eddcc05abf2cf434aae2a9662597353,Michael Patrick,jacobbond@example.net,BR,ribeirao preto,SP,2026-06-22
f12cfa9263ca5dd51027f902d1d05321,Donald Lee,ronaldjensen@example.org,BR,belo horizonte,MG,2026-06-22
c2167133926371fa294b6b7e9da001e6,Veronica Walker,gmendoza@example.com,BR,guarulhos,SP,2026-06-27
ece98a5dccb1e985d69a38d4e0f054e5,Gregory Barnes,patty20@example.org,BR,sao paulo,SP,2026-05-01
e2083012443da79cfafc6b423fa64a75,Douglas Obrien,flopez@example.com,BR,peabiru,PR,2026-03-02
e411a7d93ae7ef2b1140c0d5c72fd9cc,Melanie Townsend,markfigueroa@example.com,BR,sao paulo,SP,2026-05-27
c319f40740fdf4e982c795eb1eb6d6b1,James Eaton,crystalguzman@example.org,BR,sao paulo,SP,2026-06-24
e2f3d2f1536b4b6917e6acfa7d50dd1d,Angela Payne,kevin73@example.net,BR,carangola,MG,2026-06-15
111206009c4b4cfb6463a53cf3043ab2,Michael Snow,patricia71@example.com,BR,marilia,SP,2026-06-19
39618678c9395910a7d675df2b0af941,Carol Hill,keithsosa@example.org,BR,conquista,MG,2026-06-06
463d8425827e81d905edf86f9c231eef,Joseph Palmer Jr.,ychristensen@example.net,BR,cabo frio,RJ,2026-06-01
854de56486b249c1dd6b2e23ee5ea8b9,Aaron Armstrong,suarezkrystal@example.com,BR,bicas,MG,2026-06-16
a3af9db3b686f891e7f6a7d4a27b158a,Derrick Wilson,brandonallen@example.org,BR,forquilha,CE,2026-06-22
5922ce0b65492e91ac07ffa3b77b2cff,Richard Day,veronicaclark@example.org,BR,macae,RJ,2026-04-14
4de0066d5e32f9bd282991a485d35c03,Travis Henson,jennifer69@example.com,BR,brasilia,DF,2026-06-23
c27d02e495180cbc358137a14d1b029d,Colleen Sanford,jonathansmith@example.net,BR,canoas,RS,2026-06-18
873b6512a80d4ccc7ec1ad735ab81a81,Dawn Sims,lisawalker@example.com,BR,guaicara,SP,2026-06-13
423829fedd48d538a2e70c875c52967f,Jennifer Griffin,erichardson@example.org,BR,campinas,SP,2026-06-22
f2772c6e5817727fbe9b6932ccaa438f,Casey Hudson,deborahsmith@example.org,BR,santa vitoria,MG,2026-06-07
6db067a3f4b85eb84066bfd8010ef99a,Andrea Jones,spencerbrewer@example.com,BR,sao paulo,SP,2026-06-07
643b807a55c5add3c91379b31f50d206,Jamie Smith,hinesdeanna@example.org,BR,adamantina,SP,2023-03-30
11ad985b033c153deec8400ea60810d3,Todd Greene,rosariodaniel@example.net,BR,franco da rocha,SP,2026-06-21
3841e1601654a5e39f3455f9c8a14f41,John Hart,tochoa@example.com,BR,salvador,BA,2025-03-24
527d59def65c2a1300ae5c4138c279ea,Debra Stephens,bryancurtis@example.com,BR,sao paulo,SP,2026-05-30
6832ad9ac97f82c7c5d614fb8e632e7b,Thomas Johnson,wcruz@example.net,BR,rio de janeiro,RJ,2026-06-21
eab27a5d81262bace5fc81727514d49d,Michelle Valenzuela,hjackson@example.org,BR,sao paulo,SP,2026-06-07
022e9ef39a8047a24a813f57ad382b94,Thomas Gillespie,munozgregory@example.net,BR,sao roque,SP,2026-05-26
08dad77aba35e08dac6e113a1c01d2c0,Michael Turner,michael14@example.com,BR,franco da rocha,SP,2026-05-16
fc5e5fe0a1c88aebef8f551bc84abd9c,Shannon Spence,lukemyers@example.net,BR,manaus,AM,2026-06-27
0cc3629bcdae6909e00d9512d566f570,Tina Ramirez,morrisdavid@example.com,BR,rio claro,SP,2026-06-04
8d97ec3fada2f08485838b53e2d70bcd,Dr. Kyle Fields,leahvaldez@example.org,BR,vila velha,ES,2026-06-12
913a4e0cb7fe555e6cffa875ecd58e2e,Katherine Herrera,patrickcarpenter@example.com,BR,sao jose de uba,RJ,2026-02-26
c85aa747346fb651773ad0384949c5da,Dalton Jefferson,angela21@example.org,BR,ribeirao preto,SP,2026-06-21
7be63f0ed4d9c76ed55844021da8d5e5,Charles Castaneda,osanchez@example.org,BR,mogi das cruzes,SP,2026-05-02
2a2eeca87e56515b095e26141f95a2ce,Jamie Johnson,swatson@example.org,BR,sao paulo,SP,2026-06-04
ad076f69fe41e2f2e356025bf2751920,Jacob Miller,smithmariah@example.com,BR,araras,SP,2026-06-19
fafbc4ecb15933633821dfd530c9263b,Nicole Hale,theodore57@example.net,BR,goiania,GO,2026-06-01
2e438ed54223fcca39c725b9a3e6376f,Amanda Potter,alexwall@example.net,BR,sorriso,MT,2026-06-03
6a8486027bddd6ae08e53aac48efb2a6,Kathryn Fletcher,rhuynh@example.org,BR,sao paulo,SP,2026-05-27
171d92af5bf025428dfc2fd869eb8a04,Jennifer Brown,vwhite@example.net,BR,rio de janeiro,RJ,2026-05-21
f02292465189ed8f3845720662a35999,Martin Wilcox,brianwatson@example.com,BR,joinville,SC,2026-05-29
4700fb5c5be4d27d6bed7cb5185e6c48,Larry Bradford,allenfrancisco@example.org,BR,sao paulo,SP,2026-04-17
86a01fa0e06f44ce0edf54c195443036,Dakota Hickman,josephdavila@example.net,BR,vila velha,ES,2026-06-02
3ac72367c83b28a9ff5508e4e5abeef7,Ernest Harding,hooperkaren@example.com,BR,lages,SC,2026-02-27
d402eb7f3e879b3e39063d9aff318d75,Valerie Park,riverapeggy@example.net,BR,niteroi,RJ,2026-05-31
df033c6cca61206b057d843131600fc0,Robert Woods,robertsedward@example.com,BR,aracaju,SE,2026-06-20
01bfd443225216fd172d2af98ae80068,Rhonda Pena,victoriamason@example.net,BR,nova iguacu,RJ,2026-06-15
f00acae66459f1828fc1feba2c759fa0,Isaac Chase,twilliams@example.net,BR,sao bernardo do campo,SP,2026-06-06
0c17966568c69f8f827f574911f8b729,Latasha Gamble,ballarddouglas@example.com,BR,sao paulo,SP,2026-05-19
a8397e4402779864503796dd87fdbedc,Edward Jones,michael12@example.net,BR,pindamonhangaba,SP,2026-06-26
ddd8485a202512dc3df53d3092b15ff0,Pamela Ramos,shelbybonilla@example.com,BR,porto alegre,RS,2026-06-21
144b9f1cf244df05e042b5262ecf97d1,Manuel Becker,nrichardson@example.com,BR,valinhos,SP,2026-05-16
be34d3b235cb9ae1bfd933d05891ff8a,Deborah Hutchinson,oliverdawn@example.net,BR,pindamonhangaba,SP,2026-06-24
476044a045850de49b672f57aee54b5d,Samuel Roberts,ashleynash@example.org,BR,fortaleza,CE,2026-06-25
17ecbb11ad271dc15ba46b93be52062a,John Nichols,lrodriguez@example.net,BR,conselheiro lafaiete,MG,2026-06-09
b0454e831e63abc9d4148e48e4ebb4ae,Austin Peterson,vlewis@example.com,BR,rio de janeiro,RJ,2025-06-25
19067e6acbb88e562f0f58eca762ac76,John Bowman,ashley96@example.org,BR,nova iguacu,RJ,2026-06-10
04baa28903e22974e6213e632b09c193,Daniel Johnson,onelson@example.org,BR,sao paulo,SP,2026-02-14
d7dcb6a86716cae0bae52007bd8b7822,Shane Hayes,qwarren@example.com,BR,rio de janeiro,RJ,2026-04-21
ab2d1ba701c748469008304cb9f83770,Jessica Richmond,franklin56@example.com,BR,sao bernardo do campo,SP,2026-06-22
1ec536e0e33d1a559b917611ccf1cd69,Jessica Gaines,jmorrow@example.net,BR,belo horizonte,MG,2026-04-23
035b9e2e22e07827ab0ca933ad55f89a,Brianna Beck,alexis72@example.com,BR,ipatinga,MG,2026-06-13
03d4953a455f8489e712ea80699de878,Nathan Mcneil,cynthiafowler@example.net,BR,sao bernardo do campo,SP,2026-04-30
9173f8394714a803f3d46db497a68a19,Joshua Martin,nrobinson@example.org,BR,guarapuava,PR,2026-05-16
c645339c7f927e64c0cbe6079255fc7a,Eric Fuentes,lyonsdeborah@example.com,BR,sao paulo,SP,2026-06-19
243bf34f2f9c8c7b941e3ad4783a4b10,Jessica Dickson,daniel27@example.com,BR,campinas,SP,2026-06-25
e48c34104caa1c6ad2fbcaddabe30092,Jane Bruce,swalters@example.net,BR,taguatinga,TO,2025-09-09
4626d9d18722ef09665317afb9666980,Alan Randolph,crawfordkaren@example.net,BR,tiangua,CE,2026-06-25
2e636fd512179efa9c6e1b1a28ac7f98,Mary Christian,jeffreygibson@example.com,BR,itajuba,MG,2025-08-13
6b0c568efa39d9923961096ab40d3ed9,Riley Marshall,xsmith@example.org,BR,rio de janeiro,RJ,2026-04-05
3b460ededc4c23cb9eae28c706b3a310,Steven Blankenship,adamstout@example.org,BR,paranaiba,MS,2026-05-20
36c2e404800b055e0ebeb26c96e23fd0,Kelly Figueroa,matthew96@example.org,BR,goiania,GO,2025-02-13
82d3e8adcc5eaecb0594f0b20a105d93,Rebecca Lane,sheilamyers@example.net,BR,sorocaba,SP,2025-08-06
e283ddc5beefba674d4dbcba24e37d04,Jessica Garcia,williamwelch@example.com,BR,belo horizonte,MG,2026-05-01
a8794bde6655593c9b71212e6dea7177,Christina Davis,xsmith@example.net,BR,sao paulo,SP,2026-06-18
e49eafd7e69d43b8d86f6b5590fafd02,Valerie Armstrong,newtondavid@example.com,BR,david canabarro,RS,2026-05-05
427be1ae47bac17e53cd13061534a4e0,Joseph Sanchez,qtownsend@example.org,BR,itarare,SP,2026-06-27
28e7419981c810e071e0f6b061129fbc,Margaret Riley,rodriguezsara@example.org,BR,sao paulo,SP,2026-06-10
b12fb4939476e92d9490ab46c7006675,Johnny Ward,peterhenry@example.org,BR,maua,SP,2026-06-14
77109035aef26917b4c23dc142a55bde,Jason Preston,lstokes@example.com,BR,curitiba,PR,2026-05-28
96e136c1e84c06e4f46fbabcbc3f918d,Grant Reed,moorejudy@example.org,BR,guarulhos,SP,2026-05-28
82b2b6a27479a25369741ff265a19a49,Jorge Hernandez,danny30@example.com,BR,maceio,AL,2026-06-06
a5d3aa4d29649db999b3877b8961b64b,Beth Hill,stephaniebailey@example.net,BR,cajueiro,AL,2026-04-24
790352c18a7b36b50eb483aa9eba0a43,Travis Nielsen,gerald46@example.org,BR,jacarei,SP,2025-12-20
bc53fa6fe784dfc008612a79f5fc0e3a,Katherine Andrade,rcarlson@example.com,BR,florianopolis,SC,2026-06-25
84da12896f5cde5ebcb0c8bc0f35e26e,Jacqueline Chen,colepamela@example.net,BR,belo horizonte,MG,2026-06-23
21a2d9dc71459dbd3dad219cb9681964,Sherry Clements,raymond12@example.com,BR,uberlandia,MG,2026-06-27
7b6d07dac0a2c373d749142e920ae356,Daniel Watson,kimberlymartinez@example.com,BR,santo andre,SP,2026-03-19
b20eaead1d0c121ef9f0a705ad37803e,Erica Hall,cruzcarolyn@example.net,BR,sao paulo,SP,2026-06-08
16d778764561c820ab02b6ea12796b14,Theresa Aguirre,berrydebbie@example.net,BR,uberlandia,MG,2026-02-11
4232024117e4618d2cfdc07c30b5d3c7,Anthony Snyder,mooneyrobert@example.org,BR,cruzeiro,SP,2026-06-23
efdfdcb4890f42ff5fdc077b298f9af8,Cynthia Smith,schneidermelissa@example.org,BR,fortaleza,CE,2026-06-26
28aea3e12549a3611bbd8d4e3310e4fa,Joseph Rose,deanna17@example.org,BR,rio de janeiro,RJ,2026-04-23
b3285dd7fd409eaa193f78dbd67f70d2,Gregory Miller,troy06@example.com,BR,aperibe,RJ,2026-02-20
fbb97973142894c3265d06e676820c5a,Teresa Garcia,brandonsmith@example.org,BR,santa cruz do sul,RS,2026-06-21
39d7ce28dfadb187458ae98f1e7e3857,Brandon Ramsey,lisa80@example.net,BR,sao paulo,SP,2026-06-17
38e31fda99a5fb901d27134d18d36c75,Travis Jones,hailey64@example.net,BR,belo horizonte,MG,2026-06-25
6ce73016161f051b4267667a28bb417e,Francisco Hernandez,qwalsh@example.org,BR,porto alegre,RS,2025-12-01
48464d1565a9447566fa926099aa5d9b,Douglas Barton MD,bakerkenneth@example.org,BR,volta redonda,RJ,2026-06-20
2a9c0f0e5f06e91c50c74baf4dc67a0f,Nancy Harris,jonestroy@example.org,BR,presidente epitacio,SP,2026-06-12
6b3e85b566abefbb24c346a5c2faf23f,Brian Clark,kathleen47@example.net,BR,porto alegre,RS,2026-06-26
f5e97c4a357a49248114891b8b69fd80,Colleen Cox,gparrish@example.org,BR,belo horizonte,MG,2026-03-16
794dcff1cc7dee09bea35d1d20994c99,Michael Lynn,thomasnancy@example.net,BR,joinville,SC,2026-06-25
c8fa956730a8b291e6bada90a5c6db6c,Allen Stanley,hbell@example.net,BR,vila velha,ES,2026-06-14
6e9c6c2120611104445c767b78377d21,Jeffrey Cook,gnelson@example.org,BR,ribeirao pires,SP,2026-05-28
b4b26faae91bc1b8f9458d29bc3c200c,Collin Thompson,alyssa78@example.com,BR,castanhal,PA,2026-05-16
9e80855aee7a17e3e214da66f7d1c08f,Colleen Brown,johnstonjohn@example.net,BR,belem,PA,2025-12-02
7a6156ef7451bb5f25556d7332d1cf77,Brian Gross,tyler23@example.com,BR,cacapava,SP,2026-06-16
12bc33b0d41518a36034c53c10e37129,Anna Gordon,sstevenson@example.org,BR,nova lima,MG,2026-05-17
6fa75bcd8374aaf022bf590a4aad45e2,Gary Gibson,waderonnie@example.org,BR,sao paulo,SP,2026-06-24
589ee29a3decf9bd5cd8492da02efb2e,Philip Smith,tara90@example.com,BR,cariacica,ES,2026-06-16
b087812101562e36a7b1c11c1540c3bd,Latoya Mooney,aliciajackson@example.org,BR,contagem,MG,2026-06-26
43f0b8fa25a050c02dc18e166ed574ef,Nicholas Fritz,elizabeth45@example.com,BR,guarapuava,PR,2026-06-12
bb4a329975df85aa69684e124f0b48b1,Patricia Vincent,rrodriguez@example.net,BR,sao paulo,SP,2026-06-17
93805ba8be262fe253c4284751762866,Brenda Jimenez,beckydominguez@example.com,BR,bom jesus dos perdoes,SP,2025-11-10
db94b7a9542eb59e1d8d0e7191013354,Troy Fowler,natalie87@example.net,BR,ipatinga,MG,2026-06-27
4bac35931842898ef246fe185e61f7b3,Gary Lawrence,kyle09@example.net,BR,urucurituba,AM,2026-06-18
f1bb87ce3b511f772f77765bd3fcef6a,Jesse Donaldson,keith07@example.net,BR,jandira,SP,2026-06-15
fbcafae33b8ac7b85dcbb5ff0cad932e,Donna Grant,kevinroberts@example.com,BR,olinda,PE,2025-11-14
0019e8c501c85848ac0966d45226fa1d,Becky Freeman,jordandonna@example.org,BR,cuiaba,MT,2026-04-08
1b5908d160c0942cc1b26bc725536d42,Kathryn Mullen,stephaniereeves@example.org,BR,diadema,SP,2026-06-26
63c265da6b6a1c029778de3661b64977,Daniel Kennedy,john66@example.com,BR,sao jose do rio pardo,SP,2026-05-26
82a78b7fe9c0c1a662b2d7116c203d36,Jeffrey Liu,feliciagonzalez@example.org,BR,guapimirim,RJ,2026-06-09
682dd9d89b6bd17e600db2ebb25bd46d,Edward Ho,ygardner@example.com,BR,sao paulo,SP,2025-03-26
c7770d8b16c2c8d608209bd7df488678,Melinda Howard,ronald66@example.com,BR,guarulhos,SP,2026-06-19
579bed8121f490a9c8068ba6071edb3b,Charles Meadows,bettywatson@example.net,BR,vinhedo,SP,2026-06-17
6df2dbb5ec4a3c72ffc716d264b4b425,Michael Ford,fcombs@example.org,BR,salto,SP,2026-06-24
2161aebe2d9d920cb9d7ae3c8aa39940,Brent Roberts,dvaughn@example.org,BR,niteroi,RJ,2026-06-25
acd046ff2c7ad6d4b091883063c93ff6,Tracy Taylor,kevincollins@example.org,BR,rio de janeiro,RJ,2026-04-12
49823ffcaa3d1b5b5e95aebc40ca0c9b,Aaron Munoz,meyerjohn@example.org,BR,sao paulo,SP,2026-06-14
74ef2468836d147c610bc829ecd77677,Anthony Martinez,lwebb@example.org,BR,manhuacu,MG,2026-05-29
6ef326dc1bc04a8e63bce7e749279a00,Lisa Reynolds,lopezlori@example.net,BR,campinas,SP,2026-05-31
8625b708ec6cc8afaf5d676fafc4f37e,Christina Castillo,elizabeth97@example.com,BR,vitoria,ES,2026-06-05
65571628698194dbda526c22f5ed2317,Robert Hernandez,stephen96@example.org,BR,rio de janeiro,RJ,2026-06-27
e9738b45a5906bd7778b089a4ebba74b,Terry Estes,dkhan@example.com,BR,sao vicente,SP,2026-05-06
cd9b72ce79772adb2e28bdfc051bb341,Steven Warren,thompsonedward@example.net,BR,concordia,SC,2026-06-22
3842d2de8b603bbfe941ade4da285f32,Phillip Turner,pjones@example.com,BR,sao paulo,SP,2026-06-25
fe362d146a84f9000664211ac929b9d5,Tammy Rowe,david59@example.net,BR,santo andre,SP,2026-06-08
4563a5506935785f8c7e94005595cb53,Allen Quinn,colinrodriguez@example.net,BR,vargem grande paulista,SP,2026-06-26
49c00537cb6418b95faaff96b95d596e,Dr. Morgan Young,jessicacruz@example.com,BR,salvador,BA,2026-05-12
fafca0e855aa0ce0b89027f605229d55,Paul Alexander,catherine02@example.com,BR,guarapuava,PR,2026-06-23
af366f48405f787edafa83d61e9ab5c5,Laura Gonzalez MD,oshelton@example.org,BR,porto seguro,BA,2026-06-23
929de36edcb645b07f26d1871120a9ab,Cheryl Perkins,harrislisa@example.org,BR,brasilia,DF,2026-03-30
4f463757edb0250ec353ab6f3610cf34,Andrea Lopez,nlee@example.net,BR,brasilia,DF,2026-06-20
e3839dc99461bc42b5b169c5db72234e,Kristin Taylor,gonzalescolleen@example.org,BR,lages,SC,2026-06-25
f2c08b92fc8f8634e72f8cc74f06a8f4,Jonathan Williams,andrew44@example.com,BR,chapeco,SC,2026-03-03
50ac16a2d87e6ab7fb5d9db91764e5bd,Angela Johnston,reginald08@example.net,BR,bauru,SP,2026-06-27
36e61142062289a6a0c06d04fd4a90f3,Amanda Fisher,matthewhubbard@example.org,BR,sao paulo,SP,2026-04-07
6991221485787f31e830a729531c20f2,Peter Gaines,youngcharles@example.net,BR,sao paulo,SP,2026-06-25
a7a0990a0bc15359977148c0d41bd277,Lisa Miller,rpotts@example.net,BR,santana de parnaiba,SP,2026-06-25
ea1bca6d388490f8f4ceb90ec9127c57,Gregory Woods,andrewbrown@example.org,BR,videira,SC,2026-06-22
a5782905d18c0d30d5dfbf6f2a864719,Amy Cannon,russellsimmons@example.org,BR,rio de janeiro,RJ,2026-06-24
ff3e14860e32acc535aea6a5402d531c,Greg Hull,jessechapman@example.org,BR,belem,PA,2026-05-29
f75da962fb4ddac1569e90c21803c455,Wendy Smith,lisajones@example.org,BR,taboao da serra,SP,2026-06-27
e350c8445a78561ccd1eb2f7911684b0,Lance Zamora,david67@example.net,BR,itabira,MG,2026-06-27
a20cdea40f5bfb3da4c667e998086272,Christine Thornton,priscilla37@example.net,BR,sao paulo,SP,2026-05-05
970875880538c798adfc5a56a7fdd734,Matthew Rose,luis88@example.org,BR,canapi,AL,2026-06-22
cef0911b797ebfa3b9fa952b9932a65c,Dalton Taylor,kevintran@example.org,BR,serra,ES,2026-06-20
9e066311b498f2311b3e21a6577fe238,David Alexander,bbenton@example.com,BR,cotia,SP,2026-06-24
864e517a3d25387ba522277812310dff,Vincent Brown,ysimpson@example.com,BR,sao paulo,SP,2026-06-27
fe797777cb9bed24de9dced3819e8b59,Matthew Patel,anthony50@example.net,BR,pontal do parana,PR,2026-05-17
d0f35a2cb9d0fff870811961232a5904,Leslie Todd,jessica96@example.com,BR,porto alegre,RS,2026-06-10
788d87eeb999019a75d8ba69017398b7,Tara Mitchell,ucoleman@example.net,BR,campos dos goytacazes,RJ,2026-05-16
557cd07fbd892abdb1dc537a91ac9f00,Willie Allen,campbellfelicia@example.com,BR,santo andre,SP,2026-06-13
2e642fa075db8661dab42c957cfe6290,James Gilbert,joseph49@example.org,BR,sao paulo,SP,2026-05-08
adf2f3c1524855ec8e22850045998f05,Sarah Wallace,gonzalessteven@example.com,BR,concordia,SC,2026-06-11
5efebfd4cc8bc54a199c512d3bb1c6a4,Anthony Mcmillan,penny85@example.org,BR,bento goncalves,RS,2026-06-25
3a1843bdfa85949a0b09bae81235709d,Johnny Perez,dylanwilliamson@example.org,BR,sao paulo,SP,2026-06-12
ced43e4c9c807745b25ad6c5d519859e,Jonathon Alexander,bobby30@example.net,BR,sao paulo,SP,2025-12-04
0489eb155166019d60e13ca2b0f76895,Shannon Gomez,burkemichael@example.org,BR,rio de janeiro,RJ,2026-06-27
8c8b21e9534948db376200dd8de97c98,Gabriel Watson,bjones@example.com,BR,caceres,MT,2026-05-07
3301ed311d556f65038f3c50002eef18,Frances Russell,thomas49@example.org,BR,sao paulo,SP,2026-04-01
c3f3b3aec6ab1645b825e2b7031cfd43,Susan Johnson,lindseydixon@example.net,BR,fortaleza,CE,2026-06-11
fa7b428394b88f4f3e244cd84163e81d,Amanda Barber,pfarmer@example.org,BR,jundiai,SP,2026-06-14
fb5ad6c23182ac9a66db83611b62b18d,Morgan Ryan,abbottallison@example.org,BR,bituruna,PR,2025-09-01
5b45f3493929fcecf1bacf1a1c4a4801,Derrick Huff,rhonda53@example.com,BR,campo bom,RS,2026-06-26
bbfdfbd3af995f06a0da9d30e99fae15,Melissa Wallace,wcox@example.net,BR,sao paulo,SP,2026-06-13
0ff5b872dfd979e7d23064973ec52e5b,Jason Hudson,sarasanchez@example.com,BR,sao luis,MA,2026-06-17
acfb17c1122b06dd09ea27d6e55cd139,Erik Miller,jwagner@example.net,BR,rio de janeiro,RJ,2026-05-26
e6dad6995380749fc3e8f0178b5873c3,Sherri Smith,barneskathy@example.net,BR,sao bento do sapucai,SP,2026-06-12
ed1b6f66996abfab57c0affd00805578,Sandra Johnson,veronicaanderson@example.net,BR,mage,RJ,2026-02-19
40c222fdf42ca7cb872bb2c4ebf06f93,Michael Allen,david59@example.net,BR,campinas,SP,2026-06-26
c8ec36160dbdb80f55d3e944d2d3240b,Susan Mccoy,eroberts@example.net,BR,curitiba,PR,2026-06-26
e92cf8004da0ba60863ad7d5bd816f5c,Sydney Zuniga,hernandezalan@example.net,BR,sao paulo,SP,2026-06-04
07c30b82dddc10f4d5d676398b62304b,Jeffrey Romero,shirley13@example.com,BR,santo andre,SP,2026-06-26
681b1f6f853abf792786c3429e8e8633,Kelly Romero,ymitchell@example.com,BR,sao jose dos campos,SP,2026-06-21
146ee84a8b840b713c90659dd5ae94a2,Sonya Simon,kstone@example.net,BR,forquilhinha,SC,2026-06-01
a776fa09b1b0a5b40d46bc4c9b91906d,Dwayne Tucker,nicoleroberts@example.com,BR,itaberaba,BA,2026-06-09
dc4ece065a1fe9ac265d3908bc3e88e6,Juan Romero,anthonyorr@example.net,BR,sao paulo,SP,2026-06-20
3d01523c62122408343bc08a31ddb1b4,Jaclyn Campbell,hdennis@example.org,BR,goiania,GO,2022-06-08
c2d0d46bbdebdc3160671251b42d5d5b,Tamara Wilson,fsnyder@example.org,BR,porto alegre,RS,2026-06-10
0e9bafe047d5c6fe3fd8ef6bcdce9a1a,Regina Garner,jessicamurphy@example.net,BR,sobral,CE,2026-06-14
b0cb09eb848eddd6485a6a38e5a2f134,Angela Watts,hamiltonsarah@example.net,BR,vitoria,ES,2026-06-04
91941baa83ca10be2c0b9d1481329af4,Sherry Johnson,sanchezbrenda@example.org,BR,gramado,RS,2026-06-26
77c213e10acbd145d50fcb035d0e86d9,Mr. Jonathan Anderson,tapiamercedes@example.net,BR,guacui,ES,2026-05-24
f25c86f1fe0da86457a759fcf3893d3a,Logan Mckinney Jr.,christina93@example.net,BR,sao paulo,SP,2026-04-10
cb19b98e488b470bdced6f88a32033cd,Sara Golden,ohenry@example.com,BR,sao paulo,SP,2026-05-30
09da3efea7f5ac0b094ea9c0106472bc,Brian Ibarra,robert75@example.org,BR,pato branco,PR,2026-05-11
7708be0184a28acaf3d4b9bb7bb8dc51,Mary Bailey,xbush@example.com,BR,goiania,GO,2026-05-21
6a8fdf11c6cc553fe201f827da2f4e65,Derek Lewis,xbrown@example.com,BR,itanhem,BA,2026-06-23
cbbe4b5beeea8b05dae43cfd1a73e6d9,Jeremy Ross,adamsjessica@example.com,BR,palmas,TO,2026-06-15
ced1416fc6e0276033a69ead27de0ccc,Carol Harris,gouldchristina@example.com,BR,sao jose da coroa grande,PE,2026-06-23
df85489b24646779960c73a7c2f8acbf,Alisha Gray,rhonda81@example.net,BR,sao paulo,SP,2026-06-19
53c7fe58f9f5f5d8a3d132ece5d4df8b,Christopher Nichols,kellymartin@example.com,BR,bage,RS,2026-06-14
c756c5a0183a0e0c511a8b00fa1e2ee2,Teresa Johnson,fischeralisha@example.net,BR,sao jose dos campos,SP,2026-06-16
12c5d24b9c758bbf4298c59d99746513,Eric Hall,arthurbrady@example.com,BR,rio de janeiro,RJ,2026-06-26
ef0103e9602d12594d19c2b666219bc1,Angela Wagner,vsmith@example.net,BR,belo horizonte,MG,2026-06-16
97a9cbfee4f4914fdb7761206d1bd014,Cheyenne Obrien,kristen68@example.net,BR,macae,RJ,2026-05-29
8a04cd485d578904eed5263be0df576c,Wayne Johnston,fcarter@example.org,BR,belo horizonte,MG,2026-06-18
027a8a853eac346c3bf686f95289b761,Michael Hunter,fsmith@example.net,BR,sao bernardo do campo,SP,2026-06-25
75911973553414cf548f0d62eb2f0fbc,Jodi Lane,sandersjesse@example.com,BR,sao paulo,SP,2026-01-29
b896655e2083a1d76b7b85df8fc86e40,Robert Daugherty,hoffmanjared@example.com,BR,francisco morato,SP,2026-06-26
7100473ac090214faac1fd8f9af9f68f,Kara Sharp,briansnyder@example.com,BR,barueri,SP,2026-04-20
e91d99078659be9b7b474bd69cb53ac3,Michael George,adamsjason@example.net,BR,campinas,SP,2026-06-26
27aedee05bc8e9bcc4da2bae37fd4d78,Cynthia Murray,vrobertson@example.net,BR,montes claros,MG,2026-06-26
8c5458447e008fc2db69ca27bf5560f3,Peter Martin,martinsamuel@example.org,BR,brasilia,DF,2026-05-17
668dc9fde9d42de2f1ac1ddaa7823694,Dr. Joshua Ross,david44@example.net,BR,belo horizonte,MG,2026-04-28
b55c4cbaa102fdce0375bc2a92ed4bf8,Carol Roberts,leahcrane@example.com,BR,barbacena,MG,2026-06-08
c143cec5225978d71e218834a2c37920,Tammy Cortez,frankespinoza@example.com,BR,natal,RN,2026-06-06
e8af6532230712b51ceb46072be610d4,Willie Smith,jamesdavis@example.com,BR,cosmopolis,SP,2026-06-08
c899abf9b025c3ecd2e8d8c4051ed1b9,Andrea Fields,michaelsmith@example.org,BR,sao paulo,SP,2026-06-20
bd37ac6e186acf56280b2fc1437bb981,Elizabeth Weber,jvilla@example.net,BR,sao paulo,SP,2026-06-25
da1b79f401c4b535be29afa615b6fa58,Daniel White,martinezalexa@example.net,BR,sao paulo,SP,2026-06-19
8849b35ccb854f2373c2bff43083e145,Tracy Mclaughlin,aclark@example.org,BR,carmo,RJ,2026-05-29
5b0a933d48aec9721e65e09ff51d6bf8,Briana Alvarez,morrispaula@example.org,BR,santa maria,RS,2026-05-15
f68fcf829cc4c6c8a53b46c864c1639e,John Turner,allenphillip@example.com,BR,ponta pora,MS,2026-03-31
0b261bf4d7968521faf1b2178930087b,Blake Jacobs,stephaniedougherty@example.com,BR,farroupilha,RS,2026-05-21
baa2381220d03aa74d97baf23302ddc9,Michael King,grantryan@example.com,BR,sao paulo,SP,2025-07-27
90753e87d6102e8136a26f7c2e02b35f,Patricia Reed,jlewis@example.org,BR,campinas,SP,2026-06-05
918d4b7f27fa3b36b2eb95e7faafa737,Isaac Lee,mark54@example.net,BR,sao paulo,SP,2026-06-19
91b06e7f118797fea3e4fdf5b9432d7d,Jennifer Forbes,joshua09@example.org,BR,rio de janeiro,RJ,2026-06-06
0b3ea22a9c32f9c1ef2684e5c981e9ea,John Golden DDS,johnsonanthony@example.net,BR,sao paulo,SP,2026-06-23
319735848583373563cb47f6f112b6c5,Bonnie Barnes,browndana@example.org,BR,belo horizonte,MG,2026-05-30
cfbb7ce77206d860a748fed4a35a5e3a,Samuel Rios,cookemily@example.com,BR,armacao dos buzios,RJ,2026-06-23
3341514b8049f4a268e4188fb0211d34,Adrian Beck,qmonroe@example.org,BR,sao paulo,SP,2026-06-25
a0defeb4e8b47e1db2149cbe93d68609,Derek Thompson,hilljames@example.net,BR,campinas,SP,2026-04-14
35bd5e295fe699acc2e24b0de1e53663,Justin Wilson,scarroll@example.org,BR,taubate,SP,2026-06-18
591ae038dcf527c45333bf204224b7f5,Brandon Stewart,wangkristina@example.org,BR,sao paulo,SP,2026-05-12
f5479eed84b3486132141fe08c598b95,Michael Bender,julierojas@example.com,BR,sao paulo,SP,2026-06-07
515be97b99f6127120e5793a7cb71aef,Karl Gutierrez,joshuagonzalez@example.com,BR,santa maria da vitoria,BA,2026-04-30
040641ad9a73250e1362678a81db1b9b,Henry Cox,rgallegos@example.org,BR,belo horizonte,MG,2026-04-14
ea2cf3092f1a6b9641abe79f008ad478,Christine Park,debbie43@example.com,BR,barueri,SP,2025-05-17
e106b0bf1efc2352bda60eaeced76675,John Johnson,holmescrystal@example.com,BR,pedro leopoldo,MG,2026-04-26
720ac6417c01c1815e7e6e898a549f90,James Chapman,morrisdaniel@example.com,BR,tres marias,MG,2026-06-03
c0b8f06358c17e08e149768d1568b639,Steven Lopez,kevin78@example.org,BR,sao paulo,SP,2026-05-31
c57eec8752714491b49a0af853dd80e6,Melissa Simon,qflowers@example.net,BR,curitiba,PR,2026-06-27
c374dc8c48a3edc15dc8bcd4aaeb67be,Elizabeth Arellano,kathrynsantana@example.net,BR,cascavel,CE,2026-01-17
7b9fdbf39311ea24e456accef9d98b6d,Jennifer Johnson,sandratanner@example.net,BR,santo antonio de padua,RJ,2026-04-21
ecc8e39e03d252a504520ec827882930,Gary Choi,parkerkatie@example.com,BR,santos,SP,2026-06-22
65af86340218f71a500596087e69bd10,Charles Andrade,kyle23@example.org,BR,porto feliz,SP,2026-06-24
bffe21e5fcf1018f69c5654bb45ec1b6,Justin Rowe,woodsmelvin@example.com,BR,gaspar,SC,2026-05-24
0cb7f0c5d651cb95e32abfd633338af7,Sandra Mccarthy,hugheslucas@example.org,BR,sao paulo,SP,2026-06-20
81cac5e539b7849224280b2b7b4114a4,Monica Coleman,wferguson@example.com,BR,juiz de fora,MG,2026-06-19
949970123579e8829ddd1ba3d32ac18d,Jackie Morgan,bishopkaren@example.org,BR,marilia,SP,2026-06-27
cde21009d0c20492ba91c194adc13101,Eric Davis,bvaldez@example.org,BR,palhoca,SC,2026-03-30
f99fa0c7b369bde9c53edc9e6f6c4a58,Tyler Fisher,raymondholmes@example.org,BR,sao paulo,SP,2026-06-07
d73d940f6fc13f3e9bdafaf100690c55,Ashley Huffman,martindavid@example.net,BR,rio de janeiro,RJ,2026-06-17
01ca0680cddb7f4c71e3235f08cd16a2,Dr. James Wise,ronald19@example.com,BR,carapicuiba,SP,2026-06-25
66980c3775537536f77b434d74e520f5,Valerie Rodriguez,tinaschmidt@example.com,BR,belo horizonte,MG,2026-06-01
02a9fc337956564657d9fa17d41af27f,Jose Mendez,dgraham@example.com,BR,teresopolis,RJ,2026-06-27
dd3c3c93dbf411c967feecabdf1b8751,Stephen Parks,ronald40@example.net,BR,sao paulo,SP,2026-05-16
30d77053d42d9d72c6875552cba2cc64,Jeremy Evans,larsonmichael@example.org,BR,sertaozinho,SP,2026-06-23
6d69a17bd912f5421904a22de939f6f7,Beth Thomas,rjordan@example.com,BR,pouso alegre,MG,2026-06-16
3daa1c97a3155484f70c88b19c90dfb5,Stephanie Randolph,uwilliams@example.com,BR,guaiuba,CE,2026-06-19
1573fa36d8bf101af8300e86e78fecbf,William Miller,roberto02@example.net,BR,fraiburgo,SC,2026-06-18
60c9aac573e07a0ac0a9678f43ac25e1,Jessica Wilson,ashleycooley@example.net,BR,serra,ES,2026-05-20
6b05110cdbb6841273fdb6718c9f58ea,John Hodges,shill@example.org,BR,sao paulo,SP,2026-05-09
89e0dd98544c5ff21224086f5cd4f885,Susan Gregory,adam30@example.com,BR,santos,SP,2026-06-07
796af4fac93296428070925a8a78aaa1,Vanessa Flores,jeffreyfletcher@example.org,BR,brasilia,DF,2026-06-26
cb85c247e17145a2883f582786099f12,Madison Murphy,jalvarez@example.org,BR,paranagua,PR,2026-06-27
6a3b483e9b2d95ff255471067c0f7203,Brittany Dickerson,sclark@example.org,BR,sao paulo,SP,2026-06-24
0946262550402fc07495e24ad9f252f2,Laura Miller,whoffman@example.org,BR,sao paulo,SP,2026-06-03
4350cf84c81dc8d0fed2aaf06c683d9a,Edgar Stewart,njohnson@example.net,BR,mogi das cruzes,SP,2026-05-28
91072c5d9631aab2b794c98dd68d2c9c,Zachary Johnson,angela73@example.com,BR,sao paulo,SP,2026-06-21
46df7382c666159526532d5ffe8138b3,Anne Robinson,duncangregory@example.org,BR,piracicaba,SP,2026-05-29
8335867dab25b0b9e2ba0f5e6299c870,Jennifer Greene,kaylee15@example.net,BR,aurea,RS,2026-06-13
fb24197c4a4ebc546b9d0fe21cc13835,John Mckenzie MD,ricardosmith@example.com,BR,videira,SC,2026-06-15
16958e0580aabd51c43765569afea366,Matthew Mccann,blopez@example.net,BR,porto alegre,RS,2026-06-21
d20f34444ce44ca683d46e9da98456e1,Angela Duncan,udougherty@example.net,BR,suzano,SP,2026-05-14
2e22a2c99a49984d1ef90e308770ebe4,Brandon Wood,marnold@example.org,BR,botucatu,SP,2026-06-25
04c5ad73047074972e9a1c744c3b4bf8,Timothy Morse,david10@example.org,BR,corumba,MS,2026-06-16
6ba32efcb359d12143b1bf24b7592c81,Rebecca Kaufman DDS,laramary@example.org,BR,sao paulo,SP,2026-06-21
a696ba5db33cf4835a04dd5965a86781,Paul Fleming,ecamacho@example.com,BR,cajamar,SP,2026-05-27
c9c2e6e2ec65683e71205e16a5f3aa90,Kimberly Baldwin,gonzalesmaria@example.org,BR,rio de janeiro,RJ,2026-06-13
8dffa3165d189110cdbe104f7f948f1f,Mitchell Hunt,hpatterson@example.org,BR,belo horizonte,MG,2026-05-28
fddb0443caca83884ff3d7e44a9bcbdd,Nicole Rodriguez,michaeldouglas@example.org,BR,itabira,MG,2026-06-27
eea69b2b4f7272b279bd2e0e9b106132,Gary Benson,fnolan@example.org,BR,sao paulo,SP,2026-06-17
4affc8f04011f35b1b1411bf56841f0e,Jerry Scott,brooke22@example.net,BR,franco da rocha,SP,2026-06-05
c3166e62cdfb039707b78bcfc4828c86,Michelle Parker,ashleytorres@example.net,BR,astolfo dutra,MG,2026-06-27
5e2d89be42420641aa1c19cf1a90247e,Melissa Thomas,michele43@example.org,BR,sao luis,MA,2026-06-21
8479ef9838c9bca6f1ad143f1c0404f9,Deanna Griffith,kwoods@example.com,BR,icem,SP,2026-06-23
f845965c44b627242d3fe2ff76fcb908,James Grimes,hwong@example.com,BR,queimados,RJ,2026-06-25
3be2432d88955b7cc6e9cb71d9d1931e,Travis Peterson,jamie24@example.net,BR,campinas,SP,2026-06-22
9089f3d032c44d092d8de15a28de55f0,Thomas Escobar,judithcox@example.org,BR,sao jorge do ivai,PR,2026-06-20
e65a6776046796b39fe251f71b6abd6f,Denise Nixon,wallerbrian@example.net,BR,rio de janeiro,RJ,2026-06-27
45717be4d89508e2acd37fedec782c0f,Melissa Curtis,jeremylove@example.org,BR,cajamar,SP,2026-05-16
02399dafe5a38655445fb46ec2499071,Colton Rivas,escobardavid@example.com,BR,sao paulo,SP,2026-06-24
1600e56406cd89032fefb96f79ffeef9,Karen Garcia,florescynthia@example.org,BR,suzano,SP,2026-06-18
afa2d112b99f01c2f052f0dfec88726c,Brett Lawrence,aevans@example.net,BR,itaquaquecetuba,SP,2026-05-23
39104edef5e46d7b8c61848cc95e6d97,Jessica Day,qgay@example.com,BR,suzano,SP,2026-06-12
e2c40c8b0afea459059e4f2b8d22b6f0,John Campbell,joseph83@example.com,BR,nova laranjeiras,PR,2026-04-19
2356a157ac13013e2af4979379737874,Jeremiah Rowland,tonyflores@example.net,BR,petrolina,PE,2026-04-30
0567862a60d6b41efcb7f0e4d20aac8f,Jeffrey Torres,rpeterson@example.net,BR,petropolis,RJ,2026-06-26
157876073aaa5d005e429235e1d56983,Cindy Shaw,katie71@example.net,BR,sao paulo,SP,2026-04-04
9b61c2fdf2c0a670763b67aad64dab3d,Brittney Moore,kfloyd@example.net,BR,sao paulo,SP,2026-06-27
d63d0b04501d2e9583cfe64e6e9f7eda,Miss Rachel Chan,jeremy47@example.com,BR,sao paulo,SP,2026-06-27
cb3766a52eaee82451ef56d6f12b9fb0,Sandra Stewart,ronald66@example.org,BR,guaxupe,MG,2026-02-01
32c050ea3af0bf160de1209adfb922eb,Robert Proctor,andrew33@example.net,BR,niteroi,RJ,2026-04-04
2734e0cdd8354610f50b29876b01fc97,Jeffrey Reyes,laurenwilliamson@example.com,BR,belo horizonte,MG,2026-06-07
efa5d4299e261e6d7f6cd7f94b5aa7ff,Nathan David,ccrane@example.net,BR,osvaldo cruz,SP,2026-06-07
83511e439930d5ee33c12a4712d1baa3,William Willis,garciadanielle@example.com,BR,sao paulo,SP,2026-05-22
429bc087ae0c9ec6f0b3a0d42d5bf9c9,Chad Brady,tiffany62@example.org,BR,novo hamburgo,RS,2026-06-16
ee2bbda93ed3cbef0bfde31a62f807e7,David Armstrong,angela40@example.org,BR,sao jose do rio preto,SP,2026-06-25
af93c8e23e4df2d72f78fd43cb6ae215,Heather Mejia,jackmcdonald@example.com,BR,petropolis,RJ,2026-06-27
57f374ff5fea84f3570619a1425a6b43,Paul Johnson,mayronald@example.com,BR,sao paulo,SP,2026-06-20
ec2c939a56b9d792f75a3132ee47c2ec,Keith Forbes,kristy74@example.net,BR,ivora,RS,2026-05-02
53dad0f86e33e3e263658b3484563365,Valerie Norman,laurenmathis@example.org,BR,anaurilandia,MS,2026-06-03
71483eefef96601ce6e0f9437715b5fe,Pamela Jordan,steven25@example.org,BR,sao paulo,SP,2026-04-20
0df55f5accedda71bda8f4c7f590951f,Richard Stevenson,zpreston@example.net,BR,santa rosa de viterbo,SP,2026-02-04
f0fe4ee68e4a03068e981e6481bb9e1e,Danny Simmons,melissa95@example.net,BR,caraguatatuba,SP,2026-06-26
c7797b25e6175614c2c8ad82742a2ddd,Laura Gomez,jacobhernandez@example.com,BR,guarulhos,SP,2026-04-14
5dbaf31e6f3ccef2df173b8d09a07128,Sarah Chan,stephanie55@example.org,BR,cacapava,SP,2026-06-22
1c0ad53bbac159e9a38bcb2ddc56afe2,Devin Mayer,kelseyjohnson@example.com,BR,regeneracao,PI,2026-06-06
f26327ec6541f1c2aa119fd0d02a351d,Patrick Singh,cwilliams@example.com,BR,jaboatao dos guararapes,PE,2026-06-10
634f09f6075fe9032e6c19609ffe995a,Belinda Costa,martinjason@example.com,BR,feira de santana,BA,2026-06-17
4e0e024ecf013f1487910ad3a94c049c,Daniel Davis,timothy81@example.com,BR,campinas,SP,2026-06-20
a66e716d02b556bd6a57ee40c8a610ef,Scott Gomez,mary64@example.org,BR,rio de janeiro,RJ,2026-06-19
6202c5845cda18b2540b7e0c3883840c,Alexis Brandt,brandon32@example.net,BR,bilac,SP,2026-06-19
8c2e1b595fa98d5f22cb089e0e70d9cc,Pamela Brown,michelleguerrero@example.com,BR,sao bernardo do campo,SP,2026-06-24
51c8ddf321ee68b8d49ccafa8f4cfa50,Timothy Sanford,michaelbuckley@example.org,BR,sao joaquim da barra,SP,2026-06-11
212b273eed006f96498ccd8e91427e42,Susan Baker,anthony05@example.org,BR,faxinal,PR,2026-06-25
ae5df8e33ea496f14db277c8b8e77281,Amber Bennett,ericsmith@example.org,BR,campinas,SP,2026-06-11
273d136f7121c493a5c994c4838fa350,Julie Perry,mtaylor@example.net,BR,pedro velho,RN,2026-02-24
18e362d58b54666925aacfd86ff84213,Matthew Diaz,woodskaitlyn@example.net,BR,sao paulo,SP,2026-06-19
4e17943c8edf2f66d70f0e97b81aaf17,Tom Perez,pauljennifer@example.com,BR,campos dos goytacazes,RJ,2026-05-19
d35862da9bdb38fad3994de72a77a3c2,Elizabeth Page,hbarnett@example.net,BR,uberaba,MG,2026-04-25
3726ac7519981c0c5a86b98ca38297a4,James Thomas,adkinslauren@example.net,BR,campos dos goytacazes,RJ,2026-04-27
8f3dca4306d5a89e4ae2c65c110603a2,Mark Conley,fernandomorris@example.net,BR,brasilia,DF,2026-06-22
03f923dbcd3b3c763b22b24db6072d27,Sean Arellano,nhayes@example.com,BR,piracicaba,SP,2026-06-25
0647d94e80c8033ef27686bdb447e105,Mary Robertson,matthew24@example.com,BR,juiz de fora,MG,2026-06-23
957bf068749b802595d8b336214f7ca2,Mary Peterson,bryan56@example.net,BR,nova lima,MG,2026-06-04
cfef5d9c94eda3154a09d2a0d2e3e214,Sandra Martinez,david54@example.com,BR,osasco,SP,2026-05-13
5802e2beb1b61c3ec744d5780f0600bb,Valerie White,donaldbecker@example.org,BR,santo andre,SP,2026-05-30
825ace36a4828de05694b8047f6dd905,Penny Hart,mcbridemichael@example.org,BR,niteroi,RJ,2026-06-24
7afc4a1c2af2ac4a2b4fd9fe63037bfe,Madison Trevino,meganpotter@example.org,BR,sao paulo,SP,2026-05-10
d6d67261f2634cdf9ec293cd765c8479,Wayne Morales,asantana@example.com,BR,guarulhos,SP,2026-06-12
9caf7fce45f197ace0ef67476d5f0b94,David Peters,jason99@example.org,BR,sao paulo,SP,2026-05-14
a4297e8887cab7669f74acae48d8fc92,Mr. William Bray,petermoore@example.com,BR,rio de janeiro,RJ,2026-05-13
b41219e27b06fa15f910c4442b1457a8,Andrea Richmond,donald61@example.net,BR,rio de janeiro,RJ,2026-06-15
c5132a4ca6a90b81f1c947f705706392,Paige Smith,meyeralexandria@example.net,BR,viamao,RS,2026-01-27
27b4a7740a9b118f9eed1e8c8be7822b,Calvin Paul,whernandez@example.net,BR,jandira,SP,2026-06-08
6b75c62f41f50b0c278ab548066a100e,Steven Rodriguez,ksimmons@example.net,BR,cachoeira de minas,MG,2026-06-01
7c70ca4d728c6988ee9c326479b5f507,Ann Dennis,john76@example.com,BR,sao paulo,SP,2026-06-02
029b457bd01199c39136f89e0eddcd3a,Morgan Conway,robert45@example.org,BR,coelho neto,MA,2026-04-03
55133cf96f44c834ac51d0e3b678c7a8,Jon Garza,dalton78@example.net,BR,brasilia,DF,2026-06-02
4b3496d4740f8929ba830bb965b82891,Brian Massey,johnstondavid@example.org,BR,itajobi,SP,2026-06-25
6df827ed74b2b39a2b18b83ba11949c5,Michelle Williams,kphelps@example.net,BR,palhoca,SC,2026-06-26
9e5dba14616edd353e3e344705daebbc,Allison Bradley,mccoymark@example.com,BR,carmo do rio claro,MG,2026-06-15
30de122d775af047eb43340af4ba6159,Dawn Cardenas,michael34@example.com,BR,sao paulo,SP,2026-06-20
62049cfbc68cd893920204de3b5c057d,Caitlyn Hansen,joy52@example.com,BR,marica,RJ,2026-06-21
2da5ee41ace2b004297ab83756b6639e,Sara Perez,craig16@example.com,BR,campo novo do parecis,MT,2026-06-27
7d0983269f825d3112e5a64364b1258a,Scott Washington,linda52@example.org,BR,boa vista,RR,2026-06-11
d9f68ddf6447c3192acfef75203bf30f,Susan Graves,katherine82@example.com,BR,belo horizonte,MG,2026-06-20
2d94b4d76656b186b0b717c23ed66273,Brianna Peterson,randy61@example.net,BR,valenca,BA,2026-06-14
e94f497b64b4c843216126feedb1dfae,Danny Mckenzie,amycontreras@example.com,BR,ipameri,GO,2026-06-26
561e71dc2bf45afd3c2c7130bed4e370,Darius Wong,dustinphillips@example.org,BR,diadema,SP,2026-04-20
309ad0882e18729b77dbe9b6bdbb2165,Yvette Lee,melaniecarpenter@example.net,BR,bauru,SP,2026-06-26
0db307a3bf5f0cf05e7a62c6c3bb942d,Deborah Wood,lukekelly@example.net,BR,vila velha,ES,2026-04-03
179b7afa741e910646e438f3e480b4b4,Mrs. Kimberly Anderson,gnichols@example.net,BR,sao paulo,SP,2026-04-08
f757482977cb6137615b622a8b782d97,Vanessa Nicholson,stevenandrews@example.org,BR,barueri,SP,2026-06-03
fda3a6917a6ad5f8fe29d2177f79f210,Amy Forbes,castroangelica@example.org,BR,carlos barbosa,RS,2026-06-11
b33f678a7299da3b06beb4438a8d6908,Hector Blevins,ashley09@example.com,BR,anicuns,GO,2026-06-14
554b6028a7eb7766b87a690bb1b91e69,Mrs. Jodi Ryan,mark98@example.com,BR,sao paulo,SP,2026-06-08
97ffc2a068683682cd75484bdb8df6fb,Emily Smith,josephmichael@example.org,BR,sao paulo,SP,2026-05-05
92a4b4c966f31e01ad29b7adc861f25a,Morgan Wright,maryjohnson@example.com,BR,sao paulo,SP,2026-03-08
9e496be39289cedb58494ef74a1c8bb1,Tiffany Hughes,ejames@example.org,BR,sao paulo,SP,2026-06-15
a4f3f98f5f9d151530c62ab2377d3fac,Michael Koch,qdavis@example.com,BR,rio bananal,ES,2026-04-29
031f055c013d9b147263937cc2d5b6a2,Angela Hayes,warrenandrew@example.net,BR,tupa,SP,2026-05-30
5863a84c48e166291a930a8fd88f92aa,Aaron Galloway,smithpaul@example.org,BR,sao joaquim da barra,SP,2026-06-20
5f2eb40c7352bf49c3876e764133f0c2,Marc White,theresadavis@example.net,BR,jales,SP,2026-06-13
93451172a198897b74f15a1cd6f2e954,Jeremiah Singleton,williamolsen@example.com,BR,lavras da mangabeira,CE,2026-06-25
a356a8567cf4cd5ce32a18e6e7fcabc8,Rebecca Martinez,savannah15@example.net,BR,balsamo,SP,2026-06-26
f4371991881a328886a134bbc99cec9e,Kathleen Munoz,sharon86@example.com,BR,corumba,MS,2026-06-26
51c498c80f4afd96c234f0b6795f2e9e,Charles Horne,zlopez@example.org,BR,rio de janeiro,RJ,2026-03-04
69622cc3c28c760631192198f71fd35a,Susan Zimmerman,abbottchristopher@example.net,BR,itajai,SC,2026-06-19
80751f3256e9ecc03c4556904f6d72c8,Kim Long,justintaylor@example.org,BR,belem,PA,2026-05-22
1291474366a550ebc251d9187e763d62,James Henry,jgarcia@example.com,BR,sao jose dos campos,SP,2026-06-12
578a719055f199cc37fc781c943a51dd,Melissa Rose,lopezchristopher@example.net,BR,guariba,SP,2026-06-24
26f8790baee110479bb7cb362e16134a,Alfred Rasmussen,ilopez@example.org,BR,sao vendelino,RS,2026-06-22
63822de2a13203c2aa8a22cb8e52bcd9,Katie Maldonado,lozanocorey@example.org,BR,sao paulo,SP,2026-06-15
1f730c825bb084addd4914f9c2390f35,Kathleen Duncan,williamspatrick@example.net,BR,santiago,RS,2026-06-15
aa2b96dd03307ea6dc4b763c0b5f0b39,Suzanne Rivera,valerieserrano@example.com,BR,caieiras,SP,2026-06-10
e1429df8d7fcb85252834ee1552ea20c,Lisa Scott,tbecker@example.net,BR,brasilia,DF,2026-06-24
edf55e0391148600e839275491f147e5,Adam Colon,mramirez@example.com,BR,feira de santana,BA,2026-06-18
48c239b2821e4f65ef32ff7ecd4ed37b,Randall Anderson,chadwilson@example.org,BR,mogi das cruzes,SP,2026-06-21
f359832fd1c530fbb94b787e049f833f,Tony Scott,smitchell@example.com,BR,braganca paulista,SP,2026-06-17
f5d3f7d6508d52291134f9cd009eb354,Stephen Harris,peterstyler@example.org,BR,aracaju,SE,2026-06-19
437ca9feaa724197fb6f66a2b9060bed,Roy Lopez,allenchristina@example.com,BR,sao paulo,SP,2026-06-05
255db56b61e0c9227afd094f0a2f1aa5,Timothy Wang,kaylahardy@example.org,BR,sao jose dos campos,SP,2026-05-05
54ff1465fc605abd6e3df3b2d283e153,Hayley Gonzalez,myerseric@example.com,BR,osasco,SP,2026-05-31
799ed9d9a1712679681fb6bb70a8b638,Nathan Johnson,pjones@example.net,BR,taubate,SP,2026-06-26
a21a8c17fb2d281bb4890748efc12200,Emily Rodriguez,ortizamanda@example.net,BR,contagem,MG,2026-06-26
0f4435f8973c32a5ffe9fd128d096561,Charles Garcia,adamsmith@example.org,BR,januaria,MG,2026-05-27
89d9a5f6c5538b8fe797f4f5b6769008,Pamela Johnson,smithmadison@example.com,BR,navegantes,SC,2026-06-21
7e7fc3003584df59be31abba5784d8e5,Paul Vega,michael77@example.org,BR,sao caetano do sul,SP,2026-05-20
71c5139f336dd5af24b6ddd97683be54,Dustin Simon,kkidd@example.com,BR,goiania,GO,2026-05-30
31f1c1348185be629ce9ea2d4d71617e,Jason Hobbs,vanessamartinez@example.net,BR,serra,ES,2026-02-24
a0f3a0c053ba7501b10fb72e038bcc1b,Jason Quinn,dfarley@example.com,BR,indaiatuba,SP,2026-03-28
1be0b0b172e10ad52bef0d454965c053,Joseph Sanchez,ashleygould@example.net,BR,rio de janeiro,RJ,2026-06-19
ac4d728ffba33afd47b701d5f679a123,Rebecca Brooks,jason27@example.org,BR,rio de janeiro,RJ,2026-06-06
c2551ea089b7ebbc67a2ea8757152514,Daniel Arnold,donnagiles@example.com,BR,cruz das almas,BA,2026-06-25
886fa36372fc4428557e3352f37ffc55,Keith Jackson,danielleandrews@example.org,BR,conselheiro lafaiete,MG,2026-06-19
e719553726c32083e14d368222557f1b,Oscar Farmer,wstewart@example.net,BR,rio de janeiro,RJ,2025-08-02
3e7093ecfc2d4fda791cc93d9e18c3ad,Adam Atkins,riverachristopher@example.com,BR,sao jose dos campos,SP,2026-05-24
d0bd25a13b24e8d59a11adda68bd3ecd,Ryan Cox,brandy77@example.com,BR,nova iguacu,RJ,2026-06-17
c7c57673fe2bd1823ef2ca06c7591df0,Caitlin Gilmore,robertpatel@example.net,BR,ribeirao pires,SP,2026-06-05
ffddff7cfa827d6c430ed9e373be416c,Melissa Campbell,theresabeck@example.org,BR,sao paulo,SP,2025-12-27
af891fdabc40f3e11c5813f876b5257f,James Gray,katiewillis@example.com,BR,feira de santana,BA,2026-06-20
586d40194eaf4932c4c5d248926beae9,Alejandro Vasquez,nicole15@example.org,BR,sao goncalo,RJ,2026-06-18
1bc973dd0c2d4b8eb3b9c44b42eff102,Sydney Rodriguez,suzanneflores@example.net,BR,guapore,RS,2026-05-05
27a53659b6216c57d106d48be0c50264,Steven Butler,michaelking@example.net,BR,sao paulo,SP,2026-04-28
795c1622cf7a53d63d324e862349d01c,Taylor Williams II,jose65@example.org,BR,curitiba,PR,2026-05-28
bec4565233c872dc005b32e9616669d1,Faith Johnson,navarroandrew@example.com,BR,campo mourao,PR,2026-04-21
ebe45b12f9bb37fb0832dcc00b58c4ce,Michael Terry,michael86@example.com,BR,guarulhos,SP,2026-05-17
62ba5c994e3a39d8070906dfe744ccc6,Kristen Burns,christopher71@example.net,BR,sao paulo,SP,2026-05-26
011784926e81122b1abd0210b5888c22,Carl Gill,charlesbrooks@example.org,BR,sao jose dos campos,SP,2026-06-10
b2233d3dee64ccc23443e4e9d9bbb9a0,Nathaniel Doyle,molly91@example.org,BR,aracati,CE,2026-05-31
184f9811137ce4bd9fb8308cf535a857,Ashley Martinez,jamesreese@example.org,BR,barueri,SP,2026-06-16
5efeef1510d928c549c082d0ef4447ac,Jeffrey Jennings,brendanmiller@example.com,BR,santo antonio do descoberto,GO,2026-06-18
513f44fd9ef4992cdf77e9b60dd986af,Kathleen Mccarthy,rroberts@example.net,BR,sao paulo,SP,2026-06-18
909e3e8fddd658aee6cd045a9ed19cdf,William Baker,hollywarner@example.org,BR,jaragua do sul,SC,2026-06-24
eb3704b505516a05c0fea2e8cca4de56,Crystal Foster,carolyn84@example.org,BR,rio de janeiro,RJ,2026-06-23
2d2f795be3c86374ae2ffecaac3c4013,Kerry Pena,juan21@example.org,BR,goiania,GO,2025-11-26
4dc9867052507ed64279ae90d1946da2,Sabrina Miller,vsmith@example.net,BR,santo amaro da imperatriz,SC,2026-06-13
53d1e66c7e220018ea348c52d02bc5a6,Lisa Chung,jessica57@example.com,BR,rio de janeiro,RJ,2026-06-23
00cc0061269a99836cf8b029b1d0177d,Emily Duarte,jeremyjackson@example.net,BR,santos,SP,2026-06-25
d453631105ef4efe9324ff9163c93895,Robert Landry,dford@example.com,BR,salvador,BA,2026-06-26
440fb40fd45aea8a5dc60465f9b3d15d,Travis Marks,patrick26@example.com,BR,betim,MG,2026-04-14
598303f52e054ede6c3b5d53ba72ff65,Tracy Robinson,myersedward@example.com,BR,lages,SC,2026-06-26
eb3401656cd6eaad985629735dc1c339,Ronald Nash,jeremy79@example.net,BR,vicosa,MG,2026-05-10
278fe707d0e9a60b36b5de18762499f4,Mr. Harry Rodriguez,janice94@example.org,BR,juiz de fora,MG,2026-04-19
8edc207feeb0cf1b7094bd24e55b03fc,Jennifer Smith,crystal54@example.net,BR,dom eliseu,PA,2026-03-19
6e0c910d67dc3a55add6f66632b33fb6,Glenda Brooks,mikewaller@example.org,BR,teresina,PI,2026-06-27
0978d7916da809d3c71e2061832c3408,Gabriel Hall,cynthia74@example.net,BR,vitoria,ES,2026-06-19
ef94ab37c9e865083fb1916862c23fd2,Stephanie Sheppard,jeanlynch@example.org,BR,santo andre,SP,2026-05-11
063342fa545494715cc59f983598c546,Spencer Cruz,cindymiller@example.com,BR,campo largo,PR,2026-06-25
d3b1ea21e85de5679eb875b8a3a9dd4c,James Lee,jennifer50@example.com,BR,diadema,SP,2026-06-18
f148041f970c084006b2a719e9459a8e,Roger Olson,kristenfrye@example.com,BR,hortolandia,SP,2026-06-24
4c3e319751f31fb9c21a247247fe85e0,Robert Lopez,phillipsbruce@example.org,BR,brasilia,DF,2026-04-20
e8cb0c78d44d572d96674d666f082fed,Robert Smith,james40@example.org,BR,barueri,SP,2026-05-10
084b52bfe7638733e0c99f8139ea3924,Wendy Griffin,mpeters@example.com,BR,sao paulo,SP,2026-04-29
19be5923f7d998e76b9f3b1eb87c32af,Craig Obrien,frank25@example.org,BR,santa rosa de lima,SC,2026-06-24
0c60bacc1a7a82067397bff2c02aee50,Charles Decker,opierce@example.com,BR,juiz de fora,MG,2026-06-15
5538f4cb054b71b5525a019a47019aa0,Paige Schneider,ariel90@example.net,BR,quissama,RJ,2026-06-16
390ab7d275c35f0bfb2be964ff5ffbe4,Timothy Taylor Jr.,shelbyyoung@example.com,BR,mirandopolis,SP,2026-05-27
7cf6aa111c7b888b8f9fcc26b6fa1130,Benjamin Morales,warrendarlene@example.com,BR,itapevi,SP,2026-06-22
88450f30160dc120139ca2a54a1f1524,Joan Wilson,jeremy08@example.org,BR,francisco beltrao,PR,2026-06-15
f2ee0221f86c32532028f6be7f94f07b,Andrew Blake,stephanietaylor@example.com,BR,brasilia,DF,2026-06-21
74bba753d0dfd62b4c32ee45cab7c812,Ralph Vasquez,cpierce@example.org,BR,curitiba,PR,2026-05-15
67ecbf1f06c3a1649d5d6c5e15ea1a8a,Michael Perkins,william26@example.org,BR,curitiba,PR,2026-06-15
d3882d7abd0c66064d740d7ed04dd1ef,Lisa Baker,william23@example.net,BR,campinas,SP,2026-06-10
99da196553d9b67b1c762a712a8caaf6,Jenna Santos,mjohnson@example.net,BR,dias d'avila,BA,2026-06-20
a9b4929689bc74b4d8764b7214a9bbc8,Robert Newton,jameshudson@example.net,BR,senhor do bonfim,BA,2026-04-29
879f4eb9f58eadb8f2f204919b162935,Sabrina Ward,hollandjerry@example.com,BR,teresopolis,RJ,2026-06-14
62ee16c2a070f1f24270db18fffa0f5f,Ronald Dalton,victorcortez@example.net,BR,sao paulo,SP,2026-04-19
c68a95b096e94c5c6e1f47c06d847171,Carmen Vasquez,laura31@example.net,BR,salvador,BA,2026-06-18
56a3ba5c3703252753c2391b9ad3bafb,Theresa Conrad,sean92@example.org,BR,novo horizonte,SP,2025-11-28
84f30d2fd3937449dc7e0c835c281961,Natalie Watson,robert04@example.org,BR,brasilia,DF,2024-10-13
cb5c545d96f39390b7f372aaa88c4a7e,Stacy Mcbride,davidfields@example.net,BR,jundiai,SP,2026-06-14
d0a4b174cd7ee51b5d7992e58c815622,David Kane,joseph97@example.org,BR,porto alegre,RS,2026-06-21
04f621df77702e8f5e8fb25c81c5bf5c,Amanda Jimenez,agutierrez@example.net,BR,poa,SP,2026-06-18
75ecead8782ef6730e1f7e51f7052f75,Michelle Harris,andrew43@example.org,BR,nova iguacu,RJ,2026-06-10
3ff45f223bb4d6fc772a38ad5a7b1b33,Sara Graham,tconner@example.net,BR,niteroi,RJ,2025-08-14
0a00766f8a586a704af2767dc685ecc1,John Martin,jessica82@example.com,BR,rio de janeiro,RJ,2026-04-26
0228e299d1cabeaf9be64b5ccd784c97,John Reed,dylan78@example.com,BR,querencia,MT,2026-05-02
d864fec759886e2c8ee25038e7f095ab,Stacey Cook,debbie78@example.net,BR,barueri,SP,2026-06-25
a012820fbbced38a03331716e231e0ba,Vickie Thomas,amber29@example.org,BR,resende,RJ,2026-06-22
25f24493ded5ebebc26a69b5db344e35,Jason Rodriguez,stonebarbara@example.com,BR,rio de janeiro,RJ,2026-06-01
69101784d3263f0dba4bad411d3289ee,Frances Wilson,amy68@example.net,BR,campo grande,MS,2026-03-27
9f51f38ab4c123b449203a821414c3ef,Melissa Travis,daniellechavez@example.net,BR,sao jose do rio preto,SP,2026-06-08
0470135d506f45f407a71c9094f62d6d,Kathy Rodriguez,ruthneal@example.com,BR,pedreira,SP,2026-06-26
5f906880e2ce13b655bd34d324a48ea9,Kimberly Davis,andrewjohnson@example.org,BR,pariquera-acu,SP,2026-04-13
d7381970033691cee4a1dcbe8eb52ffc,Andrea Chavez,hendersonmichael@example.com,BR,sao paulo,SP,2026-04-11
c4854939d499d4786a9273c855fa6b77,Daniel Patterson,lreid@example.org,BR,barueri,SP,2026-06-21
29c059c81f62aa098e896ddd7fbc5c32,Andre Haynes,xmullins@example.org,BR,valenca,BA,2026-05-12
fd837fa3548f0e74f75081f38a34e56b,Melinda Vang,fjohnson@example.org,BR,novo hamburgo,RS,2026-06-21
eef70e28876f73d3076a39e54b764c8a,Nathaniel Baldwin,gibsonkaitlyn@example.org,BR,manaus,AM,2026-02-25
4ddeefbdd502268d9c7223d31452481c,Michele Hayes,rdavis@example.org,BR,campinas,SP,2026-06-25
8bcf4dc0342b8295df1d7bc9fa4d250d,Donald Cunningham,kingdavid@example.net,BR,rio de janeiro,RJ,2026-06-15
5abaf8290581633718e3ad75f2400643,Christopher Roberts,ronald21@example.org,BR,itabaianinha,SE,2025-11-30
08c1b64fbaaeffe33ffb68f2629effac,Patrick Valdez,kelseywilliams@example.org,BR,florianopolis,SC,2026-06-23
60701c1e7374ef731d859ed7be31a8c8,Katherine Reeves,garciadonald@example.net,BR,pitangui,MG,2026-06-15
5400394e71d0e31eff5a35aa40fb26ac,Joseph Benson,barnesarthur@example.com,BR,sao paulo,SP,2026-06-19
cb3709632b79a6369878c981ccb22045,Travis Howard,phunter@example.org,BR,joinville,SC,2026-06-27
821e4e781313d2eb18711efe7a50d66a,Craig Keller,angela71@example.net,BR,araruama,RJ,2026-06-27
43fcee98a4442ab2f299df637f8e2413,Crystal Hernandez,juliemyers@example.com,BR,belem,PA,2026-06-12
42bd11eab7631f93159c55cb7289c8c2,Deborah Moreno,nicole25@example.org,BR,sao paulo,SP,2026-06-22
e89b05b0bb32e1d5065217c753a174d0,Karen Lewis,paulschultz@example.net,BR,campo formoso,BA,2022-06-08
42f4968985f42ab8bb656fc5d9b5967a,Philip Woods,knightjohn@example.com,BR,rio de janeiro,RJ,2026-06-18
ceacc242acd679abeeaa2353b76b99de,Paul Williams,kimberly03@example.net,BR,contagem,MG,2026-06-27
f8ac03cb1226e6f2699b45df0032dcc2,Bethany Mendez,wlucas@example.net,BR,sao paulo,SP,2026-01-13
4c6a2d83c50b419129850e0468b2560a,Raymond Reynolds,butleranna@example.net,BR,rio de janeiro,RJ,2026-04-17
9bf10a69502a4607deb26ef091689316,James Marshall,kevin89@example.com,BR,jales,SP,2026-05-31
7c64114d404c93f2c4305a9f2e7dc3eb,Jasmin Pitts,taylordavis@example.com,BR,guanambi,BA,2026-05-05
7982a126838b4905453367b0dacf075c,Derrick Nelson,brooke35@example.com,BR,resende,RJ,2026-06-25
6d9ccbd8cc7ce34491c34c7ce5d03767,Cheryl Rogers,mramirez@example.com,BR,sao jose dos pinhais,PR,2026-06-21
2e9399fc2fe209771a6f719e14bdb6fe,Rebekah Barker,gloriaward@example.net,BR,curitiba,PR,2026-04-21
fab027a1984a0733038af650d749ac7a,Carrie Hardy,danielle39@example.net,BR,ferraz de vasconcelos,SP,2026-05-25
a61f05883cecf76583e22f4283e3c015,James Love,jmedina@example.com,BR,itapolis,SP,2026-06-25
835019738f3ba3c7c85fb00d0a9638d2,Victoria Smith,lisascott@example.com,BR,belo horizonte,MG,2026-05-23
bf7e07e4ccc7df0889db4653d60c3f27,Destiny Bradley,josephjarvis@example.net,BR,sorocaba,SP,2026-06-15
c7cca8620c81fb1142e23433e48d084a,Erik Taylor,wardlaurie@example.org,BR,sao paulo,SP,2026-06-27
a532fd54430dcef49c1f8dd838889158,Debra Bowers,qharris@example.net,BR,marialva,PR,2026-06-26
17edcf1332227a04be5ee81262f0757e,David Robinson,sarah53@example.org,BR,taboao da serra,SP,2026-06-22
d0658aae129bbf2d62a72fb809308a8d,Vincent Reyes,bestchristopher@example.net,BR,pederneiras,SP,2026-04-19
c9cc1db7d87ab8d292dca31e5f1d6d01,Ryan Walker,llynch@example.org,BR,vila velha,ES,2026-06-09
70a2aece5345a514bf960b01975aaa60,Jessica Valencia,ogriffin@example.org,BR,porto alegre,RS,2026-05-19
0f0a9438a8f4fb6f9fd50c0df502ae0c,Stephen Jefferson,wjohnson@example.com,BR,itaborai,RJ,2026-06-10
55954d0157e12e3284be75bcf04dc088,Kelly Morris,yromero@example.com,BR,salvador,BA,2026-06-25
225f33b719e0dffa058cf6485e08fecc,Russell Vega,kristinclark@example.com,BR,sao paulo,SP,2026-06-21
6d7c974ab1462997003d633939f2ef8f,Stephanie Gray,ryu@example.net,BR,montes claros,MG,2026-06-21
edf6f64d9bb54ba61b4c3a008416501e,Robert Price,michael07@example.com,BR,belem,PA,2026-06-27
8ce926bd160bb91f5a10d99b6e118f14,Gregory Adams,timothy23@example.net,BR,vicosa,MG,2026-06-16
6d8a1ff2b74ef9d939013151ef4d95cf,Anthony Perez,christopherdominguez@example.org,BR,rio de janeiro,RJ,2026-05-04
c5e25440a147367c5b2ee3d48f6ac7a5,Edward Garrison,monica23@example.com,BR,santos,SP,2026-06-14
9e4cec36a7f9294540b39950eade4190,Brandon Williams,keithharrison@example.com,BR,itabirito,MG,2026-06-25
4df43d4c7d3a093a519dbfe0b9dcc0d6,Lindsey Jones,adamskrista@example.net,BR,boa vista,RR,2026-02-25
003e2af81ea3c72fbdd093f07724a4de,Brittany Frederick,kristinnguyen@example.org,BR,sao paulo,SP,2026-06-05
1660e6a9434e8900e24fea005eb4cf72,Stephanie Long,brandonmoore@example.org,BR,curitiba,PR,2026-06-27
25c92a3613e1f6a804252e7ec51b2037,Richard Ford,hthompson@example.net,BR,limoeiro,PE,2026-06-11
0781838872ec0cf61c6bd00af978d3ae,Andrea Bennett,mitchellallison@example.com,BR,itaipava,ES,2026-06-22
367f810d77e192e1440edd2afa6b07cd,Julie Holland,kristin96@example.com,BR,altamira,PA,2026-06-25
873e5a11673ea73e58db17af95546fc5,Andrew Jones,meagan19@example.com,BR,sao pedro da aldeia,RJ,2026-06-16
aec17bbaff43f7d302094a3169d8a1ce,John Christensen,ryanlittle@example.org,BR,rio de janeiro,RJ,2026-06-03
abb30df339614118b0728ba40e31780e,Elizabeth Sanchez,lesterrebecca@example.com,BR,sao paulo,SP,2026-06-22
8897ea56bce6fe37a39cb2ec40898102,Daniel Anderson,sanchezdustin@example.net,BR,sao paulo,SP,2026-06-16
b8b3c435a58aebd788a477bed8342910,James Valdez,smiller@example.com,BR,arroio do sal,RS,2026-05-29
7e04891cacaba45a6160a80c09758633,Gary Collins,alexgarcia@example.net,BR,sao paulo,SP,2026-06-26
688f41aa35d278c66448d8c443304f51,Joseph Johnson,ncook@example.com,BR,sao paulo,SP,2025-05-16
a8fd074b27a3bcbb16deba85b778900f,Robert Richards,bblake@example.net,BR,jundiai,SP,2026-06-26
578d5e6d37a20bbf631183feedfe2dea,Yvonne Hernandez,trivera@example.com,BR,glaura,MG,2026-06-10
5de4cf8eaf33d8453e6bd998d714ebce,James Foster,williamsalexander@example.org,BR,araguari,MG,2026-06-11
304bdb7650773fcfe7b1d364cb05b490,Roger Hernandez,veronica30@example.org,BR,cotia,SP,2024-04-22
bf9d1e2df54a068d1a9ea18fa1f22491,Rachel Robinson,sandysnyder@example.org,BR,lagoa vermelha,RS,2026-06-08
bcecc0dacf83b048a31ed8e3c3d928b2,Veronica Jefferson,barbara85@example.net,BR,niteroi,RJ,2026-06-17
dda153711f14f8bcbf37d7ccd8946500,Diana Wheeler,jeremyjohnson@example.com,BR,itaquaquecetuba,SP,2026-06-14
b5e391181709e5196275b01b8e6e9d73,William Esparza,cranekevin@example.com,BR,mantena,MG,2026-06-01
8e44f96c051e781c86cee504038ab204,Colleen Blanchard,gstein@example.net,BR,sao sebastiao,SP,2025-01-19
940d9d317d40eeef75780396a46f3c99,Gary Miller,cindyfry@example.net,BR,guarulhos,SP,2026-06-22
27891f64aa89e1e7a933b2862b583ee4,Robert Moore,vgood@example.com,BR,peruibe,SP,2026-06-27
8028fbabf6123c13297c82f4393a4724,Jennifer Lewis,satkinson@example.org,BR,sao paulo,SP,2026-05-06
f7798970018758d36b9bbf007a053e23,James Miller,millerjoan@example.org,BR,campinas,SP,2026-06-19
ae3cba3668c3e870aa0401647dc5848a,Rebecca Terry,victoriasmith@example.org,BR,sao paulo,SP,2026-05-18
b193a594e0171de03f8d3ba14722a7b9,Tamara Graves,williamspatricia@example.com,BR,tubarao,SC,2026-06-02
a6c4aa44d56da0c0d81baa9779708f60,Lisa Underwood MD,pennyholloway@example.com,BR,ipatinga,MG,2026-05-10
42669722f592114360451dba9cfb6f49,Lonnie Taylor,qobrien@example.org,BR,recife,PE,2026-05-18
1fca9e6bc55b17b765c10d62eff1bee7,Samuel Ortega,wpatrick@example.net,BR,bonfim,MG,2026-06-19
b6060f1e6ead8a46861445ea8ac72c85,Timothy Bauer,elizabeth33@example.com,BR,curitiba,PR,2026-06-27
c8dbfbb4a47a215d79659c927e786a58,Kevin Wilson,boltondavid@example.net,BR,alvorada,RS,2026-06-09
c16948c2abc51af80a151392f718e895,Michelle Graham,spearselizabeth@example.net,BR,patrocinio,MG,2026-04-27
6c56bc412d285dc4211c29a964a7837b,Mary Diaz,elee@example.org,BR,rio de janeiro,RJ,2026-06-24
c7b748bd163c5b69c546cc17f5d740ab,Robert Ford,ubowers@example.com,BR,guarapuava,PR,2026-05-08
8da4f8884cb807a1a95dce688436b0ba,Jennifer Edwards,adrianlogan@example.com,BR,porto alegre,RS,2026-06-14
fe583fa349eada65507f4a724344f5d7,Stephen Allen,mkrueger@example.net,BR,mineiros,GO,2026-05-25
c1986731c9187570bab707969f420963,Isaac Cooper,matthew17@example.net,BR,rio de janeiro,RJ,2026-06-02
f9b57816964006c90c458a0caba0306b,Shannon Manning,alyssa89@example.net,BR,porto alegre,RS,2026-04-28
d15fb07319a69b9ddae13ea902e9b15f,Amanda Maynard,amber70@example.com,BR,brasilia,DF,2026-06-26
6f041ad60d1b98ad6ffa085775b93041,Rebecca Wells,mhickman@example.net,BR,campinas,SP,2026-05-09
b5553bcd30cc28e403933b0295b9f245,Dennis Snow,montoyaelizabeth@example.net,BR,sao paulo,SP,2026-06-14
eb82773f124d950497791381563e00f6,Amanda Crane,aallen@example.com,BR,valinhos,SP,2026-06-21
f153272ca75661659630de82f3f2084d,Stephanie Case,shawstephanie@example.net,BR,sao paulo,SP,2026-06-27
d1e8c97912d2141613702704e639dbc1,Kevin Ferguson MD,wyattsara@example.com,BR,sao paulo,SP,2026-06-23
c1d9e6bbbc34d8eabbaf75ec77de9eff,Jeffrey Murphy,staceysmith@example.org,BR,piracicaba,SP,2026-06-27
2b49a7b7c7f0a75aa6d8950f02cb9182,Jennifer Bullock,jessicaward@example.com,BR,duque de caxias,RJ,2026-01-07
9533ce91d1190c076a4a1cf4ffd0f7fc,Angela Moore,farrellaaron@example.org,BR,jundiai,SP,2026-06-11
03466aa4289c03856add8a3537f914cd,Ashley Hayes,masonmary@example.net,BR,sao paulo,SP,2024-03-04
bfb447864c8ce1e6b093d723792a60f8,Diana Miller,gomezpaul@example.org,BR,itabuna,BA,2026-06-09
546ed56ed469aa89580be8bb1b51a6fc,Carla Peterson DDS,timothymiddleton@example.net,BR,sao paulo,SP,2026-06-22
c7b7d8934b4a3ce51288162d4f7a1399,Jessica Aguirre,mlewis@example.net,BR,rio de janeiro,RJ,2026-05-14
3b529e86d89222d9af57ee77a108374e,Natasha Davenport,dgrant@example.com,BR,campo mourao,PR,2026-06-24
7371189c8632ddaeb1e55bb5ed167adb,Amanda Lopez,andre55@example.com,BR,rio de janeiro,RJ,2026-06-19
2c7ad76b7694988382706caa2b5b33f9,Brendan Meyer,watkinsthomas@example.net,BR,duque de caxias,RJ,2026-05-08
75314dd3e9d6fa51365b9e7a405f35b5,Margaret Sanchez,gcarter@example.org,BR,sao paulo,SP,2026-04-02
bbb4489598feac603a21e4560d04699e,Robyn Kidd,matthew61@example.net,BR,tijucas,SC,2026-06-20
da5541262d0f00a6d57572f3aa1af41a,Jennifer Johnson,mark12@example.net,BR,santo antonio de jesus,BA,2026-06-25
d7777e57eeb396debfd5a74a8cbb4c1a,Emily Martinez,brandimiller@example.org,BR,canarana,MT,2026-06-18
520fb5816c90b19464baa8e8644cbdc4,Susan Miller,rebecca41@example.com,BR,itapecerica da serra,SP,2026-03-14
6f20c62564607bddca39c54e9ca5af9b,Gary Figueroa,caseyrush@example.net,BR,carapicuiba,SP,2026-05-16
d99fc08319dbc8845e2a114877462ff7,Isaac Weaver,erik83@example.org,BR,belo horizonte,MG,2026-03-09
01726e5d6a88d1a8dffd9578872ce54e,Ashley Burnett,trobinson@example.org,BR,nova prata do iguacu,PR,2026-06-17
9cf09239ed6ade14a7a589a75c3e0706,Katrina Mayo,maldonadonancy@example.net,BR,treze tilias,SC,2025-05-28
70a242b52ee3d0640c6d7f5ee237651b,Daniel Estrada,mallorycarter@example.org,BR,anchieta,ES,2026-06-12
87e5b2ef0c9dd7a455bea05c99177c27,Donna Wright,mannjonathan@example.net,BR,sao paulo,SP,2026-06-12
467bf79ce2396e5892760388eae4fcce,Corey King,barbaraolsen@example.net,BR,sao paulo,SP,2026-01-27
5bcc8f0e733f747f511a810ec408fdd9,David Williams,suttondean@example.org,BR,joinville,SC,2026-06-11
07f1a64852859634cccf3e52125aa854,Daniel Rodriguez,gutierrezmatthew@example.com,BR,salvador,BA,2026-05-02
0585e62fb157dcf017fb8be5d6569d51,Sheila Nguyen,hgray@example.net,BR,americana,SP,2026-05-19
a37a685913f2c2d8ae96bc8b2f25ec7d,Brianna Price,mollyhodge@example.net,BR,sao paulo,SP,2026-06-26
d4905d4ebbdae57e9c242c7ab2c57cc5,Anthony Smith,ymoore@example.org,BR,porto alegre,RS,2026-06-04
141902ce86bbe8dab919938119c54f1b,Stanley Taylor,gregory07@example.net,BR,barra mansa,RJ,2026-04-24
366cf7b3ba178d11f5a988d4f8c2f2c2,Joann Barker,mary64@example.org,BR,santo andre,SP,2026-06-09
f5422e8b0c2a29cbc1bd48e0c0b9c523,David Tucker,valeriearnold@example.net,BR,brasilia,DF,2026-06-20
126646ff7e983d825b46a004555996bc,David Garcia,julie01@example.net,BR,faxinal dos guedes,SC,2026-06-26
d395b5c9bd6e808680ac6dc64d6bfbad,Norma Barnett,courtneymadden@example.org,BR,belo horizonte,MG,2026-05-29
c4ad2cc1cab80dd3e916573b773cdfcc,Kristen Bradley,castillojacob@example.net,BR,campo limpo paulista,SP,2026-06-20
80f12d5f1e4d44314120ecf336da2e8b,Robert Willis,msantiago@example.net,BR,quatigua,PR,2026-06-04
2f0def88a867b9c0aabb60c561b4d640,Stefanie Nguyen,michael38@example.com,BR,diadema,SP,2026-06-16
4e7d084161eec682220d0adeec4eec8f,Billy Cunningham,jessedelacruz@example.org,BR,curitiba,PR,2026-05-25
6a7ee8caad3b24acd1400d10ec62bf64,William Dunn,jeffreylewis@example.com,BR,petrolina,PE,2026-06-19
50353cb3dff3aa5646fabd41e30572da,William Day,forozco@example.com,BR,belford roxo,RJ,2026-06-27
1fe7afd58ce8429c5a8d27bf8c24738f,Raven Herrera,bradleybarker@example.net,BR,iturama,MG,2026-03-30
eda46d6e2c60876abff5c974b0523158,Tammy Burns,lauraclay@example.org,BR,rio de janeiro,RJ,2026-06-19
44c25e0d681c18ccc5461789f3cac74f,Jeffery Bailey,karen82@example.org,BR,juazeiro,BA,2022-06-08
f1fe705bc4a9f9b1508be25a3e4141f0,Rodney Young,oconnorjames@example.org,BR,feira de santana,BA,2026-06-21
58679291a77a997657d7a3dda51a784e,Jerry Montgomery,wilsonrhonda@example.org,BR,jacarei,SP,2025-02-11
d55e594accb5b8cd7e3c26cdd854f5bd,Jessica Watts,thomassmith@example.com,BR,sao paulo,SP,2025-11-25
4329781165a441a91f38a4c583cf5131,Phillip Lewis,roberthamilton@example.net,BR,caraguatatuba,SP,2026-06-26
88b2a20927021d420f7ea6a6e71ae478,Stacey Schmidt,olivia29@example.net,BR,santo andre,SP,2026-06-01
90149dae3857b44597744541030794a3,Rebecca Ramirez,catherine03@example.com,BR,sao paulo,SP,2026-06-18
868b06b609beeaf4ca5b8a8a292ffcd5,Brandon Perkins,rachelhall@example.net,BR,palmas,PR,2026-05-02
53ccf70665dab6af0ae44b370d84b61e,Ruth Brown,amberhall@example.org,BR,barra mansa,RJ,2026-05-27
21d91fc3e9c980a0978dad2e6126fe5d,Stacey Allen,morganamanda@example.com,BR,passo fundo,RS,2025-11-05
eb15cc694c96c23d5d5049fe290a0202,Amanda Henry,donaldtyler@example.net,BR,sao paulo,SP,2026-06-25
8912b89ef23a547c94ffc09574c01357,Nathan Payne,steven45@example.org,BR,tres de maio,RS,2026-06-04
32a43786b189977d4d4a5940f177b243,Melissa Roy,millerfrederick@example.net,BR,santa rita do passa quatro,SP,2026-05-08
cd79b407828f02fdbba457111c38e4c4,Annette Bowers,brian90@example.net,BR,sao paulo,SP,2026-06-27
c0fcd6e2e07097e1461b44aabb0c3306,Rebecca Gordon,karen42@example.org,BR,rio de janeiro,RJ,2026-06-26
4f2942851db2a70c008b54fd9e970fa6,Donna Boyd,hernandezmadison@example.com,BR,americana,SP,2026-05-08
8ac4ecbdab8d119d46ccff5adaf3db15,Julie Williams,smithjose@example.org,BR,rio de janeiro,RJ,2026-06-18
fc25f71bab94146446884fc523121d48,Nathaniel Hill,richardhart@example.org,BR,porto esperidiao,MT,2026-06-18
f9b752c739b24875babd3d3207928767,Wanda Wood,diazlorraine@example.net,BR,bonfim paulista,SP,2026-06-07
d83533715a8843e3a26adf36d889e9b7,Lori Brown,johnguzman@example.net,BR,cajuru,SP,2026-06-04
54b50d481e0c0501204f7d42446f73da,Paula Benton,davidbrown@example.org,BR,cacador,SC,2026-05-27
bcaedda052fc72c42f55dd7c28b4b38e,Justin Moreno,greenjessica@example.net,BR,muriae,MG,2025-11-21
6cc49dacefbda29910f00542b05a0031,Dr. Jose Gray DDS,rossjohn@example.net,BR,paragominas,PA,2026-06-18
f0903f4311560f0f99dca752df6dfa67,Kelly Brewer,rickey20@example.org,BR,boa esperanca do sul,SP,2026-05-12
b49862d2d7d16d13e68d23e868b3d8e0,Nicholas Rice,daltonyu@example.com,BR,belo horizonte,MG,2026-06-07
6fa9c99baf1b7af17be283a0afaf24e9,William Price,sophia54@example.org,BR,sao paulo,SP,2026-06-10
03f05c2a180d57b7451f87cb4864ba53,Jackie Stephens,kellychung@example.net,BR,rio de janeiro,RJ,2026-06-17
a3b2490482986f1638e702550961658d,Ricky Roy,ingramjessica@example.com,BR,valenca,BA,2026-05-31
3b54ec3e11e5befee527b120ef8b0f02,Sandra Hill,stevendecker@example.org,BR,pedro leopoldo,MG,2026-06-22
dc7db033534dd88c993be14c98ac7de6,Doris Harris MD,james84@example.net,BR,botucatu,SP,2026-06-25
e640111298500f5006fac7f416d7637f,Daniel Thomas,davisjennifer@example.com,BR,porto alegre,RS,2026-05-18
2faa1049ebdcc58a3092c7ee8169eabf,Lisa Gonzalez,mccoyjames@example.org,BR,sao paulo,SP,2026-06-12
7e940e7a039b58afbd11bf54464f59af,Mrs. Jennifer Johnson MD,hullcheryl@example.net,BR,macae,RJ,2026-06-17
0821beeb20948f233864186b1d3c06b2,Anna Yu DVM,smithjack@example.org,BR,rio de janeiro,RJ,2026-06-08
c77b4bb192918ceba50cd4d6bcf64b67,Carl Harper,sancheznicholas@example.com,BR,tres pontas,MG,2026-06-22
0dbf75634e9cdb8dfef760501cf983a8,Linda Horne,nrangel@example.net,BR,juazeiro do norte,CE,2026-06-22
16df396804bc71ff9a59764e3c0f490c,Brandi Brown,cassandra18@example.net,BR,recife,PE,2026-06-15
620b267bdbb662197c42079245841d2a,James Woods,williskatherine@example.com,BR,campinas,SP,2022-06-08
fdcf4139f50f370c91e8b8f33adde2a6,Daniel Guzman,charleshayes@example.com,BR,sao paulo,SP,2026-06-21
5319364c457e14aa56350c44d314bff3,Andrew Reese,david86@example.net,BR,sao paulo,SP,2026-02-09
4c11b2afb93173f9689f48c685739e0a,Gail Vasquez,ypatterson@example.net,BR,gravatai,RS,2026-06-12
e9dc105c3da1d2c71a3540f37385d3f7,Jessica Bradford,acevedonancy@example.org,BR,osasco,SP,2026-06-25
816a9d13b0b4a4c4b7c1015ba08deff1,Anita Pitts,hughesgail@example.org,BR,maringa,PR,2026-04-10
36f7cbc956469da1d4bdde49171d192b,Christopher Robinson,michael68@example.net,BR,jundiai,SP,2026-06-14
39583d496cc15d47bfea1d9808e9406c,Dr. Jeff Hoffman,christineriggs@example.com,BR,campinas,SP,2026-03-05
fce99ffc1d835ef6f6977139579adf36,Eric Spencer,vdeleon@example.com,BR,bambui,MG,2026-06-15
16bd2490eab76fccfb60ad76e90c4ca1,Nancy Rice,owilliams@example.net,BR,viamao,RS,2026-06-26
848eabba326848e8125cb53af4720eb5,Michael Hayes,obrienbrandon@example.com,BR,jundiai,SP,2026-05-27
02f1bf7b0a3e8e4f916c2584908314e7,Alan Cowan,brandi26@example.net,BR,comendador levy gasparian,RJ,2026-04-14
b57bae12fea3467502bf32351c47144b,Sheila Douglas,hdavis@example.com,BR,sao miguel do aleixo,SE,2026-06-20
c76b9b7efd2e02d6c8627bf5ad450622,Mallory Carroll,markgarcia@example.org,BR,campo grande,MS,2026-06-19
af982647bad6ee3e3a748ff4721e6644,Stephanie Rodriguez,kellythomas@example.com,BR,sao paulo,SP,2026-06-26
a1d02d8e96f1691603036bfcad4df844,Michael Branch,omoore@example.org,BR,florianopolis,SC,2026-06-09
8d692a436fa634e911ebb1e69bb0f481,Carrie Lewis,abigailrobinson@example.net,BR,palmeira dos indios,AL,2026-03-12
301bcaac6077aa5e56aa5b6559846534,Steven Sherman,maria56@example.net,BR,cerquilho,SP,2026-04-11
50d59756373a395d180aa6414fcb99c2,Gloria Dunn,richardhines@example.net,BR,campo largo,PR,2026-05-22
0c7f5da7d9d33d16ddc25dfafcc513ce,Juan Berry,richard13@example.org,BR,sao paulo,SP,2026-01-21
83cd9156b579d10dbf29ed2e13dd5514,Melissa Thomas,lindsayedwards@example.com,BR,limeira,SP,2026-06-01
fae9d22f06d65f5aa7814fa992262c86,Chase Matthews,melissa40@example.org,BR,sao paulo,SP,2026-05-04
6d72dcf4278a605a832b7d5375d33ba8,Michael Palmer,ysolomon@example.org,BR,saudade do iguacu,PR,2026-06-11
6e5dd140cba7cbcb0c66aaff5e796786,Angela Barnett,madison00@example.org,BR,ipaussu,SP,2026-06-25
155be55796f02d42350765e7703821f5,Mark Jones,brian62@example.net,BR,alto paraiso de goias,GO,2026-06-23
94e6edac4fcfaba68a45fe869e6abb8a,Jason Thomas,jeffrey44@example.org,BR,rio de janeiro,RJ,2026-06-25
de5b15b5269883dea3cf95f30cf7fece,Anthony Hahn,jessicahines@example.com,BR,sao paulo,SP,2026-05-05
455c4cf9166818b1739c900a57433aba,Robert Reese,ehardy@example.com,BR,sao paulo,SP,2026-06-27
ee464d4fde64c19df72f3051c29e0803,Deborah Sanders,carlos33@example.org,BR,taboao da serra,SP,2026-06-08
d8317a17f4fc39505fb392f6e688f2d7,Emily Espinoza,jamesmoon@example.com,BR,sao paulo,SP,2026-06-18
8797820f6554668a5b835ff74cd077df,Daniel Ferrell,erikamiller@example.org,BR,bage,RS,2026-05-01
167d383796431b64c2272cc414b9633b,Jose Caldwell,taylorpayne@example.com,BR,maringa,PR,2026-06-08
8022c80273671be26b6ba3f15e194e8a,Steven Gardner,joseph02@example.net,BR,araruama,RJ,2026-06-03
cabd63ea066284b36b128a865fb15e2a,Andrew Roth,dhill@example.org,BR,divinopolis,MG,2026-06-26
309f02616f34bbcfe2f58d13818685b9,Jennifer Ferguson,rebeccafigueroa@example.com,BR,recife,PE,2026-06-20
33f86281d5203b278e32070d4a02592e,Margaret Humphrey,curtislee@example.net,BR,manhuacu,MG,2022-06-08
9d62781deeb1060adc0f47a86d4a2ef3,Ronald Mueller,bhall@example.org,BR,rio de janeiro,RJ,2026-05-21
44bd7571a7dad968306f7776bd5a5745,Michael Flores,morganashley@example.com,BR,santa isabel,SP,2026-06-10
81ec41f3b0c51a9df15c5957140686fa,Mallory Powell,chavezisabel@example.com,BR,campinas,SP,2026-05-11
55fbb64f60861980e74c4f136f304297,Rhonda Dalton,diazaaron@example.net,BR,sao paulo,SP,2026-04-24
2585a52c9e40ce4cf0f16ce6c7336cae,Danny Bailey,christopherlong@example.net,BR,porto alegre,RS,2026-06-26
c7c92d52defccd813e462a6bd33ab16b,Jillian Garcia,richard21@example.net,BR,quirinopolis,GO,2025-06-14
147375750bdc81b55b75dc08daf84c8a,Keith Novak,grantamanda@example.net,BR,caruaru,PE,2026-05-31
5faabfe6772088c4d906b63fa81ac63d,Joshua Smith,davidsellers@example.com,BR,caxias do sul,RS,2026-06-15
11cd4821f3f646fae625b1f043fb5ec3,Kimberly Proctor,william42@example.com,BR,casimiro de abreu,RJ,2026-05-27
462bb3bbbb472504944511257137ebc8,Andrea Miller,shannon88@example.com,BR,salvador,BA,2026-06-19
2852756794b74680d1de8e8e8b8421ff,Christopher Woodard,ewest@example.org,BR,belem,PA,2026-03-24
369a11c5adc1b48c07a6f2342a36f2cf,James Miller,ballelizabeth@example.com,BR,chavantes,SP,2026-05-08
dca996b43abe5392a685a11289eb1fbd,Chris Hanson,twagner@example.org,BR,jundiai,SP,2026-06-01
07fe3cee40551d2377a917fb4f377714,Zachary Johnson,erin06@example.net,BR,sao paulo,SP,2026-06-24
7c5f2513d8feafd1ee95553ba1269a56,Anthony Adams,alvaradomindy@example.com,BR,vargem grande paulista,SP,2025-08-15
a57e52701c9a09efd6d58268f8f2edcc,Laura Johnson,jacksonrachel@example.org,BR,sao pedro da aldeia,RJ,2026-06-15
663b8dc399b315977cb3f44fbd391d37,Timothy Long,wgonzalez@example.net,BR,ecoporanga,ES,2026-02-18
c962775fb252a325ae5206df9e9db84d,Brandi Patel,kristine33@example.net,BR,cachoeira paulista,SP,2026-06-27
de063bea4f3c9809b4780af305873f02,Michael Murphy,jennifer72@example.com,BR,pouso alegre,MG,2026-06-25
6056d31a9cf9cf98ea9de7ef86cf4f5d,Tracy Walker,matthewfranklin@example.net,BR,salvador,BA,2026-06-25
d3e1706bd9290ddbfd20fc30fa7224b0,Michael Wood,lynntracy@example.com,BR,rio verde,GO,2026-06-24
a31afd5504f618a4cd9f19a215db2705,Leonard Avila,mallory30@example.org,BR,rio de janeiro,RJ,2026-06-20
9794264dd1bdfd78006c7cb741b42fea,Stephanie Holloway,housedaniel@example.com,BR,campinas,SP,2026-05-22
65f03fbedc7e8316cd4eeef6480b681e,Michele Perkins,laura15@example.org,BR,maracanau,CE,2026-06-19
a046d29175845b313e52f2dff96cc050,Brian Carey,danieldaniel@example.com,BR,sao paulo,SP,2025-12-18
d3a5fa065a68c1f357e6d8f4385938ee,Tiffany Davis,uwest@example.org,BR,sao paulo,SP,2026-03-09
5038908495a860fe8f2dddc9ea5f7252,Maria Rodriguez,johnsonmichael@example.com,BR,rio de janeiro,RJ,2026-04-13
de031c302b6b340148a5ae814e393539,Kelly Hoffman,katherinesmith@example.com,BR,bauru,SP,2026-06-22
2a802e5f8676d69fbfed47ad4b9f35c9,Selena Bailey,pamelamcconnell@example.net,BR,sao paulo,SP,2026-06-01
ef309784561fed416ff25e05ddfe495e,Lauren Perry,rryan@example.com,BR,sao jose do rio preto,SP,2026-06-09
7f75745b4c2e50fbe27640c3949d0769,George Yang,amber59@example.com,BR,araraquara,SP,2026-06-25
dabfb46e557987c1797d05a1b387cfd3,Sarah Roberts,kevinmendez@example.org,BR,campo limpo paulista,SP,2026-06-20
f226b323a26dc6e66d61c7d93d05ae4b,Timothy Smith,williamslaurie@example.com,BR,serrinha,BA,2026-06-10
ed8e2b7893049cefa0a660172119ccff,Tyler Anderson,lloydmiranda@example.org,BR,porto alegre,RS,2026-06-12
27878a3c150b60cf92f5b812998f2990,Mr. Mark Simmons,evelyncampbell@example.com,BR,brasilia,DF,2026-06-24
6fe1eeba50adb26785158eef67c6ce38,Victor Vaughn,rodneynolan@example.com,BR,curitiba,PR,2025-12-16
92780b513694a69ad78065593f467900,Beverly Singleton,samantharoberts@example.org,BR,canoinhas,SC,2026-06-25
b3d23d61fb01dde311c5ddc5dfde8e47,Rhonda Rodriguez,jamesbrown@example.org,BR,belo horizonte,MG,2026-05-30
7c4c172f6ad96039c75d87385d74d0b8,Lori Brown,mcclureapril@example.com,BR,ituverava,SP,2026-05-21
1f53b88248f7dd4c47d69eaeb0da3d88,Julie Johnson,katiepowell@example.net,BR,taubate,SP,2026-06-04
db977788293a64073047f4afca1d4b0e,Karen Flores,anna47@example.org,BR,curitiba,PR,2026-04-15
caf8cfa0ac3ff60facda076545837647,Erika Montgomery,qreyes@example.net,BR,rio de janeiro,RJ,2026-06-08
4bb151996e2d125f227785d3e4c3ebc6,Sean Higgins,brewergregory@example.com,BR,rio de janeiro,RJ,2026-04-23
f5956e481edfe26b2a8a8035f0ccfea8,Claudia Cunningham,suehowe@example.com,BR,rio de janeiro,RJ,2026-06-27
d1ec84ece21390313fe8dd6457dd6ecb,Susan Lewis,gkeith@example.net,BR,bauru,SP,2026-06-27
d847d66f1135608cc13cb31f967f902f,Eric Tran,joeljackson@example.net,BR,uberlandia,MG,2026-05-31
51471983a16795b28218d45c15d22fd5,Savannah Fernandez,angela44@example.com,BR,suzano,SP,2026-06-07
a9ef550a2e94766b3491bffc789ad91c,Sonya Robinson,broberts@example.net,BR,florianopolis,SC,2026-05-30
83e8281db92841314f911511c67f6e20,Tiffany Jimenez,whitesean@example.net,BR,buriti dos lopes,PI,2026-05-11
1b2d658aff066cc4c104cd74093101b6,Benjamin Brown,elizabethcarlson@example.net,BR,rio grande,RS,2026-06-16
019441bdb2c9b0b1990cac725c427960,Steven Murphy MD,davidjohnson@example.net,BR,santa maria,RS,2026-06-01
f6139ab3e9e9100d5210dc8467c38663,Molly Brown,glenware@example.com,BR,rio do antonio,BA,2026-06-12
208ed8bf578938c97d49b3429358a424,Katie Carroll,frances58@example.com,BR,sao paulo,SP,2026-06-02
16fd4a65560ace047d491ce149537337,Antonio Monroe,harrisjoshua@example.com,BR,sao paulo,SP,2026-06-21
7c534bad6850d94161a9cf12e8171339,Sarah Berry,stevensmichael@example.org,BR,guaranta,SP,2025-10-17
f4e625382a194ac38751d8267c38977b,Sharon Johnson,dawnjackson@example.net,BR,jaboatao dos guararapes,PE,2026-06-13
a50c1032c3f5635519c65a8cc84c6171,John Valdez,brianmorrow@example.org,BR,duque de caxias,RJ,2026-05-01
9049685052da8ea435727689c67b81c9,Kevin Davis,thomasbrandon@example.org,BR,sao paulo,SP,2026-05-26
69ac4dee02a9a4a925d3dfc7d5536d03,Michael Graves,wortiz@example.net,BR,brasilia,DF,2026-06-21
73278b59b2b5f03916ad797bd298a641,Megan Wilson,ipowell@example.org,BR,santa luzia,MG,2026-06-26
5a4a5f760f4e24691ad78a7f84bbe608,Nathan Stanley,mrandolph@example.net,BR,tucurui,PA,2026-06-26
f1731fa7ae810577598d2d31a1888b4f,James Clark,guerrerostanley@example.net,BR,vila velha,ES,2026-06-15
f6ee8291b6a190067c03176e4b5ab465,Richard Thompson,mitchellkristine@example.net,BR,paranavai,PR,2026-06-13
aa884350c48f728088dd1e84ef7e8309,Shannon Ray,tina29@example.com,BR,sao carlos,SP,2026-06-23
5f2ec485da1fb5b4bce0fbf413845a90,Ryan Vang,jennifer10@example.org,BR,pinhais,PR,2026-06-04
ce128a731e25fed87a7ace92333b142f,Alan Davis DVM,thomasjames@example.com,BR,bertioga,SP,2026-06-20
f7bdd054d707f2912240233e1d53144f,Thomas Lewis,greencharles@example.net,BR,sao goncalo,RJ,2026-05-21
4f49e4d666dcede7d03edb6040ebcd2a,Mr. Bryce Mendez,fhall@example.com,BR,sao carlos,SP,2026-05-18
ce73225aa1032f1a5e45f533b948bf8e,Nathan Miller,batkins@example.com,BR,bauru,SP,2026-04-05
113d43d09dded33b8e67b5f981d08cf3,Matthew Santana,luis20@example.org,BR,betim,MG,2025-05-05
520461ee715946f0513f41524ee3213f,Luis Velez,kfrye@example.net,BR,sao paulo,SP,2026-06-25
e2f1970303ff34a3af0c1d4c587f6420,Jacqueline Lawrence,nathan62@example.org,BR,sao paulo,SP,2026-06-18
2bb655e5a68145d14491771f4a29e58f,Robert Murray,rodriguezangela@example.org,BR,uberaba,MG,2026-06-08
82375c4c18f30b5a9a5ff8da6dd206d4,Ashlee Ross,burnsrodney@example.org,BR,sao paulo,SP,2026-06-20
b5b17698671a4c3822309b13d4f16f9e,Charles Johnson,mccannjanet@example.com,BR,sao paulo,SP,2026-06-14
be2810893bf47673bed81a75bc20522e,David Murray,martinnovak@example.com,BR,sao paulo,SP,2026-06-22
5851dfa7121298d4f1941f46b8ee6fa1,Curtis Morales Jr.,angelcunningham@example.org,BR,sao paulo,SP,2026-06-22
d9575b595db7de99b327899d9ed25ff1,Jillian Warner,tyler31@example.net,BR,governador valadares,MG,2026-06-26
c693492be1bc2d96c6b451e109d3437c,Brooke Patrick,bweeks@example.com,BR,uberaba,MG,2026-06-21
c6f278d5700bc8fa4f7c89d328e4031b,Austin Allen,hollyalvarez@example.org,BR,pato branco,PR,2026-06-18
3c702760fe3c149207ea8a3dc56f7d44,Vincent Sims,fischerlaura@example.org,BR,campinas,SP,2026-06-03
f2d2d51b7f7b0c2eae23c90e8c3d1c1f,David Smith,brenda88@example.org,BR,sao paulo,SP,2026-06-22
c02560059691695b25e8400ac24bd126,Zachary Jones,bobbybishop@example.net,BR,trajano de moraes,RJ,2026-04-02
a9967806034d2d782bbcd181db432ee2,Jennifer Obrien,pfowler@example.org,BR,ribeirao preto,SP,2026-06-24
00e984e99fdfd52943156d2d7eb4a5e6,Robin Reyes,curtis61@example.org,BR,vitoria,ES,2026-06-20
aa60cdc29dfb37e9388bdd20aa4d7a61,John Adams,mariahgill@example.com,BR,caete,MG,2026-06-06
827bfe48960ca0dde2edc174b2311277,Mckenzie Larson,forbessean@example.org,BR,santos,SP,2026-06-20
a0488912f3470a18b4c5c5dea18730df,Jeffrey Travis,anthonymcdonald@example.net,BR,juiz de fora,MG,2026-05-12
2057c4a178808ef5a87a40c6adf2d89c,Ashley Jenkins,donnahopkins@example.net,BR,curitiba,PR,2026-06-12
b351ac91ab0ef29bae6da7fbc05959c0,Rebecca Young,hlester@example.org,BR,curitiba,PR,2026-06-11
794a542461efefc5e9f0aed3254cbba0,Laurie Roberts,ochoamelissa@example.net,BR,cachoeiro de itapemirim,ES,2026-06-12
3ed84f9d7541a88f7b9b40c4be87ca7d,Caitlyn Martinez,alejandra39@example.com,BR,sao paulo,SP,2026-06-20
f8922caabbfa44d8390f53927da1be30,Amy Johnson,barnesluke@example.net,BR,curitiba,PR,2026-06-27
bfb5363db41e6d47d3f16a1ba3e880ab,Bradley Larson,duranelizabeth@example.org,BR,sumare,SP,2025-12-04
9b0a140ff0e6dee72d4af4ec0fa5808a,Christopher Santiago,stevengoodwin@example.net,BR,rio de janeiro,RJ,2026-06-12
5f6a4f13acb9f0596ba33aca50484fd4,Kevin Perez,greenkrystal@example.net,BR,rio de janeiro,RJ,2025-08-11
701ada356e78d72bfd5b279280762b79,Steven May,tonycraig@example.net,BR,recife,PE,2026-06-23
4ac6ec83ece04605a854d931c8e8d8c7,Richard Stevens,owhite@example.org,BR,natal,RN,2026-06-19
687c94f92513205812c2f3d19576179d,Jamie Payne,selena60@example.com,BR,brasilia,DF,2026-06-27
2b775b75afa0be08220fb73a7e68df3b,Adam Hoffman,cruzernest@example.com,BR,nova venecia,ES,2026-06-12
7779fdf670bfe673e064b9aa5447674e,Joshua Smith,josephross@example.net,BR,mogi das cruzes,SP,2026-03-21
2d915b9db634ef772a177e5aa1075c3f,William Foster,vickimullins@example.com,BR,rio de janeiro,RJ,2026-05-30
4dcb9411dc19942f94f9201de79c6237,Benjamin Lutz,williskatherine@example.net,BR,sao jose do rio preto,SP,2026-06-14
de7cad0a39eabfa2285ef0b891ef404a,Miss Carla Hoover,jenniferrodriguez@example.org,BR,sao paulo,SP,2026-06-10
4f8959e75186c78246b83bfb4219e419,William Williams,manuel81@example.com,BR,abaetetuba,PA,2026-04-13
de6cf632d7ca0346c34085c4c9ff5f3d,Heather Blanchard,tyler41@example.net,BR,lavras,MG,2026-06-16
df2162a9aaf73bf42e812408330969a0,Melissa Hill,emorales@example.com,BR,hortolandia,SP,2026-03-20
9dc80712fe7b594cb2022882737397c2,Beth Green,paynestephanie@example.net,BR,coronel joao sa,BA,2026-05-19
f988e05b9c8653f57178a723dc42cfe9,Devon Ramos,gblack@example.org,BR,osasco,SP,2026-05-12
e855df677dcf0d237ed583793afd7988,Theresa Gardner,hollyperkins@example.net,BR,recife,PE,2026-06-18
37c759db8acec627a386cd7983075479,Erik Stafford,murphybrianna@example.com,BR,divino,MG,2026-06-17
9be47f0073690871caa1beada3ab06a9,Meghan Brown,pvang@example.net,BR,belo horizonte,MG,2026-06-07
8ec31beb5c890497f1872b5986d3cc26,Benjamin Miller,perezcaitlin@example.net,BR,brasilia,DF,2026-06-24
a214e70576ced674f9ff61d283ab272e,William Holland,robertsonjordan@example.com,BR,jundiai,SP,2026-06-08
4394cce7a16aac93ea8f2c18124b1f92,Matthew Armstrong,kennethmata@example.com,BR,belo horizonte,MG,2026-06-26
310fe886bbd2131a2f0976ed616e60a8,James Grimes,areynolds@example.org,BR,sao paulo,SP,2026-06-12
70f326d437e44cf69da00c9169b74fb3,Robert Velazquez,rodney57@example.com,BR,rio branco,AC,2026-05-12
7873fbec04e285d990a255ee32892a99,Rachel Parker,tami38@example.net,BR,marilia,SP,2026-06-21
587d22544f4d6f17b39a30723a53a305,Jared James,melissalopez@example.com,BR,poa,SP,2024-03-06
5ef5f96d508fff087a06648c19201333,Mark Munoz,jeremy00@example.net,BR,macaubas,BA,2026-05-27
62de6068da9506dca753598fcfbdcd16,Christian White,epatterson@example.net,BR,rio de janeiro,RJ,2026-06-25
f2a4f4165b72d65a5e7d10bbce13cecf,Lisa Price,millerjuan@example.org,BR,lucelia,SP,2025-05-10
05eece82f626032f909a2bc445957b92,Danielle Robles,aholder@example.net,BR,sao paulo,SP,2026-06-17
727939c2b657e1ef6b6559b8e151e15d,Mrs. Kathleen Hansen,nancythompson@example.net,BR,florianopolis,SC,2026-05-04
5d3002cbe1d063e8510d5a7ad59ba35e,Denise Taylor,ksparks@example.net,BR,rio claro,SP,2026-06-19
0a5f289d0908859e4f749900cfaa6eb9,Amy Rice,jillwilkerson@example.com,BR,curitiba,PR,2025-12-24
4b0cbf5ea22869c5ea269442f9b849e7,Janice Goodwin,murraymichael@example.net,BR,lucelia,SP,2026-05-14
84b0bf771f3b14f21e6dd37e2fe2eee6,Carrie Anderson,wesleyjohns@example.com,BR,brejo da madre de deus,PE,2026-06-23
68879d9986551c8c9e7bd1686195402d,Matthew Mitchell,jmorgan@example.org,BR,carai,MG,2026-06-11
c849085aa9f5d4af92baaa56a112d686,Micheal West,nfleming@example.net,BR,sao paulo,SP,2026-06-12
5087845f6069d27bee996581f74be8c9,Dana Carter,tracyjohnson@example.net,BR,rio das ostras,RJ,2026-06-27
a2f51f628955d9668200728005209afd,Heather Smith,soliscarlos@example.com,BR,salvador,BA,2026-06-25
5a3ee05d197e24b7bafaac3e2cbc7e55,Mark Johnson,markgardner@example.org,BR,rio de janeiro,RJ,2026-06-19
208f290481193105f0bdc2d8f543904e,David Torres,hodgemichelle@example.net,BR,para de minas,MG,2026-06-13
4be1583defacacfea129170626a62569,Jonathan Palmer,kirbymichael@example.org,BR,araras,SP,2026-06-14
07df139093b720d6512c49da2980e3ee,Jeffrey Petersen,lorikoch@example.net,BR,corbelia,PR,2026-06-04
b4a9706266706041c10bac3e7ec4316a,Richard Rodriguez,john91@example.org,BR,foz do iguacu,PR,2026-06-11
df92bfc8c606df2f1defedbd0b60a071,Shelly Moss,hmcneil@example.net,BR,carapicuiba,SP,2026-06-20
613262bab2c6cdc4c02b53fd5b284244,Willie Edwards,marygarcia@example.com,BR,santo andre,SP,2026-06-03
aae57465413417f890866a044a7e378d,Brandon Daniel,lpage@example.com,BR,varginha,MG,2026-06-24
e97109680b052ee858d93a539597bba7,Leslie Martin,johnsparks@example.org,BR,ouro preto,MG,2023-11-12
69cf23d79e9feafe5a75da884e40ce30,Thomas Moore,tonyaholmes@example.net,BR,vicosa,MG,2026-05-17
cab7d960c70627143573a8d907a5e946,Bryan Velasquez,lopezgregory@example.org,BR,rio de janeiro,RJ,2026-06-21
9d0bb2ad348ef886d42549292ffb6978,James Williams,romerocrystal@example.net,BR,prado,BA,2026-06-19
ce5c267bd53f4e6683c66f7cb5c5c067,Bradley Phillips,patrick14@example.org,BR,rio de janeiro,RJ,2026-04-22
c48e63d50a74ae2177fcf5d66ab51754,David Harding,hartmanjoshua@example.net,BR,sorocaba,SP,2026-06-10
e1881c7d99c20ca24a49cf18f115db40,William Stewart,johnsonjames@example.org,BR,sao paulo,SP,2026-05-23
4bbaf6f7a10a7e26a8777aa5cb6d5864,April Roth,sherry96@example.com,BR,rio de janeiro,RJ,2026-06-21
1bcddf0de06b8a76191f0f7d1cfa35ed,William Barnett,eadams@example.org,BR,teresopolis,RJ,2026-04-27
6ef12e7a9bd73d564cc2008945b9bc38,Michelle Padilla,valeriesmith@example.com,BR,ribeirao preto,SP,2026-06-18
0ff6bebd4c4327455d347885e2697876,Luke Williams,richardsonanna@example.org,BR,guaruja,SP,2026-05-28
ad2cbd768be693c2a51c4d9fc3209400,Charles Ferguson,mmoore@example.com,BR,leme,SP,2025-02-14
157b9d0c8b2328f814b5ee120d5e5914,Kelly Reid,kennedywanda@example.net,BR,indaiatuba,SP,2026-06-06
7d3c23d715240f2f77f201483d3cb276,Jacob Garza,michaelanthony@example.net,BR,feira de santana,BA,2026-05-03
41f0f87e7ced16f39c602164b66f3fbd,Cynthia Johnson,andersonnicole@example.com,BR,colniza,MT,2026-05-20
b9137cac4c1f714b3cfe949ba5d2f395,Sandra Lopez,turnerchristian@example.org,BR,piuma,ES,2026-05-26
d6bb892fd2920399b89ddd97e887611e,Heather Dixon,murraystephen@example.net,BR,olinda,PE,2026-06-27
65642d132e2747e10e1d2d00005aa20e,Lance Bowers,weaverlaura@example.net,BR,rancharia,SP,2026-06-13
378c06babf08c70f32e748ac24ea33e0,Jennifer Taylor,gregory29@example.com,BR,barretos,SP,2025-08-08
a806f4bac8089496de66aa3f1d640155,Robert Keith,jennifer54@example.org,BR,eunapolis,BA,2026-05-07
cc27b552c1d0c33dc74ab4e926b7006c,Roy Williams,ichan@example.org,BR,tres pontas,MG,2026-05-09
54c7b4f48fb9e911bf328bf9884ca61d,Ronald Page,hurleybrandon@example.net,BR,floresta,PE,2026-06-06
55584b2bdf6ec728549eced086ec8694,Trevor Stevens,margaretramirez@example.com,BR,sao jose do norte,RS,2026-05-20
60aee6970bd57744ad0435997b0a91ae,Erin Griffith,adam17@example.net,BR,rio bonito,RJ,2026-06-06
07342638d0e0aad32c3cf0efc1a37ba5,Cynthia Taylor,ijones@example.com,BR,santa barbara,MG,2026-06-24
8d11f32a56d967b7e09d3a5ed6cf9991,Margaret Mullins,davisautumn@example.org,BR,ariquemes,RO,2026-06-02
c8879b82433186c4f4a94344384c840f,Veronica Sandoval,jacob10@example.net,BR,bauru,SP,2026-06-03
e78cf4d7adf7655dbdaad59a76c4d2bf,Keith Gonzalez,fordlisa@example.net,BR,rio de janeiro,RJ,2026-04-16
c420ec10595dfc16830afdc6233f8916,Dawn Haynes,wileyaudrey@example.com,BR,guaratingueta,SP,2026-06-25
306ca0d858edef9af39b998960923222,Brenda Bradley,jgutierrez@example.net,BR,araras,SP,2026-05-27
bf031ca9921548300245c13a81fdd17d,Kurt Ramirez,amiranda@example.net,BR,vargem bonita,SC,2026-06-27
8d66f98c026e3d77ea0c70f5a2c8e98e,Vanessa Harris,lisa13@example.net,BR,sao paulo,SP,2025-11-24
5cd49b710f13c8714bf78f4d56b676b5,Raymond Beck,lwalker@example.org,BR,quirinopolis,GO,2026-06-25
4105645a2e9d4e2452957b11df3a2a04,Rachel Chandler,wscott@example.org,BR,monte mor,SP,2026-06-27
c85df1c6ef6f7bb605e1c49d34f172ee,Antonio Atkins,bwilliams@example.com,BR,sinop,MT,2026-06-20
1717cd357c7bbb3158e701005cf8e50b,Whitney Macdonald DVM,amyponce@example.com,BR,franco da rocha,SP,2026-06-25
8cdff5a3a9a6a434a81568b355873dca,Lydia Horn,iherman@example.org,BR,porto alegre,RS,2026-05-25
08c07c761592a71b85136aa4fe76a6f4,Tammy Bush,nward@example.com,BR,valente,BA,2026-06-16
145ecf95ce49b37e4590a8b5e635b586,Justin Daniel,wheeleramber@example.com,BR,arapiraca,AL,2026-05-09
7e2bb972fa73a5646c2c7f0fa3bd4895,Emily Johnson,prestoncory@example.org,BR,maua,SP,2026-02-02
9460af1d681311224e08f4e6e00bf644,William Smith,linda76@example.org,BR,cubatao,SP,2026-03-28
57b1f68c8d93b167ff6606951edccfeb,Marc Calhoun,lisa41@example.net,BR,porto alegre,RS,2026-05-18
091e8f3526ef6dcc235f5fbbcdbeb003,Catherine Santana,monica00@example.org,BR,sao paulo,SP,2026-06-26
0f25f51e3d187ca7b8262b956d893cf8,Brian Lewis,rebeccareed@example.net,BR,sao paulo,SP,2026-06-25
079ad4f138ec38e726e7d9ac51ae1410,Douglas Blanchard,cgarcia@example.net,BR,balsas,MA,2026-06-23
f7c7677be77763b1b2cf982a5e67fa61,Amber Gomez,dawn31@example.org,BR,rio de janeiro,RJ,2026-06-20
f0d5f6b6b48d4e1599420b22ff2de1dc,Patricia Smith,smithmichael@example.org,BR,nhandeara,SP,2026-05-29
3159faae98c743546432be5a500179a1,Valerie Mitchell,danielscourtney@example.org,BR,sao paulo,SP,2026-06-10
1d69cad1a7af13a8f78fefc1b996a94c,Stephanie Moyer,michael35@example.net,BR,lauro de freitas,BA,2026-06-20
2fc9fb9b48197a04c6d31ae67029e233,Andrew Russell,khudson@example.org,BR,osorio,RS,2026-06-24
83c76475c52e94b39f6240b68ffec54a,Joshua Love,xbaker@example.net,BR,machado,MG,2026-02-16
f644ca019b90461d729d1d07fecef6bb,Beth Preston,eileenhudson@example.com,BR,rio de janeiro,RJ,2026-06-19
4fcc54152e34b2fb77f850f57582a2f1,Alicia Long,kbennett@example.com,BR,rio de janeiro,RJ,2026-06-19
7d2829c2222be0a081bcf2d4d3d540a5,Sandra Jones,triciaedwards@example.org,BR,sao leopoldo,RS,2026-05-10
237d81d316c9afc1b1476200408455d8,David Perkins,dorisarmstrong@example.org,BR,soledade,PB,2026-05-21
d89a7bdab6223178b3a684e006474485,Brandon Smith,duncandawn@example.com,BR,maua,SP,2026-05-31
82a4ce6d85d43daa930b207bee1ef4e5,Jennifer King,hernandezrebecca@example.org,BR,assis,SP,2026-05-25
2b29203a18529b47950630e4ffe98abf,Lisa Smith,susan75@example.net,BR,rio de janeiro,RJ,2026-06-04
699003f10173022740145aa4aaeaccd5,Anita Watkins,zcollins@example.org,BR,salvador,BA,2026-06-24
cdef82d388697314d97a48b7a460af75,Sonya Salinas,stephengomez@example.org,BR,guarapari,ES,2026-06-22
0e0f83c35771f4b6e283a6e40bf11085,Melissa Martinez,zwilson@example.com,BR,nova iguacu,RJ,2026-06-08
651ed17eda0600815cf614b33c535d6b,Catherine Reynolds,coreypope@example.net,BR,santo antonio do caiua,PR,2026-06-23
7040204cafb030750c3d1c8add529d83,Rachel Boyd,rsharp@example.com,BR,guaruja,SP,2025-06-08
efd2f4f6a5ebfff07943a4a1c80dcf9b,Christine Watson,crossnicole@example.net,BR,esteio,RS,2026-06-21
ceb8b329e744b3e8982e6f9d51269ed3,Michael James,fletcherkaren@example.com,BR,niteroi,RJ,2026-06-21
2e5b5e44efa832c60072aeb33027cd65,Lindsey Robinson,jfranklin@example.net,BR,osasco,SP,2026-06-23
f52a8a57228f8fc586dc65983d39904b,Tyrone Collins,sandovalwendy@example.org,BR,florianopolis,SC,2026-05-23
2c2ccd48722aa6843d258a9f16f012a9,Anthony Arnold,amanda32@example.net,BR,jandira,SP,2026-06-20
701456b03aecc8f52bb08abd823f75a2,John Ramirez,jessicamiddleton@example.net,BR,cambuci,RJ,2026-06-19
7bf5c9596fc39d41078cb46a86b23831,Michelle Haynes,jillnavarro@example.org,BR,rio de janeiro,RJ,2026-01-07
690f1daf39d150896d05b876490b6fc5,Miguel Hernandez,davidgonzales@example.com,BR,sao paulo,SP,2026-05-03
aef59fd9f7310b6ea1600876c510024f,Mitchell Williams,wesleybutler@example.org,BR,rio de janeiro,RJ,2026-06-21
1004c2882ad356c7e8532c14f1b08e63,William Brown,sarahgonzales@example.com,BR,sao paulo,SP,2026-06-25
49eb3e27a6fc361609658d710948cef7,Joshua Anderson,suttondenise@example.net,BR,cerquilho,SP,2026-05-27
ad76d21c91c30cc09fabb1b3cedc4aa5,James Franklin,brandisosa@example.org,BR,campina grande do sul,PR,2026-06-18
3104479007b9d538df0c9c2afe2caa1b,Natalie Nicholson,harveyphilip@example.org,BR,rio de janeiro,RJ,2025-02-08
3fd7c033b9809fe0d4536b4ea3b1e0dd,Adrian Brown,xgrant@example.com,BR,rio de janeiro,RJ,2026-04-26
cee8e1f2b6da0d4a835a0341f3d109f6,Michael Spears,hudsonlinda@example.com,BR,sao paulo,SP,2025-10-27
a10fe3c477989c968aa284bd448b1d5b,Phillip Scott,alexanderryan@example.org,BR,cerquilho,SP,2026-05-01
3a40c20f9cad0f453dce78648a2e22f3,Latoya Cooper,deborah62@example.com,BR,jundiai,SP,2026-06-21
eb9414e9c56dacd436c2b7a274b34983,Jeffrey Flowers,phillipsdylan@example.org,BR,baixo guandu,ES,2026-06-21
b89e8adcd81b4e77d1d67eed240eb456,Kristen Flores,craigrobertson@example.net,BR,fernao,SP,2026-05-22
cb2b7396e93f306c9076b63930b1a332,Tara Hernandez,jennifersolomon@example.net,BR,belo horizonte,MG,2026-06-19
27f610da50d98eb94f1f0745606bc9f1,Curtis Morgan,paigecortez@example.com,BR,porto alegre,RS,2026-06-15
f1d32fc4daad97978a28051b160ca25e,Mary Diaz,jeffreygreen@example.org,BR,brasilia,DF,2026-06-22
6a4a6b6ca4705fbb205db9348233410c,Ruben Charles,xsullivan@example.net,BR,cabo frio,RJ,2026-06-13
2f7040ff8e20664c0856a138a97eecce,Jeanette Norris,victor76@example.net,BR,ibitinga,SP,2026-06-23
69ba88e17ea574da9c9b8c8834a583d1,Heather Allen,anne46@example.com,BR,belo horizonte,MG,2026-06-09
2fd4fde99628d70ae43cfa35ee62e10e,Taylor Martinez,matthewwood@example.net,BR,sao paulo,SP,2026-01-08
167df41b0f249b15af37f592fb5c8c15,Robin Lopez,ucarlson@example.com,BR,vitoria,ES,2026-05-25
d29ede26cd3e2817b314005a88bd28a8,Scott Allen,rberg@example.org,BR,campo grande,MS,2026-06-25
ceacd31e6413fd9d12c7c85b5fe2723f,Barbara White,fitzpatrickjustin@example.net,BR,ribeirao preto,SP,2026-06-03
4c83ee458fa2f463b069ecce3d74fb1e,Ricky Moore,tvelasquez@example.com,BR,santa cruz das palmeiras,SP,2026-06-06
cecd5e9d39fddb69384c1c31bdfac666,Jason Barrett,rperez@example.org,BR,sao paulo,SP,2026-06-22
96f683e748ecbc72b45e6609eeb0c242,Joseph Kelly Jr.,millerjessica@example.com,BR,sao paulo,SP,2026-05-28
5026a05d38ac5cde9dfc41a3269f8b04,Robert Barrett,ryanbullock@example.com,BR,sao paulo,SP,2026-06-10
c107527184a9e9f426fc5a3e89cfb7e1,Jonathan Day,mollypeck@example.net,BR,vila muriqui,RJ,2026-06-01
5b34e292d74ef57ad8c93f54fd640388,Samantha Walker,iford@example.net,BR,santo antonio de padua,RJ,2026-06-27
f23ceb8f983987bd6b0f3bde040fdade,Cory Smith,rhonda05@example.org,BR,itapevi,SP,2026-06-16
b04dc00fe1902ccb64ad35472c329476,Timothy Nguyen,johnsonsamantha@example.com,BR,ribeirao preto,SP,2026-05-21
c1a83a518dec21a938b5ca2a66e47ef0,Francisco Bates,davidjohnson@example.com,BR,sao paulo,SP,2026-06-26
485fa1b8db05ed6fa0062ece4ce80d2e,Thomas Hines,snyderfrank@example.org,BR,timoteo,MG,2026-05-10
d4543db8eab4055b35da5c716ed19c70,Heather Moore,uthompson@example.org,BR,santo antonio do descoberto,GO,2026-06-27
c6d5793d0b594c9c3599c407f62458d6,Rachel Cooper,tammy53@example.org,BR,carangola,MG,2026-06-09
cc31282a9d20caa9b70e578d1d5a7062,Robin Perez,patriciamorrison@example.org,BR,sao mateus,ES,2026-01-17
9bfa4c70f6719eaea72980d2ae88755f,Sandra Harrington,kimberlyperez@example.org,BR,sao paulo,SP,2026-06-17
a8941101d43dd447e7f5aa8e6cdc3e88,Andrew Sanders,arnoldstephen@example.net,BR,sao paulo,SP,2026-01-03
9abd58f6bc7412a8da01a98351e6b989,Barbara Wagner,mariagonzalez@example.org,BR,campinas,SP,2026-03-24
5beb6ddd92a5f785780c5a7a08e9bca4,Hector Bruce,patriciagrant@example.net,BR,piracuruca,PI,2026-06-13
57378b07a6c91c06c139bfff05a246ab,Mary Wilkinson,wleblanc@example.com,BR,sao paulo,SP,2026-06-23
fbb86959dcb4972a76d8432c59c7288f,Jeremy Baker,jasonbooker@example.org,BR,sao paulo,SP,2025-09-02
d22fa88d87b7b3e2efeb587ea5c9a742,Katie Walters,jon25@example.net,BR,cordeiro,RJ,2026-06-20
98d073c472d6309957c0ee7999c8804f,Lynn White PhD,richard62@example.net,BR,rio bonito,RJ,2026-05-31
e3a5f5e65ff3b780847f89dcc81c344b,Dana Prince,plin@example.org,BR,cachoeira do sul,RS,2026-02-22
9a376ff06ccaae65a04b1b1c5535fc75,Katherine Garcia,adamcaldwell@example.org,BR,barra do pirai,RJ,2026-06-26
62113ac26ffc26f24232f838fe2befbb,Adam Keller,kimthompson@example.net,BR,sao paulo,SP,2026-06-07
40b02b6a3a286b0c52837d20795e732a,Ronald Wells,paul54@example.com,BR,sao paulo,SP,2026-06-10
56987d3e10c71d7d4e0fc479e65a35b6,Christopher Sims,richardsonronnie@example.net,BR,sao paulo,SP,2026-05-20
16840fe27040d55fedbd956d8b575774,Megan Rivera,andre19@example.net,BR,maringa,PR,2025-12-30
bafb028d76909431de5d03693482a0a9,Joanne Crawford,brianlara@example.org,BR,montes claros,MG,2026-02-14
8faaed9a13b8c78f9e4a589fecc2748c,Andrea Camacho,udavis@example.net,BR,castro,PR,2026-06-24
e69a2237d79485b1bf4c1b4dca757b4c,Nicole Jordan,kford@example.net,BR,sao paulo,SP,2026-03-21
3de675e6f79e135540ee0144844d26a7,Karen Jones,ehenry@example.org,BR,pinhais,PR,2026-06-24
402cce5c0509000eed9e77fece8056e2,Matthew Leonard,stevensmatthew@example.net,BR,ico,CE,2026-02-04
96d97637a814355ed5e0913942533b21,Ryan Boyle,james91@example.net,BR,niteroi,RJ,2022-06-08
3edc2805e049db7e556130362bb517fc,Jose Hardy,hunter12@example.org,BR,paulinia,SP,2026-06-17
128498d867a54913fd7d7fc9bcde6cee,Alexander Bailey,snelson@example.net,BR,rio bonito,RJ,2026-06-12
f8e72998ed5d90531072d0f39d6bc9de,Michael Smith,ddonaldson@example.com,BR,sao paulo,SP,2025-12-30
d2d7bfabbd3076340239df05bed8ea5d,Edward West MD,nicole16@example.org,BR,mage,RJ,2025-09-14
dd92479c2bb42ffbdc755b0b67974ac5,Amanda Hodge,johnsonjohn@example.com,BR,osasco,SP,2026-01-23
ed20342b0e962655501a9a62f29e9a3c,Jasmin Nelson,djensen@example.com,BR,carapicuiba,SP,2026-03-25
d699688533772c15a061e8ce81cb56df,Brenda Dominguez,manuelwilliams@example.com,BR,sao paulo,SP,2026-06-27
d8e902319a9ed628de1ed00785b9e09f,Brian Rice,ngutierrez@example.com,BR,sete lagoas,MG,2026-06-07
cf5c7635240dca5beb6f7e5e7d9a08d6,Lisa Hendricks,cheryl54@example.com,BR,sao paulo,SP,2026-06-26
06f627751c6010c4c1efa16a711b2764,Shelly Mcmahon,julie44@example.org,BR,itumbiara,GO,2024-11-28
fc3ae503d8cbc4c02a2d8e467b7bbfe5,Lindsey Sanchez,marthaduffy@example.com,BR,campinas,SP,2026-06-21
e2c59e02e343f49861fc454410cab380,Stanley Wiley,andre82@example.org,BR,sao paulo,SP,2024-03-06
81f3e3289b23460a82aa60a77017d421,Bethany Sharp,vanessacaldwell@example.net,BR,sao paulo,SP,2026-06-09
fe947af6540d580b9703d0332d04f0e3,Adam Shannon,sanderson@example.org,BR,curitiba,PR,2026-06-12
ea8c130ad7f684ae458672c78e0dfd00,Eric York,james65@example.com,BR,salvador,BA,2025-12-25
606441378b517f9eeb89f9154a1c4d4f,Beth Sanchez,turnerashley@example.com,BR,sao paulo,SP,2026-04-11
9eb5dbe2b5f217e8a10c5b7e14b90346,Courtney Brown,thomasjo@example.com,BR,sao paulo,SP,2026-06-14
7e84b1ab0353bcbe0b4db3b963de31ee,Julia Garrison,allison96@example.org,BR,sorocaba,SP,2026-06-24
54b1a351f07d51e26ef8a27989c5fd32,Kristi Jordan,livingstonchelsea@example.org,BR,sao paulo,SP,2026-06-25
e87cdd2fb9f1d3ff3438a9d02e454793,David Murphy,ewalker@example.org,BR,curitiba,PR,2026-06-24
7c9b935f3b97a9c5ef678418932ae8e8,Clifford Poole,sarahyang@example.org,BR,rio de janeiro,RJ,2026-06-14
51c3c1f2163c5e5a546e0478cbe00c57,Derek Clark,smithjesse@example.com,BR,aluminio,SP,2026-06-22
15780038e7ab0b92f3a1672ff74dc684,Kimberly Johnson,jennifer29@example.com,BR,sao paulo,SP,2026-06-24
e8bab621313ad2a3c0ce8e3a023ff9bb,Robert Davis,skim@example.org,BR,campinas,SP,2026-05-18
39c94711f67eef8b333eec08e1b96762,Ryan Brown,amandamoody@example.com,BR,xaxim,SC,2026-05-05
0998bf56b5b6f78fed7d753b59254727,Diana Myers,shanerogers@example.org,BR,sao paulo,SP,2026-06-07
9d74adedec2d8b3f568c85f97e0563c5,Loretta Hall MD,markberry@example.org,BR,porto alegre,RS,2026-05-13
9bb17125558a326bc9db37d5ba89cbff,Daniel King,ualexander@example.net,BR,jatai,GO,2026-06-24
804eb66464db178ab95f5f4ced1f4a9a,Robert Kim,ethomas@example.net,BR,frederico westphalen,RS,2026-04-08
b3a8a8097a47f8a79016a801b6b94dd2,Paul Thompson,jason12@example.org,BR,barbacena,MG,2026-03-07
e25ecad4f206325588f4b913642377eb,Daniel Moran,brandonfernandez@example.com,BR,viamao,RS,2026-04-22
5980f546cbb6a7df45ccae926feea7d0,Mitchell Rosario,kellyibarra@example.org,BR,brasilia,DF,2026-06-11
0dd47ea03f3e61825df9e2bc94c292f1,Deanna Ware,gblair@example.com,BR,belo horizonte,MG,2026-06-26
7ee89b8a801ff33528deae962a8a212a,Marcus Collier,sarawilliams@example.com,BR,goioere,PR,2026-05-28
95ae9ff17e664d7e83d3d685e78935da,Richard Harrison,matthewbrennan@example.org,BR,sao jose da tapera,AL,2026-06-24
ef9dd09d99cdfc6a10281e30f85d525f,Tyler Casey,paul84@example.net,BR,mogi das cruzes,SP,2026-06-25
47a891a1662c1f27cd66c574ad2f4c95,Karla Burton,eberry@example.org,BR,itapevi,SP,2026-06-20
5616f75d22507069b5383854a1d8c414,Jimmy Palmer,heidihaas@example.net,BR,belo horizonte,MG,2026-06-22
2329e176e6fa26919d55839e0421906f,Stephanie Roach,fwyatt@example.com,BR,porto uniao,SC,2026-06-22
d0f146964d5dda4a7f837b5d8198d4ad,Heather Matthews,heather29@example.com,BR,londrina,PR,2026-06-22
4c7b5071af05159997555b2500a1ecd0,Johnathan Hughes,john87@example.org,BR,sao paulo,SP,2026-05-14
f3d8599810560b7c7180840ace7c9342,Charles Bennett,rshelton@example.com,BR,resende,RJ,2025-10-30
24bb50e3ea35adf9a12adc0a440563d0,Natalie Smith,jamesroberts@example.com,BR,vila velha,ES,2026-06-21
3e94022b44948f7a53ca0d04e28a06c8,Ryan Porter,alexander70@example.org,BR,cocalinho,MT,2026-05-20
8c3ff6ad9360189ef57d625d044d7c19,Melinda Jones,jake77@example.com,BR,ferraz de vasconcelos,SP,2026-06-27
8b87de30e17e4685d7e61af6029a8d1d,Caitlin Rich,robert42@example.com,BR,bauru,SP,2026-05-30
553ad73e3267ba622039c309c8c477df,Ian Hernandez,zmiller@example.com,BR,sao jose dos campos,SP,2026-05-25
684fda5905aa430123c7b293106a337b,Jacob Hardy,edwardmitchell@example.org,BR,curitibanos,SC,2026-06-26
a40fd948c7052f309fbbb0c6e3d0999d,Christian Stewart,phall@example.com,BR,sorocaba,SP,2026-06-25
5212c50e79fe1349b9894f6508b401d8,Miranda Beck,bradbennett@example.com,BR,sao paulo,SP,2026-06-20
d8e40a4b16990a6fd1095feae46aa1af,Kristen Davis,jenniferwalker@example.net,BR,sao carlos,SP,2026-06-17
4795fb1b0d025528a80e2e9ed5b35a85,Courtney Foley,fuenteschristopher@example.org,BR,sao bernardo do campo,SP,2026-06-12
24058044dcbcb7313582db0305dbe7f4,Edward Bates,dawsonamanda@example.com,BR,sao paulo,SP,2026-03-09
3ed4235d521c24fec4f77d4254e070b8,Adam Gallagher,schmidtjose@example.net,BR,santo andre,SP,2026-05-23
f5f97fb8cf2cf88369faede2ef900aca,Sara Nunez,nortongregory@example.net,BR,cosmopolis,SP,2026-06-20
b66b993b8c12ef14d25a717b22708dbd,Dr. Joseph Parsons,slittle@example.com,BR,sao roque,SP,2026-06-25
de5f2d4aa1e29e756ca9225b1f157474,Misty Robinson,danielthomas@example.com,BR,sao paulo,SP,2026-02-10
f0b5a265570e4f0518db6f9dccdbd1e0,Eric Brown,frank48@example.org,BR,ribeirao preto,SP,2026-06-21
3cc9ea3ffe189981b9a8b2b92b99271b,Laura Atkins,davismichelle@example.com,BR,sao paulo,SP,2026-06-03
082f8d0d83744f4fa435269cf705a07c,Linda Austin,pearsonwillie@example.org,BR,bebedouro,SP,2026-06-23
e46199e608da08442ed8c8202690bebb,Jeffrey Ortiz,jasminbrown@example.com,BR,carapicuiba,SP,2026-06-25
b577af9a54b023b4bcc51f69bb937f1c,Joshua Lopez,smithcrystal@example.com,BR,franca,SP,2026-06-25
f14a94df58861cb1811f48b40271884e,Cynthia Mckinney,angela26@example.net,BR,cachoeiro de itapemirim,ES,2026-05-15
e94dfce2c86ef972bfe79efc639f20df,Amy Hayes,dmartin@example.com,BR,campos novos,SC,2026-06-04
b7d7b6cdeefc2fe237759cfedd2bdb5a,Wendy Clark,nnunez@example.org,BR,rio de janeiro,RJ,2026-06-16
a757d6fab4dc255079371d4673dcfac7,Madison Ware,dthompson@example.org,BR,sao paulo,SP,2026-06-09
daeb283b71a3cc8f49c2c878bb86e15f,Ashley Dudley,ericwagner@example.org,BR,sao paulo,SP,2026-06-14
74adf920dbd3d2e6e9f18acd88b2fd41,Michael Sweeney,michaellopez@example.net,BR,ubatuba,SP,2026-06-09
d925bd95427392b209f0f2fe80c239d6,Steven Snyder,curtisroberto@example.net,BR,brasilia,DF,2026-05-29
71f88676a49942af16839e9690b97f54,Steven Medina,chaselisa@example.org,BR,rio de janeiro,RJ,2026-06-23
25bd804c580bc1ee0c93d073fae09a84,Audrey Hull,gomezbrittney@example.net,BR,sao paulo,SP,2026-06-22
1e15aab5b4588dd08d8e162def63947a,Jonathan Navarro,ewinglynn@example.org,BR,sao paulo,SP,2026-05-14
60e25dc38171becdb0abd13aac4ece3f,Pamela Carr,bailey12@example.com,BR,porto alegre,RS,2026-03-28
6ac37d07d28f224d58ca5c8d595e91c9,Stephanie Martin,jeffrey46@example.net,BR,sao paulo,SP,2026-06-26
66b219a06a37d7129406e32d295a46fb,Lauren Franklin,eadams@example.org,BR,teresina,PI,2026-06-15
22c05efd13a78e3d82eca52589e0313c,Jeffrey Montgomery,asmith@example.net,BR,caete,MG,2026-05-23
1bbadaadd0914e2ef6bcb4098f56e7eb,Harold Williamson,richard18@example.org,BR,rio de janeiro,RJ,2026-06-26
3871b0ab0166a2f441fa762f5206cacc,Ryan Stone,jamie98@example.net,BR,guarulhos,SP,2026-06-08
f668170416a9f589e91a2b9dc11e1eb3,Deborah Stewart,elizabethrobertson@example.com,BR,serra,ES,2026-06-26
20a37002322179007fa568552bfac6f2,Victoria Martin,susanwilliams@example.com,BR,foz do iguacu,PR,2026-06-09
89be91f6d069773a65226b2773313752,Joshua Nelson,michael13@example.org,BR,campo largo,PR,2026-06-12
502efad234d31eb84df82019d85ad6d4,John Estrada,christinedoyle@example.com,BR,ferraz de vasconcelos,SP,2026-06-07
4ee553fa4da24e46926241e4a67812b0,Timothy West,rose00@example.org,BR,cotia,SP,2026-06-25
d9b9b04147bb5cf5c5cd8c114b3cca35,Jennifer Vargas,deanna05@example.com,BR,sao jose dos campos,SP,2026-06-20
33fde9c9e4c9c62c02224ec7d84cf29b,Cheryl Gonzales,ryan90@example.net,BR,monte santo de minas,MG,2026-06-11
6ae9f384742bd1c77def2ea71902d8e5,Kiara Martin,johnsoncrystal@example.org,BR,curitiba,PR,2026-06-25
517b7fc61e9aa8194ad8f298c015e97d,Devon Phillips,david90@example.com,BR,sao paulo,SP,2026-06-23
af361e6472bebb98baf67b62201f9abb,Kristin Hickman,fred06@example.org,BR,sao miguel do oeste,SC,2026-06-06
aaa68765ddc1f8cd0eb5b67d52379d5d,Kyle Brennan,lesliecoleman@example.org,BR,ribeirao das neves,MG,2026-06-26
f72d1ee92d55688d07ca88506300715e,Evelyn Lewis,scott04@example.com,BR,rio de janeiro,RJ,2026-06-11
a546dd0e04bed8ec619f3f8a49d493dc,Dylan Floyd,carla96@example.com,BR,sao simao,SP,2026-04-29
daf01deafc412b92fd052d5a9e9e6525,Kimberly Edwards,irivas@example.com,BR,salvador,BA,2026-06-14
423ddcb7c0603e732d87bcc5c87eab9c,Michael Atkins,smithjohn@example.org,BR,urutai,GO,2026-06-11
068bf1b6ad5389ef7fd0b25926059be9,Mitchell Kennedy,cynthiaford@example.org,BR,itaobim,MG,2026-06-14
8a6fcdcd69b688d63ab6f124a8a94925,Monique Williamson,jennifer58@example.com,BR,rio de janeiro,RJ,2026-06-26
9751244bd65fd1f1166ab7f3e10a31ab,Michael Reed,craig18@example.com,BR,vinhedo,SP,2026-06-14
12ae9d27e5e84221c11f93fd2d2656bb,Anthony Hendricks,coxcarol@example.com,BR,campinas,SP,2026-04-30
980612b4526788a3ebb91b6e372db0af,Phillip Fowler,kelsey47@example.net,BR,salto,SP,2026-05-20
474dc55152d9636a4f660ca32374afcc,Kevin Park,sgonzalez@example.net,BR,itabira,MG,2026-06-17
6140e284b4e76e928d4cefbf30df1e01,Joseph Walker Jr.,robertrusso@example.org,BR,ibiruba,RS,2026-04-26
2e61a8d70f5bd8fa8dd742ed198aceaa,Lindsay White,palmerwilliam@example.org,BR,sao paulo,SP,2026-05-16
c0441350fc63bde5244872590587f1b6,Christina Mitchell,rwhite@example.org,BR,araucaria,PR,2026-06-06
ea11bc07876aef08645f2c14d46b3ba7,Jennifer Decker,saradaniel@example.com,BR,sao jose,SC,2026-06-27
1399cfeada4921c5dac7f53d6de3592f,Michael Lopez,molly71@example.net,BR,liberdade,MG,2026-06-19
a366793a4999f8cc135855c4dd347421,Leslie Sanders,benitezjeffrey@example.com,BR,sao paulo,SP,2026-06-26
3f10bb8c1f2cbbbaee66cb7b8aade13a,James Leon,teresa50@example.net,BR,curitiba,PR,2022-08-02
46799d0831910f2c477c49a994961510,Kristen Castillo,schmidtjesus@example.net,BR,arcos,MG,2026-01-04
f5add44bf786bd861fd6108d400cbaa5,Jennifer Boyd,george46@example.com,BR,sao paulo,SP,2026-06-26
9149b9d31ac43b208255fe4250d6a932,Jessica Hoffman,madison75@example.net,BR,franco da rocha,SP,2026-01-06
ae6ebd1ea96fc64aaa3e0b502b92bf9c,Natalie Kirby,whitecharles@example.net,BR,sao paulo,SP,2026-06-27
daddad443c8d1bd86fa6ea8395e69e82,Elizabeth Fernandez,droach@example.org,BR,belo horizonte,MG,2026-06-17
08135a63f41779f66db61f06f67a7aa1,Vincent Schaefer,tylerlaura@example.org,BR,sao paulo,SP,2026-05-11
cb5d14426ba66f929f72e01bb92fc3cf,Jeanne Mills,whitejeff@example.org,BR,braganca paulista,SP,2026-05-11
2472afd0e8eb035583a1aae9f577b5bd,Sarah Wilson,lanechelsea@example.com,BR,sao luis,MA,2025-03-17
2da15ef83ce8831c824aa43f2af3eff1,Stacy Johnson,marthagriffin@example.net,BR,itapevi,SP,2026-05-31
235779957c2021aca8a67006d358b807,Tammy Richards,madelinebrooks@example.net,BR,ipatinga,MG,2026-06-16
a1189e15dc652a1a751af63b65371a93,Nicole Marshall,mackelizabeth@example.org,BR,guacui,ES,2023-03-07
eb6498bc3ebfad8980c0e5a34a996a46,Barbara Johnston,smithsusan@example.net,BR,taboao da serra,SP,2026-06-18
13ec734449904d3346466df58a6db4f7,Chad Cline,david60@example.net,BR,rio de janeiro,RJ,2026-03-30
456f6d64ecda1b968375d3a68eabfb5c,Savannah Love,campbellbruce@example.org,BR,embu das artes,SP,2026-02-23
7f4adf7903f4d02c527585c4d0f65c2e,Benjamin Cooper,wharris@example.com,BR,rio de janeiro,RJ,2026-06-18
5729c597c0f53d54a91b45f64461a958,Katrina Greene,jasonallen@example.net,BR,ribeirao,PE,2026-05-26
2f7597687aeb6a542aa308ee8618fc72,Vanessa Bray,odavis@example.com,BR,santa ines,MA,2026-05-29
65a3525318158c0b3f6f83eac306cc6c,Shannon Hoover,brendacarroll@example.com,BR,sao carlos,SP,2026-06-09
b98e8baa11ce7bd990d03a54652d2723,Dylan Long,kellermary@example.org,BR,curitiba,PR,2026-05-30
1a3d1e8b28c0ee27c23333ee108c47e6,Christopher Wheeler,vortiz@example.org,BR,guacui,ES,2026-06-19
d60f975f4963e68430e95a8f4ecdbda6,David Jones,gjones@example.net,BR,patos de minas,MG,2026-06-24
2ca4b9fcb8898c11d3134b26790e3e45,Christine Nichols,robert40@example.com,BR,penapolis,SP,2026-06-09
78b0fa5c25eb7869d20074cddfbcfa05,Brandy Baird,bakertommy@example.org,BR,eusebio,CE,2026-06-10
68ef37029e128c6e666b338276b2a47f,Deborah Green,shawn89@example.org,BR,lorena,SP,2026-05-19
7188cc3b360062622e43e67f4baf8132,Laura Williams,smorales@example.net,BR,rio de janeiro,RJ,2026-06-23
6e046f72846b475feea9265ae8447835,Shannon Mays,uhubbard@example.com,BR,petropolis,RJ,2026-06-27
4c43b3b1f461cbefeda06a61e97a65a0,Stephanie Taylor,rmartinez@example.org,BR,rio de janeiro,RJ,2026-06-27
076efbad08f34a6316ec570ea20a0568,Victoria Mccormick,rcombs@example.net,BR,sao paulo,SP,2026-06-21
526760f3b7255a26c8a93a96dfaee4a3,Olivia Santana,eharris@example.com,BR,balneario camboriu,SC,2026-05-28
073a0317f213dc51964b6f8d3344c592,Cindy Campbell,qcole@example.org,BR,sao paulo,SP,2026-06-09
508cae50c5c1e72079d266a513bca9ae,Thomas Mcmahon,james60@example.org,BR,sao jose do rio preto,SP,2026-06-10
74a79b917483257286bedb2355c729f8,Christopher Williams,carlos23@example.org,BR,barueri,SP,2026-04-24
71a26c172a544ccc789674f1fab9d951,Adam Chang,smithjasmine@example.com,BR,contagem,MG,2026-06-22
2a6ef69674d6f28002c72b8d123b3a27,Jacob Norman,browntimothy@example.net,BR,campinas,SP,2026-06-19
17eb2dcf3b6c44be06f2212d1cb555cc,Donald Crane,matthewsjill@example.com,BR,salvador,BA,2026-06-21
501b28230db2d94161afce9e4c14fb1a,Timothy Russell,gregorymiller@example.com,BR,itanhaem,SP,2025-12-28
56e3a984ef5040797608df8afcba3d75,Derek Wu,geraldgarcia@example.net,BR,sao jose dos campos,SP,2026-05-20
3d5ee12ffbcb44147038950c94c9e78d,Annette James,wellsedward@example.com,BR,trindade,GO,2026-06-25
1b2612a1eb1467aba19e5bef0da52217,Timothy Maxwell,wheelerkimberly@example.org,BR,cordeiros,BA,2026-04-29
ca042e1c4a76949e979abfb74159e9ab,Andrea Ward,lmullen@example.org,BR,belo horizonte,MG,2026-06-16
917f3a762ff75778673fff6067000042,Brendan Sanchez,stephanie90@example.org,BR,victor graeff,RS,2026-05-11
ece8fc191a00edb90d32f45d67a3a178,Paul Johnson,fjackson@example.org,BR,santa rita do araguaia,GO,2026-03-19
b2e803d748d08864a69aa128447a1358,Natalie Kennedy,riostyler@example.org,BR,poxoreu,MT,2026-06-27
33a9ccad3eb356f307fcba7093df3f52,Thomas Ayala,fsparks@example.org,BR,guarapari,ES,2026-06-23
b05dc8ebf6b00bda6748a2ed4a5fbcac,Kara Smith,kirk60@example.org,BR,vitoria,ES,2026-06-26
3ebf883fc9d9a5dca8de826c31689e41,Tara Anderson,douglas60@example.org,BR,fortaleza,CE,2026-06-27
de1d1dd6e8c55cf4f5110ceb372c02a6,Bradley Best,aguilarkevin@example.com,BR,campo grande,MS,2026-06-05
f1010979003575c284e304f3e48a5611,Christine White,leslie32@example.com,BR,itabira,MG,2026-05-23
2b8649d1a9912afc25d2943a04782756,Elizabeth Grant,josephcooper@example.net,BR,sao paulo,SP,2026-06-27
5ad76b2e1b9830ec678ccda420872dcf,Andrew Rodriguez,floressarah@example.net,BR,ananas,TO,2026-05-17
0bbedd531a4ae68af2d3aad1ff987110,Wendy Warner,jscott@example.com,BR,sao paulo,SP,2026-06-17
a8bf8a5a3f01ec3bab15b75fb1920205,Anthony Smith,larry40@example.net,BR,campo grande,MS,2026-06-23
f2a29b4d4c04184a9372bb7374d344ac,Ann Cunningham,henrychristine@example.net,BR,belo horizonte,MG,2026-06-23
cae8622d51b654fcfad25446ef0197ce,Jamie Mclaughlin,philliphayden@example.net,BR,conceicao dos ouros,MG,2026-04-03
61575c95d9e40ecb8277a9cd8ace01c8,David Fernandez,cnelson@example.net,BR,sao paulo,SP,2026-06-27
f8309b834186f428f9b4072036885959,Jennifer Hill,earlfoley@example.org,BR,nova iguacu,RJ,2026-06-12
b4249aba7b44861b7fc54bda9d7c62f6,Natalie Cline,raven03@example.org,BR,piracicaba,SP,2026-06-21
6b96b24c9ea528ec5a29f0d852a79747,Danielle Carter,lchavez@example.org,BR,londrina,PR,2026-04-27
d06273369ff5483c3f75f49d621eccbe,Laura Davis,david00@example.net,BR,alagoinhas,BA,2026-05-19
ac8d8e9cf18c3f48c3fe17d7910a8902,Brenda Simpson,lharmon@example.net,BR,sao paulo,SP,2026-06-20
75a9e81466dbc644796740cc49bfe8d3,Joshua Quinn,amy18@example.com,BR,sao paulo,SP,2026-06-05
a2d8125361b16f316df65f4603b88e23,Anthony Morse,gabrielle36@example.org,BR,gravatai,RS,2026-05-28
c92ef88d3d24fe868f2f1807259faa20,Brendan Khan,christopher98@example.net,BR,itaquaquecetuba,SP,2026-06-20
940b5d5aac34067485a393d6c465d974,Olivia Mccarty,edward03@example.net,BR,campinas,SP,2026-06-21
