order_id,customer_id,order_date,status,total_amount
956f91e9-4784-4c40-b1bd-88a5ea399628,70a8db6a5ae17c3a4e5df68bbeae451c,2026-07-05T00:00:00,delivered,480.46
f51458f1-9484-445d-aedf-386ce137fcc4,9f735d60e4d6d3ec348d7bbdb550eb43,2026-07-16T00:00:00,delivered,398.37
3ebef2fd-013c-480b-a35d-5fe1311ad313,5a3ee05d197e24b7bafaac3e2cbc7e55,2026-07-17T00:00:00,shipped,310.91
1e08b93a-034e-43c3-b317-a064b6345118,317a5bc8cf58c4401e221c74d7a51982,2026-06-23T00:00:00,shipped,126.68
adc8739d-fa5d-4866-a60a-b02436f9ee3b,6056d31a9cf9cf98ea9de7ef86cf4f5d,2026-07-14T00:00:00,returned,58.84
a3ae8ea6-9287-4d73-a014-aff8e60c145d,fb1756887ae59c1b0efe8d0544d94815,2026-06-28T00:00:00,delivered,235.09
0e933b64-aca7-4e77-9e81-d5d38910bea9,4cbdc0f2029c78a012c400623a82e55f,2026-06-22T00:00:00,delivered,45.19
37d7a1e1-4b7e-46e6-8e0a-11065c746784,84f30d2fd3937449dc7e0c835c281961,2025-04-06T00:00:00,returned,177.23
47fcf45c-a4ea-4899-9ef7-1b59c0716ffe,96b1c916f245f2462efcde3fce04bc3e,2026-06-08T00:00:00,delivered,234.66
69750316-bcf7-4bbc-b1c9-9ce163a75518,c3d1d99aa10c2e90ceb77c2197e1ae16,2026-06-13T00:00:00,delivered,285.07
5ff1940e-c98c-4a54-8b87-ca2f4a1ec5cb,6056d31a9cf9cf98ea9de7ef86cf4f5d,2026-07-17T00:00:00,delivered,567.79
efc2d16a-15bc-49a6-8033-4dbcfd199cca,8de2a640697fdc751bf88a16ae07591d,2026-07-07T00:00:00,delivered,623.15
7b69e407-67a3-4e31-b5ac-6ae4aa4905ec,9e4cec36a7f9294540b39950eade4190,2026-06-29T00:00:00,shipped,396.34
c11c749e-c0d1-461f-a4da-21450e3aea3a,6832ad9ac97f82c7c5d614fb8e632e7b,2026-07-04T00:00:00,delayed,135.31
41c42586-0350-49e2-8f08-903eb40f997f,5400394e71d0e31eff5a35aa40fb26ac,2026-07-14T00:00:00,delivered,797.68
3a696a2b-5ec2-42b1-9e4d-35ed449bab3e,fb5ad6c23182ac9a66db83611b62b18d,2026-06-12T00:00:00,delivered,475.35
995e5d26-60fa-44ea-a788-d02fbc6c9d0c,5a3ee05d197e24b7bafaac3e2cbc7e55,2026-07-01T00:00:00,cancelled,581.61
8d9a5c5a-ae3f-4ead-8f25-5f6b78fb1d44,ea1bca6d388490f8f4ceb90ec9127c57,2026-07-01T00:00:00,returned,2418.78
e05bab46-416b-4206-ac3f-2ab872b6db51,8e44f96c051e781c86cee504038ab204,2026-06-25T00:00:00,delayed,416.86
9b6ca048-942f-4351-96b8-83f1553663cc,5a3ee05d197e24b7bafaac3e2cbc7e55,2026-06-26T00:00:00,delivered,861.94
ca5eb88b-e638-4c49-b0b7-998d9da525d5,886fa36372fc4428557e3352f37ffc55,2026-07-15T00:00:00,delivered,337.94
d665cb0b-511c-45b8-b7b9-d552923207c9,e106b0bf1efc2352bda60eaeced76675,2026-06-20T00:00:00,cancelled,87.26
73dfa818-f09c-4774-a28c-088142b39c76,cb3766a52eaee82451ef56d6f12b9fb0,2026-06-22T00:00:00,delivered,452.51
2628da3e-3b7f-4453-91ba-4f04a537443d,476044a045850de49b672f57aee54b5d,2026-07-12T00:00:00,shipped,426.6
a70c3ca6-8dea-41d2-bb06-5b138d9ef6a3,f988e05b9c8653f57178a723dc42cfe9,2026-06-16T00:00:00,delivered,525.98
7e09d3d8-25da-4f50-9818-814ebcb077c7,5a3ee05d197e24b7bafaac3e2cbc7e55,2026-06-28T00:00:00,shipped,145.01
d43c974d-19b3-41c6-9124-0b64a0eebc6d,e49eafd7e69d43b8d86f6b5590fafd02,2026-06-11T00:00:00,shipped,1234.52
f9476528-a882-4195-8b4c-a6e650ce753d,f34cd7fd85a1f8baff886edf09567be3,2026-07-05T00:00:00,delivered,180.52
2082d839-e8cf-484c-a65f-b11672fab6a6,08995ff3d56d1423655c3b21cebe06bd,2026-06-29T00:00:00,delivered,562.12
0ad19805-1ebd-4534-8675-9050e6a9e852,5a3ee05d197e24b7bafaac3e2cbc7e55,2026-06-27T00:00:00,returned,1350.35
04e73d09-c68f-4a24-99c5-f7b9fe57a4f5,5a3ee05d197e24b7bafaac3e2cbc7e55,2026-07-02T00:00:00,shipped,890.02
2128f3e4-910c-4783-b34f-78ba4a114417,acfb17c1122b06dd09ea27d6e55cd139,2026-06-25T00:00:00,delivered,393.04
1c3df772-41d0-43d1-be38-b6228ca8bb9c,6e9c6c2120611104445c767b78377d21,2026-06-15T00:00:00,returned,554.9
d64ed313-84f6-4f71-9a27-cf03519e3e89,5a3ee05d197e24b7bafaac3e2cbc7e55,2026-06-27T00:00:00,delivered,1153.4
048bb07d-8868-4e4d-9a30-4c52b8ac0602,317a5bc8cf58c4401e221c74d7a51982,2026-06-21T00:00:00,delivered,1520.34
e07d0be2-0836-4964-b104-a24895a19533,5a3ee05d197e24b7bafaac3e2cbc7e55,2026-07-08T00:00:00,cancelled,167.47
1a418276-cf83-42ac-a1fc-7a7f53311ac0,3fc63a1cff1beeaf62fff26f695de143,2026-07-08T00:00:00,shipped,43.46
7850a9d5-bb1c-4ee9-8407-b70460c00cbb,0b48151c4ac827afeee06ce2d77cc343,2026-07-17T00:00:00,delivered,433.05
404b0955-3618-4aa9-b168-c2b4160dccb8,01ca0680cddb7f4c71e3235f08cd16a2,2026-07-01T00:00:00,shipped,458.72
aa2f8dad-1dbf-49d6-b097-9b2cd0b125ab,ce900bc17b3e45ec05956db418d86207,2026-02-16T00:00:00,delivered,174.43
281335d1-c567-4bc1-874d-c3d9ac9daac7,259dac757896d24d7702b9acbbff3f3c,2026-06-24T00:00:00,delivered,1335.92
9a770981-da97-442f-ab90-58b2c01da24a,5a3ee05d197e24b7bafaac3e2cbc7e55,2026-07-13T00:00:00,delivered,317.03
39cddcbd-f4be-45d9-8eb5-f7151f12eadd,ed20342b0e962655501a9a62f29e9a3c,2026-05-09T00:00:00,delayed,1490.36
6f29c09e-22ff-4979-b424-721b12ca7eb2,1098d1250d5bdf8bfc6a83f26494067c,2026-07-13T00:00:00,delayed,364.66
de27f566-d535-41d9-852b-95b584583ea1,691d75928efd2c5dd34b678f19783c28,2026-07-16T00:00:00,delivered,552.29
3ac43b66-47f4-477a-80da-d1e9e6fe8410,95b4b60a728bff942c8bd59a43effa33,2026-07-08T00:00:00,delivered,198.25
42186e5a-469f-402f-a109-3d08082d58a7,fa7e6f153b7724fda5c1d7cc7b9ae4ec,2025-12-30T00:00:00,returned,185.49
6e1ba929-cc8b-4318-ae2c-11f379bdfbf1,91ec50a00ae74d0a229d2efdf4344e1e,2026-07-15T00:00:00,delivered,107.68
f9c7140e-c6ca-4350-956b-d530d8ad8336,317a5bc8cf58c4401e221c74d7a51982,2026-06-25T00:00:00,delivered,34.58
10f625eb-a354-486d-8eb8-618c49520872,39d7ce28dfadb187458ae98f1e7e3857,2026-07-12T00:00:00,delivered,1498.82
9006f92a-d37b-4d76-a5a9-fe068f1a4184,f2cb4abe193595fe70e9c380e488004c,2026-06-24T00:00:00,delivered,247.85
b385075f-7008-443e-a6e8-b97fd7bb6798,317a5bc8cf58c4401e221c74d7a51982,2026-07-09T00:00:00,delivered,567.79
4d1cd0ee-aad0-45b8-a8e3-b9dc3fc39f42,55584b2bdf6ec728549eced086ec8694,2026-06-15T00:00:00,delivered,553.77
fa82dea5-ef83-439b-8fe1-1360b898c3d1,7c64114d404c93f2c4305a9f2e7dc3eb,2026-07-07T00:00:00,delivered,70.71
61d53823-d124-46dd-b4ee-46f2d69a3585,ea11bc07876aef08645f2c14d46b3ba7,2026-07-16T00:00:00,shipped,1815.48
e61fd440-efa5-4e33-90c0-57dc1b62aeb0,5a3ee05d197e24b7bafaac3e2cbc7e55,2026-07-10T00:00:00,delivered,382.19
158ab069-296a-42f9-a8b0-1c5a84222f21,5a3ee05d197e24b7bafaac3e2cbc7e55,2026-07-13T00:00:00,delivered,602.37
e4e6861a-324e-4dc8-8525-63060cd386b6,2057c4a178808ef5a87a40c6adf2d89c,2026-07-02T00:00:00,delivered,1509.31
ae0c0ec6-23fe-4ae8-bfeb-4aad4ced80ff,26a2b0baec2ef2e226f1297de4b6a86f,2026-07-09T00:00:00,delivered,338.26
16af9290-6662-48b2-8dc9-4ed6b0b8de95,c4ad2cc1cab80dd3e916573b773cdfcc,2026-06-28T00:00:00,delivered,263.68
28398046-f802-4aee-aed8-f339ae67cac2,557cd07fbd892abdb1dc537a91ac9f00,2026-06-23T00:00:00,shipped,631.67
86df30b0-47d9-4966-8f3e-cb2a204f8cf8,5a3ee05d197e24b7bafaac3e2cbc7e55,2026-06-21T00:00:00,delivered,475.27
cda5afd8-03d8-49db-84e9-1adb95f3b96a,d864fec759886e2c8ee25038e7f095ab,2026-07-13T00:00:00,delayed,262.11
f8d0a5fc-615c-4efe-a842-c9785530a892,e5dbefdfdf3eff75c8e6cd655f128279,2026-07-08T00:00:00,delivered,544.88
964f1cbb-52a9-4c5a-9ee9-4a22a98a5343,6e74a070e214eca4da1af1d8c10e0b98,2026-07-13T00:00:00,delivered,343.34
3dd3ba1d-16b3-419f-89c7-49cade03663f,3af0b2f7654f613ff1527b997a2ac57e,2026-07-03T00:00:00,delivered,705.82
6b268390-21ad-4e27-86e4-b6eaa54add32,88baa2a0a13e63c2e2b3ebc09595e4c8,2026-06-20T00:00:00,shipped,1479.18
6cfcb56f-a325-42cb-b4dd-3d0d8def1ccb,62de6068da9506dca753598fcfbdcd16,2026-06-26T00:00:00,delivered,1360.81
2b82a6e9-26fb-474a-afa6-87f9464cec88,019441bdb2c9b0b1990cac725c427960,2026-07-06T00:00:00,delivered,1205.7
2bc421e0-9574-435f-b0c1-53ce4705de17,bc6839208cb211872c9e1909676cbd0a,2026-06-29T00:00:00,delivered,389.26
09394fe5-a599-4810-b46d-cdebd06f944e,de063bea4f3c9809b4780af305873f02,2026-07-12T00:00:00,returned,271.97
76f28934-1592-4d27-992b-afdcf8809de9,0b48151c4ac827afeee06ce2d77cc343,2026-06-28T00:00:00,returned,760.62
32e9ad73-72fa-43e3-8dae-05c7c6113f6b,b896655e2083a1d76b7b85df8fc86e40,2026-07-09T00:00:00,returned,680.1
57d537b1-c26e-463d-b604-ed4dccc88cf8,5a3ee05d197e24b7bafaac3e2cbc7e55,2026-07-04T00:00:00,delivered,1222.81
59dcd13f-82d0-4d45-ae8a-ffab297cbce1,324b9a2e37fc2ab928a842b9429c46ea,2026-07-09T00:00:00,delivered,193.95
ea6527d8-0ea0-4bd7-8a71-7798eeee61bb,e486555873e1947a1de7b1ff1e8c3554,2026-06-29T00:00:00,delivered,434.63
701b4a28-67b3-468f-9457-28c29e741128,b134d1fbe77d00a8e0a4ce9d855ea927,2026-07-07T00:00:00,delivered,36.82
e097c1a3-d66c-4475-98c1-85b6d6431ed5,c107527184a9e9f426fc5a3e89cfb7e1,2026-06-26T00:00:00,delayed,392.81
82aee012-28f5-48c3-a197-a0e604a65c25,b896655e2083a1d76b7b85df8fc86e40,2026-07-05T00:00:00,delivered,225.32
7fb32a75-bb8a-4283-8e71-65159c3730df,84032c13e75382a35c99ae73156b30b9,2026-06-26T00:00:00,delivered,1899.42
9d095c69-7440-4a99-a01b-866844e5a4e5,0b48151c4ac827afeee06ce2d77cc343,2026-07-07T00:00:00,delivered,10.18
9bd812db-7737-4b0d-9c47-a89b3ee5ec4d,f054e8c1cbcf5e89ddd9b615c349936b,2026-06-28T00:00:00,delivered,610.68
5c6c2ce6-e436-4699-b27b-ab912fbba6a0,df2162a9aaf73bf42e812408330969a0,2026-05-15T00:00:00,returned,373.22
47b9a90c-967c-493a-9214-bfca95123024,5a3ee05d197e24b7bafaac3e2cbc7e55,2026-06-29T00:00:00,delivered,197.03
350b86d8-518c-446b-bc60-7d240319ed2a,8c8b21e9534948db376200dd8de97c98,2026-05-24T00:00:00,delivered,526.89
feb7fadc-4c93-4394-888d-721393c0460d,795c1622cf7a53d63d324e862349d01c,2026-06-26T00:00:00,delivered,308.99
944ed6a1-a481-47a7-a455-b73bdc2767b4,1717cd357c7bbb3158e701005cf8e50b,2026-07-08T00:00:00,delivered,225.39
48afa0e3-154b-45cb-8bef-cf3fb695a27b,a012820fbbced38a03331716e231e0ba,2026-07-10T00:00:00,shipped,579.75
d406f4fe-dc66-42a6-8ea3-9f14da0310fa,f054e8c1cbcf5e89ddd9b615c349936b,2026-06-30T00:00:00,delivered,302.68
772a29a7-f8be-4778-ba57-97c66e8266b4,6df827ed74b2b39a2b18b83ba11949c5,2026-06-28T00:00:00,shipped,22.52
1b6caa21-7f07-4193-98db-fb581765c123,d5b838b5c341f1957cea18610d054ac6,2026-07-02T00:00:00,cancelled,478.79
1906522f-8bbe-4b5e-b72e-fa31857ae901,b0454e831e63abc9d4148e48e4ebb4ae,2025-09-16T00:00:00,delivered,111.72
ea48e7a1-e1d6-417e-ba81-0a8e2f041fa5,0b48151c4ac827afeee06ce2d77cc343,2026-06-27T00:00:00,delivered,8.31
003eba15-f9d4-4f12-bdd0-50af06ddf96c,f72d1ee92d55688d07ca88506300715e,2026-06-22T00:00:00,cancelled,266.89
e085ae38-7b89-4e81-b661-f8f63d3293ef,05c567475380140907b9ca53ba1dcfeb,2026-06-15T00:00:00,delivered,580.62
de3e0ef0-a957-4de2-b0e6-90aa3310b417,8dfb24fac32ec7170821d2be63fa9c1c,2023-02-06T00:00:00,delivered,1579.05
6cd5cdff-7408-471d-b3a4-e883d2b6dcf6,237d81d316c9afc1b1476200408455d8,2026-06-01T00:00:00,delayed,937.88
e58bb4a6-21f3-4b41-ab82-adab9d2d3fd4,2e22a2c99a49984d1ef90e308770ebe4,2026-07-14T00:00:00,delivered,156.05
1bff0bcc-56bd-49e3-9b41-3c6c3fc14543,60d23aecbf66b7f5058003a86e89232b,2026-05-18T00:00:00,delivered,286.94
0496804e-fd5e-437c-a58c-6028e54ba10e,d8c21a391fae9a2f8f784c3c25ff5f85,2026-06-17T00:00:00,delivered,276.16
9bd92154-9f28-4b64-a96a-1845569538a0,dc77e5e1396c807043f506f794d8fd1e,2025-01-29T00:00:00,delivered,1288.1
899fd59d-e91e-45b3-8677-f9e4b53769c1,4af9d92576710a7d35603adfdff67acf,2026-07-07T00:00:00,delayed,946.1
4b2e8f19-5eee-45a5-badb-6685679da16a,7e8ace5e83e019d284a1cf0108b57f94,2026-05-29T00:00:00,delivered,1733.96
554f5304-5146-498a-a769-b1bd9575596b,3f10bb8c1f2cbbbaee66cb7b8aade13a,2023-07-13T00:00:00,delivered,132.96
a11025fb-64a9-4516-82f6-89e9c807db20,16d778764561c820ab02b6ea12796b14,2026-06-18T00:00:00,delivered,368.12
cb1fe252-7d46-4db0-8c44-20f25d622850,f054e8c1cbcf5e89ddd9b615c349936b,2026-06-30T00:00:00,delivered,365.13
88a1194c-33c0-499e-8329-0f3301271237,34c6f984b590bbfe3d4d6c76007c0b1c,2026-05-21T00:00:00,delivered,428.6
2eead6d1-bd06-4dd2-a9f9-72c43c19f875,5a3ee05d197e24b7bafaac3e2cbc7e55,2026-07-14T00:00:00,delivered,419.33
4fcafece-964d-4ec7-8a73-f58ad3172751,9d0bb2ad348ef886d42549292ffb6978,2026-06-22T00:00:00,delivered,2853.5
80de79c6-ef82-4615-ba11-f885355480a5,48464d1565a9447566fa926099aa5d9b,2026-06-29T00:00:00,delivered,619.51
b725bc44-3428-40bb-a1c5-c7fc5682c481,50aef30dabc7aca975dbdec85dcb848f,2026-06-28T00:00:00,delayed,921.76
011ae7c9-e9b0-432d-ae75-4c0c10b4c205,5a3ee05d197e24b7bafaac3e2cbc7e55,2026-06-30T00:00:00,delivered,214.98
a653a39d-42ec-4bf7-baf0-f3d7b0117f5a,36f7cbc956469da1d4bdde49171d192b,2026-06-29T00:00:00,delivered,408.24
f71c18db-62ff-4cac-81a3-a0464bc3980b,5a3ee05d197e24b7bafaac3e2cbc7e55,2026-07-07T00:00:00,delivered,597.95
4c2b3ad6-10cd-4497-a8f8-f0246bec2526,11cd4821f3f646fae625b1f043fb5ec3,2026-06-17T00:00:00,delayed,556.46
01d288a9-c73c-4857-aa48-031360533f14,89e3027de49c3012858cfeb7f5a34f59,2026-06-27T00:00:00,delivered,863.42
953b3d74-1872-4f7f-a7e2-03113503dc09,5a3ee05d197e24b7bafaac3e2cbc7e55,2026-07-09T00:00:00,delivered,195.3
7b5b1398-6755-43ba-89d3-b49cccacbfd0,a5782905d18c0d30d5dfbf6f2a864719,2026-07-11T00:00:00,delivered,294.38
d6fa6d47-1c9e-464c-9fc7-f307e0aa22ea,e94f497b64b4c843216126feedb1dfae,2026-07-15T00:00:00,delivered,647.66
becd0e6e-62a5-422e-ad2b-84f71b2ab6ce,5a3ee05d197e24b7bafaac3e2cbc7e55,2026-06-21T00:00:00,delivered,213.21
8d384490-6292-48e8-b349-eb8daa7f9e91,f054e8c1cbcf5e89ddd9b615c349936b,2026-06-02T00:00:00,delivered,81.52
df5bdfb2-7949-46a5-9667-48f80801e4dd,20bb1d9431264f331e47b2da94991eaf,2023-11-19T00:00:00,delivered,741.35
5b3056df-94dc-47f8-b985-d1c675e5d2ed,5a3ee05d197e24b7bafaac3e2cbc7e55,2026-07-17T00:00:00,delivered,2377.05
784fed6e-fe3b-4933-948e-8cdd1eebf323,a012820fbbced38a03331716e231e0ba,2026-07-16T00:00:00,delivered,359.95
d9093254-e09c-4f0f-9b3d-5dc4c4d5d299,5a3ee05d197e24b7bafaac3e2cbc7e55,2026-07-12T00:00:00,delivered,960.62
527ee0ed-4ee0-4787-ae3f-3b6e831427b8,5a3ee05d197e24b7bafaac3e2cbc7e55,2026-06-20T00:00:00,delivered,447.71
0730ac9a-0898-4fdb-a620-308724fdd3c7,00e984e99fdfd52943156d2d7eb4a5e6,2026-07-16T00:00:00,returned,404.1
d286feeb-173e-452e-8256-13c65e737435,caf8cfa0ac3ff60facda076545837647,2026-06-15T00:00:00,returned,176.02
7ccb208d-1d6c-4690-80cc-c7e1b7506387,5a3ee05d197e24b7bafaac3e2cbc7e55,2026-06-24T00:00:00,cancelled,1083.1
929b02e3-a052-43bf-8c98-fb81b812d0f6,5a3ee05d197e24b7bafaac3e2cbc7e55,2026-07-11T00:00:00,delivered,1027.54
66809604-81e2-4b19-9cfd-657c7f1ac4be,5a3ee05d197e24b7bafaac3e2cbc7e55,2026-07-09T00:00:00,delivered,259.29
d6e02690-32ca-4bcb-8aca-273449d61bc5,50aef30dabc7aca975dbdec85dcb848f,2026-07-13T00:00:00,delivered,93.99
514a2f66-bb4d-40d2-b44d-f3b36ad01ec2,5a3ee05d197e24b7bafaac3e2cbc7e55,2026-07-14T00:00:00,delivered,187.68
3b326dd8-270f-42ae-931e-ea671c06dfdb,c1a83a518dec21a938b5ca2a66e47ef0,2026-07-16T00:00:00,delivered,748.21
2b71fdb1-ca1e-4de9-a1ae-17423381db90,17edcf1332227a04be5ee81262f0757e,2026-06-26T00:00:00,delayed,16.16
8d5f45d6-f8f0-457c-aceb-0658fece06c9,6b05110cdbb6841273fdb6718c9f58ea,2026-06-06T00:00:00,shipped,823.0
8c9a0ae5-f534-49fe-b0e2-addb24842e7b,5ad76b2e1b9830ec678ccda420872dcf,2026-06-04T00:00:00,shipped,367.14
8ccdf321-cd5a-4c9f-99ad-a6379dd130e4,f52a8a57228f8fc586dc65983d39904b,2026-06-15T00:00:00,delayed,772.14
4af5ce80-bb47-4d18-b954-903c2b30f70c,bc53fa6fe784dfc008612a79f5fc0e3a,2026-07-14T00:00:00,delivered,634.3
f5e91296-1ff9-4519-a476-e0ff88bf1629,ea8c130ad7f684ae458672c78e0dfd00,2026-05-27T00:00:00,delivered,142.34
bbf6cda7-6e0d-4d0e-a442-393f039d6e26,4ee553fa4da24e46926241e4a67812b0,2026-07-12T00:00:00,delivered,101.19
17bae1e3-ae91-40d5-bebd-5c0a9c007578,4d160824ea5977aa52fef32596211a93,2026-07-01T00:00:00,delayed,3022.25
edb302b7-c95e-4f28-9319-dd2cc488ea76,38e31fda99a5fb901d27134d18d36c75,2026-07-03T00:00:00,delivered,311.47
7d1c10e4-908c-4fa2-8d1b-3053288bb692,fdcf4139f50f370c91e8b8f33adde2a6,2026-07-16T00:00:00,delivered,789.93
c65dfe42-07e2-4c76-aa97-c1bb0b774c60,9460af1d681311224e08f4e6e00bf644,2026-05-30T00:00:00,delayed,71.23
fa65a60f-3bed-4801-b9c7-3e52ce7b01d6,00e984e99fdfd52943156d2d7eb4a5e6,2026-06-24T00:00:00,delivered,621.55
cae065ac-7247-4f7b-8de4-71d62259ebc2,01daeb09de8f07882ccd4319ffbc4693,2026-07-13T00:00:00,shipped,159.97
d61b3d0a-a23f-43a9-be1e-b7cb8e75d709,dca996b43abe5392a685a11289eb1fbd,2026-06-22T00:00:00,delayed,289.76
17315a07-1c01-447f-8f8c-8774a3408740,226c621e6babfecac4e9e776382c77aa,2026-01-02T00:00:00,cancelled,251.87
58071794-55fa-4644-aa1a-460aad556cd8,ceacc242acd679abeeaa2353b76b99de,2026-06-27T00:00:00,delayed,595.91
81247c69-5d4f-45df-a07f-436ac8dc45d4,5a3ee05d197e24b7bafaac3e2cbc7e55,2026-06-28T00:00:00,delivered,516.15
a3367051-5f69-4891-b64e-68ddf9f167cf,5a3ee05d197e24b7bafaac3e2cbc7e55,2026-06-21T00:00:00,delivered,383.22
30c2dbdc-763f-4649-b98b-c6ed4d9fadd5,5a3ee05d197e24b7bafaac3e2cbc7e55,2026-07-12T00:00:00,delivered,786.39
f7f440d0-aef6-40e1-8a86-d2d91e89e69b,17edcf1332227a04be5ee81262f0757e,2026-06-24T00:00:00,delivered,231.83
c7716d0b-f2b5-427f-af12-f3b814b1235f,6056d31a9cf9cf98ea9de7ef86cf4f5d,2026-06-29T00:00:00,delivered,1596.3
f2950b62-8c16-4f75-961b-17e36ce6682e,717aa48025662fcf27ddebbecc5f782b,2026-07-06T00:00:00,delivered,289.06
ecb4e4ea-00f5-4f90-863f-ca7bd9c8b1cb,4232024117e4618d2cfdc07c30b5d3c7,2026-06-26T00:00:00,delivered,849.04
301aa4ec-b43b-4aa6-9372-24d19a00d925,07f61caa1c9e850c14e94854cec87545,2025-07-21T00:00:00,delivered,436.97
05831469-30ec-4a8b-8cd5-db546c87f686,f3df2c0b7cf3814b81b37ff6273f76cd,2026-06-22T00:00:00,delayed,828.38
ef8ed45e-0a7c-4b6f-ac80-42c5a1e2ec63,295c05e81917928d76245e842748184d,2026-06-26T00:00:00,delivered,118.55
c90a16eb-7b52-4d8e-b33b-204c4d5fb28e,9751244bd65fd1f1166ab7f3e10a31ab,2026-07-07T00:00:00,delivered,715.52
c038662e-7c92-480c-adf7-56729440e8c9,fc25f71bab94146446884fc523121d48,2026-07-08T00:00:00,delivered,184.92
0d344e67-3d59-47b5-8a9c-0107ade00bf1,9ccfff93c79f3dd996cce15f26480c5b,2026-06-28T00:00:00,delivered,2221.15
3e0711ae-04a5-46cc-8298-c511e722ab8e,ed62ab8aab76f4d4efc4344ba5ef3a6d,2026-07-13T00:00:00,delivered,2498.12
6cd62603-9928-4b84-997c-0f73454cd15c,7c70ca4d728c6988ee9c326479b5f507,2026-06-29T00:00:00,delivered,313.59
a0d547db-8ccb-43da-bc9b-89de38333978,8e323c75fdec6658ed2933b3f2ecc33a,2026-07-14T00:00:00,delivered,557.12
0507976c-6161-4c38-b699-dc5d21717485,1098d1250d5bdf8bfc6a83f26494067c,2026-07-06T00:00:00,delivered,1013.57
8a7faaef-9b4f-4468-92b7-d4becadf3af0,470a8f2e1dc7b277e4625f23039c6f84,2026-07-11T00:00:00,delivered,136.19
48763882-0052-4b17-82e9-3040181ce211,9d74adedec2d8b3f568c85f97e0563c5,2026-07-15T00:00:00,delayed,194.77
132a1e35-bf19-407a-854c-84dff7e791fd,cad6e6cc5d7a8620efda1f8310fba9d1,2026-07-13T00:00:00,delivered,35.61
f3a3c8f8-9757-479e-bc92-46513ce4175a,9b05b38d7d9ef19a89815c217b30fd37,2026-06-17T00:00:00,cancelled,232.38
9a3153d6-aadb-486a-bbf0-a7e26aa5cec8,0dd47ea03f3e61825df9e2bc94c292f1,2026-07-10T00:00:00,delivered,25.88
847077a8-6958-43ed-9a39-f47db9d7ed43,a40096fc0a3862e9e12bc55b5f8e6ab2,2026-07-17T00:00:00,delivered,225.95
4a792446-0edb-44e7-a07a-2abaaa1a66ca,5a3ee05d197e24b7bafaac3e2cbc7e55,2026-06-23T00:00:00,delivered,458.19
7b07ace2-3d30-4db7-bc72-b8db76661de0,75911973553414cf548f0d62eb2f0fbc,2026-04-12T00:00:00,shipped,121.93
480ee8e4-6d91-4e3b-a72b-9bc11a65142c,6df827ed74b2b39a2b18b83ba11949c5,2026-07-03T00:00:00,returned,859.11
7fa0bfaa-4ab8-4b2b-9662-8a778e58fd7e,00e984e99fdfd52943156d2d7eb4a5e6,2026-07-06T00:00:00,delivered,22.27
1e30593d-9381-46e9-b0f8-a0a2a52c1ab2,5a3ee05d197e24b7bafaac3e2cbc7e55,2026-07-10T00:00:00,delayed,220.65
6f8dca1f-8927-4772-a480-bfbb8cbf9948,6056d31a9cf9cf98ea9de7ef86cf4f5d,2026-07-12T00:00:00,returned,588.62
e89c1e3a-c5b0-4424-9d94-76cdef7ea3e0,07342638d0e0aad32c3cf0efc1a37ba5,2026-07-13T00:00:00,delivered,631.26
01a0c139-b63f-489c-83dd-d68e044cfe20,996d5fb8a5736b0fea622c72fc1026c7,2026-06-05T00:00:00,delivered,1264.21
5d67ee55-79ca-4e94-8040-b9dc53949734,ed2e7c127faf8aacf910fb4ecb881966,2026-07-10T00:00:00,delivered,15.95
abff2020-18b7-4282-940c-5dc86e999bf0,51c3c1f2163c5e5a546e0478cbe00c57,2026-07-06T00:00:00,delayed,306.43
ae6a0397-809b-462a-b894-5087e81eb08f,de5b15b5269883dea3cf95f30cf7fece,2026-07-17T00:00:00,delivered,473.16
ad15888f-8588-4ac6-83a6-80c8dab0e95e,f054e8c1cbcf5e89ddd9b615c349936b,2026-06-28T00:00:00,delivered,485.94
3cb079ad-d7d1-4005-9b3c-1d366e230552,29c059c81f62aa098e896ddd7fbc5c32,2026-07-17T00:00:00,delivered,550.34
1372d94a-c5dd-416d-b78b-6250ae899878,717aa48025662fcf27ddebbecc5f782b,2026-06-12T00:00:00,delivered,1219.3
7a5cdb36-e305-4b17-bf43-4979e8fc9e54,684fda5905aa430123c7b293106a337b,2026-07-15T00:00:00,delivered,416.13
aa29d724-c01b-4836-a16b-8a30528d59bd,ce590a0c44295fc160eca2f1791f37e9,2026-07-11T00:00:00,shipped,1017.76
8e65bb5b-d6f9-4310-ae6c-b2a2ad432884,5a3ee05d197e24b7bafaac3e2cbc7e55,2026-07-04T00:00:00,delivered,212.4
0892219d-3d3c-43c9-8bc4-b59c7440d288,ef94ab37c9e865083fb1916862c23fd2,2026-06-23T00:00:00,delivered,1231.49
a4e3f18f-f71e-4631-9a27-751b9f090146,bc186285d21adeb7b7c88af5e40665cb,2026-04-13T00:00:00,delayed,579.3
efdfc808-4582-4ed5-a4f7-fa8d2c2fd5b0,09ec740fbf182446388824c67a5fb78d,2026-01-21T00:00:00,delivered,130.03
a6240fe6-9a4c-417f-8d5e-8acdc9f3a75e,5a3ee05d197e24b7bafaac3e2cbc7e55,2026-07-05T00:00:00,returned,167.47
fc0c86e1-6ba5-4a18-a00c-829850306b3e,5a3ee05d197e24b7bafaac3e2cbc7e55,2026-07-07T00:00:00,delivered,586.47
d3c9fffb-ba00-426a-b6dc-b465ad1bd1d5,03d4953a455f8489e712ea80699de878,2026-07-06T00:00:00,delayed,512.26
a141648f-e207-4448-87d8-2cddf69a7e13,5a3ee05d197e24b7bafaac3e2cbc7e55,2026-06-23T00:00:00,delayed,243.42
b17d5b10-0675-4785-8080-72fd276e0381,76967eb50da869a312fc4adae1fa5309,2026-07-06T00:00:00,delivered,2050.87
b996d72d-6db2-4679-8871-faf2fc099bcf,5e2d89be42420641aa1c19cf1a90247e,2026-06-24T00:00:00,delivered,303.5
dd1e2084-8158-4b72-b652-96b5701b197a,54c7b4f48fb9e911bf328bf9884ca61d,2026-06-23T00:00:00,delivered,295.78
8ba7f1e5-f7a8-46d2-95bb-8a35bb483ce5,0b48151c4ac827afeee06ce2d77cc343,2026-07-13T00:00:00,delayed,463.87
bf1eb94a-944b-43e7-bdfc-35a6a1e86078,259dac757896d24d7702b9acbbff3f3c,2026-07-07T00:00:00,delivered,376.81
e8bffacc-37b4-43bc-b674-8721fe380159,8533fef411165ea5df3fe583670a76cf,2026-07-13T00:00:00,delivered,451.93
6b767320-7758-45c5-aa83-a29b693efd56,ac8d8e9cf18c3f48c3fe17d7910a8902,2026-07-03T00:00:00,delayed,101.92
70bcb8da-a53e-469f-8416-9de31dda672a,2f7597687aeb6a542aa308ee8618fc72,2026-06-19T00:00:00,returned,179.11
3b35c893-5efb-400c-8e33-caa8964a1014,55fbb64f60861980e74c4f136f304297,2026-06-15T00:00:00,delivered,2471.7
a606c3fb-82c7-4d4b-98be-09025adb1959,a546dd0e04bed8ec619f3f8a49d493dc,2026-06-16T00:00:00,delivered,1152.38
0d032e00-6253-45a7-87d7-0c89851fa704,233896de79986082f1f479f1f85281cb,2026-07-04T00:00:00,delivered,585.4
8ddd8b7f-92eb-4239-a08c-23a384cf68c3,ceb8b329e744b3e8982e6f9d51269ed3,2026-07-13T00:00:00,delivered,930.32
90099e68-b57c-402a-9d1a-4758acbae488,816a9d13b0b4a4c4b7c1015ba08deff1,2026-06-21T00:00:00,delivered,512.56
25c8fa68-1afb-4532-b04a-b33203d5728f,4cbdc0f2029c78a012c400623a82e55f,2026-07-13T00:00:00,delivered,137.13
2d569836-4bc5-40db-bafe-8c6a2fdb719a,4f2942851db2a70c008b54fd9e970fa6,2026-05-14T00:00:00,delivered,1343.9
10b2f87e-6298-4d09-8c22-524e66e586c4,65642d132e2747e10e1d2d00005aa20e,2026-06-27T00:00:00,delivered,128.79
3ff507e6-eee7-4bb3-8cfb-115fcf670dc7,9d0bb2ad348ef886d42549292ffb6978,2026-07-14T00:00:00,delivered,35.1
f366975b-0060-48cd-b339-0cafb8aa2661,f8945c1122a948f727f6cc5f56f02532,2026-05-05T00:00:00,delivered,88.06
6b12f671-351f-4123-bc3e-2e81f8e002ed,75911973553414cf548f0d62eb2f0fbc,2026-04-26T00:00:00,shipped,294.23
9e34b659-18b1-45df-bcf1-df4b2f849f1f,0228e299d1cabeaf9be64b5ccd784c97,2026-05-12T00:00:00,delivered,192.44
cf644061-7d45-476e-8e61-01482fa48742,5a3ee05d197e24b7bafaac3e2cbc7e55,2026-06-20T00:00:00,delivered,406.37
a536530f-dc14-4bf6-bc76-e40e7c87cf77,5a3ee05d197e24b7bafaac3e2cbc7e55,2026-06-26T00:00:00,delivered,17.63
e4629ce1-7ddf-4ddd-b290-37b50835a61c,11cd4821f3f646fae625b1f043fb5ec3,2026-05-28T00:00:00,delivered,2307.71
4d50f0be-5d2f-4343-b83a-a3ee0006a95b,9b61c2fdf2c0a670763b67aad64dab3d,2026-07-08T00:00:00,shipped,585.97
2afd3d87-c375-4baf-9106-f0f206c782a4,f14a94df58861cb1811f48b40271884e,2026-06-29T00:00:00,delivered,648.31
47bf72b7-6f0a-4f95-9bc1-c4cf7161ea5c,8c2e1b595fa98d5f22cb089e0e70d9cc,2026-07-15T00:00:00,cancelled,306.82
078af958-be26-4845-b336-d85187ebd1cb,c0441350fc63bde5244872590587f1b6,2026-07-16T00:00:00,delivered,921.27
d6be896b-ae00-49a5-a53b-1440c1746faa,5a3ee05d197e24b7bafaac3e2cbc7e55,2026-07-07T00:00:00,delivered,1658.7
e222b347-db3d-4364-920a-ae5557261c4b,57b2a98a409812fe9618067b6b8ebe4f,2026-07-03T00:00:00,delivered,571.05
79c4f425-0587-4a77-8fb5-2a2d025e885d,527d59def65c2a1300ae5c4138c279ea,2026-05-30T00:00:00,delivered,842.45
e518ffe0-c787-4296-ad8f-2925bcf5681d,3a40c20f9cad0f453dce78648a2e22f3,2026-07-02T00:00:00,delivered,224.91
aa70c9cc-b795-440e-8ff8-fcd5b23ae528,5a3ee05d197e24b7bafaac3e2cbc7e55,2026-06-26T00:00:00,cancelled,622.51
d005f499-e03b-4c5a-885b-c03e766d0c1b,c77b4bb192918ceba50cd4d6bcf64b67,2026-06-25T00:00:00,delivered,1157.97
673d8ba2-01e0-4b9e-944f-7bd2d45c07b7,f8309b834186f428f9b4072036885959,2026-07-09T00:00:00,returned,63.22
e12f748d-cec5-4479-9208-862e03f8e855,fa87e5558d2010f19641ca49363d5a1a,2026-07-06T00:00:00,delivered,75.0
c74ca93b-2783-4980-af2f-4fcb47eeec70,08995ff3d56d1423655c3b21cebe06bd,2026-06-21T00:00:00,delivered,507.05
395632ee-d491-4b42-a524-ccdb343999c4,07f61caa1c9e850c14e94854cec87545,2026-02-02T00:00:00,delivered,2269.67
50dccd17-2a97-4bdf-b10e-5a01b000a894,483ccebb9c42ae89d35740fadc153835,2026-06-02T00:00:00,delivered,258.52
2db7e697-b1d3-4bed-9233-3bed401495a0,5a3ee05d197e24b7bafaac3e2cbc7e55,2026-06-28T00:00:00,delivered,1060.57
01e3e296-f4c9-4362-8b97-722a593c388b,0c17966568c69f8f827f574911f8b729,2026-07-09T00:00:00,delivered,426.33
3d2ff2cf-1a27-4a57-b4ca-7462607b864e,bdf7458b78fc3a9cc62e71cb779d0452,2026-07-07T00:00:00,delivered,90.78
4618925a-7a76-45fd-a585-978c2598b9b5,7b436cdf595907b9b0b142e8177c0072,2026-03-14T00:00:00,delivered,327.86
186a84c6-66b9-4ca7-b9ab-a2af34d89ed5,08995ff3d56d1423655c3b21cebe06bd,2026-07-05T00:00:00,delivered,582.25
970c2a43-0f07-4906-920f-9311faad0d84,701ada356e78d72bfd5b279280762b79,2026-06-29T00:00:00,cancelled,390.89
8c013578-808b-42ce-8a20-e652342938aa,38e31fda99a5fb901d27134d18d36c75,2026-07-17T00:00:00,delivered,513.2
3fb2ebdd-f938-4d3c-971f-7f025c78b877,3e6fd6b2f0d499456a6a6820a40f2d79,2026-07-08T00:00:00,shipped,165.35
9ae10ec1-6bf2-473e-8d40-b01ca0669fa9,d3b1ea21e85de5679eb875b8a3a9dd4c,2026-06-19T00:00:00,delivered,789.45
eec7127f-b09e-45dc-8a0e-7b4e9032804b,f12cfa9263ca5dd51027f902d1d05321,2026-07-09T00:00:00,delayed,447.38
8d52fb85-003d-4386-8ebb-2e63f4f92c7b,5faabfe6772088c4d906b63fa81ac63d,2026-06-26T00:00:00,delivered,224.91
5f61fda4-5a6b-4b30-9a0a-ae2a2929c84f,1c68b10c39678b2f8a7354ae67c44ef3,2026-07-13T00:00:00,delivered,37.75
9d8ca6e5-bcac-4922-8432-880a6b516124,2a6ef69674d6f28002c72b8d123b3a27,2026-06-23T00:00:00,returned,642.48
0d2aa5cd-de8b-4f25-939e-893ab3e9be7f,c4854939d499d4786a9273c855fa6b77,2026-07-07T00:00:00,delivered,3173.0
8dd1f20d-5dd7-4e7b-98fa-83c5852dfbae,4c3e319751f31fb9c21a247247fe85e0,2026-06-21T00:00:00,delivered,487.3
10a6aace-4a3c-4e06-b5bc-5bac80b4fada,5a3ee05d197e24b7bafaac3e2cbc7e55,2026-07-01T00:00:00,returned,128.12
4dadcf38-13b1-43bd-ba96-f29e0b3df458,caf8cfa0ac3ff60facda076545837647,2026-06-10T00:00:00,delivered,646.26
d9a4c618-1a7c-4354-a26a-10862d4d29ec,2b29203a18529b47950630e4ffe98abf,2026-07-05T00:00:00,delivered,408.43
888698d1-d7f4-4a52-b407-2f19cac0b9ad,32fb60e2ce6a1f62eeccbc2d33046072,2026-07-14T00:00:00,delivered,195.82
45ea189d-c41d-4966-ae8c-577c1e276f84,11ad985b033c153deec8400ea60810d3,2026-06-27T00:00:00,returned,624.86
f267edd0-3f8b-4ecc-8a80-81fcdbf1a599,fdcf4139f50f370c91e8b8f33adde2a6,2026-07-13T00:00:00,cancelled,379.23
66e39b25-0bfd-49f8-93cb-2648b8ae7f4f,4b0cbf5ea22869c5ea269442f9b849e7,2026-06-04T00:00:00,delivered,283.35
fe01f380-d156-481a-8c16-4ffe23b47b78,1717cd357c7bbb3158e701005cf8e50b,2026-07-12T00:00:00,cancelled,363.88
da0338cb-5e8c-4cba-bf3b-6d2c4cdfefee,49823ffcaa3d1b5b5e95aebc40ca0c9b,2026-06-14T00:00:00,delivered,80.94
e18995d8-485a-4508-8c11-2ef4f0672965,b12fb4939476e92d9490ab46c7006675,2026-06-14T00:00:00,shipped,392.44
0a3ca129-f459-4e20-ba9b-2709ce73e7ce,c645339c7f927e64c0cbe6079255fc7a,2026-06-22T00:00:00,delivered,273.53
20de8061-e66f-4484-a003-8fe3c99b91e4,226c621e6babfecac4e9e776382c77aa,2026-01-02T00:00:00,delivered,851.91
aba6ee7a-56c3-4f08-bb37-e46e533e08cf,5a3ee05d197e24b7bafaac3e2cbc7e55,2026-07-09T00:00:00,delivered,206.16
18af88b2-6692-436b-9620-1324d64179bd,3d5ee12ffbcb44147038950c94c9e78d,2026-07-13T00:00:00,delivered,136.02
92d1492d-9630-42b0-a1ca-552392713dde,5a3ee05d197e24b7bafaac3e2cbc7e55,2026-06-23T00:00:00,delivered,916.64
eee29c8c-1d85-453a-87bf-94ef67ba0c6b,4b0cbf5ea22869c5ea269442f9b849e7,2026-07-17T00:00:00,delivered,348.55
7f778310-6d14-4d4e-8f4a-5212742db08f,5a3ee05d197e24b7bafaac3e2cbc7e55,2026-07-08T00:00:00,delivered,5.41
c10d88cd-5732-4efd-83b6-a4c48672fa8b,e235442a956c524e6c141141171f5801,2026-07-10T00:00:00,shipped,2058.18
8b8c3d51-1c09-4e2c-8358-99e2f0c4b937,5a3ee05d197e24b7bafaac3e2cbc7e55,2026-06-26T00:00:00,delivered,658.42
edeb1d1f-d9bc-45d1-9454-606c02e4c810,a6f2e4a9ff6fdb7626039136dee62c4b,2026-07-10T00:00:00,delivered,1200.68
730e309a-4923-4f4e-820e-e21bfb5249ce,917f3a762ff75778673fff6067000042,2026-06-06T00:00:00,delivered,451.04
36cfcb7f-bd5d-4b54-99b6-89245c32ce62,39d7ce28dfadb187458ae98f1e7e3857,2026-07-01T00:00:00,delivered,643.81
785ef80d-4287-4ce5-979d-a0f9c6366b2d,58679291a77a997657d7a3dda51a784e,2025-11-16T00:00:00,delivered,477.14
0427c628-4f91-41e5-b9ae-b9b1d03ef382,5a3ee05d197e24b7bafaac3e2cbc7e55,2026-06-19T00:00:00,delivered,756.18
af6bae2c-f5c0-4c40-a613-70655785da57,470a8f2e1dc7b277e4625f23039c6f84,2026-06-29T00:00:00,delivered,2729.03
6d76008c-f57e-4700-82ef-0e2e4ff027bb,7f8332909b975683069ed4777867f021,2026-07-01T00:00:00,delivered,1186.38
e6112c37-1701-45e7-a020-aa1c0f33e827,cb296f03ccd21cfcb3ba0778c4f3b7d9,2026-07-10T00:00:00,shipped,216.18
14ded078-297e-4204-a159-9230f982f528,44c25e0d681c18ccc5461789f3cac74f,2024-07-01T00:00:00,shipped,274.8
788bcb1a-bbf3-4419-af45-c260a74c2382,2852756794b74680d1de8e8e8b8421ff,2026-06-21T00:00:00,delivered,1241.48
e7c14e29-244f-4339-95fe-3c7995cd42e4,8377420a8b3549f6f40dca93815ee602,2026-07-16T00:00:00,delivered,575.36
ff5ccd41-eeab-4638-a909-b1f3eee0cd93,fdcf4139f50f370c91e8b8f33adde2a6,2026-07-03T00:00:00,delivered,844.88
3528e99a-2aac-4707-bafd-9a74e2115f55,56987d3e10c71d7d4e0fc479e65a35b6,2026-06-14T00:00:00,delivered,372.63
4a973bcb-d93a-4db9-acc4-e713e4de63e0,324b9a2e37fc2ab928a842b9429c46ea,2026-06-12T00:00:00,shipped,968.8
695a3044-6cb0-4984-aba6-91f58e71618e,4f463757edb0250ec353ab6f3610cf34,2026-07-16T00:00:00,shipped,476.85
38ec0ef6-e617-48ef-9c74-8978435e08a0,5a3ee05d197e24b7bafaac3e2cbc7e55,2026-07-03T00:00:00,delivered,149.56
cb2d1632-a4b8-4900-a622-cd187d450665,9f51f38ab4c123b449203a821414c3ef,2026-07-08T00:00:00,delayed,1754.66
1667983b-76ff-4bd3-8212-52c5c92f3717,5a3ee05d197e24b7bafaac3e2cbc7e55,2026-07-01T00:00:00,delivered,573.93
7a830e75-e14c-4eb7-9317-de186a642b38,7c9b935f3b97a9c5ef678418932ae8e8,2026-07-09T00:00:00,delivered,598.64
5a079df9-8323-455e-8195-180854230d5d,5a3ee05d197e24b7bafaac3e2cbc7e55,2026-06-27T00:00:00,delivered,221.65
ebe134e7-248d-4e8b-97a8-ce4112a0975a,076efbad08f34a6316ec570ea20a0568,2026-07-17T00:00:00,delivered,165.87
a37064a9-29e8-4e20-be32-814dc38b338a,5a3ee05d197e24b7bafaac3e2cbc7e55,2026-06-30T00:00:00,delivered,798.98
57ecae35-b662-4298-8b55-685203a1c876,a4813c3f53f0652da225d8410cc615a0,2026-07-17T00:00:00,delivered,1674.63
39acca59-8def-4f49-bc1d-1ed5bc63cf0d,a40096fc0a3862e9e12bc55b5f8e6ab2,2026-06-27T00:00:00,delivered,201.09
6287c1e7-5314-4b43-8111-9b15a2f74628,99e36749c5c84dc56b13138caac13b55,2026-07-13T00:00:00,returned,311.25
40bbe2f1-34e9-4d51-a2c3-79e1f303370a,6fa75bcd8374aaf022bf590a4aad45e2,2026-07-01T00:00:00,delivered,333.16
1d32f664-24f3-4f22-ab7e-ffed94c35c72,879f4eb9f58eadb8f2f204919b162935,2026-06-22T00:00:00,delivered,490.13
3c1981c0-bc6d-48eb-8111-1d60c1e0c30a,f5de43d4ead76e9519babb3d6189ea5b,2026-07-08T00:00:00,delivered,409.39
7ac75511-f943-4e06-8701-0a771c8a4520,0998bf56b5b6f78fed7d753b59254727,2026-06-21T00:00:00,delivered,749.61
29375a74-7875-404d-aa44-a2f375cd14ae,c9c2e6e2ec65683e71205e16a5f3aa90,2026-06-20T00:00:00,delivered,862.07
b5a120cc-ba4e-4d2d-b965-1016568a106d,00e984e99fdfd52943156d2d7eb4a5e6,2026-07-17T00:00:00,shipped,187.24
39877e83-2540-44b5-ae07-bbb973869e35,65333bf484bb685082b70adc3e154aeb,2026-06-21T00:00:00,delivered,936.92
b6c1ee34-0ac1-4b3e-82a1-864c6251876f,a3af9db3b686f891e7f6a7d4a27b158a,2026-06-26T00:00:00,delivered,333.1
361acb6d-588f-4f9b-8366-9f442ab2362a,f7c7677be77763b1b2cf982a5e67fa61,2026-06-26T00:00:00,shipped,1579.35
42321f7f-a451-49ce-b796-c549447576f8,38e31fda99a5fb901d27134d18d36c75,2026-06-30T00:00:00,delayed,133.74
5c68757a-4c4b-436b-ba21-547c975d8bd0,54b50d481e0c0501204f7d42446f73da,2026-07-03T00:00:00,delivered,1266.52
777454b7-e3ff-46c2-a4f3-d994c4889d52,5a3ee05d197e24b7bafaac3e2cbc7e55,2026-07-14T00:00:00,delivered,289.39
3b608448-2658-4314-ac06-3fc2517eb01a,8ac4ecbdab8d119d46ccff5adaf3db15,2026-07-17T00:00:00,delivered,179.0
4bcb7c15-88c0-4b80-9741-8e0c5d2e7446,35bd5e295fe699acc2e24b0de1e53663,2026-07-08T00:00:00,delivered,507.59
4ba3f363-66d8-4b95-a5cb-1cefcc2a0e3b,233896de79986082f1f479f1f85281cb,2026-07-13T00:00:00,cancelled,392.0
696966b4-f2f4-42c8-9f18-b33cb0938dad,23e5f7d84dad8339f627d75ac90e2d43,2026-05-25T00:00:00,cancelled,438.92
11518d76-d79e-4551-a1c3-36db9375988d,31d01917860b026341cdde17c942b59b,2026-06-29T00:00:00,delivered,936.32
15413d15-8d22-45c7-aead-c3f07ba6e8eb,fdcf4139f50f370c91e8b8f33adde2a6,2026-06-28T00:00:00,delivered,452.24
47f887dc-92cf-444b-bb94-82142bd68458,3104479007b9d538df0c9c2afe2caa1b,2026-02-03T00:00:00,delivered,789.51
5953b5ec-ccd7-4f65-a98e-026c45d49273,b09f1bff1aff13c997af071602bc048b,2026-06-16T00:00:00,delivered,225.76
96d472d4-0c89-4760-84d8-973eddeb8ad5,804eb66464db178ab95f5f4ced1f4a9a,2026-07-03T00:00:00,shipped,1085.81
7235e6de-a778-45e9-929a-dc119b163569,fdcf4139f50f370c91e8b8f33adde2a6,2026-07-17T00:00:00,delayed,256.61
b60eab95-2297-40fd-bbfb-a56b9eabdf1f,dd1c379f2ec5f2fcadad957937de8d1c,2026-07-13T00:00:00,delivered,81.62
87b3f960-f2f1-43b6-b26a-f91d43f87f16,f054e8c1cbcf5e89ddd9b615c349936b,2026-06-15T00:00:00,delivered,687.78
58c2c708-d316-4d86-9997-9bacf00cc10b,4be1583defacacfea129170626a62569,2026-07-15T00:00:00,shipped,165.07
d2b57806-3f45-4024-adf1-faf7a2de7ade,52e57dd9218d99ea21b26f00c9151761,2026-06-17T00:00:00,returned,3403.15
4cb0b9d1-29a5-4b90-a762-d6d818ce18ed,fdcf4139f50f370c91e8b8f33adde2a6,2026-06-25T00:00:00,shipped,1156.53
7ff67b1b-52cb-4c28-9648-6681baa8f712,bb4a329975df85aa69684e124f0b48b1,2026-06-28T00:00:00,delayed,641.09
f9977f48-7a32-42b7-8166-6053d2986234,755bdc2822a8f01cfcec19ae4dcaae66,2026-07-02T00:00:00,delivered,3226.73
3df4dfc4-48db-42b2-b07d-fc04d8a237e4,a0f3a0c053ba7501b10fb72e038bcc1b,2026-05-30T00:00:00,delivered,96.02
44d877d0-8730-4dbe-8658-04ffc605d533,f8309b834186f428f9b4072036885959,2026-07-16T00:00:00,delivered,177.38
a412aae9-8305-4795-90b8-3b78c3b2afe1,e94f497b64b4c843216126feedb1dfae,2026-07-07T00:00:00,delivered,293.39
e5779d77-24aa-4bcb-b8b1-22a52ad908aa,5a3ee05d197e24b7bafaac3e2cbc7e55,2026-07-05T00:00:00,delivered,1309.12
7eef7c1e-870d-4f38-a5da-2d221877fa2c,309ad0882e18729b77dbe9b6bdbb2165,2026-06-29T00:00:00,delivered,514.68
ef88682b-ba55-4e09-a425-a50f5961510d,9a376ff06ccaae65a04b1b1c5535fc75,2026-07-16T00:00:00,cancelled,108.24
ee7948de-3295-452a-afa1-7a45f60260c5,fffbf87b7a1a6fa8b03f081c5f51a201,2026-06-14T00:00:00,delivered,265.37
50e08860-e727-430e-92f6-51378fb43a51,0b48151c4ac827afeee06ce2d77cc343,2026-07-09T00:00:00,delivered,140.31
43a1fe16-d744-4ecf-a773-52d9daec2056,7f8332909b975683069ed4777867f021,2026-06-30T00:00:00,delivered,761.65
d84b64ac-6a09-4b8f-a3cd-224c966f5a23,295c05e81917928d76245e842748184d,2026-07-15T00:00:00,delivered,522.4
e051bf0e-8c5d-4a3c-ae1c-b9fe199c5a48,abbc371b080d0e55bc3f40c244b1172e,2026-07-12T00:00:00,delivered,1333.2
81b316fe-0048-41c2-b8c9-714268493128,5a3ee05d197e24b7bafaac3e2cbc7e55,2026-07-01T00:00:00,delivered,904.04
97b2df21-23d8-4cea-858f-36535710fd6d,9e5d0775ccf7bc4b6b192d6a84bb3f96,2026-07-17T00:00:00,delivered,51.8
32b79a8f-0891-487a-a48e-139ee5df963f,df2162a9aaf73bf42e812408330969a0,2026-04-12T00:00:00,delayed,146.11
863c80f0-3803-441b-a352-7f1536c2877b,5a3ee05d197e24b7bafaac3e2cbc7e55,2026-06-22T00:00:00,delivered,261.49
ae8a4cd9-1959-41bc-93af-88263652ac5f,39d7ce28dfadb187458ae98f1e7e3857,2026-07-06T00:00:00,delivered,1242.98
2e7a825c-7ef3-48a1-8d92-1dcba6c8bee0,baa2381220d03aa74d97baf23302ddc9,2026-04-14T00:00:00,delivered,614.04
ca89ecfd-cdfa-4eff-926d-ba9b1d264d04,1bdff446efb5846d0969eaf8978d4342,2026-06-11T00:00:00,shipped,254.92
c0723ca3-3fc8-48c2-ba83-f4fdaa11a9b2,317a5bc8cf58c4401e221c74d7a51982,2026-06-26T00:00:00,delivered,381.77
804fa714-af23-4ab0-8768-ff6825166ba4,5a3ee05d197e24b7bafaac3e2cbc7e55,2026-07-12T00:00:00,delivered,244.49
d38f947e-e2fb-4d6c-8203-826319ff92bc,97dc91f9e896442f6ac9650bb2a9b594,2026-07-12T00:00:00,delivered,430.53
8085c3fa-ee33-4a00-9111-8ed125ae245e,2a6ef69674d6f28002c72b8d123b3a27,2026-06-25T00:00:00,delivered,190.92
4ef1fa3a-c45e-43ed-98fa-0001ed94c312,00e984e99fdfd52943156d2d7eb4a5e6,2026-07-03T00:00:00,delivered,75.08
fb00e235-b414-4ad4-a761-ea129c50be62,caf8cfa0ac3ff60facda076545837647,2026-06-16T00:00:00,delivered,454.95
e5ea3174-56e8-468f-9553-4c5d3e040a92,f0fe4ee68e4a03068e981e6481bb9e1e,2026-06-28T00:00:00,delivered,423.64
9281b180-f7ad-43b9-ae7e-5af583147716,8e0275b5c7fb6f05e312a1079a674410,2026-07-02T00:00:00,delivered,27.66
75f034a8-4fd4-4f62-9c3c-88e1c7e44b4a,42398dee8f2098eec5579129cc1a6f5e,2026-06-27T00:00:00,delivered,180.36
29fe83d3-5b96-4cc0-b44f-8c35238f61e0,d6bb892fd2920399b89ddd97e887611e,2026-07-01T00:00:00,delivered,296.23
bc99682f-6484-4b27-9f02-ae7122aa5e6c,16fd4a65560ace047d491ce149537337,2026-07-08T00:00:00,delayed,916.48
c14f2b1d-b8d0-4017-90f4-15b29de9a1af,22c05efd13a78e3d82eca52589e0313c,2026-06-03T00:00:00,shipped,665.05
ee9bd3f5-a156-4b74-9552-aaa66c984e83,48c239b2821e4f65ef32ff7ecd4ed37b,2026-07-17T00:00:00,delivered,851.9
dfa02cca-f40f-4475-944a-1e670d341151,df2162a9aaf73bf42e812408330969a0,2026-05-14T00:00:00,delivered,659.49
b67efcd4-2e3b-46eb-9d0f-5ef364bf3680,9bb17125558a326bc9db37d5ba89cbff,2026-06-29T00:00:00,cancelled,348.66
4b560457-e160-4262-b1cd-ebb10e75d6ab,38e31fda99a5fb901d27134d18d36c75,2026-07-09T00:00:00,delivered,1295.31
4a0024f6-4a35-4753-a86b-8ccc5600cc37,fc25f71bab94146446884fc523121d48,2026-06-19T00:00:00,delivered,329.21
c982f21d-3df6-4f57-b1b9-c7c4ed1c8e1c,ca87392503c5a503ff16afc9344ebbe0,2026-04-19T00:00:00,delivered,168.37
217ae357-3569-4d43-b165-0514591cc9e1,0b261bf4d7968521faf1b2178930087b,2026-06-05T00:00:00,delivered,27.88
1ed2310c-7a22-4902-bbf2-416c8cb6937a,42398dee8f2098eec5579129cc1a6f5e,2026-07-12T00:00:00,delivered,694.72
5b00307d-1a20-4661-a79d-894e54d0292a,6056d31a9cf9cf98ea9de7ef86cf4f5d,2026-07-16T00:00:00,delayed,57.3
47f99b4b-60ef-4497-9fb6-12fc69cb8c7f,e3113c1f62d89d94df4fc7cb38159411,2026-06-20T00:00:00,delivered,150.01
7cedb83e-9f16-42c0-9a8d-db5a4d555dca,efdfdcb4890f42ff5fdc077b298f9af8,2026-07-17T00:00:00,returned,2404.5
a07e9fde-b028-4f87-a684-503cac615692,46799d0831910f2c477c49a994961510,2026-06-20T00:00:00,delivered,1193.63
2f042a2a-828c-4593-9ac9-4397c309aaa9,38e31fda99a5fb901d27134d18d36c75,2026-07-03T00:00:00,delivered,571.09
7ed22491-519a-416a-886a-ff774dc1a643,6fe1eeba50adb26785158eef67c6ce38,2026-03-31T00:00:00,delivered,318.35
e01e0ed8-8312-47ca-97ed-557d555f194a,de038e601db2bbdb12a1ab691a58f7e2,2026-06-21T00:00:00,delivered,360.13
b3129991-7ae7-4356-a7ed-a2c0b7310c78,f14a94df58861cb1811f48b40271884e,2026-05-29T00:00:00,cancelled,381.5
e87ec6e9-4405-4c83-9927-c69029387723,5a3ee05d197e24b7bafaac3e2cbc7e55,2026-07-06T00:00:00,delivered,304.26
4f2f55ca-2250-4996-9dd2-6483b074b4df,caf8cfa0ac3ff60facda076545837647,2026-07-05T00:00:00,delivered,196.84
fab5ab84-d5ec-4a25-be5c-2ef69c39a823,323630f1bddac4dc06bf3bdeb90dbe36,2026-06-14T00:00:00,cancelled,404.59
f7bf5d46-e812-4c21-8ffa-f44575e87692,5a3ee05d197e24b7bafaac3e2cbc7e55,2026-07-11T00:00:00,shipped,407.71
4ef60822-c7ff-4576-adad-95afb3d72e46,e1881c7d99c20ca24a49cf18f115db40,2026-05-25T00:00:00,delivered,602.43
72eb7996-ef57-48fb-b4ab-0fb8055e97e0,9b05b38d7d9ef19a89815c217b30fd37,2026-07-02T00:00:00,delayed,425.28
f66374fc-e1c5-4dbe-b549-bb8aabc8c3eb,6f041ad60d1b98ad6ffa085775b93041,2026-06-06T00:00:00,delivered,254.12
c8ff7d7b-9eed-487a-be9e-2624b05bfe94,8e990907b56d2383d3a39bf0cf9a3f42,2026-07-07T00:00:00,delivered,1753.11
ad8b7077-66e6-44b7-a2e4-0dd17dc683dc,cff4ca65539a18d2726699ecc1ba6aa7,2026-05-16T00:00:00,delivered,182.73
cf4ddb00-fd0b-47ff-8720-9d3356655e5c,9a376ff06ccaae65a04b1b1c5535fc75,2026-07-03T00:00:00,delivered,843.23
f19aa8a3-7632-4399-b4b9-17a7d475ddab,9bb17125558a326bc9db37d5ba89cbff,2026-06-24T00:00:00,delivered,301.16
b0c40861-d46a-4028-a9c4-4daf4ea6e2ef,317a5bc8cf58c4401e221c74d7a51982,2026-07-11T00:00:00,delivered,399.14
aad2ddf8-16a4-43e2-a748-59c494f65dbe,5a3ee05d197e24b7bafaac3e2cbc7e55,2026-06-28T00:00:00,returned,480.97
c68a41dc-8c59-4087-92ee-dc6a10243f70,6ba32efcb359d12143b1bf24b7592c81,2026-07-14T00:00:00,delivered,992.52
52635e18-c2aa-44f2-bfc9-2248f1822388,5a3ee05d197e24b7bafaac3e2cbc7e55,2026-07-01T00:00:00,delivered,469.79
e2abe95d-e890-4f1b-a705-1a507a18268e,5a3ee05d197e24b7bafaac3e2cbc7e55,2026-07-06T00:00:00,delivered,158.18
1eb54a21-4500-4311-a1d0-1c614350da81,75ecead8782ef6730e1f7e51f7052f75,2026-07-02T00:00:00,shipped,363.89
ad656320-ed0b-4d82-a0cd-6ebef80aa454,682dd9d89b6bd17e600db2ebb25bd46d,2026-07-12T00:00:00,delivered,374.88
6d41724e-abd8-4006-b342-cba160f0c4a3,ceacd31e6413fd9d12c7c85b5fe2723f,2026-06-11T00:00:00,delivered,379.77
7efd4b1f-746b-4bc2-91f2-0b7511d9c814,a366793a4999f8cc135855c4dd347421,2026-06-27T00:00:00,cancelled,196.6
5da4fa94-5982-4d17-a3c8-77128018886e,0b48151c4ac827afeee06ce2d77cc343,2026-07-05T00:00:00,delivered,2665.99
6817cf04-c697-4c81-be30-4e25cd596592,3e8f3e58aafa9bb38d7b2ace611ff6af,2026-07-08T00:00:00,delivered,669.03
21a5a4af-9e57-40b2-af1e-daa9bc92019b,e44a59cd3178714eaf095face6112af5,2026-07-05T00:00:00,delayed,169.89
c20e34ed-c3d8-4d63-8918-dcdf971eb31e,508cae50c5c1e72079d266a513bca9ae,2026-07-04T00:00:00,delivered,188.43
16f9d07c-6cd8-4115-a8aa-e2d53c77fd05,d8e40a4b16990a6fd1095feae46aa1af,2026-07-08T00:00:00,delivered,2555.53
a379ed44-5dc6-43d0-944f-c47e7b9b06f7,e283ddc5beefba674d4dbcba24e37d04,2026-05-28T00:00:00,delivered,934.67
02ad2698-427e-447b-b56b-f992b2fabf9c,3b460ededc4c23cb9eae28c706b3a310,2026-06-19T00:00:00,delivered,775.28
fb2e9525-a5bc-4d83-9f67-6e8b96914895,0228e299d1cabeaf9be64b5ccd784c97,2026-05-20T00:00:00,returned,372.09
648a41da-a13f-4411-bbd0-6d76d6ff524d,57b2a98a409812fe9618067b6b8ebe4f,2026-07-10T00:00:00,delivered,400.8
a2eda97b-cdef-48fc-886a-5ef6e81b5275,5a3ee05d197e24b7bafaac3e2cbc7e55,2026-07-08T00:00:00,delivered,1209.83
ef2bd959-8a55-4c41-9a4a-d2f37f1b021f,afa1462306ce1941adc5524ab4198909,2026-06-17T00:00:00,cancelled,549.64
ab52b041-69eb-4001-b0cd-9f7eec97d0b8,2e642fa075db8661dab42c957cfe6290,2026-06-24T00:00:00,delivered,239.77
9b985647-d56b-4d59-8f5f-796690f41495,f153272ca75661659630de82f3f2084d,2026-06-30T00:00:00,delivered,820.2
87a745c1-3d24-448a-9397-234be67090c4,5a3ee05d197e24b7bafaac3e2cbc7e55,2026-07-06T00:00:00,delivered,722.03
29aac5fa-c8fb-49d9-87e1-aeee610d9649,5a3ee05d197e24b7bafaac3e2cbc7e55,2026-07-06T00:00:00,delayed,538.93
82220b24-f822-4ea5-84d8-0578c7a903d6,4b0cbf5ea22869c5ea269442f9b849e7,2026-05-14T00:00:00,returned,334.78
f8102233-3d71-44b9-ac1c-05802a49e6ef,035b9e2e22e07827ab0ca933ad55f89a,2026-06-13T00:00:00,cancelled,143.87
cf87216c-0c97-480a-979e-50aa2c8704d8,99da196553d9b67b1c762a712a8caaf6,2026-07-03T00:00:00,delivered,212.05
cb62e3aa-a86c-459c-b495-95d8d42b319e,ea8c130ad7f684ae458672c78e0dfd00,2026-04-03T00:00:00,delivered,287.21
62381911-0da2-4691-adcb-c3f2eb3091e9,3ff45f223bb4d6fc772a38ad5a7b1b33,2026-03-02T00:00:00,delivered,367.98
05ba009c-1e85-4567-914f-022726d87236,0bf7dfff65267867de74cb029fdd6a75,2026-07-17T00:00:00,delivered,142.15
4b9a1377-b924-4ac4-91c2-0358c2f93865,f9cf4bd5f758bdbcb0f8397c6bd49d3c,2026-06-28T00:00:00,cancelled,158.08
c24da8a5-4922-4f6c-b5d4-962eb777b5e7,4dbc9e60ee79f8547f8a3fe7f3d02fd1,2026-06-13T00:00:00,delivered,199.69
d3e158a0-76e6-4624-8bf5-4e4ffd9620b0,037a72c77c3565c6e41ac0607c797b08,2026-06-02T00:00:00,cancelled,262.51
b957d727-8b95-4b9c-af21-08d4a6b0b5bb,5a3ee05d197e24b7bafaac3e2cbc7e55,2026-07-02T00:00:00,delivered,182.72
1d643a9b-8ca7-4669-b817-43720d12a762,4f463757edb0250ec353ab6f3610cf34,2026-06-25T00:00:00,delivered,209.64
3dacb275-a856-41c1-94c0-94c2da446fb8,33a9ccad3eb356f307fcba7093df3f52,2026-07-08T00:00:00,shipped,206.37
7b141a44-c28c-4c19-ba6a-85dbaa2b2d5a,f054e8c1cbcf5e89ddd9b615c349936b,2026-06-24T00:00:00,delivered,73.26
2bba0f63-4e2e-4768-9976-b1496f789317,abbc371b080d0e55bc3f40c244b1172e,2026-06-29T00:00:00,cancelled,315.86
1b1f8cb9-b108-4d5d-b82a-2de96b224b65,7da3054afe371affc14d26cc2cc04358,2026-06-20T00:00:00,delayed,377.97
056978dd-b6c1-4366-af19-0dde243a59e1,b0d033df9e6ba67e76b3cd09ea92d506,2026-07-02T00:00:00,delivered,85.26
28ef605e-fde1-430f-a7c5-e1553c2c2ff0,e5dbefdfdf3eff75c8e6cd655f128279,2026-07-08T00:00:00,delivered,1514.1
e714680d-ba25-4778-a6b8-c39c559cacc9,7974f57adaf05f72a06c307cad9db6f7,2026-06-23T00:00:00,delivered,308.25
6fce9dc7-21ed-4ecb-8a5e-e71703b472de,e92cf8004da0ba60863ad7d5bd816f5c,2026-06-24T00:00:00,delivered,188.42
9ef54d73-8b05-4838-b438-4559f24f9681,00e984e99fdfd52943156d2d7eb4a5e6,2026-07-15T00:00:00,delivered,63.5
0d2ed1d3-974b-440a-9aaa-499f473cff15,ca19a17e381182923b66007a351574b7,2026-05-25T00:00:00,delivered,691.34
949ecbe8-171c-414b-8f32-c3ef473e0f80,4c9f7850ecd8952525191c444fe9079a,2026-07-13T00:00:00,delivered,182.85
8c2f320d-aac3-4723-9dcc-8ce27ccf8729,9e1f719fe5b17b9c51905fee6d6385c1,2026-01-18T00:00:00,delivered,21.18
6077dbd3-c7ae-4b76-998d-0b5d818d3fad,7ae8e196478928ab8223458a90681d26,2026-06-27T00:00:00,delivered,502.51
54367d97-98a0-4984-832e-ec7143b48aba,ed62ab8aab76f4d4efc4344ba5ef3a6d,2026-06-28T00:00:00,delivered,451.17
a293eaa2-bad0-43e9-ba26-7fa6d82ddffa,60d23aecbf66b7f5058003a86e89232b,2026-05-29T00:00:00,returned,167.45
052af603-f1a7-45e4-8c51-01712b64d219,f7798970018758d36b9bbf007a053e23,2026-07-14T00:00:00,delivered,376.21
c4e14d5a-8852-492a-900a-d5114cf41aa3,1bbadaadd0914e2ef6bcb4098f56e7eb,2026-07-09T00:00:00,delivered,462.41
0824790d-f9c0-4ee7-b7b3-c7ececa1274d,3341514b8049f4a268e4188fb0211d34,2026-06-27T00:00:00,cancelled,748.35
ffa29947-f7e9-46e7-bba8-b5ebcd18dacf,f72d1ee92d55688d07ca88506300715e,2026-06-14T00:00:00,cancelled,255.49
2aaaab3d-2640-422a-bf10-80158a5b3767,08c1b64fbaaeffe33ffb68f2629effac,2026-07-09T00:00:00,delivered,280.3
4753d59a-1de0-4d18-b892-35f105810e56,5a3ee05d197e24b7bafaac3e2cbc7e55,2026-07-05T00:00:00,delivered,155.3
221d1db8-80db-4acd-8a44-acbe4ba05949,f054e8c1cbcf5e89ddd9b615c349936b,2026-06-07T00:00:00,returned,54.1
88b27ab8-b335-4e54-acc8-50ec0afb98dc,97dc91f9e896442f6ac9650bb2a9b594,2026-07-10T00:00:00,delivered,180.85
bbf36b50-1929-45e1-b49a-1dcf8864088f,1b5908d160c0942cc1b26bc725536d42,2026-07-07T00:00:00,delivered,292.35
db2e9ae4-70f2-45e1-898e-ccf2bd460504,dcdaced133f33e9651ddfe73b2350156,2025-12-28T00:00:00,delivered,1937.45
b3508e2c-9b07-4c4a-a5fa-b7da290c8498,75ecead8782ef6730e1f7e51f7052f75,2026-06-25T00:00:00,delivered,137.13
49ad1536-4fe3-4c61-9a46-7922119df166,57d2e3a4c3b277bea367027f105f1c02,2026-07-12T00:00:00,delivered,670.85
b9f4b129-bd30-432b-b0c0-f4385bd13ad1,546ed56ed469aa89580be8bb1b51a6fc,2026-07-15T00:00:00,delivered,546.08
b24c3cae-e6cc-4261-bb90-b7650cacc2c1,6d72dcf4278a605a832b7d5375d33ba8,2026-07-08T00:00:00,delivered,408.15
844d910a-aae9-4203-ac14-d881bec3b6be,75911973553414cf548f0d62eb2f0fbc,2026-01-29T00:00:00,delivered,520.85
e57be43c-adf5-49ee-a752-d585b5a8fcf2,5a3ee05d197e24b7bafaac3e2cbc7e55,2026-07-13T00:00:00,cancelled,470.85
c5088ecd-e9ea-4490-a407-a4755eee62a6,f4371991881a328886a134bbc99cec9e,2026-07-17T00:00:00,delivered,502.23
2c2ddb0f-7ad4-4096-bf37-e548dd648675,51c8ddf321ee68b8d49ccafa8f4cfa50,2026-06-12T00:00:00,delayed,86.3
c703800d-be26-4284-a613-5be7a2eab199,caf8cfa0ac3ff60facda076545837647,2026-07-05T00:00:00,delivered,943.29
ba9b83a1-6d2d-4852-b95e-7a65b337b691,ad76d21c91c30cc09fabb1b3cedc4aa5,2026-06-29T00:00:00,delivered,789.2
1d8251b6-b9b7-48a7-950f-fc659b3a18cc,5a3ee05d197e24b7bafaac3e2cbc7e55,2026-07-07T00:00:00,returned,446.76
ce890e03-c9c6-493f-a8d5-fa9824a46934,a20ba663a5abf7b8341d5ba64f23775b,2026-07-06T00:00:00,delivered,1126.98
7c7945b3-7c0d-4ef8-a3d9-6576e5e9ec18,2a46fb94aef5cbeeb850418118cee090,2026-07-04T00:00:00,delivered,96.18
8aafe8b9-478f-4daf-ba0f-984ffe2b4b8e,6ec999e67c5e05c33554a4ba2db847bb,2026-07-14T00:00:00,delivered,254.17
3cc45984-f235-41d0-bad3-aded11b33c6b,90149dae3857b44597744541030794a3,2026-07-01T00:00:00,delivered,537.65
67c91539-792c-43eb-ae01-0bd22365efa2,5a3ee05d197e24b7bafaac3e2cbc7e55,2026-06-27T00:00:00,delivered,731.97
4d70f2b4-a8b2-4e65-bc2c-08e3f281ce2c,5a3ee05d197e24b7bafaac3e2cbc7e55,2026-07-15T00:00:00,delivered,360.24
226ae9ef-13a2-44c6-a047-796e82735b27,dc4ece065a1fe9ac265d3908bc3e88e6,2026-07-03T00:00:00,shipped,864.35
50e6014c-75ce-4f53-8ec1-04bd82a62572,b7b162291adff744d6f3c6450557ffee,2026-07-08T00:00:00,delivered,492.45
3bdd36b4-5393-4100-a119-f1f13bd60ee4,dd1c379f2ec5f2fcadad957937de8d1c,2026-06-15T00:00:00,delivered,309.69
e04be455-0731-4ea0-91d9-44cefc2f72b7,83511e439930d5ee33c12a4712d1baa3,2026-07-06T00:00:00,delivered,428.83
5118a6de-dc00-4da8-b05d-57a96129630a,11cd4821f3f646fae625b1f043fb5ec3,2026-06-05T00:00:00,delivered,383.29
8b0a6e88-b97d-4ed6-bc7a-f543fb69411a,97dc91f9e896442f6ac9650bb2a9b594,2026-06-11T00:00:00,delivered,1364.26
862e32a6-f912-4fa2-a80a-612eeac8bb5c,79066fb583868e4fdd17fc83a96db5e8,2026-07-07T00:00:00,cancelled,479.68
1be83d38-c9ab-4840-8e52-2f6a12abcb35,e021e698833bdeb89dfef3acb2e91f37,2026-06-22T00:00:00,delivered,571.95
ed5ff42c-ef1b-49a7-a233-ae4825835705,317a5bc8cf58c4401e221c74d7a51982,2026-07-16T00:00:00,shipped,326.01
371e87c7-0200-498b-866c-438d2c7b9d4b,a96d5cfa0d3181817e2b946f921ea021,2026-06-12T00:00:00,returned,188.74
da58b162-93e5-4fc5-b4e1-6900cb178285,a1e5fdb1a21a5a35f49da96f780f4229,2026-07-08T00:00:00,delivered,350.49
542cec53-9604-47b0-a69b-3d10ca02d365,53d1e66c7e220018ea348c52d02bc5a6,2026-07-07T00:00:00,delivered,267.79
dd50ba89-cd9c-4c3f-980b-58ddde9e20b5,25c92a3613e1f6a804252e7ec51b2037,2026-06-22T00:00:00,delivered,246.79
5699cd44-2036-4c7b-b31d-a668a9c7c3ab,ca87392503c5a503ff16afc9344ebbe0,2026-07-15T00:00:00,shipped,845.16
262f77cb-e162-434b-aea1-1cceb3076631,379634bbb8d01b2b2c91db9cfc4655e0,2026-06-28T00:00:00,delivered,125.57
686e4fc6-1d38-42a9-8e9a-2d8b999d3bcc,caf8cfa0ac3ff60facda076545837647,2026-07-02T00:00:00,delivered,247.07
fa15be2f-611b-4dd1-b0ab-83441541018c,839bbfd4ff93b592c82a44dcaa9515c3,2026-07-11T00:00:00,delivered,159.72
ce65a3ee-9f1a-4d9c-b76f-40ca3af65bdd,1717cd357c7bbb3158e701005cf8e50b,2026-07-06T00:00:00,delivered,614.23
2c07155f-0964-4ffd-b4ac-f795679186de,390ab7d275c35f0bfb2be964ff5ffbe4,2026-06-26T00:00:00,delivered,319.02
eebebe2c-d993-4375-9f4a-83ae86788143,5a3ee05d197e24b7bafaac3e2cbc7e55,2026-06-28T00:00:00,delivered,129.85
63e6bf91-2045-4321-8b64-130bf32af613,e87cdd2fb9f1d3ff3438a9d02e454793,2026-07-02T00:00:00,delivered,411.2
2ae3412a-ebf8-435b-a3d9-113803b1e6b5,f4371991881a328886a134bbc99cec9e,2026-06-29T00:00:00,delivered,982.78
61810ead-68bc-439b-84ab-fba413538975,5a3ee05d197e24b7bafaac3e2cbc7e55,2026-06-29T00:00:00,delivered,111.1
2e586fae-8a85-491b-ac27-4abe87e27973,f3d8599810560b7c7180840ace7c9342,2025-12-10T00:00:00,delivered,476.72
c2e16318-9ee6-4a42-9bf1-41ecc5988e6b,5a3ee05d197e24b7bafaac3e2cbc7e55,2026-07-17T00:00:00,shipped,542.4
75f770a1-1ea1-4a7e-aae9-7cdb9a1e53d3,86085586aaa8c5f47ed0b400da64c59d,2026-06-22T00:00:00,delivered,14.17
5dfffb29-23b1-495e-beed-a9cc2be054c0,43f0b8fa25a050c02dc18e166ed574ef,2026-07-05T00:00:00,delivered,369.13
617a2030-7339-49b5-a889-51308f455e55,5a3ee05d197e24b7bafaac3e2cbc7e55,2026-07-14T00:00:00,delivered,299.16
706c72a7-ca27-4677-a807-97c0d47bfe68,470a8f2e1dc7b277e4625f23039c6f84,2026-06-14T00:00:00,delivered,306.55
1a04da5c-ab95-43b2-9fbc-2b45365bcf6b,5f2eb40c7352bf49c3876e764133f0c2,2026-07-14T00:00:00,shipped,340.34
58d82ff4-6f02-408c-a3e1-6f008891bff4,9f169df18e7618371e862cb1c181fdc6,2026-07-13T00:00:00,returned,41.41
79f0a9b5-f37d-41dd-acfc-d58241acd60b,5a3ee05d197e24b7bafaac3e2cbc7e55,2026-07-05T00:00:00,delivered,324.12
b6147ff4-4861-42ea-b4de-cc87d50cb723,caf8cfa0ac3ff60facda076545837647,2026-07-07T00:00:00,cancelled,270.91
22032b96-6daf-4492-8af8-4854a8a3c3c9,0b48151c4ac827afeee06ce2d77cc343,2026-07-01T00:00:00,delivered,1089.64
a7af121f-0e73-4daf-8c78-604b338b575b,56636fd22de1a315b8a50d45cf94d859,2026-07-05T00:00:00,delivered,50.34
9aaa2404-36d4-458b-a10e-cff5e773fbab,5400394e71d0e31eff5a35aa40fb26ac,2026-07-13T00:00:00,cancelled,214.98
000db478-1d86-4982-82b3-c7bc8f43edf7,5a3ee05d197e24b7bafaac3e2cbc7e55,2026-07-14T00:00:00,delayed,74.44
f9e3dcdf-2771-46dd-b337-9f30a6d43ac9,a9b4929689bc74b4d8764b7214a9bbc8,2026-07-10T00:00:00,delayed,685.75
c2f865e1-c693-4504-b2d0-4d05c9eb0782,8b87de30e17e4685d7e61af6029a8d1d,2026-06-04T00:00:00,delivered,406.35
88d1f8ea-21a4-46fb-a750-bc128a2426f1,379634bbb8d01b2b2c91db9cfc4655e0,2026-07-17T00:00:00,delivered,56.26
b714920c-be09-4de7-88bd-e73d8a12317c,dd992305cba295d997f263dbdf4e8c2e,2026-06-07T00:00:00,delivered,1474.61
28167fee-9ef7-4319-b321-71bf3767245b,f359832fd1c530fbb94b787e049f833f,2026-07-17T00:00:00,delivered,84.99
e8f74b98-0f52-4963-a3a2-d83be9638595,d4905d4ebbdae57e9c242c7ab2c57cc5,2026-06-13T00:00:00,delivered,368.99
b12bc6db-c66b-40cd-a82a-60cd76c8a45f,7e7fc3003584df59be31abba5784d8e5,2026-06-03T00:00:00,delivered,183.16
45aaa636-c548-41d2-a2e1-89a63b5cc771,17edcf1332227a04be5ee81262f0757e,2026-07-03T00:00:00,delivered,527.2
d0728259-506b-4607-9e44-9e47283fb67f,8e990907b56d2383d3a39bf0cf9a3f42,2026-07-06T00:00:00,delivered,228.49
e124cc08-7fa9-431e-b3bf-e2afa855b311,f7c7677be77763b1b2cf982a5e67fa61,2026-07-01T00:00:00,delivered,1469.87
15b37dad-ada4-4253-bca6-376161832e53,5a3ee05d197e24b7bafaac3e2cbc7e55,2026-07-05T00:00:00,delivered,157.63
f48c40bd-b7c5-4ced-898a-936c6e21fb1a,ece8fc191a00edb90d32f45d67a3a178,2026-05-30T00:00:00,delivered,689.51
5c070078-fb60-4fec-94fd-ce9ca9cf9d0c,5a3ee05d197e24b7bafaac3e2cbc7e55,2026-06-28T00:00:00,delayed,564.68
09b49c78-7f87-43ce-9cbe-9d7d519a43be,6fe1eeba50adb26785158eef67c6ce38,2026-04-08T00:00:00,delivered,1414.66
c0ded064-b876-4f4b-8e8b-37b21f0b1a28,5a3ee05d197e24b7bafaac3e2cbc7e55,2026-06-26T00:00:00,returned,312.69
bb9bbff2-de65-4399-aa87-087cb714218a,97dc91f9e896442f6ac9650bb2a9b594,2026-07-01T00:00:00,returned,939.96
15a6ef3b-5f0d-4d6a-93cd-fefdfe3aa98a,2cc0f5affc2ccbdacbbc6c5e88f5f059,2026-07-16T00:00:00,cancelled,586.25
c7a02788-316f-4c12-9e69-bfc97d33a34b,5a3ee05d197e24b7bafaac3e2cbc7e55,2026-07-01T00:00:00,shipped,676.86
205378ce-2551-429d-9f54-e1d0bfbc55f8,2c4f12ef543ba44eead3e3a43c229c11,2026-07-10T00:00:00,returned,54.37
4ed67b37-f569-4f4d-821d-4261944f67e3,bd37ac6e186acf56280b2fc1437bb981,2026-06-29T00:00:00,returned,805.74
a671c2cf-2336-4ae5-883b-2c90091f6949,dcdaced133f33e9651ddfe73b2350156,2026-06-06T00:00:00,delivered,490.93
dd1eace8-a60f-465c-a19f-c5a660550795,69f4089980dd7b42129b9e458627ec30,2026-05-14T00:00:00,delivered,133.31
0a73c992-93bf-49d9-98eb-91d70f378492,09ec740fbf182446388824c67a5fb78d,2026-03-29T00:00:00,delivered,348.26
3b138e39-1770-47fa-b43e-7268a526ffc3,23c130edd9a7adeb635bb365f7478154,2026-06-17T00:00:00,delivered,125.58
303f9e84-789d-4400-8fc5-4338779c78c0,08995ff3d56d1423655c3b21cebe06bd,2026-07-10T00:00:00,shipped,525.78
a0162a92-382b-431c-99cc-43ed76a931b4,3daa1c97a3155484f70c88b19c90dfb5,2026-06-21T00:00:00,cancelled,930.14
0efae518-b873-4482-a29d-8441606e642e,50aef30dabc7aca975dbdec85dcb848f,2026-07-07T00:00:00,delivered,172.92
6108c511-7331-4794-aa64-99011c8d3ca8,f6139ab3e9e9100d5210dc8467c38663,2026-07-15T00:00:00,delivered,246.78
7dc7260d-59af-4b3d-b016-3e4b5c0ad7e1,89e3027de49c3012858cfeb7f5a34f59,2026-06-22T00:00:00,delivered,1311.8
267ce745-2029-4ad4-8dd5-23859ac95f02,949970123579e8829ddd1ba3d32ac18d,2026-07-16T00:00:00,delivered,39.58
9477dadb-a153-4b06-8a7c-44c93e755bac,62049cfbc68cd893920204de3b5c057d,2026-06-26T00:00:00,shipped,1308.16
957cccb5-b1f6-4052-8db8-684ff83ee8ff,25775ec7ac8aff278f093e8614bb3331,2026-06-27T00:00:00,delivered,473.56
926bb1cf-2235-49c8-82a5-41300e321993,ecb43665c8c390857cabf385d918da87,2026-07-04T00:00:00,delivered,299.99
3705b322-cee3-432f-b314-a2d67c57e325,5cd49b710f13c8714bf78f4d56b676b5,2026-07-08T00:00:00,delivered,38.72
d94d8442-f7b0-4371-916b-b95f8dc5b0fa,efdfdcb4890f42ff5fdc077b298f9af8,2026-07-04T00:00:00,shipped,282.38
839ce6dc-dcf7-46f9-a6d2-298b13fe450d,b7cb5cfc7e208d22aa17ef640f487d7a,2026-04-17T00:00:00,delivered,260.82
fda8fe3a-6ecf-4e98-ba97-f2da274c668b,1b2d658aff066cc4c104cd74093101b6,2026-07-08T00:00:00,delivered,60.87
ff370adb-4101-4944-8e6f-a705a3cf76b6,00e984e99fdfd52943156d2d7eb4a5e6,2026-06-29T00:00:00,delivered,458.59
d81c8a6a-c48b-45cd-8bb8-578d732af5eb,5a3ee05d197e24b7bafaac3e2cbc7e55,2026-07-05T00:00:00,shipped,408.6
7c517952-719d-46d4-af87-e381d1180860,cb296f03ccd21cfcb3ba0778c4f3b7d9,2026-07-17T00:00:00,delivered,598.46
07a33c0a-7d7f-4b24-a860-f0d65dc87632,58e1140fb8f15f1a010d01a34bfbf77d,2026-07-07T00:00:00,shipped,624.44
24fd2f1d-2338-42cc-bb03-be5c7cf6b078,517b7fc61e9aa8194ad8f298c015e97d,2026-07-11T00:00:00,delayed,874.75
93c80a43-90ae-4fda-abf2-c746554ae948,e94f497b64b4c843216126feedb1dfae,2026-07-03T00:00:00,delivered,342.62
decf9c53-f61e-43fa-ad67-01b3da8e5a42,f2772c6e5817727fbe9b6932ccaa438f,2026-06-21T00:00:00,delivered,562.3
8f616944-dae4-41e4-af99-45a8e2e2f45c,bab95efa50d554d4dcd26377e1b467ba,2026-07-08T00:00:00,delivered,345.79
05bcd1ed-424e-4930-aa54-620ec4ddfd64,8961b4ca2c5aceb7a78ea72c6e0c840a,2026-07-02T00:00:00,delivered,748.42
60472cd2-1553-4ccd-95c1-c50530e56560,5a3ee05d197e24b7bafaac3e2cbc7e55,2026-07-14T00:00:00,delivered,612.34
dee47fc4-a908-433d-b946-6f0d4486b3f5,0b48151c4ac827afeee06ce2d77cc343,2026-06-27T00:00:00,shipped,1061.98
4e10b707-24ce-4faa-b6f3-d6b7a2168153,5a3ee05d197e24b7bafaac3e2cbc7e55,2026-07-04T00:00:00,delivered,308.46
919bef02-9d84-470b-9d4a-156220bc23c6,369a11c5adc1b48c07a6f2342a36f2cf,2026-07-13T00:00:00,delivered,360.88
97a2701f-9bd1-45ff-9096-b513e30cb482,c756c5a0183a0e0c511a8b00fa1e2ee2,2026-06-29T00:00:00,cancelled,446.19
2da01733-92d9-4967-9802-762b79ebacc0,0b48151c4ac827afeee06ce2d77cc343,2026-06-23T00:00:00,delivered,202.24
f5f56f8e-5a7e-48fc-b343-4f82de1a76e9,3971f4c7f3c96fef10932785e1093510,2026-07-12T00:00:00,delivered,578.37
f11e4378-be23-4bfc-a116-5fd486a08a73,7e8ace5e83e019d284a1cf0108b57f94,2026-07-17T00:00:00,delivered,310.49
1ca01444-bc52-4440-bc98-6e243df66ea0,440fb40fd45aea8a5dc60465f9b3d15d,2026-04-30T00:00:00,delivered,762.87
2cdba1f4-95ff-4b43-b84a-4278c21778e8,b6060f1e6ead8a46861445ea8ac72c85,2026-07-01T00:00:00,delivered,298.0
428287d5-b6dc-4cea-acf7-03c6d7add797,28aea3e12549a3611bbd8d4e3310e4fa,2026-06-22T00:00:00,delivered,484.7
61c67e9a-94e2-4e66-8eac-d42090c533c0,4af9d92576710a7d35603adfdff67acf,2026-07-09T00:00:00,delayed,469.84
e978c004-0e37-4a4f-9727-8ccbec071e61,81cac5e539b7849224280b2b7b4114a4,2026-07-14T00:00:00,delivered,280.23
e1de16ff-b866-4484-a3d6-c1cb88b1b460,cd612700be57e08ca76adc1e3e69e525,2026-01-08T00:00:00,delivered,109.77
56e45374-1e51-48ef-8226-86f47f0588b4,d6d67261f2634cdf9ec293cd765c8479,2026-06-12T00:00:00,delivered,197.72
7ff7b36a-3391-4c0d-a9dc-86dccc34f873,fc25f71bab94146446884fc523121d48,2026-06-30T00:00:00,delivered,250.8
5a698947-fead-4706-88f8-dfde86c9aab1,61575c95d9e40ecb8277a9cd8ace01c8,2026-07-17T00:00:00,delivered,704.11
b111d00c-8014-45f3-a4a6-bb203c03751a,5a3ee05d197e24b7bafaac3e2cbc7e55,2026-06-23T00:00:00,delivered,394.13
cd63bc83-6cd3-4e12-9271-c796d5df4597,5f2eb40c7352bf49c3876e764133f0c2,2026-06-25T00:00:00,cancelled,268.72
a0f2052e-f6de-4f43-8393-9360248dbd2e,7e8ace5e83e019d284a1cf0108b57f94,2026-05-29T00:00:00,delivered,533.14
8e9a83b6-b44f-4a2d-b1bc-0df0cc2ed31d,0f13e3bb90bbd8912d57145479ce4839,2026-07-03T00:00:00,delivered,1548.05
c6153f05-fadb-40f9-87ee-30363a8c67f7,610d3e47ad4921adc40aa9fd6bbeeaa5,2026-03-20T00:00:00,delivered,813.76
8e735c6d-ba9b-4e67-9e4c-8474c1039551,7f8332909b975683069ed4777867f021,2026-06-21T00:00:00,shipped,266.84
e4087985-a547-4884-a1f6-6d100b7dd846,cbc73c75d15c7292a3defd556c710b2a,2026-06-08T00:00:00,returned,658.54
a2d9ec34-5718-4340-b3e2-312559c9a4dc,5273449e12a174a67f5423126de96435,2026-07-02T00:00:00,delayed,1002.14
764cf4e7-eaa9-4899-a460-d784a794552f,33a9ccad3eb356f307fcba7093df3f52,2026-07-06T00:00:00,delayed,406.84
b563f08b-0d5a-44b8-8aea-f8178eac6816,282ebddb3e85120b1652204758fc332b,2026-06-30T00:00:00,delivered,783.78
146e8596-04cb-4a90-8969-9ccb0fc463b3,598303f52e054ede6c3b5d53ba72ff65,2026-07-17T00:00:00,delivered,164.14
a0ae85df-c471-49d6-a417-ff80a63eaf60,5c3a15e958c7a36e722408cd2ce8b34e,2026-07-10T00:00:00,delivered,90.44
93530f06-0dc7-47d7-ba85-889ac246d5cf,c8dbfbb4a47a215d79659c927e786a58,2026-07-16T00:00:00,delivered,434.39
9c98245f-db5a-4979-9b25-4532533c6d8c,e3a5f5e65ff3b780847f89dcc81c344b,2026-04-22T00:00:00,shipped,299.64
9f15cea4-5f33-4302-85f5-de41777d367f,54c7b4f48fb9e911bf328bf9884ca61d,2026-07-09T00:00:00,delivered,261.78
e554d78e-28c1-4e20-b739-42f375cfc86f,5a3ee05d197e24b7bafaac3e2cbc7e55,2026-07-14T00:00:00,delivered,252.85
1e69146c-bf6b-4c39-94e3-6656abdd7233,b134d1fbe77d00a8e0a4ce9d855ea927,2026-07-17T00:00:00,delivered,606.58
58f45abb-5e8e-471b-9202-28e19f04f034,58e41c352b12a7e96c322dca803dc08f,2026-07-12T00:00:00,delivered,836.95
2723b9f8-b61a-4b6e-9f0d-3bcd42c1b59f,d699688533772c15a061e8ce81cb56df,2026-07-09T00:00:00,delivered,223.94
de65b2dc-d6c0-4527-8d1c-da0b36123261,196a0e7f3563c9de2605b2a753983846,2026-06-24T00:00:00,delivered,485.13
c61722f0-ad57-4b6a-b430-e0a4e6350878,d20f34444ce44ca683d46e9da98456e1,2026-05-19T00:00:00,delivered,141.57
ff19be1d-e2d2-42a2-b528-6369a09a354c,b0b94079598f018f9e72e9698aefef33,2026-07-14T00:00:00,delivered,620.95
358aebc2-f11e-4b48-af06-030043e9f35b,cd612700be57e08ca76adc1e3e69e525,2026-06-15T00:00:00,delivered,177.38
bbcb6ea7-1f97-4057-b210-38ae308b4203,040641ad9a73250e1362678a81db1b9b,2026-07-08T00:00:00,shipped,331.7
97c36f8a-8aa4-4af7-87da-9932c9f2a8c3,027a8a853eac346c3bf686f95289b761,2026-07-05T00:00:00,shipped,744.9
4ce64633-679a-4c6c-8319-a692ea67fa81,5a3ee05d197e24b7bafaac3e2cbc7e55,2026-07-12T00:00:00,delivered,283.33
74e7e67d-e98e-4580-9251-4ebf631112e6,6056d31a9cf9cf98ea9de7ef86cf4f5d,2026-07-03T00:00:00,delivered,1274.48
002ece0e-a9a0-44ee-8f68-1a9ec3240510,58679291a77a997657d7a3dda51a784e,2025-06-05T00:00:00,delivered,284.0
fe2fde2c-006c-449a-b4b5-27baafcd2dc8,1573fa36d8bf101af8300e86e78fecbf,2026-07-16T00:00:00,cancelled,425.35
32d7d758-e1f0-4d96-bf20-cdfb562e5f6c,44e9a1246448bd68a2e3bf0f1966c57a,2026-06-22T00:00:00,delivered,432.29
6b5c6f1e-74df-4740-ba22-1d6b3edffacc,7d3c23d715240f2f77f201483d3cb276,2026-06-27T00:00:00,delivered,176.55
f8f53849-8875-4e44-87ce-7d7f4eaf06a3,7f8332909b975683069ed4777867f021,2026-07-04T00:00:00,delivered,1007.73
39f8cd15-58bb-4c20-b062-eadee933c0c6,91275e7b1847f102954b73d856b4eee8,2026-07-04T00:00:00,shipped,1052.89
fea3705c-d0e2-406d-a871-67ee1d2fce29,5a3ee05d197e24b7bafaac3e2cbc7e55,2026-07-09T00:00:00,shipped,316.45
de5b4586-4e21-4e69-9c9c-ac5535325951,5a3ee05d197e24b7bafaac3e2cbc7e55,2026-07-07T00:00:00,delivered,370.9
7407ba36-ab40-4a31-a43f-21760f574937,5a3ee05d197e24b7bafaac3e2cbc7e55,2026-07-04T00:00:00,delivered,253.09
569926d1-3e9a-4e2b-9b36-ba9c4e7cf529,7188cc3b360062622e43e67f4baf8132,2026-06-25T00:00:00,delivered,548.0
da676c93-07d3-411f-b53c-ce40e3d1df87,a012820fbbced38a03331716e231e0ba,2026-07-11T00:00:00,delivered,275.61
3b6851e1-f7a9-4142-8d9b-33a8b8097cbf,e94f497b64b4c843216126feedb1dfae,2026-07-08T00:00:00,delivered,246.02
e7a1fde9-ca5e-42f8-b07c-6be08c9f8e8d,5a3ee05d197e24b7bafaac3e2cbc7e55,2026-07-12T00:00:00,returned,819.74
ecb8a2a4-f5cb-4039-affa-1cc59545d421,e94f497b64b4c843216126feedb1dfae,2026-07-03T00:00:00,returned,761.47
11b55061-d06c-49da-8bc2-3e0d73532bf2,fdcf4139f50f370c91e8b8f33adde2a6,2026-07-12T00:00:00,delivered,141.62
fd646959-4c02-451c-98c0-b68c1605d785,d15fb07319a69b9ddae13ea902e9b15f,2026-06-30T00:00:00,delivered,228.78
f8b966fd-b507-4271-a531-37f4c6514405,c756c5a0183a0e0c511a8b00fa1e2ee2,2026-06-21T00:00:00,returned,325.42
1cb10dc2-78b3-4032-82d3-e7a9139dfc3c,81f3e3289b23460a82aa60a77017d421,2026-06-21T00:00:00,delivered,1022.46
4e082920-b25b-439c-8a47-ec5c52de5b45,2a6ef69674d6f28002c72b8d123b3a27,2026-07-14T00:00:00,delivered,264.57
a72fbe64-5c45-4217-afc7-b19d5606486a,3ed84f9d7541a88f7b9b40c4be87ca7d,2026-06-22T00:00:00,delivered,192.22
72690450-42bd-4bba-948b-9798325b574e,e48c34104caa1c6ad2fbcaddabe30092,2026-01-20T00:00:00,delivered,381.51
eb5e97c8-3450-4c9c-bfb3-045d93a4d1f9,5a3ee05d197e24b7bafaac3e2cbc7e55,2026-07-12T00:00:00,shipped,139.61
2f88e9f8-941b-4d8f-87af-facc0066701f,a5c133a6a95d06f06939fd961fb8a0c3,2026-07-01T00:00:00,delivered,137.64
bc188b16-b5a4-41c6-94f6-716043b5c086,317a5bc8cf58c4401e221c74d7a51982,2026-06-19T00:00:00,delivered,509.27
224ba029-8f64-47b1-a42f-05a4082b7f89,c3ae72f7fe12701be16e17345697d359,2026-06-19T00:00:00,delivered,268.07
3d21bc38-15a4-4512-9a8a-51a32dcafee2,804eb66464db178ab95f5f4ced1f4a9a,2026-04-28T00:00:00,shipped,775.51
8e847f0e-0e6e-406e-9420-0d1fa8e766b5,c1aa08ee7ec027f1a2523bce7c841723,2026-06-29T00:00:00,delivered,182.73
33998f02-bcd3-4bd6-8f49-060d7457b65b,84b0bf771f3b14f21e6dd37e2fe2eee6,2026-07-09T00:00:00,cancelled,545.38
19eb5467-829a-485e-9f31-510222a32c60,f5479eed84b3486132141fe08c598b95,2026-06-17T00:00:00,delayed,491.72
2ce31d01-9fbe-4240-9454-315851e781a4,b310264264a53605778ac08833bd5514,2026-07-15T00:00:00,delivered,163.15
3199b405-5bf1-4716-ba6e-65c588c55191,5a3ee05d197e24b7bafaac3e2cbc7e55,2026-07-05T00:00:00,delivered,218.72
22af1431-7928-420b-a0db-866b1125081d,89d9a5f6c5538b8fe797f4f5b6769008,2026-07-08T00:00:00,delivered,1114.3
5cea37c2-e66a-42a7-be60-a53c98734466,06f627751c6010c4c1efa16a711b2764,2025-08-05T00:00:00,delayed,670.99
def466c2-d745-4440-94cb-fe5186e50bda,4394cce7a16aac93ea8f2c18124b1f92,2026-06-28T00:00:00,delivered,913.98
00f00b13-ad2d-4ecd-ba75-7219c3e1e3e8,1bcddf0de06b8a76191f0f7d1cfa35ed,2026-05-03T00:00:00,delivered,423.83
721c6c74-1083-4fa2-bf33-14f1b32814d3,a61f05883cecf76583e22f4283e3c015,2026-07-04T00:00:00,returned,162.94
bc9b733f-67c1-46a9-90e1-64d1389b69e4,42669722f592114360451dba9cfb6f49,2026-06-16T00:00:00,delivered,176.28
fcb39d37-1dc6-448b-ac75-577d079a7e58,f0fe4ee68e4a03068e981e6481bb9e1e,2026-07-16T00:00:00,delivered,398.24
17d61ff6-9158-435b-9217-8de1ab5d3052,a366793a4999f8cc135855c4dd347421,2026-07-01T00:00:00,delivered,1223.5
b718487e-f481-4738-aa3f-1e1d991022d3,cc31282a9d20caa9b70e578d1d5a7062,2026-05-10T00:00:00,delivered,270.09
6200557b-49a6-4bb4-8495-86f20a789499,5a3ee05d197e24b7bafaac3e2cbc7e55,2026-07-04T00:00:00,delivered,48.71
27ded8ec-b117-40bb-9fe8-c022a80fa89d,873b6512a80d4ccc7ec1ad735ab81a81,2026-06-23T00:00:00,delayed,881.89
52ef1c5c-0546-4326-808f-da77e7264511,96d97637a814355ed5e0913942533b21,2025-01-29T00:00:00,shipped,311.08
11ec483d-2b1e-469b-a833-e3680f4dbc99,00cc0061269a99836cf8b029b1d0177d,2026-07-08T00:00:00,delayed,163.17
b3b356a5-7e2b-4fd4-9c6a-d81c951f4a3b,91ec50a00ae74d0a229d2efdf4344e1e,2026-07-02T00:00:00,delivered,396.84
d75edf20-db0e-4bf5-9de1-0e6a6863736f,4b0cbf5ea22869c5ea269442f9b849e7,2026-06-10T00:00:00,delivered,684.95
3af08b84-3070-43d2-ba25-b27193f1f1f6,b5e13878ce7c196e0ba76d57dd55b485,2026-07-15T00:00:00,delivered,298.44
68b6c459-9199-4a4a-80f7-a1db8cdbc006,c1a83a518dec21a938b5ca2a66e47ef0,2026-06-29T00:00:00,returned,2217.1
a1b9d222-a862-4210-bd9d-91bf09537908,a9b4929689bc74b4d8764b7214a9bbc8,2026-06-01T00:00:00,delivered,212.87
49039560-9f30-4c93-b459-9fa5e8ca3126,4a362420541051d3d4055a777681ccbe,2026-07-07T00:00:00,delivered,486.06
27aa7aeb-43cd-4d10-9c87-4b63ee6b1d16,3da7750bf3c1dbd724624a60a9f5942b,2026-01-29T00:00:00,delivered,1720.43
eef4b07a-76c7-4f21-aec1-af731c6dc03c,0bbedd531a4ae68af2d3aad1ff987110,2026-07-17T00:00:00,delivered,652.11
f85f8357-8883-4bb4-af55-281568cdcd09,586d40194eaf4932c4c5d248926beae9,2026-06-21T00:00:00,returned,137.9
04c89aa5-223d-4f42-9538-7d2e0431a164,bf031ca9921548300245c13a81fdd17d,2026-07-01T00:00:00,delivered,72.76
af271ba4-760b-4fbc-bb62-dadb5ffb0fb7,99172dcdec60d7c00f2f6cedcdab4c3e,2026-06-28T00:00:00,delivered,2248.63
67fa0ece-a8ca-4ac7-9c00-0094e7ea7693,0c7f5da7d9d33d16ddc25dfafcc513ce,2026-06-17T00:00:00,delivered,970.35
72b0e948-269a-417f-a14e-473c659d2b1b,804eb66464db178ab95f5f4ced1f4a9a,2026-04-13T00:00:00,delivered,351.39
11585862-b1cc-4ade-bd01-7c7868fb2ab8,d6caf670c8bf91aed723f242cafb71c8,2026-06-30T00:00:00,delivered,822.3
6a3eb5cf-713f-4b53-9e28-ab4dca91eb1c,e6925d3e39cebd0f699008b248e58361,2026-06-28T00:00:00,delivered,874.83
503d1630-9544-47d2-8c20-ea6abed49df1,8dc17b53543ee0ff19970896cfc6c750,2026-06-27T00:00:00,delivered,157.12
e065a726-13b0-4a0c-87f8-e0181638f35a,9173f8394714a803f3d46db497a68a19,2026-05-29T00:00:00,delivered,591.53
94ba1af9-95f8-427d-90ce-b202abd21531,317a5bc8cf58c4401e221c74d7a51982,2026-07-08T00:00:00,delayed,517.05
dbb03dfc-84cb-4aff-bc72-747149278396,5a3ee05d197e24b7bafaac3e2cbc7e55,2026-06-24T00:00:00,delivered,51.9
d4b71dfd-f6fd-4be9-892d-6f178e5f56cc,fb1756887ae59c1b0efe8d0544d94815,2026-07-04T00:00:00,delivered,589.45
ca5cb528-0adc-4c77-b3e7-a781bd9bed14,8797820f6554668a5b835ff74cd077df,2026-06-16T00:00:00,delivered,337.51
f748d42a-c5b8-468c-912f-6c5128669963,d89e05e2d23c3d8247aeecd07758004b,2026-06-27T00:00:00,returned,937.05
0b9b19b6-49c8-48e2-a069-02b596f50feb,18e3d276253780b44b5b7bf83f6785ec,2026-04-15T00:00:00,delivered,320.97
c4b02683-d333-4b08-896c-f6b5088172dc,03d4953a455f8489e712ea80699de878,2026-07-07T00:00:00,returned,525.63
18f49656-0440-4730-9f64-c783316545d1,ee464d4fde64c19df72f3051c29e0803,2026-06-14T00:00:00,delivered,1488.72
10370e26-9ee7-46e9-926e-1e5a5db0aa7a,4b0cbf5ea22869c5ea269442f9b849e7,2026-07-04T00:00:00,delivered,317.68
fc13a3cd-7d2e-49ae-8ec4-557635689344,ee464d4fde64c19df72f3051c29e0803,2026-07-11T00:00:00,delivered,423.78
27eebad5-fac1-4aeb-a91c-5bf1283ef0de,5254c0eec4d1c586e4e6b59fba3d33ea,2026-03-11T00:00:00,delivered,396.21
16267391-4f9e-406f-a078-76e2e9adb7aa,a96d5cfa0d3181817e2b946f921ea021,2026-06-23T00:00:00,delayed,499.36
672203bb-2f04-4dd0-9724-84ebda68cd77,84b0bf771f3b14f21e6dd37e2fe2eee6,2026-07-13T00:00:00,cancelled,561.33
55e98b3d-715c-43e2-8082-90297fb69f6d,5a3ee05d197e24b7bafaac3e2cbc7e55,2026-07-13T00:00:00,delivered,176.56
c6152a88-9e21-404f-8c0f-4950cc955707,5a3ee05d197e24b7bafaac3e2cbc7e55,2026-06-22T00:00:00,delivered,2387.85
807ccd5a-bd30-4bf4-a60e-9e17ab9cb3e1,5a3ee05d197e24b7bafaac3e2cbc7e55,2026-07-17T00:00:00,delivered,293.15
85a2a141-b632-4974-b801-5aec52d38e77,f054e8c1cbcf5e89ddd9b615c349936b,2026-07-04T00:00:00,delivered,255.07
2d1d5c01-66b7-4d6b-b393-73e9de007dea,6056d31a9cf9cf98ea9de7ef86cf4f5d,2026-07-15T00:00:00,delivered,1812.05
f78dcfbc-ddec-4480-a937-779fe702a591,7d2829c2222be0a081bcf2d4d3d540a5,2026-07-02T00:00:00,delivered,353.21
6e8400a8-1e3b-4791-a5df-535c203ddb07,ae3cba3668c3e870aa0401647dc5848a,2026-05-22T00:00:00,delivered,5.41
0eec2cbf-902c-4092-90a1-b729a4ba4339,fc25f71bab94146446884fc523121d48,2026-06-30T00:00:00,delivered,257.6
1e59b9b2-bec5-496f-b2ae-6933e888318f,4b0cbf5ea22869c5ea269442f9b849e7,2026-06-02T00:00:00,delivered,658.62
19de6839-5ca7-4ec0-b046-ab35b574ff27,95363f351776a3f8a43145c79a046053,2026-07-16T00:00:00,delivered,122.09
839ef356-8314-4c26-9544-53564570abb7,5a3ee05d197e24b7bafaac3e2cbc7e55,2026-07-12T00:00:00,delivered,340.61
74428169-5ee1-479b-87ea-3997c99e757f,5a3ee05d197e24b7bafaac3e2cbc7e55,2026-07-13T00:00:00,delayed,192.8
6647ee07-fa79-4d7f-9eae-2c6429799b42,301bcaac6077aa5e56aa5b6559846534,2026-07-09T00:00:00,shipped,445.57
bd00243d-ba33-42ed-934c-0a45d7df38c8,374026021639ada6e97c12b31a997a64,2026-07-06T00:00:00,shipped,223.73
64dd6054-8419-4b1f-906f-1ab28b0c910a,83cd9156b579d10dbf29ed2e13dd5514,2026-06-07T00:00:00,delivered,1463.2
c272957d-5444-46e7-86cd-f9738d2c3aad,3871b0ab0166a2f441fa762f5206cacc,2026-06-23T00:00:00,shipped,845.03
ca3b8c97-fc72-4a64-becb-ff19aeee4399,03f923dbcd3b3c763b22b24db6072d27,2026-07-07T00:00:00,delivered,2833.15
4663d0c9-945a-42b1-9bbb-b6251748b492,df2162a9aaf73bf42e812408330969a0,2026-07-06T00:00:00,delivered,508.25
3a5996ae-32ea-4e8f-b3db-09a566ca3a0a,eda46d6e2c60876abff5c974b0523158,2026-07-13T00:00:00,returned,118.33
f6cc943e-701f-4503-85d9-10e69feff91e,e3113c1f62d89d94df4fc7cb38159411,2026-07-06T00:00:00,returned,67.22
6f515d4c-914e-4287-b976-d602ac528173,5a3ee05d197e24b7bafaac3e2cbc7e55,2026-06-25T00:00:00,returned,383.77
688538ac-3c3a-4d61-ab57-fcfccda7faac,0d2fe5cee9cab31429efc0da96406758,2026-06-18T00:00:00,delivered,551.78
a26e8ecd-d343-47fe-9d32-c96a6bad6817,f1d32fc4daad97978a28051b160ca25e,2026-07-13T00:00:00,delivered,2981.6
6a477657-0e6c-42f9-97dc-2f5ad8503720,60aee6970bd57744ad0435997b0a91ae,2026-06-24T00:00:00,delivered,144.57
91b14e41-13a8-4127-876d-292688ac9699,7677c213007e9a6ec9267ea50b5ce5bc,2026-06-15T00:00:00,delivered,197.94
2922c714-104e-49f6-b8a0-1cfb00845ace,e021e698833bdeb89dfef3acb2e91f37,2026-07-07T00:00:00,delivered,631.8
2886c381-000f-49b8-a35d-9eefe37f3f60,2b29203a18529b47950630e4ffe98abf,2026-06-28T00:00:00,delivered,463.14
b1ed0ec1-e4df-4238-ba2d-10a035e6adbf,0b48151c4ac827afeee06ce2d77cc343,2026-07-15T00:00:00,delivered,354.01
9e472eb3-ac33-41c6-b879-253fe6b15dda,5a3ee05d197e24b7bafaac3e2cbc7e55,2026-07-08T00:00:00,delivered,519.02
3543f95f-0182-49b8-b309-91448ddf1ae4,91072c5d9631aab2b794c98dd68d2c9c,2026-07-04T00:00:00,delivered,115.96
a127a35c-2e01-4725-99f6-d477a4332f4a,f4e625382a194ac38751d8267c38977b,2026-06-17T00:00:00,delayed,1621.15
372615c1-07a5-47ff-8be7-cd46bcf0fd31,0998bf56b5b6f78fed7d753b59254727,2026-07-02T00:00:00,delivered,182.76
b2718ee0-cad4-470d-8cc3-ada347a8974b,2356a157ac13013e2af4979379737874,2026-06-21T00:00:00,delayed,288.2
428435b5-f743-4838-9df7-4aaace7f7c0e,a366793a4999f8cc135855c4dd347421,2026-07-15T00:00:00,shipped,218.49
20ea8dda-973b-4883-90cf-5fd88187ef49,2a6ef69674d6f28002c72b8d123b3a27,2026-07-15T00:00:00,delivered,656.53
3bdacaba-a303-476b-951d-8b20da09377a,6056d31a9cf9cf98ea9de7ef86cf4f5d,2026-07-08T00:00:00,delivered,330.59
a6f02f5f-25a8-48fe-81e0-060726871e11,b134d1fbe77d00a8e0a4ce9d855ea927,2026-07-02T00:00:00,delivered,230.24
a27ce0b3-c394-40ec-a759-a61573ecd3a8,69cf23d79e9feafe5a75da884e40ce30,2026-05-20T00:00:00,delivered,163.29
f9cccab7-20ec-4c8d-9192-3848b8dbdd41,03d7bb9d95f70cf9dcef7142f89d8ec5,2026-07-11T00:00:00,delivered,286.15
7f00b7e8-a1aa-4421-8585-c9b83f97d8ba,6056d31a9cf9cf98ea9de7ef86cf4f5d,2026-06-29T00:00:00,cancelled,422.12
e7c5147d-ea99-4d07-a6c8-664e26de427a,5a3ee05d197e24b7bafaac3e2cbc7e55,2026-06-22T00:00:00,delivered,478.24
993d8584-52c1-4c00-8a3a-88f59bf95e02,50aef30dabc7aca975dbdec85dcb848f,2026-07-16T00:00:00,delivered,349.01
4b9c7bd8-bc87-4c08-ab0e-f85958868d42,323630f1bddac4dc06bf3bdeb90dbe36,2026-06-30T00:00:00,delivered,254.56
61a0fbf5-2396-495f-9335-f18d4de5bacb,5a3ee05d197e24b7bafaac3e2cbc7e55,2026-06-22T00:00:00,delivered,223.44
d1c9c791-7be0-4b5d-aaa1-71ca22d891ad,470a8f2e1dc7b277e4625f23039c6f84,2026-06-02T00:00:00,delivered,2550.95
8c7a547f-c362-4007-97a8-f4f0108d6c6c,a0defeb4e8b47e1db2149cbe93d68609,2026-06-02T00:00:00,cancelled,601.14
20fbe6c9-1901-4c63-99fe-30fc4d05c5e3,5a3ee05d197e24b7bafaac3e2cbc7e55,2026-07-07T00:00:00,delivered,1087.97
20c8fe68-40cb-46d2-8bbe-dfd441c7da45,e94f497b64b4c843216126feedb1dfae,2026-07-17T00:00:00,delivered,447.47
84c594b0-2e5e-4a21-8154-8b09b059a397,1717cd357c7bbb3158e701005cf8e50b,2026-07-17T00:00:00,delivered,882.22
c4e40e09-8bae-4d7f-b9ec-03a39769a0ea,a31afd5504f618a4cd9f19a215db2705,2026-06-29T00:00:00,cancelled,10.82
8840975c-7ae4-45ae-a107-9383d9991c17,8e990907b56d2383d3a39bf0cf9a3f42,2026-07-05T00:00:00,delivered,271.3
5f99a6e9-2fb9-4abd-9493-b623b00964d2,ce128a731e25fed87a7ace92333b142f,2026-07-10T00:00:00,delivered,1734.13
f87bf3f9-d633-4fb7-852c-249b51d44490,0b7604941dd811e84ae22ca3b90a49ff,2026-07-12T00:00:00,shipped,522.21
986a6ed1-7729-48f6-a884-3eac0ff84fb7,fc0a9229ea43fea6c9f9d79c06761a1e,2026-07-11T00:00:00,delivered,27.65
960cfa2a-0c69-4c44-b268-f28e7bd6290e,caf8cfa0ac3ff60facda076545837647,2026-06-26T00:00:00,shipped,397.7
4f3e6fe4-4ca3-4947-a04c-c90c984502d6,16958e0580aabd51c43765569afea366,2026-06-25T00:00:00,delivered,754.78
2c6b9da7-eec7-4d12-82bd-9b3549dcaedb,92780b513694a69ad78065593f467900,2026-06-27T00:00:00,shipped,156.75
d8ae4bae-7fa2-4bb1-be90-ed91239e7c27,5a3ee05d197e24b7bafaac3e2cbc7e55,2026-06-25T00:00:00,delivered,152.91
5c6ca13e-8444-4bfd-bae1-539dec65cbd4,e8b52a437e134cf2dcb5dbb93b29d0d5,2026-06-19T00:00:00,delivered,1303.25
066512ad-e3c2-4f9f-803b-19cd4eb14525,b03e9d9818ee170e9d6b983803c7d406,2026-06-16T00:00:00,delivered,168.09
588dac8f-8a99-4796-a6e5-66987386cbc5,bb50112c998293f45f49f49704165768,2026-07-14T00:00:00,delivered,528.65
b1655bcc-be9a-47c7-b859-3b59983a0631,843c7e9e24758cfbc00dd941be3de79b,2026-04-17T00:00:00,delivered,190.08
0c681a78-feea-4ac9-a59d-aff72923b25c,759d68713a15c3b9a52b377694b94efd,2026-07-11T00:00:00,delivered,109.93
74d67060-f6fa-42e7-b1e5-58ff06275874,470a8f2e1dc7b277e4625f23039c6f84,2026-07-03T00:00:00,delayed,727.79
90e32dde-811a-4df3-b7f9-b56ea7d04628,cab7d960c70627143573a8d907a5e946,2026-06-28T00:00:00,delayed,266.96
4ff19a5b-5950-4e37-94aa-25b7c2bb1d5d,144b9f1cf244df05e042b5262ecf97d1,2026-07-11T00:00:00,delivered,312.64
d83da33d-9173-4db4-ae76-ef1fcdabe089,6991221485787f31e830a729531c20f2,2026-07-07T00:00:00,shipped,616.77
c7a5b2f1-9d9c-438a-895f-d08f355e385e,340152332a04149987a705602615f0d0,2026-07-14T00:00:00,delivered,1623.85
0f0df061-3408-4c48-aa95-9804ad58782f,a3b2490482986f1638e702550961658d,2026-06-19T00:00:00,returned,1291.95
eaef5c3a-e818-4a73-a039-952c7d413e32,26c9cb11ad1169f145cc96dc263cbb29,2026-05-25T00:00:00,shipped,558.14
11afba3c-61a5-4414-af40-c6a33672337b,5a3ee05d197e24b7bafaac3e2cbc7e55,2026-06-23T00:00:00,delivered,1051.26
558c1c2e-d3b1-45e3-aa55-54568977c1b7,483686d2c2ea82359b6aa0bb2b20829a,2026-07-05T00:00:00,cancelled,1699.1
5af883d2-0a37-4cd8-a6ef-abd1db8ac607,cd9b72ce79772adb2e28bdfc051bb341,2026-07-02T00:00:00,cancelled,737.45
49cd6124-d0fe-4686-bf8e-b1b585effa7f,e94f497b64b4c843216126feedb1dfae,2026-07-15T00:00:00,delayed,1254.51
08e8a89f-e4d3-402b-ba19-0c49d8f56184,f054e8c1cbcf5e89ddd9b615c349936b,2026-06-29T00:00:00,returned,229.65
45732465-1465-46c1-b6be-8b29c15bbcd8,5a3ee05d197e24b7bafaac3e2cbc7e55,2026-07-03T00:00:00,delayed,479.99
cf4f3cb9-5d68-4a51-85e5-d8d394dff991,0b48151c4ac827afeee06ce2d77cc343,2026-06-27T00:00:00,delivered,646.63
26c768fe-1420-4f00-9995-828703a281d5,5a3ee05d197e24b7bafaac3e2cbc7e55,2026-06-30T00:00:00,delivered,365.73
b869ecba-7069-40b6-930c-82a4a2eb46b9,ffd2aa973e106c7d7218a960320420bd,2026-05-28T00:00:00,delivered,443.27
cf241f40-8844-4c5a-8fe0-f47bdc44ff68,f359832fd1c530fbb94b787e049f833f,2026-06-21T00:00:00,delivered,75.29
256d4dd2-1cec-45dc-9e87-1209a77fcb0c,caf8cfa0ac3ff60facda076545837647,2026-06-25T00:00:00,shipped,230.81
34b9521a-bd17-4920-98b3-174a3f52bb1d,340152332a04149987a705602615f0d0,2026-06-26T00:00:00,returned,341.29
910aa2f3-c165-4fe5-9c95-428f2ee614f5,99e41e69b60bd63edd83935499523063,2026-06-23T00:00:00,delivered,343.44
fe98b88f-9b28-4fe2-a86b-eb77662206ec,5a3ee05d197e24b7bafaac3e2cbc7e55,2026-07-08T00:00:00,delivered,87.11
b86e016d-8d9a-4117-b9fd-ca0b3e42ad19,5a3ee05d197e24b7bafaac3e2cbc7e55,2026-06-22T00:00:00,delivered,627.92
7a888772-a6fc-4bb9-9afd-758ca519ee9f,553ad73e3267ba622039c309c8c477df,2026-05-25T00:00:00,delivered,411.11
ef8c9a5d-2091-4296-906b-f47da016e12e,796af4fac93296428070925a8a78aaa1,2026-07-01T00:00:00,delivered,480.94
8e89cb26-7dca-4074-803a-557c38a64913,92a4b4c966f31e01ad29b7adc861f25a,2026-04-25T00:00:00,delivered,411.65
2646f270-9c03-43f9-b7ae-27c9807c3ec6,5a3ee05d197e24b7bafaac3e2cbc7e55,2026-06-28T00:00:00,cancelled,1052.54
acd316ae-094c-46c1-9dd6-1fb54bde60fc,6056d31a9cf9cf98ea9de7ef86cf4f5d,2026-07-04T00:00:00,delivered,356.97
352afb11-6822-427d-96c2-ebcdebf3948d,38e31fda99a5fb901d27134d18d36c75,2026-07-16T00:00:00,delivered,1712.36
0666e9e9-760e-4c3c-ad27-7e53322223e4,5a3ee05d197e24b7bafaac3e2cbc7e55,2026-07-03T00:00:00,shipped,196.89
37e7216e-3f6d-40b6-a39b-0e583d801a60,fa7e6f153b7724fda5c1d7cc7b9ae4ec,2026-04-29T00:00:00,returned,660.13
3389c92a-7d99-4037-9c7f-467521589f7f,208f290481193105f0bdc2d8f543904e,2026-07-03T00:00:00,shipped,406.63
e7d4b359-2302-4f4d-9b67-024eb60a649c,decc46797b7d5c2c0146cc3e93720aaa,2026-05-25T00:00:00,delivered,19.89
6eaf826a-cb9b-4873-9269-7a446ea3edb7,e8a63b5829f45bc153ed838ba9de6c0b,2026-07-07T00:00:00,shipped,375.08
6619852a-3995-4b61-8e65-358cc967168a,be1e99a0c57d7c3c699cfc4db26c8edf,2026-06-06T00:00:00,delivered,138.88
847ff19c-67f5-4f3b-ba05-6207b5f88a2b,5a3ee05d197e24b7bafaac3e2cbc7e55,2026-07-02T00:00:00,delivered,688.36
da1844d0-51ad-4d2f-9817-d02628c9aad3,08995ff3d56d1423655c3b21cebe06bd,2026-07-06T00:00:00,delivered,103.23
58a91282-5835-433c-b1a4-06a584bf6538,86ee190a174409391a427eed6f5e2728,2026-01-11T00:00:00,delivered,290.64
a8d2c5a6-36db-4c08-8579-dd0665dbf73e,5a3ee05d197e24b7bafaac3e2cbc7e55,2026-07-07T00:00:00,delivered,239.49
5eb80e53-35ba-40cb-b4a0-826d087a7b3a,c1aa08ee7ec027f1a2523bce7c841723,2026-06-24T00:00:00,delivered,369.99
653f2e54-b233-47c7-9af9-e4e60d64239f,5a3ee05d197e24b7bafaac3e2cbc7e55,2026-07-14T00:00:00,delivered,1148.5
f4bafe49-afe7-4b79-8bbf-7ede2f247d97,3341514b8049f4a268e4188fb0211d34,2026-06-29T00:00:00,returned,1369.72
7dbd5e76-3252-4ee7-8128-eff274bf23bb,09f54e88196d12eba479017f13f0e237,2026-06-29T00:00:00,cancelled,1280.21
e4d11c82-d4e5-496d-acdb-d53650bbfbaa,b03e9d9818ee170e9d6b983803c7d406,2026-06-29T00:00:00,delivered,573.52
ca67c605-0a73-4c41-b380-724d901f0c16,4cbdc0f2029c78a012c400623a82e55f,2026-06-30T00:00:00,delivered,923.71
671a842a-2f0e-4822-ba3a-1aa1dafa74af,86ee190a174409391a427eed6f5e2728,2026-03-15T00:00:00,delivered,446.89
12b68bfb-32c7-449f-ab52-f760e4728317,f7798970018758d36b9bbf007a053e23,2026-07-13T00:00:00,delivered,104.49
10bb8086-ef48-4008-99fa-59a13a35916f,05c567475380140907b9ca53ba1dcfeb,2026-06-14T00:00:00,delivered,75.72
ffdc7f43-653f-407d-bd30-093933d63927,daf01deafc412b92fd052d5a9e9e6525,2026-07-05T00:00:00,shipped,379.23
d0a0da07-2ba3-465c-82b5-3d8d75c766f2,5a3ee05d197e24b7bafaac3e2cbc7e55,2026-07-11T00:00:00,delivered,498.5
cce802e2-d377-4b0e-9f1a-988389ffa0b8,fc25f71bab94146446884fc523121d48,2026-07-05T00:00:00,cancelled,167.45
b51afcaa-b89d-4811-831f-59067dd3b324,2aa9325eab1676f4d62830f004d67a34,2026-05-31T00:00:00,delivered,539.0
ba21fc1f-be16-4804-90b2-cc675612320a,0062adafa3846d9f372d8f1bde591b24,2026-06-22T00:00:00,delivered,430.0
bb8911f5-e738-45bb-b8c5-7c46411e752e,0b48151c4ac827afeee06ce2d77cc343,2026-07-04T00:00:00,delivered,720.28
a801b6d0-b37c-4013-85e0-e9402d9cb2d4,429bc087ae0c9ec6f0b3a0d42d5bf9c9,2026-06-26T00:00:00,delivered,1386.34
13d5b28e-eb2f-41f9-9dee-bd14c8bf06f5,dad5018ffc0de85eb72f72575b552784,2026-07-09T00:00:00,cancelled,2919.4
5c7aa625-722e-487f-9e40-15a704bb5136,5ef5f96d508fff087a06648c19201333,2026-06-15T00:00:00,delivered,187.0
d95e2132-3086-41fd-b013-c8e232e9bca3,e308f9114426577f05baf25b11250386,2026-06-17T00:00:00,delayed,301.71
1b1f3da7-9550-46f4-9868-bba6dd26a31c,d0658aae129bbf2d62a72fb809308a8d,2026-05-10T00:00:00,delivered,315.12
dba5af9d-a6a5-4e1b-9655-a756f5d10416,a96d5cfa0d3181817e2b946f921ea021,2026-06-10T00:00:00,delivered,203.62
9fd1ff6c-16cf-44e9-909b-7185097598d3,0e0d3aed77ac2e3746c2ddc3101e3d43,2026-06-28T00:00:00,delivered,831.32
6a32b9d4-df8f-4899-aafa-8b6e8ef4b81d,864e517a3d25387ba522277812310dff,2026-07-03T00:00:00,delivered,342.39
8405a3c9-d3a8-48cb-b702-4eee43279f40,a012820fbbced38a03331716e231e0ba,2026-07-09T00:00:00,delivered,480.78
a851579e-6792-4e3a-979c-6d8664e41454,6dd5be3b2a4f4f7fe09e81590896fa0e,2026-06-21T00:00:00,delivered,1326.89
ebf6b560-7d53-46e3-a2cf-a690ad98eaf8,00e984e99fdfd52943156d2d7eb4a5e6,2026-06-26T00:00:00,delivered,644.42
a43230e2-d4c0-4639-abce-146133598d2e,6e9c6c2120611104445c767b78377d21,2026-07-11T00:00:00,delivered,1945.75
9d481ecc-0fbb-4434-afec-2d20c5e1d556,fdcf4139f50f370c91e8b8f33adde2a6,2026-07-02T00:00:00,delivered,459.76
f8585e9d-57a6-46c2-8a24-61cd15e01f43,f054e8c1cbcf5e89ddd9b615c349936b,2026-07-14T00:00:00,delivered,1015.37
daf618a8-cbf2-448b-b01f-dcd60dad19ef,4f463757edb0250ec353ab6f3610cf34,2026-07-07T00:00:00,returned,273.33
4fd7b736-7b9b-43b6-9319-2644a48497cd,84b0bf771f3b14f21e6dd37e2fe2eee6,2026-07-11T00:00:00,cancelled,138.57
c4a7c9c1-00ea-42c9-a40b-b6a6d5ba08d2,57b2a98a409812fe9618067b6b8ebe4f,2026-07-13T00:00:00,delivered,1089.66
4008fd4a-9d7d-429b-b987-b9db03e5c24d,0647d94e80c8033ef27686bdb447e105,2026-07-05T00:00:00,delivered,981.85
50ec76c1-6652-4389-8d0f-d088623e4b5e,ff3e14860e32acc535aea6a5402d531c,2026-07-12T00:00:00,delivered,773.73
760469c4-5f53-43b4-9be2-773ca85f8b82,4dad028c287475ff2421bdb9c9b5dd2f,2026-05-20T00:00:00,delivered,95.93
a01da124-f03c-4111-984c-c5fef2ab9f3b,6056d31a9cf9cf98ea9de7ef86cf4f5d,2026-06-27T00:00:00,delivered,808.37
179cb594-c56f-48ae-837f-6245586f4f1e,5331278432c1d2f87ce463412a344d1e,2026-07-05T00:00:00,delivered,678.44
c665b176-e9e1-48cf-b77b-ba7748540c52,5a3ee05d197e24b7bafaac3e2cbc7e55,2026-07-02T00:00:00,delayed,414.88
348b8df9-9671-46b5-81c4-580edbce3e6f,6e4188c01246d30b20d17a1ed42094fe,2026-05-31T00:00:00,shipped,88.15
a7ceff4a-b405-4975-9ec0-acbd88b7e5d3,a21a8c17fb2d281bb4890748efc12200,2026-07-10T00:00:00,delivered,34.63
782bc621-7b24-4832-a312-1464b83f3cab,a696ba5db33cf4835a04dd5965a86781,2026-06-25T00:00:00,shipped,531.29
5ed20442-4baf-4494-8f8b-470ac59b9ef1,1c22aaad9006505a301a9d51b64f4c9c,2026-07-04T00:00:00,delivered,414.96
7ca2c40a-8be8-4a4a-ae68-e4c8d9cf3cbb,040641ad9a73250e1362678a81db1b9b,2026-04-14T00:00:00,delivered,829.37
80fed366-bc86-4b8f-b974-bff5a98f5736,5a3ee05d197e24b7bafaac3e2cbc7e55,2026-06-22T00:00:00,delivered,152.73
4f298e20-90be-4dbc-a086-3a50a68449ec,5a3ee05d197e24b7bafaac3e2cbc7e55,2026-07-02T00:00:00,delivered,889.62
2506d364-598f-44a6-a28d-db4927622f7f,0b48151c4ac827afeee06ce2d77cc343,2026-06-25T00:00:00,returned,1108.52
16d05bbc-387c-42e7-9971-02265fc231ed,1964f2b215ebb68671d893438e974b0c,2026-06-04T00:00:00,delivered,1279.59
d6255c4f-ff5e-46fd-8085-a6969517aa6c,bec4565233c872dc005b32e9616669d1,2026-05-20T00:00:00,shipped,476.92
4a2ddcbf-7c8c-4ed3-8265-0c6f04faacf6,482441ea6a06b1f72fe9784756c0ea75,2026-07-05T00:00:00,returned,1988.2
47b94f96-8309-4a10-8ce7-573d813128ff,f68fcf829cc4c6c8a53b46c864c1639e,2026-04-27T00:00:00,delivered,25.78
09c344a5-09da-4cc6-98b2-022d6a2c18a9,5a3ee05d197e24b7bafaac3e2cbc7e55,2026-06-23T00:00:00,delayed,224.62
feb22020-9638-4b9f-9121-fed99a2553ba,d7dcb6a86716cae0bae52007bd8b7822,2026-07-10T00:00:00,shipped,370.61
61479131-4f47-4a5e-b04e-9a2ca8922044,5a3ee05d197e24b7bafaac3e2cbc7e55,2026-06-26T00:00:00,delivered,485.7
07f36952-76e5-4ded-969f-7fd415a5494e,324b9a2e37fc2ab928a842b9429c46ea,2026-07-04T00:00:00,delivered,74.64
2e71e105-7315-4af9-aad9-02a39fed48a7,f96176e892232662d1c1c5896a94e035,2026-07-01T00:00:00,delivered,44.24
bd71271c-d013-491b-880b-cfb1a9f2f875,003e2af81ea3c72fbdd093f07724a4de,2026-06-24T00:00:00,delivered,389.76
5119fd61-5ac0-44f7-b109-a4f100cedba2,ef309784561fed416ff25e05ddfe495e,2026-06-30T00:00:00,delivered,197.48
d8541a36-7fe7-4500-9caf-f8dd33d08190,483686d2c2ea82359b6aa0bb2b20829a,2026-07-04T00:00:00,delayed,283.81
78882046-15b8-4a0a-b1ef-451b96468e14,b310264264a53605778ac08833bd5514,2026-07-10T00:00:00,delivered,370.11
0330732c-68b0-4d9c-9308-c4f8fb27c965,a012820fbbced38a03331716e231e0ba,2026-06-27T00:00:00,delivered,338.54
8fcfc6ec-dfaf-45bd-a500-fd1487ebcc6b,5a3ee05d197e24b7bafaac3e2cbc7e55,2026-06-30T00:00:00,delivered,120.02
26ec9e57-6880-4e67-9d5a-135a3475d293,0b48151c4ac827afeee06ce2d77cc343,2026-06-26T00:00:00,cancelled,315.73
8f37c117-816b-4b73-a013-f3a4336a1922,48c239b2821e4f65ef32ff7ecd4ed37b,2026-07-17T00:00:00,delivered,299.91
544d21c2-f9bb-4c9e-aae3-885d24753e18,6fa75bcd8374aaf022bf590a4aad45e2,2026-07-04T00:00:00,delivered,60.56
6cda4a8d-c72d-4b2c-8b28-d5e8f4a398f6,77f990b8b2cae027e436e8b74a1e7d68,2026-07-12T00:00:00,delivered,558.46
49c14100-4d12-4165-aca9-66c7a6f04167,ea11bc07876aef08645f2c14d46b3ba7,2026-07-05T00:00:00,delivered,502.48
bbaca367-cfe8-4e39-ae30-400408317533,663a02b5b809485e2e0a1db9a6003146,2026-06-16T00:00:00,delivered,282.11
463e56be-6ef5-4b26-8934-3cf0f33b6b57,a6c4aa44d56da0c0d81baa9779708f60,2026-06-13T00:00:00,delivered,721.67
c594659a-8242-46ee-bc35-0f065dbec314,addec96d2e059c80c30fe6871d30d177,2026-05-29T00:00:00,delivered,693.34
492258f3-73e6-4e6d-8cf5-58a2c56b8547,c8879b82433186c4f4a94344384c840f,2026-07-12T00:00:00,delivered,764.79
7455a73a-ab80-405b-8268-c4956c6e83ea,682dd9d89b6bd17e600db2ebb25bd46d,2025-07-09T00:00:00,shipped,397.16
db041065-0c7c-43a7-9da7-84a381a2e664,63df651d5e8adb6a0e4baeb66a0eea37,2026-06-17T00:00:00,delivered,430.65
4265d3a7-b022-4c91-b1de-bd568dbdb74b,e021e698833bdeb89dfef3acb2e91f37,2026-07-06T00:00:00,delivered,530.28
cb211710-aa48-4d49-b011-e878c5dd42fa,2ad3e8ebee7119e3be506709cf52c2e7,2026-06-25T00:00:00,delivered,357.17
54903857-ca0c-44d5-bb4f-05e9b04b67dd,f5de43d4ead76e9519babb3d6189ea5b,2026-07-11T00:00:00,delivered,354.81
4a71d776-5165-455c-a92d-580378a2e842,1145616de76e14f4e7fd5452c2be149c,2026-06-29T00:00:00,delivered,847.9
4a15065c-3e43-432d-93f4-9c6401517330,c1d9e6bbbc34d8eabbaf75ec77de9eff,2026-07-15T00:00:00,delayed,538.4
0f48bcaa-6e53-4de5-9897-9b7faf510b1e,4e22af73a91ab5ed077a5f8033ec0f5f,2026-07-13T00:00:00,delivered,6.62
ec6bd00c-a479-4b78-998a-1ac4fb805a04,c3f3b3aec6ab1645b825e2b7031cfd43,2026-07-04T00:00:00,delivered,289.23
35c078bb-c328-4bb7-86fb-3fc0007bd2b0,e021e698833bdeb89dfef3acb2e91f37,2026-07-04T00:00:00,delivered,96.68
b1ef2116-4653-431a-852d-13d4078028c4,5a3ee05d197e24b7bafaac3e2cbc7e55,2026-07-07T00:00:00,shipped,1842.9
135bc2ef-d1ce-47d4-b9e6-3b27434b353c,9d0ac1cdbfc919d676e2c2377abb32c1,2026-07-07T00:00:00,delivered,555.75
aa43fb41-096e-4e31-98f7-075fdfccc315,ad076f69fe41e2f2e356025bf2751920,2026-07-05T00:00:00,delivered,1470.72
823413ce-5769-47e8-aa36-f5b1aaf3e15d,717aa48025662fcf27ddebbecc5f782b,2026-03-17T00:00:00,delivered,155.63
a9e9c88d-8442-458f-8730-77ca56e39d04,d85547cd859833520b311b4458a14c1c,2026-07-01T00:00:00,shipped,759.1
442c030c-2a83-4d1e-afb4-dc3553c6ec93,5a3ee05d197e24b7bafaac3e2cbc7e55,2026-07-09T00:00:00,returned,506.7
4d6f3bca-93bd-4532-a841-c10b3e466a4b,8e990907b56d2383d3a39bf0cf9a3f42,2026-06-23T00:00:00,returned,1098.46
7e8667c5-3a35-4f90-990f-be94d69044f7,b0b94079598f018f9e72e9698aefef33,2026-07-08T00:00:00,delivered,430.62
cca884ce-460b-4465-9f88-d2e02f06b659,340152332a04149987a705602615f0d0,2026-07-16T00:00:00,shipped,359.19
619444fb-bb55-457f-8737-c05bcc6ff4d6,141902ce86bbe8dab919938119c54f1b,2026-06-10T00:00:00,delivered,61.49
cc6bc3a5-6c1d-4006-b1d1-2d1f52818d10,7e8ace5e83e019d284a1cf0108b57f94,2026-07-01T00:00:00,delivered,90.95
ebb9e705-5824-4a4a-9937-081ab11301f6,df2162a9aaf73bf42e812408330969a0,2026-05-31T00:00:00,delivered,719.35
910daafa-39e4-4044-b0eb-8b81b07a0098,f1d32fc4daad97978a28051b160ca25e,2026-06-24T00:00:00,delivered,822.04
edb3aad1-2185-485f-9eef-90690d41c93f,2e636fd512179efa9c6e1b1a28ac7f98,2025-10-29T00:00:00,delayed,1404.12
0d172653-18b1-4698-a9a8-5d418540df1d,5a3ee05d197e24b7bafaac3e2cbc7e55,2026-06-26T00:00:00,delivered,379.94
6efecfe1-ad0f-4a4b-9f32-6e78ecb7f0a8,0890bfbe7e7ce34f5ead1f48e41e5772,2026-07-16T00:00:00,delivered,419.08
6618a027-ec74-4d80-b524-116177d17cf8,dc7993c491aef54414c4ff0a5be472ab,2026-07-14T00:00:00,delivered,114.19
c9b4af7b-41bb-479a-83f3-ff2261064e36,ca042e1c4a76949e979abfb74159e9ab,2026-06-19T00:00:00,delivered,414.77
b586113b-b5f5-43b4-b18e-a51ad5cc95ba,9abd58f6bc7412a8da01a98351e6b989,2026-06-21T00:00:00,delivered,634.05
cb163b04-dded-43ff-83fc-c10ebd168331,d22fa88d87b7b3e2efeb587ea5c9a742,2026-06-22T00:00:00,delivered,408.82
9abd42ce-d245-473c-928a-7f1f96768e0d,97dc91f9e896442f6ac9650bb2a9b594,2026-06-20T00:00:00,cancelled,520.41
a229595c-3a2d-40a3-a429-ebe3cf6b9744,61657cd378eabeaa8ec89a448432357d,2024-07-18T00:00:00,delivered,764.84
134ca492-a400-4f65-81f3-781d5f0cd040,f7c7677be77763b1b2cf982a5e67fa61,2026-07-15T00:00:00,delivered,227.02
ac524df5-8e4e-4a29-a98a-ca89e93402f4,5a3ee05d197e24b7bafaac3e2cbc7e55,2026-06-30T00:00:00,returned,74.77
0c2aed5d-483c-4f3e-b17b-06788c25343c,5a3ee05d197e24b7bafaac3e2cbc7e55,2026-06-25T00:00:00,delivered,187.11
c2ea5cd1-823b-4b4e-8e52-d14c39f5dfcd,0b48151c4ac827afeee06ce2d77cc343,2026-07-12T00:00:00,delivered,699.86
9581ceb2-c972-4e8f-a8a2-69b58cf94571,50d59756373a395d180aa6414fcb99c2,2026-07-05T00:00:00,delivered,426.03
ac1074ec-fb02-417e-a614-e66a8e1ea68a,5a3ee05d197e24b7bafaac3e2cbc7e55,2026-07-10T00:00:00,shipped,198.66
a82e230a-38a5-4ccf-a054-271f3a04e3cf,f054e8c1cbcf5e89ddd9b615c349936b,2026-06-29T00:00:00,shipped,766.16
aaf4f430-594d-4445-896a-14ac72cef9d3,ddd8485a202512dc3df53d3092b15ff0,2026-07-11T00:00:00,delivered,1473.15
b677751e-966b-4994-9efd-c9bb7ed7cacc,8335867dab25b0b9e2ba0f5e6299c870,2026-07-08T00:00:00,delayed,413.8
46a12725-180f-48e1-8c93-986a36b601f3,decc46797b7d5c2c0146cc3e93720aaa,2026-07-13T00:00:00,delivered,245.18
4131eadd-7e08-4a46-8fd6-5026522c8710,23d79f5efab47bee80aee4e351829b74,2026-07-10T00:00:00,shipped,503.2
cb9a84f9-1d13-4d26-bd84-158d9cf3ffa2,4c93744516667ad3b8f1fb645a3116a4,2026-06-26T00:00:00,delivered,376.68
ef20d79c-0b01-4b9a-b3a1-e6012b0df00d,55133cf96f44c834ac51d0e3b678c7a8,2026-07-09T00:00:00,delayed,220.46
cf67d8dd-a88b-403a-8cc7-92afcbfb431f,cef0911b797ebfa3b9fa952b9932a65c,2026-06-29T00:00:00,cancelled,477.43
d2127cbb-a49d-4b1e-830b-a0db2c4eae96,c1a83a518dec21a938b5ca2a66e47ef0,2026-07-14T00:00:00,returned,447.68
c0ac07d0-1331-4bc3-a58c-d1adbcc3ef0a,1175e95fb47ddff9de6b2b06188f7e0d,2026-06-30T00:00:00,delivered,215.98
4fe08895-6171-4bef-b78f-f684705009f1,4cbdc0f2029c78a012c400623a82e55f,2026-07-09T00:00:00,delayed,464.64
ce6176e8-ebbf-487f-b6c7-895a6e810bf4,cc31282a9d20caa9b70e578d1d5a7062,2026-04-26T00:00:00,delivered,649.72
6101ef4e-a242-4e2f-8810-8e1abcf5e5af,77a63731fc358f68a5ce26211fc340a8,2026-07-01T00:00:00,delivered,2058.35
07652c51-a9ff-45bc-99ab-105202ad70e6,32a43786b189977d4d4a5940f177b243,2026-05-17T00:00:00,delivered,308.17
3bf9debe-4f35-4696-8bf2-d974734476b5,f2c08b92fc8f8634e72f8cc74f06a8f4,2026-04-03T00:00:00,delivered,475.5
04679905-1b23-4f73-b9fe-769e5adbff2e,0b7604941dd811e84ae22ca3b90a49ff,2026-06-26T00:00:00,delivered,645.28
bef3fa73-30f8-42e2-8cfc-adb67f6d1a14,5a3ee05d197e24b7bafaac3e2cbc7e55,2026-06-30T00:00:00,shipped,526.7
b1c0bdfd-1030-4ee3-882a-93846f93123e,c1d9e6bbbc34d8eabbaf75ec77de9eff,2026-07-12T00:00:00,returned,96.43
35942afe-5bf3-4474-bda9-7312b5f93337,7981196c7252350915beb9a7367d40b2,2026-06-29T00:00:00,delivered,263.3
3d17f17f-3d09-47ad-87dc-3a0bbbcf97ac,5a3ee05d197e24b7bafaac3e2cbc7e55,2026-06-19T00:00:00,delivered,263.81
4ab67203-5d1d-4cca-9e73-a64877e63ed1,89e0dd98544c5ff21224086f5cd4f885,2026-07-12T00:00:00,delivered,353.63
9728be23-4364-4ca0-a2a0-79f0038ada35,30a7c7292c38ac22477fcb75306ac4ef,2026-07-02T00:00:00,delivered,421.66
41c91e81-4011-4562-9843-13e1b35df7fe,d20f34444ce44ca683d46e9da98456e1,2026-06-21T00:00:00,shipped,610.25
bb0bf2ea-4d7f-4c37-868f-af157459652a,980612b4526788a3ebb91b6e372db0af,2026-07-08T00:00:00,delivered,100.07
c852537a-56c1-417e-b8c5-eb6f1422569d,5a3ee05d197e24b7bafaac3e2cbc7e55,2026-07-06T00:00:00,returned,277.75
c42326cd-b4ae-4f1f-b40f-5337c222bc6f,b4a9706266706041c10bac3e7ec4316a,2026-06-16T00:00:00,delivered,454.23
2818e32e-1e62-4150-a069-df78defe758e,1f6d48610f32c723924f9af3e88f1c64,2026-07-07T00:00:00,returned,352.23
d5af8da1-4ab6-4833-b2c9-a1985981a146,cecd5e9d39fddb69384c1c31bdfac666,2026-07-14T00:00:00,delivered,449.2
7677c8ec-0f2a-4985-8978-70cd29c33689,5a3ee05d197e24b7bafaac3e2cbc7e55,2026-07-05T00:00:00,delivered,501.82
83d6586b-79d1-4596-9107-f2483b4ad8c3,8dfb24fac32ec7170821d2be63fa9c1c,2023-08-14T00:00:00,delivered,1265.79
baeb33d9-4024-4d2a-b3f2-50c244c0a615,5a3ee05d197e24b7bafaac3e2cbc7e55,2026-06-22T00:00:00,delivered,412.67
1458e1d9-0dd1-48eb-b619-73fba9fab000,4f2942851db2a70c008b54fd9e970fa6,2026-05-23T00:00:00,delayed,277.92
491fbed2-51fe-4af5-8d9f-4e6deba4fd8d,22c05efd13a78e3d82eca52589e0313c,2026-06-09T00:00:00,delivered,43.66
730302b6-bd8d-400a-943b-5288aa9743ee,c1c7632732a487b1221e7bfb627c575f,2026-05-14T00:00:00,delayed,49.44
3f73a422-794b-43c7-95bd-a265ae1c727f,5a3ee05d197e24b7bafaac3e2cbc7e55,2026-06-23T00:00:00,returned,856.75
dc29f408-2784-4c22-8a54-761a24396d37,5a6012519d0cf9a2103bd2170a81b833,2026-06-20T00:00:00,delivered,342.93
66fb726c-8b0f-4557-b086-452c5e50bc73,99e41e69b60bd63edd83935499523063,2026-07-15T00:00:00,shipped,393.0
22a9a7d5-5aca-4d0e-b8d8-fac134417665,759d68713a15c3b9a52b377694b94efd,2026-06-13T00:00:00,delivered,850.61
a5643931-946e-478c-9bb7-503cccf76a00,fc25f71bab94146446884fc523121d48,2026-06-30T00:00:00,returned,421.48
f25bb747-bef7-4b61-9253-b318a7a60c95,fdcf4139f50f370c91e8b8f33adde2a6,2026-07-16T00:00:00,delayed,411.07
b2873c92-e6a2-48a1-b61d-d50878bb2364,5a3ee05d197e24b7bafaac3e2cbc7e55,2026-07-10T00:00:00,delivered,987.37
e08c1345-fa56-418c-ad3c-debd2f732660,91b06e7f118797fea3e4fdf5b9432d7d,2026-06-17T00:00:00,shipped,40.58
3147352a-af7b-42fc-93bc-672aa0f182e3,0cc3629bcdae6909e00d9512d566f570,2026-07-12T00:00:00,delivered,592.23
38d80e86-eb14-41a5-b673-9b8b4656eb13,5a3ee05d197e24b7bafaac3e2cbc7e55,2026-07-06T00:00:00,delivered,684.77
92dbd8bf-c2c8-48d4-b18a-20789fba1e04,13ac6da47fef1b17b16f511e03b57918,2026-07-08T00:00:00,shipped,352.72
6268e024-2fb8-4e22-a979-6a229ccba444,7a380cb5434e6b6b5b37d45bb99dbe8a,2026-06-26T00:00:00,delivered,1404.89
a0e81ea4-1fd9-4d64-8fd9-32a784fe26cc,5a3ee05d197e24b7bafaac3e2cbc7e55,2026-07-06T00:00:00,delivered,280.4
a859e049-85d5-449a-862a-b7b47e87bb0d,937f16b584dd395ce455ef468322b27f,2025-07-12T00:00:00,delivered,584.5
e4981cde-9476-42d8-b401-7f5b82fb31d9,dd92479c2bb42ffbdc755b0b67974ac5,2026-05-18T00:00:00,delivered,389.86
63379aa7-6dc4-41ab-9dcf-611dc34af0a9,17d7f3a57687a59fdf418ccc22adc301,2025-11-25T00:00:00,delivered,500.53
f8b1119c-f74c-4d68-bbb2-7d841540b558,468d559ef2dcd2bea6d8db78959fb90f,2026-06-27T00:00:00,delivered,266.87
1542f1f8-9969-4242-838d-d5d8d5d6856b,6056d31a9cf9cf98ea9de7ef86cf4f5d,2026-07-08T00:00:00,delivered,24.2
e174a873-885f-44bd-96bb-b774ca80355b,caf8cfa0ac3ff60facda076545837647,2026-06-18T00:00:00,returned,1024.47
bb6a8c03-7df2-459c-a2a9-4fb5aed2edc4,d3b1ea21e85de5679eb875b8a3a9dd4c,2026-07-02T00:00:00,delivered,405.98
baa0ff20-b41a-4c7c-9d6e-b5eacc737b30,e6925d3e39cebd0f699008b248e58361,2026-07-04T00:00:00,delivered,621.26
003a65b9-4700-4420-86bb-3878400a5a40,1004c2882ad356c7e8532c14f1b08e63,2026-07-13T00:00:00,delivered,119.79
291d9daf-0253-4ea9-8a76-cef89812b611,157876073aaa5d005e429235e1d56983,2026-06-20T00:00:00,delivered,10.82
d9276734-f6c8-45d2-82ae-129080d92747,63822de2a13203c2aa8a22cb8e52bcd9,2026-06-26T00:00:00,cancelled,130.13
475fe3fd-f0d9-4db1-975f-4729486e569d,8c2e1b595fa98d5f22cb089e0e70d9cc,2026-07-13T00:00:00,shipped,1579.72
5a2bc083-a4b5-4f77-979e-78042433379d,de031c302b6b340148a5ae814e393539,2026-07-17T00:00:00,delivered,126.14
b5275c0b-e85e-486b-8a66-11619f699531,91b06e7f118797fea3e4fdf5b9432d7d,2026-06-12T00:00:00,delivered,645.58
a160cc1e-e57d-4362-853a-f0f4e5069bd9,27f610da50d98eb94f1f0745606bc9f1,2026-07-03T00:00:00,cancelled,477.72
d7e885e6-b56d-4b6d-b419-5cd037ab2b39,ad76d21c91c30cc09fabb1b3cedc4aa5,2026-06-20T00:00:00,delivered,1223.82
0ce22cf6-6002-41f5-b744-a84667c6e63b,6e9c6c2120611104445c767b78377d21,2026-05-29T00:00:00,delivered,108.6
8b2b4726-cff5-4b1f-840c-9026434a3837,3321a75303831a580b0973bbf54900da,2026-07-12T00:00:00,delivered,1006.94
a204409c-006a-4f47-b1a1-b471ac683fe0,1b2612a1eb1467aba19e5bef0da52217,2026-06-15T00:00:00,cancelled,23.05
71b57eae-50a5-415c-b741-c601be4f4cdd,3c702760fe3c149207ea8a3dc56f7d44,2026-07-13T00:00:00,delivered,326.71
9bcbb1a4-b209-4a71-91f6-11e297c94930,ac8d8e9cf18c3f48c3fe17d7910a8902,2026-07-14T00:00:00,delivered,641.95
0e04a1dc-bdab-4aab-b585-fcacb702ab3e,029b457bd01199c39136f89e0eddcd3a,2026-06-13T00:00:00,shipped,138.87
b8a5609e-9a70-4cd5-86ce-fd63861eedfa,d20f34444ce44ca683d46e9da98456e1,2026-06-14T00:00:00,delivered,227.06
176a8291-8f62-47c3-9a6c-1046a41de068,323630f1bddac4dc06bf3bdeb90dbe36,2026-06-24T00:00:00,delivered,552.5
e0524021-d20a-45b3-9bd3-2a54077b574d,55a269f324455e78349e7b9b7e7e5911,2026-07-08T00:00:00,delivered,181.23
db8c47d7-c854-4379-b833-e1e5905a4858,eab761ccdba80c5b9a7f01b16543da0f,2026-06-14T00:00:00,delivered,749.51
9b6417ab-76d5-456b-a0ca-24140dbe26d7,14debbd298c3b01daa32cef625668068,2026-07-17T00:00:00,delivered,471.3
8c6819ee-4e72-4cb0-8054-1bb8ac942765,6dd5be3b2a4f4f7fe09e81590896fa0e,2026-07-03T00:00:00,delivered,758.5
421bb24f-6a01-4d2a-a2cc-80aa48158775,53ce59821e6c5041654f61c58e99bcc2,2026-07-13T00:00:00,delayed,164.29
8fe2e3ee-bb8d-4a74-8735-4b528a120d4d,914b142462685e3161cf3a9f4152a028,2026-07-16T00:00:00,delivered,304.29
64aa56af-5e26-4286-bbd0-a2ce9e645b0b,35e8b4c2a64acb75f3bf063d82a8478b,2026-06-30T00:00:00,delivered,252.04
5fb82c10-ea88-4d21-bc71-d55283f70c46,17edcf1332227a04be5ee81262f0757e,2026-07-08T00:00:00,delivered,554.01
3201d075-d4b8-4212-87a5-2041443edf62,6a8486027bddd6ae08e53aac48efb2a6,2026-06-16T00:00:00,shipped,209.53
a9f94c97-ccf8-4cab-bc6e-69fdce57a4d6,58e1140fb8f15f1a010d01a34bfbf77d,2026-07-05T00:00:00,delivered,1928.06
adfc254e-8c1d-4e3b-b462-1e0a6ed937e3,5a3ee05d197e24b7bafaac3e2cbc7e55,2026-06-22T00:00:00,delivered,371.44
c2c9b173-0a47-4839-b485-cba75c6204f1,5a3ee05d197e24b7bafaac3e2cbc7e55,2026-07-08T00:00:00,returned,9.23
1446343b-8beb-4309-b980-cd683653d824,7aeb8dc11cd50c32f37fea0435c4e9b1,2026-06-07T00:00:00,delivered,79.91
6bf67fc4-0ac7-4634-98d0-93e4d060f500,26c62200e28fe391637570bea7abd9c5,2026-07-09T00:00:00,delivered,611.13
9b527c0f-e1f5-41ed-97ad-9fa0f490cfe7,f054e8c1cbcf5e89ddd9b615c349936b,2026-06-16T00:00:00,delivered,2072.21
d46afc8b-7512-437b-8f96-d0ecc08e3736,d402eb7f3e879b3e39063d9aff318d75,2026-07-17T00:00:00,delivered,23.05
42bb21d9-b4ee-42c2-8419-6eb89c15baf7,38e31fda99a5fb901d27134d18d36c75,2026-06-26T00:00:00,delivered,552.61
5a5f2401-4399-4116-a82e-893337d01fa5,208f290481193105f0bdc2d8f543904e,2026-06-16T00:00:00,returned,126.31
ebb7d2ba-678b-477f-a5ef-e2e8d32e6460,54b1a351f07d51e26ef8a27989c5fd32,2026-07-01T00:00:00,delivered,122.66
78f8c2af-5bdd-42a4-acdf-23bc564186a8,d63d0b04501d2e9583cfe64e6e9f7eda,2026-07-02T00:00:00,delivered,759.48
e5a70b7a-8e13-4422-8499-32154eb6d24d,8dfbc9064378d19ac99a21ac353072d7,2026-06-25T00:00:00,returned,21.81
07452cca-d819-40b9-ae79-e7e4431ba4f4,5a3ee05d197e24b7bafaac3e2cbc7e55,2026-07-06T00:00:00,delivered,198.15
19e5f152-7de1-400f-9502-624db1c600c1,843c7e9e24758cfbc00dd941be3de79b,2026-06-26T00:00:00,delivered,129.84
1478428a-b6a4-4ea1-a7f5-fcd6632b773c,b55a113bb84fc10eaf58c6d09ec69794,2025-07-15T00:00:00,delivered,399.97
be57613c-594f-422b-8cc9-9783a0d3a257,10b7ec8d59e18192862f78be58cd3458,2026-07-03T00:00:00,delivered,720.19
cc115a74-a90d-4583-bdd5-65763a8ab271,684fda5905aa430123c7b293106a337b,2026-07-03T00:00:00,delivered,136.13
b38a00cd-37a3-46a0-af79-b64180a823e1,474dc55152d9636a4f660ca32374afcc,2026-06-23T00:00:00,cancelled,643.96
d9c6ef3a-54f3-4db2-838d-116c448a9548,5a3ee05d197e24b7bafaac3e2cbc7e55,2026-07-02T00:00:00,delivered,1313.32
1bce9903-6427-4d2d-84f3-3a4c320a71d9,97dc91f9e896442f6ac9650bb2a9b594,2026-07-01T00:00:00,shipped,97.26
a3450f88-683c-46b5-89cf-a8285f14d349,a6bf63037fb9e3064d1f8fa4224df32d,2026-07-15T00:00:00,returned,547.47
4d1cdc9d-2e81-4439-8f87-91a292862983,97dc91f9e896442f6ac9650bb2a9b594,2026-06-14T00:00:00,delivered,828.79
92d12442-daa6-452a-88a7-35ffb5e1e3f8,dc643b60537f44f35b2f91610ea64153,2026-07-10T00:00:00,delivered,601.47
0e959cf1-55a5-44a0-8dd0-65c81da4dc6e,ad2cbd768be693c2a51c4d9fc3209400,2025-08-27T00:00:00,cancelled,2535.85
6ad1a5b5-d9bc-41b5-870d-dd007c7638bd,c4854939d499d4786a9273c855fa6b77,2026-07-15T00:00:00,cancelled,2152.9
e4859ad8-6b23-405f-bcbf-e488d329d069,f52a8a57228f8fc586dc65983d39904b,2026-06-16T00:00:00,cancelled,890.54
f880eccb-9e4b-45fc-839d-3eac01b7a3fa,340152332a04149987a705602615f0d0,2026-07-06T00:00:00,delivered,1453.0
beaef59f-1d72-4f40-9cd7-1ffdcc1eab52,873e5a11673ea73e58db17af95546fc5,2026-07-06T00:00:00,shipped,17.63
0101eb26-c651-41a8-a81a-21ba609559c3,fc25f71bab94146446884fc523121d48,2026-07-08T00:00:00,delivered,227.46
18ee1cf7-aced-4ad0-94f8-37851c363615,08995ff3d56d1423655c3b21cebe06bd,2026-06-23T00:00:00,shipped,84.57
7d8720cb-6ad9-4074-9611-f5e8cd924680,801b53359d2880a9bff63574103fb74c,2026-06-22T00:00:00,delivered,181.01
145f822e-f44a-4aa2-9fd2-09fb2fdba83e,ef94ab37c9e865083fb1916862c23fd2,2026-05-19T00:00:00,delivered,738.96
577450b5-63ac-4e2d-b4bb-98ea58e35484,1c3e4aa255e596013fc2b6dffc8041bd,2026-04-24T00:00:00,returned,459.1
4509b641-7018-4bc7-bfd0-d6d2157142ff,5a3ee05d197e24b7bafaac3e2cbc7e55,2026-07-17T00:00:00,delivered,831.32
76fc1d5e-5183-459f-943a-7534cb71f53c,f0fe4ee68e4a03068e981e6481bb9e1e,2026-07-17T00:00:00,delivered,2174.17
923beb3c-f8f1-447f-afda-921476f3034b,0b48151c4ac827afeee06ce2d77cc343,2026-07-14T00:00:00,delayed,1767.05
339831aa-65c0-42e0-bec3-e1b46d72948a,873b6512a80d4ccc7ec1ad735ab81a81,2026-07-15T00:00:00,delivered,11.27
edf75c74-2041-4d1a-a128-faf2ce924bee,ea59601b04db675d7d502dd6a8bf0ae2,2026-06-26T00:00:00,shipped,2321.21
dd2b297e-5320-4981-af49-42d21b2e8af6,5a3ee05d197e24b7bafaac3e2cbc7e55,2026-07-09T00:00:00,delivered,106.57
8e6be78e-75f2-42d6-b346-0c00e8d68b9a,9751244bd65fd1f1166ab7f3e10a31ab,2026-06-24T00:00:00,delivered,967.42
f07099b4-2b99-42f8-9f87-d6f981084a11,99e41e69b60bd63edd83935499523063,2026-07-12T00:00:00,delivered,392.25
c7cf8125-4cda-490e-a043-72f1435874f9,29c059c81f62aa098e896ddd7fbc5c32,2026-07-05T00:00:00,returned,361.34
8b67fbba-efa6-4aa0-8888-92fd469c357a,4c93744516667ad3b8f1fb645a3116a4,2026-06-30T00:00:00,delivered,138.23
7b9debe7-b88d-4183-bc88-94d44cf936ab,6056d31a9cf9cf98ea9de7ef86cf4f5d,2026-07-16T00:00:00,returned,449.68
cfefea3c-b328-452c-8614-6c5c49c32dc5,5a3ee05d197e24b7bafaac3e2cbc7e55,2026-06-24T00:00:00,delivered,205.91
bf50e92d-b077-4215-b6ab-c6398487bba9,af891fdabc40f3e11c5813f876b5257f,2026-07-07T00:00:00,shipped,545.44
a1429e22-b706-41c4-a4a3-bfdad89b2ba3,e235442a956c524e6c141141171f5801,2026-06-23T00:00:00,cancelled,111.56
1a9196d9-0b9e-4e85-a34f-c4026436f2b4,fc25f71bab94146446884fc523121d48,2026-06-27T00:00:00,delivered,368.47
2bcd0585-6484-4096-8b7e-1353378f0526,1b5908d160c0942cc1b26bc725536d42,2026-07-07T00:00:00,delivered,359.14
55147841-1ec6-4cb3-b759-0261184bde90,36e61142062289a6a0c06d04fd4a90f3,2026-05-25T00:00:00,delivered,27.11
3f864044-ef6e-42e4-90be-8e30d0bc50bb,d0a9421d1143535e463a15d18fcddf90,2026-06-03T00:00:00,delivered,265.29
db198778-a8ba-4310-b8dd-a04c2ab0ea7e,6056d31a9cf9cf98ea9de7ef86cf4f5d,2026-06-25T00:00:00,delivered,688.38
1e315a4c-c6bd-4dd2-85ea-992868d3e0cc,eb82773f124d950497791381563e00f6,2026-07-12T00:00:00,delivered,381.02
2870fde2-3814-4efc-80e1-bf2855633097,e486555873e1947a1de7b1ff1e8c3554,2026-07-10T00:00:00,cancelled,1002.83
a63aa0c1-1c9b-4088-8d1c-96158f0bc918,684fda5905aa430123c7b293106a337b,2026-07-17T00:00:00,delayed,283.85
06ee2a96-9299-41cb-89e9-cd9590d2bf46,6995203f8a5ddbd2fad3a9df1e099a51,2026-07-07T00:00:00,delayed,425.13
4ed53a3e-8c1b-4b89-9206-74945162764c,75ecead8782ef6730e1f7e51f7052f75,2026-07-05T00:00:00,delivered,297.88
142e0c34-2de4-44a9-838f-3c653c523ebf,ea8c130ad7f684ae458672c78e0dfd00,2026-01-21T00:00:00,delivered,1368.38
c0cd781e-467c-4039-a769-f5c3dacc9040,5a3ee05d197e24b7bafaac3e2cbc7e55,2026-07-13T00:00:00,delivered,373.69
b1c1be03-77c6-4dc3-be9b-36a62133a7d3,bf7e07e4ccc7df0889db4653d60c3f27,2026-06-25T00:00:00,cancelled,199.27
d9f58960-113e-4a7f-8c1b-9a932b979690,755bdc2822a8f01cfcec19ae4dcaae66,2026-07-04T00:00:00,delivered,560.13
6fcf4a7f-261a-4302-84bb-69e5ac26c5f8,937f16b584dd395ce455ef468322b27f,2024-11-10T00:00:00,cancelled,301.22
bef57beb-fed8-43d9-b98c-c78107c3eb38,4d160824ea5977aa52fef32596211a93,2026-05-30T00:00:00,shipped,1060.48
5888067e-8eee-46d9-84db-b696461faf9d,c8dbfbb4a47a215d79659c927e786a58,2026-06-16T00:00:00,delivered,935.34
283287a0-1efc-44e0-82f9-9c699c24e4bc,2274251ce58a8304f8e9b8380db47018,2026-07-06T00:00:00,delivered,986.6
4dd82d49-3afc-4f09-a0a6-8944db1b70d0,3078dfe83b099ae6ebe055be3abe0c0d,2026-07-12T00:00:00,delivered,265.36
4d72b1f2-9e5a-4683-ab62-707c2f8f9c20,4d160824ea5977aa52fef32596211a93,2026-07-13T00:00:00,delayed,621.85
eaf76279-2e5c-44c6-9f96-c68ee08b5dc3,c3d1d99aa10c2e90ceb77c2197e1ae16,2026-06-09T00:00:00,delivered,120.45
0e9014f0-e564-4b59-b718-b8416ff73e64,1c3e4aa255e596013fc2b6dffc8041bd,2026-05-08T00:00:00,delivered,283.52
a9630d26-7a24-4d96-bb20-d030ed7674f0,e486555873e1947a1de7b1ff1e8c3554,2026-06-27T00:00:00,delivered,537.41
653e6dad-76d4-459d-acb2-e1948ccbfa84,5a3ee05d197e24b7bafaac3e2cbc7e55,2026-06-26T00:00:00,shipped,785.29
efb2989d-358c-4d09-be10-66c0add18fe3,4c7b5071af05159997555b2500a1ecd0,2026-05-22T00:00:00,shipped,68.88
a248beae-fc21-4096-9545-63d3749caa9c,01ecc1f1f21f05d0736c99d92646f132,2026-07-15T00:00:00,delivered,115.9
df683792-cc7c-4b05-89cb-e6dc71fbdc83,c645339c7f927e64c0cbe6079255fc7a,2026-07-04T00:00:00,delivered,348.04
090b0652-0424-4646-bf9d-ea8e568c71cd,a4813c3f53f0652da225d8410cc615a0,2026-07-10T00:00:00,delivered,1429.75
716ab74d-d808-4a3f-a41b-fb521ffa92b4,a0defeb4e8b47e1db2149cbe93d68609,2026-06-01T00:00:00,delivered,534.98
6f7306ba-733c-4d65-b67c-cfa6124a3a12,31f1c1348185be629ce9ea2d4d71617e,2026-03-22T00:00:00,delivered,305.26
6d13a50b-cd5d-41ca-9b6b-c14469fe04b2,c7770d8b16c2c8d608209bd7df488678,2026-07-11T00:00:00,delayed,130.28
00018d9f-2eaa-4fda-aa82-4ad26b7abb4f,75ecead8782ef6730e1f7e51f7052f75,2026-07-16T00:00:00,shipped,121.37
eafd9b73-6f0e-400e-8c18-6d57b0b91478,89d9a5f6c5538b8fe797f4f5b6769008,2026-06-25T00:00:00,delivered,292.37
1d183c26-3b33-40af-8f99-ba60eba9ca51,afa1462306ce1941adc5524ab4198909,2026-07-06T00:00:00,delivered,224.91
691a6a71-3aee-44e4-b67f-debad7f7f90e,463d8425827e81d905edf86f9c231eef,2026-06-16T00:00:00,delivered,142.15
7307af5d-fbe8-4ec9-9f9c-8c7297990155,184ff574579b06c07152f2ba4ae74106,2026-05-09T00:00:00,delivered,672.64
f3f24ef5-62f9-4cb4-adc8-c2654bfedc19,91941baa83ca10be2c0b9d1481329af4,2026-07-12T00:00:00,delivered,639.27
f3eea41e-45bb-43c5-b4d9-1f32e545aa42,5a3ee05d197e24b7bafaac3e2cbc7e55,2026-07-13T00:00:00,delivered,228.41
7c842990-1a93-4a03-a11b-db3d1e78ec47,914b142462685e3161cf3a9f4152a028,2026-06-26T00:00:00,delivered,1315.84
b5ab68e7-3343-4c42-b06d-a03bf414f5af,6fe1eeba50adb26785158eef67c6ce38,2026-06-18T00:00:00,delivered,571.23
284449dd-21f5-4c8f-9761-1c15460ff7c7,ed5b0d9aa093cc966424056ec8c10c4c,2026-06-12T00:00:00,cancelled,419.2
74d45e2e-6f7b-4a78-94f1-5a2d14610339,5a3ee05d197e24b7bafaac3e2cbc7e55,2026-06-24T00:00:00,shipped,860.35
e9e0f869-5afd-4446-b767-844721b4fad8,5a3ee05d197e24b7bafaac3e2cbc7e55,2026-07-10T00:00:00,delivered,155.26
6d86d0fa-75f9-4cc7-a8b8-2259b9edc2fe,3c34090736785a45dd8cbf536ad289c4,2026-06-25T00:00:00,delivered,2427.47
f1f360c9-80ca-4177-bfad-0e64cd8daa7d,9be47f0073690871caa1beada3ab06a9,2026-06-14T00:00:00,returned,496.77
d14aea0c-80e8-484e-a409-e5cebf351241,5a3ee05d197e24b7bafaac3e2cbc7e55,2026-07-10T00:00:00,delivered,703.58
b1638548-a480-49f4-a7d8-12ca2f8081ea,b351ac91ab0ef29bae6da7fbc05959c0,2026-07-09T00:00:00,delivered,310.08
b374932f-af44-4877-a49e-e8bcb8358bb4,340152332a04149987a705602615f0d0,2026-06-29T00:00:00,delivered,501.95
07e71301-a7b6-410b-84b9-52e87fa51646,5a3ee05d197e24b7bafaac3e2cbc7e55,2026-06-28T00:00:00,delivered,388.61
905abeeb-6acd-4068-8b22-a8ca4233ec2b,f23ceb8f983987bd6b0f3bde040fdade,2026-06-16T00:00:00,delivered,400.78
ed04da61-0795-4717-ab2e-6e47edcb4667,de1d1dd6e8c55cf4f5110ceb372c02a6,2026-06-27T00:00:00,delivered,1207.14
83c588e3-d833-449f-8fcb-82383544568e,c45221bb4573f66bdd4daf43fe2d4b3b,2026-06-21T00:00:00,delivered,207.88
8753e9f2-df6e-4c1e-b900-17c30a6227b5,afa1462306ce1941adc5524ab4198909,2026-06-18T00:00:00,returned,1685.06
3daf33f5-a2be-4a3a-940a-5f089f218875,eee056a1664b2f91466c96a455ceea8b,2026-06-29T00:00:00,delivered,522.03
b39b7c80-0b4f-4458-ace8-76ede94cb720,755bdc2822a8f01cfcec19ae4dcaae66,2026-07-06T00:00:00,delivered,168.57
f8f62033-c074-4565-8552-a4b559255575,d8e40a4b16990a6fd1095feae46aa1af,2026-06-22T00:00:00,shipped,236.25
73baa7ef-b05e-4256-842b-72fd1fd780bb,c8dbfbb4a47a215d79659c927e786a58,2026-07-04T00:00:00,delivered,335.58
cfd4fc98-a434-4fd7-924d-a27d89c62777,b4249aba7b44861b7fc54bda9d7c62f6,2026-07-02T00:00:00,delivered,165.46
3750103a-5895-4136-ba61-f608f1297592,dc77e5e1396c807043f506f794d8fd1e,2026-04-03T00:00:00,delivered,74.74
5b7ff0ae-1f90-42c1-9801-061e74e1e66f,31f1c1348185be629ce9ea2d4d71617e,2026-03-21T00:00:00,delivered,633.84
86b8c4e9-61d4-4a0e-abff-0e6b4d8aaa57,4f8959e75186c78246b83bfb4219e419,2026-05-29T00:00:00,shipped,618.39
3035db2c-ae2e-4931-8b74-d21a99fcadd8,ea1bca6d388490f8f4ceb90ec9127c57,2026-06-29T00:00:00,delivered,182.85
f5d89773-8500-465d-8e08-1d242258efe1,62049cfbc68cd893920204de3b5c057d,2026-06-29T00:00:00,shipped,520.41
b3fc8532-d3cd-4b44-a50c-de42333943f4,5a3ee05d197e24b7bafaac3e2cbc7e55,2026-07-10T00:00:00,delivered,2631.28
577019bf-847f-4935-a14c-c67a63d4ce45,50aef30dabc7aca975dbdec85dcb848f,2026-07-11T00:00:00,delivered,781.62
90f9c9da-7967-4b5e-8c50-efb07bd58c6d,668dc9fde9d42de2f1ac1ddaa7823694,2026-05-02T00:00:00,delivered,79.84
7185f1c4-1591-411b-bd55-be144e972427,5a3ee05d197e24b7bafaac3e2cbc7e55,2026-07-14T00:00:00,delivered,177.9
0dc32b26-4064-476d-8eb7-94711d41b132,5a3ee05d197e24b7bafaac3e2cbc7e55,2026-07-06T00:00:00,delivered,109.46
5944cc2e-7f8f-4d33-8088-51263cf30da5,9065001c21c6240da6fa642651772e60,2026-04-29T00:00:00,cancelled,38.91
3be729c7-b905-49ec-a782-a73741756cca,30d77053d42d9d72c6875552cba2cc64,2026-06-30T00:00:00,delivered,805.4
e75ec6cc-8cc3-4867-a4fc-6217238d2e5b,5a3ee05d197e24b7bafaac3e2cbc7e55,2026-06-22T00:00:00,delivered,1579.93
67283089-81bc-425d-b722-2ed705dcb2e5,94b39aa1097125d918d16bbe14331074,2026-06-24T00:00:00,delivered,51.64
6d80afd7-9fb3-46ad-8958-d9cf18314873,3cf7c427d21f1f414a8bfceac52e4c58,2026-07-10T00:00:00,cancelled,601.42
3951b4a7-a8fc-4377-95bd-567bc6c449f8,5d348bbc0f1a5cc45c3e4b93b8c9f802,2026-07-10T00:00:00,delivered,232.72
5f7fa87b-901f-454b-8cb4-dc6cb8fa0924,87e5b2ef0c9dd7a455bea05c99177c27,2026-06-18T00:00:00,delivered,284.51
037f492b-b807-4e75-b90e-b6aed84a499e,0b48151c4ac827afeee06ce2d77cc343,2026-07-07T00:00:00,delivered,261.15
59a36f3b-0ab4-41f3-aca1-9fdcc645daee,fbb86959dcb4972a76d8432c59c7288f,2026-01-13T00:00:00,delivered,660.14
83636926-f66b-4ecb-ab6e-737984aa9c2d,5beb6ddd92a5f785780c5a7a08e9bca4,2026-07-11T00:00:00,delivered,399.14
5dad0828-3905-465e-a191-5cc8f94c82d8,8a04cd485d578904eed5263be0df576c,2026-06-20T00:00:00,delivered,228.65
6b7c417e-3dab-4854-9f09-3bc5ba71cffb,f8e72998ed5d90531072d0f39d6bc9de,2026-05-09T00:00:00,delivered,2145.05
45682e63-5e4f-4404-877b-4835ff2231be,309f02616f34bbcfe2f58d13818685b9,2026-07-17T00:00:00,shipped,370.55
d08badab-ae7d-4bf6-87c1-1715985f3aa6,3e6580b01b9b859832d81c9e14d439e7,2026-04-08T00:00:00,delivered,469.1
c8fbe51f-27c9-4f91-93ad-312e02916a7e,6d06583742c138d70b952a6f5f4fd62c,2026-06-30T00:00:00,delivered,1269.69
c74d2dc3-5da1-4a02-bebd-9e18ae4212d3,5a3ee05d197e24b7bafaac3e2cbc7e55,2026-07-01T00:00:00,delivered,631.95
e3dd7ad8-c8f0-4c92-9456-97ff22801f1e,0bf7dfff65267867de74cb029fdd6a75,2026-07-04T00:00:00,delivered,152.98
e8dc64ae-5ef5-4a4c-bb49-a20f80fbef4a,031f055c013d9b147263937cc2d5b6a2,2026-06-07T00:00:00,delayed,208.49
8f2f66a1-fb48-4642-a61e-e0cc7a10ccfe,caf8cfa0ac3ff60facda076545837647,2026-06-22T00:00:00,delayed,60.77
57ef77f4-00ef-4f8b-9cf9-57e8ddcea396,75ecead8782ef6730e1f7e51f7052f75,2026-07-07T00:00:00,delivered,86.8
2a0f7846-b4f9-4a54-830a-db564339df3e,3ebf883fc9d9a5dca8de826c31689e41,2026-07-04T00:00:00,delivered,1113.99
8353bd12-e980-4fbb-9a41-eede6aee6b14,235779957c2021aca8a67006d358b807,2026-06-18T00:00:00,delivered,466.89
268964e0-29eb-4d4b-b1dd-e4eb6e117b23,f14a94df58861cb1811f48b40271884e,2026-06-22T00:00:00,delivered,411.23
3312c90b-c28b-4fee-bfcc-cd90b6fddfc0,d89e05e2d23c3d8247aeecd07758004b,2026-07-15T00:00:00,delivered,492.57
72627175-1693-43b2-9495-1709c75f8710,5a3ee05d197e24b7bafaac3e2cbc7e55,2026-07-09T00:00:00,delayed,104.5
41a7e771-7461-4dd5-a489-b8f01871d964,f96176e892232662d1c1c5896a94e035,2026-06-07T00:00:00,delivered,153.43
f390f99f-b7f8-4ae7-9357-413535756cef,3b529e86d89222d9af57ee77a108374e,2026-07-06T00:00:00,cancelled,671.14
7dd8ec75-4f87-4a97-9853-3398b92819f6,f1bb87ce3b511f772f77765bd3fcef6a,2026-07-17T00:00:00,delivered,2557.7
aca55bc5-2119-4905-8baa-143fffe67ede,52b0e4c820d4bf6ff9b2f4ca48514319,2026-07-10T00:00:00,delivered,408.28
ca6ac6c7-d0f3-4c04-b1b4-44552c6b745f,27aedee05bc8e9bcc4da2bae37fd4d78,2026-07-09T00:00:00,delivered,96.43
a9c16eed-03e7-4a00-871b-1a41b798521a,912a41ed4b2200e0ac7b5ea1ef1c433b,2026-05-24T00:00:00,delivered,77.57
bc032662-eedc-4825-8d10-9430cab53b88,7b3b8cf6cef1b5fb3f47348a33cd6d42,2026-07-09T00:00:00,delivered,334.92
5807260c-d67c-4feb-954f-67bae00b9b6c,4cbdc0f2029c78a012c400623a82e55f,2026-07-15T00:00:00,shipped,1129.02
c93a813e-a66d-432c-86a0-f4a9a794c22f,5a3ee05d197e24b7bafaac3e2cbc7e55,2026-07-04T00:00:00,shipped,2241.56
883b6555-2298-4115-bcfa-32c2353e466f,45717be4d89508e2acd37fedec782c0f,2026-06-23T00:00:00,delivered,22.77
f4858daa-96a7-4668-a6bf-d7e9c0bb5b71,5a3ee05d197e24b7bafaac3e2cbc7e55,2026-07-16T00:00:00,delivered,310.3
4a599d36-503b-40c2-bc45-5693965bdc16,c45221bb4573f66bdd4daf43fe2d4b3b,2026-05-26T00:00:00,cancelled,22.77
a350f0c6-1ac0-461c-aeff-f40796ac0202,5a3ee05d197e24b7bafaac3e2cbc7e55,2026-07-03T00:00:00,shipped,1223.43
2a10960c-96d9-42fa-a759-adcfe2eeed8f,dcdaced133f33e9651ddfe73b2350156,2025-09-29T00:00:00,cancelled,434.98
6cbac49c-896b-418d-a3b5-0864467a554c,29c059c81f62aa098e896ddd7fbc5c32,2026-07-01T00:00:00,delivered,1196.11
e1392903-79b2-4997-833b-6a16aafb70be,f7c7677be77763b1b2cf982a5e67fa61,2026-07-15T00:00:00,cancelled,454.44
e3f46ba0-49ee-4fc0-8b5f-57709e6be32e,ec6a3d80eab7e27f7ee8efeb6839eee9,2026-06-27T00:00:00,delivered,215.82
4e82f8d3-ad0b-47a4-9ef2-7fd17c1bd36d,887698bc22a8aad2016a5134f3d10368,2026-06-30T00:00:00,delayed,2263.62
d0cf13b8-2b24-4a54-a653-276f2580d80b,02a6a137ef7fe2414c9e14fc4d060790,2026-06-28T00:00:00,shipped,94.59
476cdfc8-d2f0-4768-9333-3b26a6604c46,cb5d14426ba66f929f72e01bb92fc3cf,2026-06-14T00:00:00,delayed,159.53
2d3192d6-5575-433e-950e-3703e5b3ba91,1098d1250d5bdf8bfc6a83f26494067c,2026-06-21T00:00:00,delayed,371.93
2ab0a4ed-83d0-4666-9b44-635ef267e482,1fca9e6bc55b17b765c10d62eff1bee7,2026-07-12T00:00:00,delivered,570.53
843527ad-627d-4607-8b86-cf8d93820aca,60d23aecbf66b7f5058003a86e89232b,2026-06-22T00:00:00,delivered,651.32
67c84fb0-713b-40f8-aacf-aaaf186e667f,71f88676a49942af16839e9690b97f54,2026-06-24T00:00:00,delivered,1988.9
b0484740-cb9a-4e9e-86f0-1c5a05c43b7f,8dffa3165d189110cdbe104f7f948f1f,2026-06-06T00:00:00,delivered,225.64
26949301-8552-4671-9753-a0ce62ee8dce,208f290481193105f0bdc2d8f543904e,2026-07-11T00:00:00,delivered,251.74
17cceab5-035c-4e66-96c0-67a606236f83,f14a94df58861cb1811f48b40271884e,2026-06-17T00:00:00,cancelled,269.69
1bb77069-2eaa-4e00-b537-c55c3a6b4d7a,be2cff6c84f1683300337ecd499992e0,2026-05-16T00:00:00,delivered,322.52
6014a879-57a3-41a1-9ae7-2111d93618d1,cb296f03ccd21cfcb3ba0778c4f3b7d9,2026-07-09T00:00:00,delivered,575.58
77bd42a6-dffd-4d13-9096-4edc90f9e9c3,5a3ee05d197e24b7bafaac3e2cbc7e55,2026-07-17T00:00:00,delivered,40.58
06dfbaea-2f7b-4455-9211-cd0ff7084023,929de36edcb645b07f26d1871120a9ab,2026-04-16T00:00:00,returned,1279.36
efc383bd-9824-43c1-8834-38eb2a45050c,ceb8b329e744b3e8982e6f9d51269ed3,2026-07-17T00:00:00,delivered,807.23
19454086-b955-4043-90a4-606d9e3bff5a,6e046f72846b475feea9265ae8447835,2026-07-14T00:00:00,delayed,537.53
62a41515-960c-429c-b32d-ef9af43b5b6c,485fa1b8db05ed6fa0062ece4ce80d2e,2026-05-31T00:00:00,delivered,490.41
a5c3f9ad-1a3a-4a50-a622-0619e8ba2fa2,d35862da9bdb38fad3994de72a77a3c2,2026-06-23T00:00:00,cancelled,1206.61
f1b77662-0f8f-4d42-b71b-f01054f1e3ef,a96d5cfa0d3181817e2b946f921ea021,2026-05-29T00:00:00,delivered,236.28
d44bbdf1-4139-4af3-a2e6-fba0fce6e51f,3f9d987156fddc08ef77f52d1a15c073,2026-06-27T00:00:00,delivered,189.76
2b550f0f-738c-42ff-a0dc-1b9b400e2706,8f1b15e134107b88557c55167040c6b3,2026-06-26T00:00:00,shipped,511.71
82463c9d-5f92-430b-8fbb-2fc4b4e1caf7,57b2a98a409812fe9618067b6b8ebe4f,2026-07-04T00:00:00,delivered,535.36
fff956c8-5957-404b-b5b8-52cd80c51135,ee464d4fde64c19df72f3051c29e0803,2026-07-05T00:00:00,delivered,675.24
7f7c6009-f5f5-4971-a5d0-acea18986517,5a3ee05d197e24b7bafaac3e2cbc7e55,2026-06-26T00:00:00,delivered,1106.24
5bf5e936-83fe-43d6-9084-8a7192e4fec1,03f923dbcd3b3c763b22b24db6072d27,2026-06-25T00:00:00,delivered,856.4
8de30caf-e25d-4e46-ad0a-1a5272832a31,d3b1ea21e85de5679eb875b8a3a9dd4c,2026-07-07T00:00:00,delivered,912.98
b2ab97b9-2826-46ce-9d9f-f3c233368128,6056d31a9cf9cf98ea9de7ef86cf4f5d,2026-07-15T00:00:00,delivered,1964.45
fe8c8328-7a5b-468f-a0c9-8fcd60282bcc,6dd5be3b2a4f4f7fe09e81590896fa0e,2026-07-12T00:00:00,delivered,254.5
c60abe05-e36f-4256-9efe-4fd22bd2f240,366cf7b3ba178d11f5a988d4f8c2f2c2,2026-07-15T00:00:00,delayed,377.29
710bb6ad-a95a-4f0f-be63-cdffd63243a2,a99021699fda65c2b84a3fb596a4c32b,2026-04-01T00:00:00,delivered,578.3
1ff3700f-de69-4f62-b067-c454f75e603b,ecc8e39e03d252a504520ec827882930,2026-07-04T00:00:00,delivered,1055.43
f3a4817d-0415-4847-9689-5738cb5fbc9c,b5b17698671a4c3822309b13d4f16f9e,2026-07-09T00:00:00,delivered,544.98
8dbcff17-e650-45bd-bd29-fc62601dc98d,0b48151c4ac827afeee06ce2d77cc343,2026-06-24T00:00:00,cancelled,294.88
483acb3d-d9d8-4b48-8cd9-03eb76fa4638,5a3ee05d197e24b7bafaac3e2cbc7e55,2026-06-29T00:00:00,delivered,269.58
692a0343-44a5-4314-90bc-8f101e41956c,86085586aaa8c5f47ed0b400da64c59d,2026-07-08T00:00:00,delivered,17.36
110330ec-020c-4079-a2ca-b221a3278f42,34c6f984b590bbfe3d4d6c76007c0b1c,2026-06-03T00:00:00,delayed,238.28
0d89e848-14fe-4059-a348-7198dc0279d4,08995ff3d56d1423655c3b21cebe06bd,2026-06-16T00:00:00,delivered,166.59
236b9bd3-1bbd-441d-83eb-88f4fedd059e,00e984e99fdfd52943156d2d7eb4a5e6,2026-06-27T00:00:00,delivered,70.55
d6fa53ac-a434-485c-81fc-ab511586e3f9,ef6b4c0581dbf34e6eb5e33e0094c445,2026-07-01T00:00:00,delivered,480.02
996b36b0-ab21-4eb6-b0e1-7bd1da019849,b73b575cfe44692948a64dbdd55703f2,2026-07-14T00:00:00,delivered,115.14
f8de8f00-ca12-4302-b783-52ee4f84d15f,0dd47ea03f3e61825df9e2bc94c292f1,2026-07-10T00:00:00,delivered,83.75
bef01732-2353-4407-a602-f81f1766a14b,6056d31a9cf9cf98ea9de7ef86cf4f5d,2026-06-25T00:00:00,delivered,438.34
12dba5b3-3bd5-47c8-a42f-472f8047d811,23c130edd9a7adeb635bb365f7478154,2026-07-10T00:00:00,delivered,910.54
5e256eed-26ca-423c-ab12-1f2f9845f32e,d7dcb6a86716cae0bae52007bd8b7822,2026-05-02T00:00:00,cancelled,232.29
e8d02352-d99f-48d8-b8c2-ab18b0509508,eabd76f3506262b0db0dda1d48394a9b,2026-06-23T00:00:00,delivered,875.58
1cdd1faf-dc68-4a0e-96a8-662c212f59cd,5a3ee05d197e24b7bafaac3e2cbc7e55,2026-07-15T00:00:00,delivered,607.83
1fd4f6fd-2b70-443c-88bd-7ad4a8b9f879,84b0bf771f3b14f21e6dd37e2fe2eee6,2026-07-07T00:00:00,delayed,456.64
930eb805-e7ed-423c-94b3-012896306ce3,dcdaced133f33e9651ddfe73b2350156,2025-12-03T00:00:00,delivered,426.52
2af166d9-f8d3-48cf-8c23-0618eaa4eb5a,463d8425827e81d905edf86f9c231eef,2026-06-29T00:00:00,delivered,469.52
ecf4aa7e-b462-49ee-bb6f-06966b175a8d,1573fa36d8bf101af8300e86e78fecbf,2026-07-10T00:00:00,delayed,329.72
92026ae4-fe0d-4ef9-a4db-71a476432e78,c230d0a507ccf302b339305e2acf3376,2026-07-08T00:00:00,cancelled,163.66
b6f755c3-f13a-4ec6-a3dc-da13b5918cbd,6056d31a9cf9cf98ea9de7ef86cf4f5d,2026-06-30T00:00:00,delivered,354.27
89555a16-98bb-49a4-aa69-be1735a058af,0b48151c4ac827afeee06ce2d77cc343,2026-06-28T00:00:00,delivered,171.79
41132cc1-366c-47c6-97d8-c86650f211f1,d925bd95427392b209f0f2fe80c239d6,2026-05-29T00:00:00,delivered,205.89
2fb55949-aae1-45fa-933f-b089a9bef9e5,0821beeb20948f233864186b1d3c06b2,2026-07-15T00:00:00,delivered,1956.88
65926ce0-148d-41da-b7e9-50792b9ebe24,a9ef550a2e94766b3491bffc789ad91c,2026-06-07T00:00:00,delivered,573.71
4e2681f0-d80c-440b-96a2-6ae754aa15db,546ed56ed469aa89580be8bb1b51a6fc,2026-07-01T00:00:00,returned,778.62
e4529da4-1f99-41bf-93b7-e76973abcc95,38e31fda99a5fb901d27134d18d36c75,2026-07-11T00:00:00,delivered,279.38
ab808d5e-5e07-4bb2-a783-4cb666961a00,c8dbfbb4a47a215d79659c927e786a58,2026-06-20T00:00:00,delivered,751.71
59db03d7-c54e-41a3-bb58-74eaca4794fa,8dfb24fac32ec7170821d2be63fa9c1c,2025-03-01T00:00:00,delivered,207.81
2a226947-41d6-4e17-b170-dc1d86da59d9,00e984e99fdfd52943156d2d7eb4a5e6,2026-07-05T00:00:00,delivered,145.41
34b7ccb9-3eb9-4e37-a67e-bce935fac214,5a3ee05d197e24b7bafaac3e2cbc7e55,2026-06-28T00:00:00,delivered,344.39
5217c8f4-ea03-476d-b0f1-674032d2a3ee,be2cff6c84f1683300337ecd499992e0,2026-04-28T00:00:00,delayed,675.34
44bf6bc2-cb69-48d7-b566-5d9e99746867,4f6d635ff2fd4e30ff5369a7b943eb22,2026-06-25T00:00:00,delivered,323.22
2c3940ef-7dbd-498b-8e08-adcea126e00b,afa1462306ce1941adc5524ab4198909,2026-06-16T00:00:00,shipped,152.96
e82a93fe-597d-4148-a735-3a115000c73d,fa2f184ba76dabae9b5cd4c5f711b228,2026-07-08T00:00:00,returned,373.65
8d71ee2a-9fd7-4f16-98f7-9978a5ed4ac8,c8dbfbb4a47a215d79659c927e786a58,2026-06-09T00:00:00,shipped,456.63
ff0d35a3-93ed-4415-b211-39c2acbdf515,2eac18b475d7d985f0ab52b9c010f59f,2026-07-09T00:00:00,delayed,380.75
233bec0e-0fdf-4ef7-8fa8-14c1fa60f4e0,323630f1bddac4dc06bf3bdeb90dbe36,2026-06-22T00:00:00,delivered,450.07
320a809b-985b-421f-9517-66b18c06acaf,345ecd01c38d18a9036ed96c73b8d066,2026-06-15T00:00:00,cancelled,211.44
81468837-ef68-41c9-85fb-200f5ef0bb41,caf8cfa0ac3ff60facda076545837647,2026-06-18T00:00:00,delivered,115.96
f9ecddc3-0a90-485a-be85-762da6d143a0,bffe21e5fcf1018f69c5654bb45ec1b6,2026-05-24T00:00:00,shipped,122.83
079b374a-4367-4d04-865d-7e0a5b73847d,edf55e0391148600e839275491f147e5,2026-06-20T00:00:00,shipped,365.75
cdcfc99d-fe71-44e0-b774-ec376421e0a3,ece8fc191a00edb90d32f45d67a3a178,2026-05-01T00:00:00,cancelled,153.68
f30dacf9-a997-4e60-8aa3-26a85f6183f6,e6925d3e39cebd0f699008b248e58361,2026-06-09T00:00:00,returned,407.83
00c6353a-a87a-4cc8-a7a3-f42cdc048885,99e41e69b60bd63edd83935499523063,2026-06-27T00:00:00,delivered,304.84
a3030967-8092-4038-a753-5381182c4b49,c0b8f06358c17e08e149768d1568b639,2026-06-17T00:00:00,delivered,381.08
b3168ae4-50ab-4b90-bc37-4ed980dfa035,3c34090736785a45dd8cbf536ad289c4,2026-06-25T00:00:00,delivered,218.08
268e3c85-3f70-482b-afbc-6856eec707bf,be2cff6c84f1683300337ecd499992e0,2025-12-20T00:00:00,cancelled,125.57
5fd22622-74d0-4a43-a5b8-d442108a6092,340152332a04149987a705602615f0d0,2026-07-15T00:00:00,delivered,344.17
c098d43d-869b-4da9-a5df-c8e6e643e31f,6056d31a9cf9cf98ea9de7ef86cf4f5d,2026-06-26T00:00:00,delivered,419.22
eaf5e533-fcea-4aca-a7e7-20b79f054e0e,05c567475380140907b9ca53ba1dcfeb,2026-06-14T00:00:00,delivered,367.27
83c84bfa-95f4-4f34-a105-a5876fbc87ea,5a3ee05d197e24b7bafaac3e2cbc7e55,2026-06-20T00:00:00,delivered,212.49
0ae95142-7525-4341-ba7e-75d69f68ddf1,4b0cbf5ea22869c5ea269442f9b849e7,2026-06-18T00:00:00,delivered,48.99
52db8f5c-ec3f-4187-af43-b418e7f9c66f,a8654e2af5da6bb72f52c22b164855e1,2026-06-07T00:00:00,cancelled,399.7
5b68c718-6089-48ee-b4a4-b70524adf00b,caf8cfa0ac3ff60facda076545837647,2026-06-17T00:00:00,cancelled,710.73
058d3a5c-39c9-4ee6-ab55-4b15d11335e8,5a3ee05d197e24b7bafaac3e2cbc7e55,2026-07-14T00:00:00,delivered,183.44
a4e5311b-86ca-48b1-8e50-9d50584c5c01,00e984e99fdfd52943156d2d7eb4a5e6,2026-07-08T00:00:00,delivered,2177.15
d6cb0908-191b-43ad-ace5-5a8e6a07bc3c,0ff6bebd4c4327455d347885e2697876,2026-06-04T00:00:00,delivered,177.24
5a6fcf88-4b8b-4593-9d8e-0d18d36e48c5,7e940e7a039b58afbd11bf54464f59af,2026-07-09T00:00:00,delivered,474.3
ff06822a-0abe-4bcf-82c2-be95bd4c1bb4,2329e176e6fa26919d55839e0421906f,2026-07-11T00:00:00,delivered,673.82
c16117ec-9f12-4ffe-8cb1-4b7da2e0aa20,6056d31a9cf9cf98ea9de7ef86cf4f5d,2026-07-03T00:00:00,cancelled,822.5
e2ba5e4e-9ed2-46ed-8a64-1651434c0d39,1964f2b215ebb68671d893438e974b0c,2026-06-15T00:00:00,delivered,100.69
7bdd9c9d-c71b-4c10-b715-5c76dbeaaf5a,97d007095d1f9c6c5dbb15c3c1aecf5d,2026-06-19T00:00:00,delivered,500.62
19dd75c5-c84c-4b3e-8dda-98fba117a0b1,3eddcc05abf2cf434aae2a9662597353,2026-07-14T00:00:00,delivered,776.18
9b6e7893-06d6-4271-9ca5-b784d599e2f2,d89a7bdab6223178b3a684e006474485,2026-07-10T00:00:00,delivered,398.66
828d68f5-ac7e-40d5-a1ac-7965874745ae,df2162a9aaf73bf42e812408330969a0,2026-06-27T00:00:00,delivered,390.31
47ac494b-8ed7-4c6e-bfc2-2aa9300b2d21,7bf5c9596fc39d41078cb46a86b23831,2026-06-02T00:00:00,delivered,465.39
a78636d9-deec-4c5b-a505-3a7c0817dd76,8e990907b56d2383d3a39bf0cf9a3f42,2026-07-04T00:00:00,delivered,895.24
15a64557-f5ef-4e0a-be67-51f829235a73,5a3ee05d197e24b7bafaac3e2cbc7e55,2026-07-07T00:00:00,delivered,160.73
10f85167-6601-427c-bbbe-697a44fee977,3ed4235d521c24fec4f77d4254e070b8,2026-07-03T00:00:00,cancelled,1702.78
9c6b4f7a-e623-40e7-8390-395259b27155,5a3ee05d197e24b7bafaac3e2cbc7e55,2026-07-03T00:00:00,returned,438.23
41dbddbb-8539-4dc2-97e0-d3ab740a7015,b621cb89890e2b002aada225e7c5eaf5,2026-06-30T00:00:00,delivered,35.19
3dd5e74c-6956-472d-a5be-b541d4e954e5,058199325498b546a39e5652a04dbbcc,2026-06-24T00:00:00,delivered,732.95
19ba79f9-c08a-40cb-b464-34f2ee32b33d,340152332a04149987a705602615f0d0,2026-07-17T00:00:00,shipped,580.0
932d5316-b065-4190-a17c-c8d21a4e58d5,fa7b428394b88f4f3e244cd84163e81d,2026-06-22T00:00:00,delivered,467.2
47448f91-da3d-4654-b6fc-78f64fd16dd3,c6d5793d0b594c9c3599c407f62458d6,2026-07-01T00:00:00,delivered,251.9
3fc9c20d-3fa1-4a38-b798-408aa86f74b8,2ca4b9fcb8898c11d3134b26790e3e45,2026-06-11T00:00:00,cancelled,217.17
ed0927b5-4445-40bc-9149-19380d8bddf3,3f9d987156fddc08ef77f52d1a15c073,2026-07-11T00:00:00,delivered,190.23
02817c2d-3031-41ed-90aa-24a58f1c4da9,4b3496d4740f8929ba830bb965b82891,2026-07-15T00:00:00,returned,284.7
92795da6-4e9f-4496-bcc5-7088a86f9c3f,027ef1dce56b52802c3d35cd5beda928,2026-06-02T00:00:00,shipped,545.61
95498991-99ed-4b98-a9d8-b8aba10e0947,827af9fc3113e6e7b0cdc85dea8fa44b,2026-07-06T00:00:00,delivered,305.05
c8d0f98f-10ed-47ac-ab09-dfb0a9274166,272d474dde8221c368c57511d9150215,2026-07-01T00:00:00,cancelled,493.76
b7fd6252-4031-41ca-ab6f-08e90a3de5ba,52b8fc428690f8974a3d3ff3a162f7b7,2026-07-04T00:00:00,delayed,325.87
3f2385f4-3fcb-46a3-831a-a9b92c06b824,2e642fa075db8661dab42c957cfe6290,2026-07-12T00:00:00,delayed,227.79
5195fc53-2f79-4754-9f29-7602c00c9b47,317a5bc8cf58c4401e221c74d7a51982,2026-07-16T00:00:00,delivered,149.17
5ad4868d-1859-448c-a300-cc55ce0e4125,c4ad2cc1cab80dd3e916573b773cdfcc,2026-06-25T00:00:00,shipped,16.36
7b313a79-9e76-438c-ab4e-7a4c0f05861b,5a3ee05d197e24b7bafaac3e2cbc7e55,2026-07-04T00:00:00,delivered,222.7
e7d26f80-ce1c-4055-af60-bf43e01d46c7,323630f1bddac4dc06bf3bdeb90dbe36,2026-06-09T00:00:00,delivered,25.59
685a422a-7dfd-4fa2-af74-32bd3a615db8,33f86281d5203b278e32070d4a02592e,2025-08-10T00:00:00,delayed,156.66
09199c4c-01cd-4390-87a3-3ec24537617f,8da4f8884cb807a1a95dce688436b0ba,2026-07-05T00:00:00,delivered,248.36
2e58e7b2-990b-4946-b1d4-acee5e8f1fa1,fc25f71bab94146446884fc523121d48,2026-07-05T00:00:00,delivered,148.96
f469e696-5c65-47e9-87fe-7a36ab745525,4c7b5071af05159997555b2500a1ecd0,2026-05-29T00:00:00,shipped,649.49
675f4169-09bc-46c4-ace5-b008737205c6,a1d02d8e96f1691603036bfcad4df844,2026-06-23T00:00:00,delivered,377.98
0fbf9504-3ef4-4e7e-a011-4905ab50488c,0b48151c4ac827afeee06ce2d77cc343,2026-06-28T00:00:00,delivered,16.16
f298d78b-fb6d-4a7a-9fd0-c4024a6190eb,cecd5e9d39fddb69384c1c31bdfac666,2026-07-02T00:00:00,returned,932.82
484f1f4e-753c-40af-91f2-7186a8887d51,80751f3256e9ecc03c4556904f6d72c8,2026-06-13T00:00:00,cancelled,132.0
9c120689-8266-45ef-ba8a-1da9f510ca00,94e6edac4fcfaba68a45fe869e6abb8a,2026-06-27T00:00:00,delivered,548.73
94b90268-12ec-44f1-93d2-9bd4b352f992,0dd47ea03f3e61825df9e2bc94c292f1,2026-07-08T00:00:00,delivered,1665.75
fc797b97-477e-4672-929f-019e780f9ccc,949970123579e8829ddd1ba3d32ac18d,2026-07-12T00:00:00,delivered,676.74
c7d5bdf7-c0c7-4ed1-95ba-98f9507deaff,caf8cfa0ac3ff60facda076545837647,2026-07-11T00:00:00,returned,1379.06
8a8059b4-2f36-4929-9a86-1a7c3808a169,5a3ee05d197e24b7bafaac3e2cbc7e55,2026-06-29T00:00:00,shipped,720.23
ce20881d-eada-4d01-bb73-ad57084d4526,b5e4462426d75ffafaf0b1a6c912b257,2026-06-18T00:00:00,cancelled,7.79
92ce0f50-c37a-43d8-a73e-8b89af73107d,470a8f2e1dc7b277e4625f23039c6f84,2026-07-04T00:00:00,delivered,456.36
19d870cb-c551-4342-b87b-966e7dd3e812,a356a8567cf4cd5ce32a18e6e7fcabc8,2026-07-09T00:00:00,delivered,337.56
f3ca9f10-be52-4598-80be-284431d450e6,26c9cb11ad1169f145cc96dc263cbb29,2026-06-16T00:00:00,delivered,603.66
6d1e1a92-0747-4f08-9ec6-8be88dd0fb60,29c059c81f62aa098e896ddd7fbc5c32,2026-06-30T00:00:00,delivered,1221.08
4855af4d-8d14-4892-9998-8273c4bd361d,254f01c0c4853e5c23a801f29069f932,2026-07-06T00:00:00,delivered,91.27
9e749f6f-a4d5-48ab-977c-7cd16e433dc3,55133cf96f44c834ac51d0e3b678c7a8,2026-07-01T00:00:00,cancelled,296.15
2264337e-58bb-4ad9-be0d-296d2fe4d619,c1a83a518dec21a938b5ca2a66e47ef0,2026-07-09T00:00:00,shipped,696.14
d80cea1a-3088-4fd3-8b00-4f9a0c91adf6,a4e7c06913461ef2298e10fb4cdd2d71,2026-06-28T00:00:00,delivered,1099.83
0aa941e4-915c-4572-8300-39df432aba00,d6d67261f2634cdf9ec293cd765c8479,2026-07-17T00:00:00,delivered,217.27
24fa01ca-023a-4c86-930b-fd6e305a53a9,701ada356e78d72bfd5b279280762b79,2026-06-29T00:00:00,delayed,522.24
b2452be8-ba56-4a87-9d51-5a4fbd3f1541,9801a2c53e40c68803158742466ad09a,2026-07-08T00:00:00,delivered,8.31
ca0fef52-64ea-479c-b96b-55a6efd398be,5f2ec485da1fb5b4bce0fbf413845a90,2026-06-30T00:00:00,cancelled,360.88
f27d0db3-4c1b-436e-8724-aa18468aae1f,ed5b0d9aa093cc966424056ec8c10c4c,2026-06-20T00:00:00,delivered,1011.61
f6399baf-352b-4800-a286-00955ba1880e,208f290481193105f0bdc2d8f543904e,2026-06-19T00:00:00,returned,478.08
77c5bbf1-3f1a-48cb-8781-48f8e6d067ec,13613cae6e3bfea8327a916246c96cc9,2026-07-05T00:00:00,delivered,581.54
c577b789-dd35-477f-9e6e-7f9c7edd2f48,fffbf87b7a1a6fa8b03f081c5f51a201,2026-06-24T00:00:00,delivered,281.55
939e0849-fe0f-4482-97b5-46a0651caf44,42398dee8f2098eec5579129cc1a6f5e,2026-06-21T00:00:00,shipped,901.35
90938449-32f6-418a-9be2-22e06cdf348e,77a63731fc358f68a5ce26211fc340a8,2026-07-01T00:00:00,delivered,592.19
97bad51d-51e5-4106-ae4e-87d792fb7225,5faabfe6772088c4d906b63fa81ac63d,2026-07-10T00:00:00,shipped,301.69
47c1ab28-bb43-4952-aecc-a52c4294326f,23c130edd9a7adeb635bb365f7478154,2026-06-21T00:00:00,delivered,429.5
623353fc-6fa8-4135-b26c-6b0ea8dfe426,42d2b957a53f0240c81dee35a2463059,2026-02-02T00:00:00,delivered,803.72
3ee485cc-3c86-447b-bb0a-670c185adfdf,5a3ee05d197e24b7bafaac3e2cbc7e55,2026-07-08T00:00:00,delivered,428.23
d2c6ea59-2505-42e7-8915-0b442e51f4d0,ae5df8e33ea496f14db277c8b8e77281,2026-06-20T00:00:00,delivered,437.43
34992d87-361c-4ae0-ac26-9c1983d12a29,3e6fd6b2f0d499456a6a6820a40f2d79,2026-06-27T00:00:00,delivered,1380.06
c78c05b7-85d7-4596-a931-fd88b6b5f26a,5a3ee05d197e24b7bafaac3e2cbc7e55,2026-06-30T00:00:00,delivered,83.18
03d7a854-017b-42bf-b60a-e4d511bff1cd,5a3ee05d197e24b7bafaac3e2cbc7e55,2026-06-24T00:00:00,delayed,289.55
81bd3c47-c649-42a5-858b-4c3f5d0621ad,5a3ee05d197e24b7bafaac3e2cbc7e55,2026-07-15T00:00:00,shipped,1221.98
0ee9abf5-69e7-400d-9861-1053dcc65ecb,6c3974f2a296fbcb0aa071279dbf6f24,2026-06-26T00:00:00,shipped,201.64
06318048-4e00-41c2-97a0-1a46043b5726,7dc06f440f8107432896e33a18da3e38,2026-07-09T00:00:00,delivered,1119.48
6880ebb0-904c-4607-a397-404138160599,c7b7d8934b4a3ce51288162d4f7a1399,2026-06-06T00:00:00,delivered,343.72
cf91ffcd-42e0-4ca0-b6a5-9f638369a380,77c213e10acbd145d50fcb035d0e86d9,2026-06-02T00:00:00,delivered,852.75
f8ebfd24-c0d9-4fbc-90c2-abbfe219b37c,e94f497b64b4c843216126feedb1dfae,2026-07-04T00:00:00,delivered,914.88
11f7c9b5-771e-48fe-afc2-95703eb3e445,0b48151c4ac827afeee06ce2d77cc343,2026-06-24T00:00:00,delayed,652.77
4157d2ee-2884-41d8-b146-3cc7293c12e2,5a3ee05d197e24b7bafaac3e2cbc7e55,2026-07-12T00:00:00,cancelled,152.18
39378406-c739-45a2-8f80-2ff74f2b8bc0,5a3ee05d197e24b7bafaac3e2cbc7e55,2026-06-26T00:00:00,delayed,377.7
685f22ad-c4c3-41d2-8669-06856a972bf7,587d22544f4d6f17b39a30723a53a305,2026-04-27T00:00:00,delivered,65.95
db9290ba-15db-4994-ab2e-b3db087f72f8,0fa3dfc9b8012e55a6e11db4d8a82c4b,2026-04-09T00:00:00,delivered,1023.48
90704c49-0562-48bc-bc5b-13bd9fb85bf7,6056d31a9cf9cf98ea9de7ef86cf4f5d,2026-07-03T00:00:00,delivered,595.99
b653f2b0-5660-4b81-aed3-0ad6474e60cd,5a3ee05d197e24b7bafaac3e2cbc7e55,2026-06-28T00:00:00,delivered,2373.55
33ebcb73-134b-4421-a271-395dfdb59ce7,6dd5be3b2a4f4f7fe09e81590896fa0e,2026-07-06T00:00:00,delivered,492.19
138b7d44-70d0-417c-936d-10568dcd3788,fdcf4139f50f370c91e8b8f33adde2a6,2026-06-26T00:00:00,delivered,684.5
b280f6b8-071a-4e10-84b7-ce3a9548bddc,77528332d8d9e9a13c03da164e28040f,2026-06-15T00:00:00,returned,112.74
271ae5cb-2866-4db0-8a9f-01317bcde8c4,f9acaaf53948041869bb52c7eb1e116c,2025-07-04T00:00:00,delivered,1425.07
11d06968-82b8-4b99-8e90-5965b58bfdc9,821e4e781313d2eb18711efe7a50d66a,2026-07-07T00:00:00,shipped,731.27
3ba10639-5cee-41b7-9def-4dba4e9b6043,bfb5363db41e6d47d3f16a1ba3e880ab,2026-05-23T00:00:00,delivered,336.98
6b31eb0f-8827-4920-a3e1-c945f354edbf,1098d1250d5bdf8bfc6a83f26494067c,2026-06-23T00:00:00,delivered,48.32
80a14af9-d64f-40f8-a8de-730a6eeb1f80,5a3ee05d197e24b7bafaac3e2cbc7e55,2026-06-26T00:00:00,cancelled,583.9
0a37d57f-e6c4-45d2-9187-e0cf8417eed7,6c3974f2a296fbcb0aa071279dbf6f24,2026-07-15T00:00:00,delivered,136.54
8231e7cb-cd4a-4309-bf6b-34bed63d1a29,08dad77aba35e08dac6e113a1c01d2c0,2026-07-12T00:00:00,delivered,377.41
109816b8-7c11-4164-893c-b215677304a5,67b05b597a66b5c449025000b9430abb,2026-07-01T00:00:00,delivered,1499.56
bed42d04-61e9-4dea-943c-d4a09765538b,91b06e7f118797fea3e4fdf5b9432d7d,2026-06-26T00:00:00,shipped,313.62
d2d14710-26b1-43c1-a2f5-388d221de8e7,75d62b9a2050292984f91605099ca0c6,2026-06-23T00:00:00,returned,252.71
9c04cf9f-58b7-4ce6-abc1-394d79bad9a5,a046d29175845b313e52f2dff96cc050,2025-12-29T00:00:00,shipped,913.1
96570105-1063-4bdf-bd84-c1d74f3a1230,d3b1ea21e85de5679eb875b8a3a9dd4c,2026-07-15T00:00:00,returned,1000.75
56299f0c-6d99-41b1-af8e-deedeece4f6e,5b424d5287408acfeb03ad7fed722545,2026-07-11T00:00:00,delivered,567.08
38da4c6a-efab-4962-a416-a0a9310d3fa1,c8fa956730a8b291e6bada90a5c6db6c,2026-07-10T00:00:00,delivered,126.4
976f1f03-65bc-4531-9050-b88f0f9d7664,3a1e94e3308e45730624bfb5c0b3bdd3,2026-07-07T00:00:00,delivered,446.76
0e6f3238-3aae-4076-98a2-7a67c1552b2f,f0d5f6b6b48d4e1599420b22ff2de1dc,2026-07-03T00:00:00,delivered,114.73
dd141e95-74f0-4500-bde0-7d8c5e4163e9,5a3ee05d197e24b7bafaac3e2cbc7e55,2026-06-20T00:00:00,delivered,411.61
02d18911-fa5a-4108-a3fc-bbfc24ce70ca,5a3ee05d197e24b7bafaac3e2cbc7e55,2026-06-24T00:00:00,shipped,368.2
78c8dcde-1020-4659-bd34-76ad0aed6dc3,5a3ee05d197e24b7bafaac3e2cbc7e55,2026-07-05T00:00:00,delivered,464.96
76d84106-57c5-4bd4-993a-426dc46f1cba,5a3ee05d197e24b7bafaac3e2cbc7e55,2026-06-19T00:00:00,delivered,468.61
7373e645-7fdc-413f-9828-3bdd6570c5fe,f054e8c1cbcf5e89ddd9b615c349936b,2026-07-14T00:00:00,shipped,263.0
e547231b-1d81-46fe-a9cd-decd92a7a098,f1731fa7ae810577598d2d31a1888b4f,2026-06-16T00:00:00,delivered,304.94
5ed4bb25-d646-4909-8f5d-7e1d9ae8c02c,eda46d6e2c60876abff5c974b0523158,2026-07-06T00:00:00,shipped,171.98
5be2c014-7bc0-45d4-bcb8-876412b0ac6f,a8397e4402779864503796dd87fdbedc,2026-07-10T00:00:00,delivered,274.23
60801819-fe49-468b-ab9f-3069295cee3b,119d43da5cf2cec95289848aec20ac51,2026-07-15T00:00:00,delivered,399.65
399febc3-bb50-4713-9aea-89f0439a3032,18e3d276253780b44b5b7bf83f6785ec,2026-05-18T00:00:00,delivered,113.57
3762faea-0f70-48e5-8c71-8b26d1f11a9a,0f0a9438a8f4fb6f9fd50c0df502ae0c,2026-07-07T00:00:00,delivered,188.74
5fea9bf8-7e36-463f-b50a-d70774e110d3,668dc9fde9d42de2f1ac1ddaa7823694,2026-07-16T00:00:00,delivered,620.01
ebbf2b12-d370-4f05-9843-67fdbae97994,d0f35a2cb9d0fff870811961232a5904,2026-07-11T00:00:00,delivered,1051.87
c51a35ec-1125-4818-aa3c-766614d83813,5a3ee05d197e24b7bafaac3e2cbc7e55,2026-06-22T00:00:00,delayed,381.23
100e10a7-338e-404a-8026-353b2c862eca,5a3ee05d197e24b7bafaac3e2cbc7e55,2026-06-22T00:00:00,delivered,479.56
eaba2627-4208-4fe1-ae30-183deb7d0f4f,5a3ee05d197e24b7bafaac3e2cbc7e55,2026-07-17T00:00:00,delivered,101.77
912bd43c-72fc-4bca-ae69-d46feda8ea74,daeb283b71a3cc8f49c2c878bb86e15f,2026-06-16T00:00:00,cancelled,1041.89
cecdd6df-8402-44a9-b319-a61226ff0911,5a3ee05d197e24b7bafaac3e2cbc7e55,2026-06-19T00:00:00,delivered,1202.21
e5abcb29-453c-4c90-bca3-f4b9bb537130,75911973553414cf548f0d62eb2f0fbc,2026-02-25T00:00:00,returned,482.99
263d83dd-ed50-4688-a943-aa6d4d4a443c,6056d31a9cf9cf98ea9de7ef86cf4f5d,2026-07-07T00:00:00,delivered,642.2
b81cf27e-23d5-4181-b3e3-a4de5dda3566,bb4a329975df85aa69684e124f0b48b1,2026-07-04T00:00:00,delivered,251.48
9af85fb7-37ec-4743-a333-c8651dbfaa9b,c756c5a0183a0e0c511a8b00fa1e2ee2,2026-07-12T00:00:00,delivered,437.62
0cff7da9-95e2-4ea7-8dc7-3ef3319d2996,26c62200e28fe391637570bea7abd9c5,2026-06-24T00:00:00,delivered,1184.86
cad96a90-477c-4fed-b142-90a8d4b74518,eab27a5d81262bace5fc81727514d49d,2026-06-30T00:00:00,delivered,116.13
9ef91d17-ac14-4079-ac17-b23a4586b0d0,b5e391181709e5196275b01b8e6e9d73,2026-06-28T00:00:00,returned,1055.57
601077be-0bd4-4b86-978c-bab25e00e42b,fc25f71bab94146446884fc523121d48,2026-06-27T00:00:00,returned,737.15
f0479b6f-ce5b-4ee5-8e12-c6d10a51a13d,17edcf1332227a04be5ee81262f0757e,2026-07-02T00:00:00,delivered,321.33
682c7781-1d6c-4ad1-bf4f-7675c000f1c8,df2162a9aaf73bf42e812408330969a0,2026-04-16T00:00:00,cancelled,188.37
862352ee-2e35-40aa-a3bf-8a1449683851,5922ce0b65492e91ac07ffa3b77b2cff,2026-07-07T00:00:00,shipped,206.77
aae68edb-ba30-4096-81ae-5e03defac810,796af4fac93296428070925a8a78aaa1,2026-07-09T00:00:00,delivered,396.03
336d0e69-13ac-4515-b7b6-dca158363d8a,91275e7b1847f102954b73d856b4eee8,2026-07-16T00:00:00,cancelled,1643.25
8b43706d-92cf-4f58-a629-4790dcf8d944,de3fd2cb02aa89d030f943936ca17807,2026-05-05T00:00:00,cancelled,787.44
69ffe54d-d7c8-4336-88b5-485730c32698,fe362d146a84f9000664211ac929b9d5,2026-06-27T00:00:00,delivered,161.51
3af60dd2-d17f-43f2-8bf1-ce2ce1ee0132,9be47f0073690871caa1beada3ab06a9,2026-06-25T00:00:00,delivered,182.85
364586fe-0a4c-4c69-b806-676daee6ad5c,5a3ee05d197e24b7bafaac3e2cbc7e55,2026-07-08T00:00:00,delivered,349.3
9382170c-b489-4c96-a4fd-8657b37c7f9b,be2cff6c84f1683300337ecd499992e0,2025-12-08T00:00:00,cancelled,188.01
d4a90315-6898-4cc8-87b9-eb150fc6acb9,0df55f5accedda71bda8f4c7f590951f,2026-06-13T00:00:00,shipped,92.09
c39c87c2-cd28-4048-8d43-53dfe60d68f2,6056d31a9cf9cf98ea9de7ef86cf4f5d,2026-07-05T00:00:00,delivered,401.13
3e194ccb-0905-410c-8200-28075941e5d9,3341514b8049f4a268e4188fb0211d34,2026-07-11T00:00:00,delivered,188.46
5c172a95-c8b8-4e48-8da5-b65af04a4270,77a63731fc358f68a5ce26211fc340a8,2026-07-05T00:00:00,delivered,577.31
003a62a5-b60e-4973-9110-0a8752a99338,5a3ee05d197e24b7bafaac3e2cbc7e55,2026-06-23T00:00:00,delivered,455.36
14d8d2f7-d2d9-4423-8081-506248e8ecd3,1098d1250d5bdf8bfc6a83f26494067c,2026-06-24T00:00:00,cancelled,391.49
44b0671c-ac29-48f2-8c5a-3ec347cbcbbd,0b48151c4ac827afeee06ce2d77cc343,2026-07-12T00:00:00,delivered,425.52
02754ad6-59e9-4f5c-aa72-8272fdbe696a,7d2829c2222be0a081bcf2d4d3d540a5,2026-07-07T00:00:00,cancelled,381.39
e59639db-3da1-46b7-86fa-aa8c03ce2780,2ad3e8ebee7119e3be506709cf52c2e7,2026-07-11T00:00:00,delivered,155.54
4dc19977-467a-4f60-b2b5-1c58f102746c,e855df677dcf0d237ed583793afd7988,2026-07-07T00:00:00,delivered,106.14
39d74a7b-e32d-4aca-be0c-ec275ea01641,9abd58f6bc7412a8da01a98351e6b989,2026-06-28T00:00:00,shipped,499.08
59adee09-84f9-4d3e-a5d0-6132719a8959,ece98a5dccb1e985d69a38d4e0f054e5,2026-07-06T00:00:00,shipped,276.36
e7ce83f8-7cc6-4577-8aae-e336c31baa21,5a3ee05d197e24b7bafaac3e2cbc7e55,2026-07-16T00:00:00,delivered,147.62
24bfabbc-b1dc-4069-b57e-d3cdcfebf2cf,e25ecad4f206325588f4b913642377eb,2026-06-04T00:00:00,shipped,137.25
9aab71d2-c437-451f-b68e-b485d92b2efa,3ff45f223bb4d6fc772a38ad5a7b1b33,2026-02-19T00:00:00,delivered,227.56
e97accb2-eb8d-4e96-887f-15b09bd68245,fdcf4139f50f370c91e8b8f33adde2a6,2026-07-14T00:00:00,delivered,77.28
519d435e-ff37-4bf2-bc77-0325b8414338,5922ce0b65492e91ac07ffa3b77b2cff,2026-04-29T00:00:00,shipped,29.52
9e6aa742-1977-4b33-87ba-a6de569d4939,56a3ba5c3703252753c2391b9ad3bafb,2026-03-29T00:00:00,delivered,401.3
d3cb576f-cbc7-4b95-bc7d-ea087fe62b0d,5a3ee05d197e24b7bafaac3e2cbc7e55,2026-07-14T00:00:00,delivered,504.93
d901a4fc-41ea-4b77-ad02-47bd56d6a5e5,f2d2d51b7f7b0c2eae23c90e8c3d1c1f,2026-06-28T00:00:00,delivered,1168.05
befc054b-1e5c-4600-b8f4-55ee230b81b0,2ad3e8ebee7119e3be506709cf52c2e7,2026-07-16T00:00:00,shipped,477.57
089aaf97-bc31-4f03-9aaf-ca991e1f5ce5,9a8ae5697c81ca094e4bc087022d89d9,2026-06-23T00:00:00,delivered,547.79
35460dad-2d63-4f5b-91c1-946f14fc3f85,c0b8f06358c17e08e149768d1568b639,2026-06-11T00:00:00,delivered,1268.93
8a0ab7fd-632b-47c3-8614-b07bd08d1680,2356a157ac13013e2af4979379737874,2026-05-30T00:00:00,delivered,747.71
97f78dca-7871-4081-ae15-0680c4345264,0b48151c4ac827afeee06ce2d77cc343,2026-07-01T00:00:00,returned,758.92
3eea3956-f640-44af-ae0e-80d08905ec9e,5a3ee05d197e24b7bafaac3e2cbc7e55,2026-06-28T00:00:00,delivered,510.98
e0f54663-79c5-4bc9-a752-10c5e28ebeb3,05105abc98016eb044d450d5e60de1b2,2026-07-02T00:00:00,delivered,295.45
6aaca7a2-d2af-4ae4-bb23-711c0f20afa9,2852756794b74680d1de8e8e8b8421ff,2026-05-21T00:00:00,delivered,400.43
061ea5ef-3ec0-4b8d-b86f-3f3161211967,75ecead8782ef6730e1f7e51f7052f75,2026-06-12T00:00:00,delivered,572.9
5c5f3339-2add-418f-b1cf-a940a5a3a014,5a3ee05d197e24b7bafaac3e2cbc7e55,2026-07-16T00:00:00,delivered,666.64
464fe3d9-26f5-47c9-9c6e-2266fb23d353,cb296f03ccd21cfcb3ba0778c4f3b7d9,2026-06-30T00:00:00,delayed,402.31
79fe7aa4-ec00-4429-844b-b9f7e0e45790,5a3ee05d197e24b7bafaac3e2cbc7e55,2026-07-13T00:00:00,delayed,121.62
61527f4e-c445-463f-954b-46973e9c8251,26f8790baee110479bb7cb362e16134a,2026-07-06T00:00:00,delivered,351.79
93b6272f-7129-4613-a56a-206b62f1bb67,7530369a1ddf13882910895b0559423d,2024-10-31T00:00:00,delivered,357.51
024ab162-478c-469a-b283-06c12da80b37,717aa48025662fcf27ddebbecc5f782b,2026-03-30T00:00:00,delivered,1155.4
09a999e5-7a4f-4f0c-9adb-13c7cc841d8f,701ada356e78d72bfd5b279280762b79,2026-07-04T00:00:00,delivered,769.24
f910da24-0020-4973-85d3-149978fb310c,a9ef550a2e94766b3491bffc789ad91c,2026-06-05T00:00:00,delayed,1661.5
867b2c06-a870-4c35-a133-685ec65e873c,f2d2d51b7f7b0c2eae23c90e8c3d1c1f,2026-07-01T00:00:00,shipped,373.24
c0849b04-fec8-41e1-bf97-4120209eef01,587d22544f4d6f17b39a30723a53a305,2025-07-05T00:00:00,delivered,314.13
0e1aded1-b0b4-4705-a6e6-2f8a1e4b12d5,5a3ee05d197e24b7bafaac3e2cbc7e55,2026-07-14T00:00:00,delivered,326.18
2fbcd2ed-2549-46d6-992d-9878f14ad44a,2c4f12ef543ba44eead3e3a43c229c11,2026-07-13T00:00:00,delivered,88.28
436cd23e-5093-40b9-a393-238e131f3361,96b1c916f245f2462efcde3fce04bc3e,2026-04-21T00:00:00,delivered,230.82
7088ed85-ff7f-4656-9fdb-551563af5b30,5a3ee05d197e24b7bafaac3e2cbc7e55,2026-07-12T00:00:00,delivered,149.94
a4e83475-ae67-48c5-af9f-1ef5c856f140,b55c4cbaa102fdce0375bc2a92ed4bf8,2026-06-28T00:00:00,delivered,27.05
1b3a123f-79ed-43d1-abe3-23e151e788b3,120f875c7db31f3a391a0feacbe05fa5,2026-06-26T00:00:00,shipped,95.93
c4ddc0bf-9058-4fe9-b3e8-817a990cbdae,30cdd9eea2b6192b8fa65c9ff5e59acc,2026-07-05T00:00:00,returned,206.85
31b35ffc-5933-45c5-a561-ebe546b47147,5a3ee05d197e24b7bafaac3e2cbc7e55,2026-06-29T00:00:00,delivered,547.78
1a196340-09ab-4831-a3e5-720430c451fe,f75da962fb4ddac1569e90c21803c455,2026-07-06T00:00:00,cancelled,275.75
d642631b-7b8f-442e-a50c-084840f183e4,01ecc1f1f21f05d0736c99d92646f132,2026-07-15T00:00:00,returned,704.65
77d8f605-0871-4b94-828e-86edf102efa0,4b0cbf5ea22869c5ea269442f9b849e7,2026-07-10T00:00:00,delivered,1062.72
0dd2cf9b-070c-443b-af2d-63bc89c88780,c1a83a518dec21a938b5ca2a66e47ef0,2026-07-11T00:00:00,delayed,490.81
20bf4b0c-b11e-48af-b682-c4e7862a9109,b5be7a62bae2b8f3b867d2e9ba629a59,2025-06-18T00:00:00,delivered,305.13
1af21877-d2cd-4d47-b380-170a2d4b1ec2,e94f497b64b4c843216126feedb1dfae,2026-06-28T00:00:00,delayed,353.89
122ceffc-bd94-42a5-aad4-306d2754ab95,38e31fda99a5fb901d27134d18d36c75,2026-07-11T00:00:00,returned,1226.9
fda4bbb8-45f0-4c25-b811-f2bd331fb2f6,5a3ee05d197e24b7bafaac3e2cbc7e55,2026-07-03T00:00:00,delivered,71.29
11a6d8a4-d843-4cb0-b0fe-92d5970bab78,13ac6da47fef1b17b16f511e03b57918,2026-07-06T00:00:00,shipped,349.46
ca05f9aa-43d7-4dfb-a7cd-4e1b758540c2,6fa75bcd8374aaf022bf590a4aad45e2,2026-07-08T00:00:00,delivered,72.3
68fc665e-0f3b-4097-acd9-83a3c5ae507a,1964f2b215ebb68671d893438e974b0c,2026-07-07T00:00:00,delayed,103.25
3d36389c-a45f-4c9e-94af-f9e1a1dc2232,f054e8c1cbcf5e89ddd9b615c349936b,2026-06-01T00:00:00,delivered,531.85
09edb216-5b67-4e0f-b17f-8a6df62a8f51,63df651d5e8adb6a0e4baeb66a0eea37,2026-06-17T00:00:00,delivered,783.27
5d5dfdf6-6953-4fa5-b04a-9b2440100a90,86a01fa0e06f44ce0edf54c195443036,2026-06-02T00:00:00,delivered,199.69
8b7807ed-ab76-4ccb-931a-986a8f415b49,89e0dd98544c5ff21224086f5cd4f885,2026-07-06T00:00:00,delivered,393.4
f2e1fbb2-19cb-4822-9e7a-bc6637537c22,940b5d5aac34067485a393d6c465d974,2026-07-03T00:00:00,returned,294.67
761c946a-354e-4ff4-a940-456d1606bdb2,c85df1c6ef6f7bb605e1c49d34f172ee,2026-07-13T00:00:00,delivered,344.16
9facb77b-6974-45e8-93d8-1140251b2b25,fc25f71bab94146446884fc523121d48,2026-07-10T00:00:00,delivered,957.69
cc485b13-835f-4732-a14e-61902900bc88,860251114960c25499acca49949b1f12,2026-07-15T00:00:00,delivered,15.69
fd182911-7d14-4331-9135-f83a32a56538,cd9b72ce79772adb2e28bdfc051bb341,2026-07-04T00:00:00,delivered,952.43
a8f4304c-6a24-40e3-84db-a6bbc0650f67,c1c2fffe3d49911803df2e157bee7aa0,2026-07-12T00:00:00,shipped,138.5
dc84b74a-e584-481c-bce8-7603bbf99ff3,f0fe4ee68e4a03068e981e6481bb9e1e,2026-07-15T00:00:00,delivered,390.41
886c3cea-234e-4f80-8af7-d6fab4463b16,f152faf30f85d9b5784cc9a72611a810,2026-06-30T00:00:00,delivered,590.0
5e9cf5b7-bead-4410-991f-30c4a7f67ff0,c230d0a507ccf302b339305e2acf3376,2026-07-11T00:00:00,delivered,372.58
77cc5ef2-e628-4d89-ae12-fda533cac13b,126646ff7e983d825b46a004555996bc,2026-07-06T00:00:00,returned,1791.74
92f7fa55-a393-4712-af8f-141da48716d1,91e6fd64694fa9a828270d442ba88e03,2026-07-05T00:00:00,delivered,236.49
f32b6833-d6cb-4412-90d2-e6d7ede4d3fe,e97109680b052ee858d93a539597bba7,2026-05-29T00:00:00,shipped,178.22
a720b511-26b0-465a-a4c9-42a62a61912e,803c9b252709beca97a308a9197371ff,2026-07-15T00:00:00,shipped,471.14
01835b4a-77c2-4f97-b8ab-d04ce3077112,5a3ee05d197e24b7bafaac3e2cbc7e55,2026-07-12T00:00:00,delivered,621.17
b8629cad-3cb0-441c-919c-3e307080651e,5a3ee05d197e24b7bafaac3e2cbc7e55,2026-06-28T00:00:00,delivered,843.71
f6855bc3-6e87-4123-9f0f-36d725cd355a,5a3ee05d197e24b7bafaac3e2cbc7e55,2026-06-27T00:00:00,delivered,920.94
d8ee4450-954f-4192-9afe-bd1a52f140d7,5a3ee05d197e24b7bafaac3e2cbc7e55,2026-07-12T00:00:00,delivered,28.91
eb10da61-a35e-4c55-b9ce-59cad0eddda9,313a1411e58266af71ecec9da279ad12,2026-07-02T00:00:00,returned,617.12
8f927bbd-5bf7-475d-a77b-971d78ab81df,b9fe8c4b5fbad9389aa5f425561a2786,2026-07-11T00:00:00,delivered,272.39
624f4030-fe02-4f0f-9103-cca85771cec4,ce590a0c44295fc160eca2f1791f37e9,2026-07-14T00:00:00,returned,493.6
ddd36c54-5f78-4d55-b589-fb190d7bbad8,5a3ee05d197e24b7bafaac3e2cbc7e55,2026-07-06T00:00:00,delivered,614.63
e5dc5efb-b9cf-46d6-980a-98bab1875878,de1fc6d7bb796ade9bb07f09b26a4760,2026-07-03T00:00:00,delivered,136.88
a5dcbce7-0e42-4a8e-bca7-1b80a7a3d768,5a3ee05d197e24b7bafaac3e2cbc7e55,2026-06-22T00:00:00,delivered,933.38
e9bbec77-243d-4c98-bcd8-0e60ede42fca,65333bf484bb685082b70adc3e154aeb,2026-05-05T00:00:00,delivered,810.15
44a6de37-e11f-48e0-9eba-9743f5880a09,5a3ee05d197e24b7bafaac3e2cbc7e55,2026-06-30T00:00:00,delivered,845.6
bf71eb6b-c0ff-4ac8-a7f7-a378049596bd,5a3ee05d197e24b7bafaac3e2cbc7e55,2026-06-21T00:00:00,shipped,355.48
85ef668d-7e29-42ae-a908-cafe3035425e,95b4b60a728bff942c8bd59a43effa33,2026-06-23T00:00:00,delivered,144.71
e0b8033b-9599-4e3c-9e0b-dd8b929f2462,196276c2651ca4783688aa741b72d540,2026-07-12T00:00:00,cancelled,738.12
1bfe3ae6-6d55-453b-8149-7bbf6fd6fabc,e2c59e02e343f49861fc454410cab380,2026-06-16T00:00:00,shipped,24.58
b7533cac-e90c-4ccb-aec2-6d5b29bb9c5e,5a3ee05d197e24b7bafaac3e2cbc7e55,2026-07-06T00:00:00,delayed,302.56
562489b6-c720-467a-ac20-e6a2a302dffe,317a5bc8cf58c4401e221c74d7a51982,2026-07-03T00:00:00,delivered,606.78
1f71d2f5-9396-415d-9a1e-89231fbbe1a1,62049cfbc68cd893920204de3b5c057d,2026-07-13T00:00:00,returned,137.25
a138cbc8-a518-41b4-aa03-f67a9bdba1c8,b0cb09eb848eddd6485a6a38e5a2f134,2026-06-07T00:00:00,delivered,122.94
8b2cff00-85f2-480c-947b-487c2a70a8bd,5a3ee05d197e24b7bafaac3e2cbc7e55,2026-06-23T00:00:00,delivered,327.77
e6da595b-6c44-4fa9-b1e3-38464b336586,52b8fc428690f8974a3d3ff3a162f7b7,2026-07-05T00:00:00,delivered,254.86
2eec884d-c0af-43f4-97e7-63c0572bf1d0,f72d1ee92d55688d07ca88506300715e,2026-06-13T00:00:00,delivered,103.25
3db19cc7-ca01-4ae6-9d45-a6dab39692b8,c27d02e495180cbc358137a14d1b029d,2026-06-23T00:00:00,delivered,224.21
89aa5cb5-d4ad-4e65-b820-87462f256b72,a20cdea40f5bfb3da4c667e998086272,2026-06-24T00:00:00,delivered,488.53
bfb067bd-7c1e-4ed8-adfa-dffba0ff64b2,27f610da50d98eb94f1f0745606bc9f1,2026-07-08T00:00:00,shipped,598.7
70b1d76e-2389-4198-8662-9a4d10d076c9,1175e95fb47ddff9de6b2b06188f7e0d,2026-06-16T00:00:00,delayed,414.31
9a9860cb-c8ba-4e3a-9358-19e698a774d5,b68693bf3295ad9e895d2adce45deb7c,2026-06-19T00:00:00,delivered,634.82
652aa93d-2b2f-4d08-a841-aad44d10cdd8,17edcf1332227a04be5ee81262f0757e,2026-07-17T00:00:00,cancelled,128.28
0babee1b-56a8-4a98-9a4e-e18800c39c5f,6dd5be3b2a4f4f7fe09e81590896fa0e,2026-07-13T00:00:00,shipped,322.01
c629cf6d-06fd-427d-8ee2-305813c99cc3,59150cde6405fb8f31f6dd1882d15754,2026-06-07T00:00:00,delivered,755.8
194808c8-f886-47f1-84eb-cfc79e84a7d2,5a3ee05d197e24b7bafaac3e2cbc7e55,2026-07-14T00:00:00,delivered,443.2
806ef6bd-59ad-4879-aaa7-af650d61257a,0b48151c4ac827afeee06ce2d77cc343,2026-07-07T00:00:00,delivered,688.82
67abd081-0e33-400c-bdc2-85b5eecb24cf,4d0bd25308e9d7d0a301223f3d814f85,2026-07-16T00:00:00,delivered,213.62
34c21eeb-6bc5-4828-99da-1308be739320,6e9c6c2120611104445c767b78377d21,2026-07-14T00:00:00,delivered,595.36
541cc209-e79d-4d9f-8cf4-eacc42a7fa85,acfb17c1122b06dd09ea27d6e55cd139,2026-06-18T00:00:00,delivered,422.69
4e57ddfb-e5e8-4e0a-977a-5bb750ae5e64,f5add44bf786bd861fd6108d400cbaa5,2026-07-12T00:00:00,delivered,90.44
31f1a974-b4a1-40d1-8b15-57faeef5ad6a,16fd4a65560ace047d491ce149537337,2026-07-12T00:00:00,delivered,146.13
09d532df-8801-4972-9188-370cfcd79535,a1189e15dc652a1a751af63b65371a93,2025-09-15T00:00:00,delayed,1434.0
122cce54-dda7-472c-9619-e899065205ef,8625b708ec6cc8afaf5d676fafc4f37e,2026-06-29T00:00:00,cancelled,417.17
f107d37f-b6ee-4bad-842a-fcbaa36714dd,f668170416a9f589e91a2b9dc11e1eb3,2026-07-08T00:00:00,returned,539.13
ee42a491-bbd7-4561-b18a-09cbb5562571,7c4c172f6ad96039c75d87385d74d0b8,2026-07-11T00:00:00,delivered,653.13
7fa445f9-7585-44e9-819f-53c31ce29ac8,860251114960c25499acca49949b1f12,2026-06-13T00:00:00,shipped,218.36
2ab657d0-a672-4c77-b7b6-9b794ff76455,ceb8b329e744b3e8982e6f9d51269ed3,2026-07-10T00:00:00,delivered,754.78
07d2bb4a-ada4-43a5-907d-f20c0de2ba49,75911973553414cf548f0d62eb2f0fbc,2026-06-30T00:00:00,delivered,652.94
98aa6ec2-779f-4cfd-bd75-fa02fd337b17,a4297e8887cab7669f74acae48d8fc92,2026-05-31T00:00:00,shipped,441.62
4a0d2ecb-8340-47b9-977e-5052c457bd57,ff80f08b2a6a87e84a28bda4613f99bf,2026-07-10T00:00:00,shipped,242.51
35f40644-601a-49ae-96f0-f8e0d9382742,fbb97973142894c3265d06e676820c5a,2026-06-24T00:00:00,delivered,1049.74
f3253a59-4dfd-4d71-a037-914938931fac,5a3ee05d197e24b7bafaac3e2cbc7e55,2026-07-01T00:00:00,returned,322.82
c3f3ac10-9e5c-4191-98aa-1fa74f4ab5ff,f7c7677be77763b1b2cf982a5e67fa61,2026-07-13T00:00:00,delivered,430.97
5a8be8e2-157b-4bfa-b768-166a47621be1,69622cc3c28c760631192198f71fd35a,2026-07-16T00:00:00,returned,368.93
7b7d57cd-8972-43f7-8113-b8dfd7aa9185,5a3ee05d197e24b7bafaac3e2cbc7e55,2026-07-17T00:00:00,delivered,2309.93
63558d31-43ac-49ef-8229-0c0a4f788c69,2ca8ef8560c5cd0f9ddb65d1b1b51380,2026-06-26T00:00:00,delivered,258.32
0499c929-a6d7-4012-b945-23f851b0a329,918dc87cd72cd9f6ed4bd442ed785235,2026-07-04T00:00:00,returned,218.28
b73eaac2-d74a-4888-89d1-5576e603aebb,e1429df8d7fcb85252834ee1552ea20c,2026-06-27T00:00:00,shipped,54.41
e996e089-3bbc-4ed9-811c-9dcd30436cae,a4813c3f53f0652da225d8410cc615a0,2026-07-14T00:00:00,delivered,28.19
aefb74e8-ce03-45df-bc66-3d19c613fe80,6ce73016161f051b4267667a28bb417e,2026-03-18T00:00:00,delivered,849.81
1dcd044a-fd25-408c-9382-48a6423c0af1,bbb4489598feac603a21e4560d04699e,2026-07-10T00:00:00,cancelled,465.19
67f3e0b2-683f-404f-af83-53efc2531c37,33a9ccad3eb356f307fcba7093df3f52,2026-07-17T00:00:00,delivered,463.51
85c6c003-56d1-4045-96bd-d7a78fd3325d,51c79069e6b841c2dcda39aadd3180cb,2026-06-24T00:00:00,delivered,323.94
98702c8e-5567-4904-8990-613e2a855b43,f7c7677be77763b1b2cf982a5e67fa61,2026-07-01T00:00:00,delivered,175.76
8d13703d-b8ff-4c82-a55f-4d894b8d54e5,5a3ee05d197e24b7bafaac3e2cbc7e55,2026-07-17T00:00:00,returned,644.36
3b18a7cf-8307-42b2-a2b8-ec173a6514bd,2e438ed54223fcca39c725b9a3e6376f,2026-07-05T00:00:00,returned,1600.25
04eb04dd-cf3e-4504-a738-bf3a81b669f3,b6e99561fe6f34a55b0b7da92f8ed775,2026-07-10T00:00:00,shipped,303.59
c441747f-b20c-43e2-9755-b5e686123e8c,1bbadaadd0914e2ef6bcb4098f56e7eb,2026-07-04T00:00:00,delivered,612.24
07ece320-a659-4f10-b26c-171a8cca6214,8e44f96c051e781c86cee504038ab204,2025-06-05T00:00:00,delivered,316.1
50668cbd-2659-4e64-b065-10b35f9850ea,c98371c8c628fe00729bc01622b9009b,2026-05-22T00:00:00,delivered,681.12
89ac54dd-5e7b-4f4f-8e9e-5e736ede409a,483ccebb9c42ae89d35740fadc153835,2026-06-29T00:00:00,delivered,1329.61
7d812296-10ea-468c-8609-1ed351be3d60,bfb5363db41e6d47d3f16a1ba3e880ab,2026-01-05T00:00:00,cancelled,2395.49
97edae0a-ba21-4558-a92e-00c52a5b27cd,f7c7677be77763b1b2cf982a5e67fa61,2026-06-24T00:00:00,delivered,22.77
ebd48caf-52b1-42dc-b95b-1211ca9d5606,a1e5fdb1a21a5a35f49da96f780f4229,2026-07-15T00:00:00,delivered,353.74
606f16b6-7c3a-425a-8b47-5a8ddc46bc5f,5a3ee05d197e24b7bafaac3e2cbc7e55,2026-06-30T00:00:00,delivered,32.31
01e997d3-523d-4e03-a945-87ae1f69ecc6,0d77d20b2c7c92602b0c4ec4fe5997af,2026-06-24T00:00:00,delivered,140.89
19b359c7-9bf0-4a62-b90e-c3e83ae25318,9751244bd65fd1f1166ab7f3e10a31ab,2026-07-07T00:00:00,delivered,502.28
64597f4e-8daf-4187-a568-4f39d89e96fd,a2b3dadeee49f301f5307689f05d49c2,2026-06-27T00:00:00,returned,1088.33
2a9c98ba-86ac-4084-b390-d033bf702367,0788a5e2db8d16e610407f3ee826b813,2026-07-07T00:00:00,delivered,250.82
eef479d1-dbeb-4ca0-b4f4-2b615d08c797,208f290481193105f0bdc2d8f543904e,2026-06-16T00:00:00,delivered,225.5
26b339d9-311f-403e-9a65-cb34878cd19f,ae5df8e33ea496f14db277c8b8e77281,2026-07-13T00:00:00,delivered,314.95
c097313e-8a40-47a0-bff2-c9f33b82359c,5a3ee05d197e24b7bafaac3e2cbc7e55,2026-06-23T00:00:00,delivered,2477.3
33abaf40-c046-4334-b172-5b9bddc37d65,b88274bc5ea463278efaa456c2b8ee73,2026-07-15T00:00:00,delivered,877.1
a9c76ddf-b90c-40c9-846b-8bdebd2c41eb,df2162a9aaf73bf42e812408330969a0,2026-06-12T00:00:00,delivered,789.26
11cd50fe-7bf3-4fe4-9208-d2c6c007576d,59150cde6405fb8f31f6dd1882d15754,2026-06-17T00:00:00,delivered,329.31
3b3d75bd-0f51-474d-805d-86e198496d47,0dbf75634e9cdb8dfef760501cf983a8,2026-07-04T00:00:00,delivered,263.51
adc55775-3b1a-46e4-87d5-cf423d447342,71d51db38ef92c129499061c9cb227f9,2026-06-26T00:00:00,delivered,126.83
2e87d51b-9c18-4cbf-ab59-07410356975f,0a5f289d0908859e4f749900cfaa6eb9,2026-01-14T00:00:00,delivered,198.49
b699c94f-9c13-446e-a450-362460af9426,0ff5b872dfd979e7d23064973ec52e5b,2026-06-19T00:00:00,delivered,423.38
2828ec01-a36d-4ce2-9e98-8fa1915c7cdf,463093247faa080167d77f2e6d1b297d,2026-07-09T00:00:00,delivered,515.7
f17ae4a9-1a05-4399-94ff-ce1fbbc9681a,f1731fa7ae810577598d2d31a1888b4f,2026-07-07T00:00:00,delivered,641.42
820f94e7-e60b-440f-bb4c-884914dacd47,6ef326dc1bc04a8e63bce7e749279a00,2026-06-27T00:00:00,delayed,111.75
3ef4f12f-7f21-4147-b73d-44c07eb79b26,dc643b60537f44f35b2f91610ea64153,2026-07-13T00:00:00,delivered,868.19
b190d5e3-707c-42a5-855c-7165a4298c52,d55417a83a73d1702b43988e63f0731a,2026-06-27T00:00:00,delayed,565.74
75c09efb-545a-40b5-a72f-8662f41a32a0,5331278432c1d2f87ce463412a344d1e,2026-06-30T00:00:00,cancelled,351.95
fdbc0c92-7855-484c-9bf4-996b96237797,1b5908d160c0942cc1b26bc725536d42,2026-06-28T00:00:00,delivered,688.52
8baf7481-d6e3-493e-90dd-b38e1860a9bc,afa1462306ce1941adc5524ab4198909,2026-06-27T00:00:00,delivered,42.39
2974feb1-a4ef-4405-8dda-9c3faedcb4ea,75897dfb21f53272945a344799721579,2026-06-19T00:00:00,shipped,479.69
fa4ff1d0-23db-4591-8c4c-4c7e05dba23c,2274251ce58a8304f8e9b8380db47018,2026-07-13T00:00:00,delivered,24.57
c06787ec-aef4-432f-b380-7eb4725e8a5c,0b48151c4ac827afeee06ce2d77cc343,2026-06-23T00:00:00,delivered,169.28
4767fb71-9980-45d9-9f22-8f2fb9255b1c,f9ac86b4993a6e2a48758cb47d808712,2025-11-08T00:00:00,delivered,2232.09
61ff554e-df03-4284-9bb7-d0d269e0846a,ca19a17e381182923b66007a351574b7,2026-05-24T00:00:00,delayed,1607.3
64d24503-b498-4e86-9d28-2425708d09a1,873b6512a80d4ccc7ec1ad735ab81a81,2026-07-07T00:00:00,delivered,248.74
833b49a9-43cf-4897-9241-15c7ad179c3d,035b9e2e22e07827ab0ca933ad55f89a,2026-07-12T00:00:00,delivered,276.63
1363fe83-ba90-401d-930e-3f5b8b87e3e2,ad2cbd768be693c2a51c4d9fc3209400,2025-05-14T00:00:00,delivered,569.8
7042fdb5-4ade-4c40-8a66-beeb36c75889,a96d5cfa0d3181817e2b946f921ea021,2026-06-26T00:00:00,cancelled,268.55
07e61f57-be9a-4f35-a6dd-f78815095cc8,9bedaa421783554848ab968c22aa6dfe,2026-07-02T00:00:00,delivered,197.56
bd642165-d3a9-4476-9f17-032f1aff8310,fa2b68fd80b323901db1473bb98ad68f,2026-05-18T00:00:00,delivered,655.76
601d2bd7-3457-4926-ab35-4626b44a79cf,713de21fd33b1ed45f482d7ba22d51e2,2026-06-27T00:00:00,delivered,125.34
d4fd579d-1d09-4277-ab2d-6521f8bd72e2,2a9c0f0e5f06e91c50c74baf4dc67a0f,2026-06-25T00:00:00,delivered,63.08
4a5e0b00-b29a-43b3-b63c-6e80229c97cb,caf8cfa0ac3ff60facda076545837647,2026-07-17T00:00:00,cancelled,500.29
0e5a203f-4891-4cb2-8717-d1853e13d500,db977788293a64073047f4afca1d4b0e,2026-04-22T00:00:00,returned,372.75
7bcae0ee-83d0-4b06-b5e3-9c7649e603f3,5a3ee05d197e24b7bafaac3e2cbc7e55,2026-07-13T00:00:00,delivered,195.4
edec5b1d-c6f0-48f2-ae3a-1e9d76f86b4b,5a3ee05d197e24b7bafaac3e2cbc7e55,2026-07-07T00:00:00,delayed,1568.91
ffff27b1-08e2-4c3e-bacd-79f82f922cfd,027ef1dce56b52802c3d35cd5beda928,2026-07-11T00:00:00,delivered,552.72
aea32931-a831-455b-8d6a-21ded82e65b6,5a3ee05d197e24b7bafaac3e2cbc7e55,2026-07-08T00:00:00,delivered,425.06
8a5c8f3f-1538-4f8c-b239-d0f4d3f32b82,4cc24e44f98ce556d647948ae2d27cc9,2026-06-29T00:00:00,shipped,483.75
8e566951-2475-4f4f-ba93-f6667ae1f678,c16948c2abc51af80a151392f718e895,2026-07-04T00:00:00,delivered,1563.62
18002365-7183-4993-a327-c0f7359bc003,71483eefef96601ce6e0f9437715b5fe,2026-05-25T00:00:00,returned,730.48
a7377c1f-7515-499d-b3f6-9571f6b880fa,a696ba5db33cf4835a04dd5965a86781,2026-05-27T00:00:00,returned,992.72
0d5a3dc1-2b87-4131-a444-6350f15bae78,a012820fbbced38a03331716e231e0ba,2026-07-15T00:00:00,delivered,707.51
71769a18-4876-4840-98d9-e9c361e609e1,e2c59e02e343f49861fc454410cab380,2024-08-12T00:00:00,delivered,2217.77
788e8abf-f62e-4c36-9278-0f1ca1ffffcc,5a3ee05d197e24b7bafaac3e2cbc7e55,2026-07-16T00:00:00,delivered,17.63
99bd1ee2-b512-4128-8ea2-f61458c1a95e,5a3ee05d197e24b7bafaac3e2cbc7e55,2026-06-28T00:00:00,cancelled,422.83
77586131-2fc4-41d7-9e03-0a1db0021472,fc25f71bab94146446884fc523121d48,2026-07-08T00:00:00,delivered,402.2
f70f80bb-7902-4894-b1f8-8f74bd4c9f7d,145ecf95ce49b37e4590a8b5e635b586,2026-05-23T00:00:00,delivered,592.77
41410fba-f3df-4bd8-9fae-4645fe669838,97dc91f9e896442f6ac9650bb2a9b594,2026-06-08T00:00:00,returned,925.02
853083ad-a6e0-4aa1-9a99-3d36f34a0b10,6cc49dacefbda29910f00542b05a0031,2026-07-08T00:00:00,delivered,302.68
d29aa730-f8d7-40b0-89c8-067ea8b19dbb,6ec999e67c5e05c33554a4ba2db847bb,2026-06-08T00:00:00,delivered,762.74
37861cd7-2e17-4289-a52e-06025dee9d17,b6e99561fe6f34a55b0b7da92f8ed775,2026-07-11T00:00:00,delivered,367.23
d8599d41-c672-4071-b79e-8c3dd0071196,5a3ee05d197e24b7bafaac3e2cbc7e55,2026-06-26T00:00:00,delivered,1113.83
e5edb806-5b55-4304-aa6a-8cb4d3bbd042,0b48151c4ac827afeee06ce2d77cc343,2026-07-10T00:00:00,cancelled,255.24
99e05035-fbbe-46ed-b3b5-3196ca5b0563,00e984e99fdfd52943156d2d7eb4a5e6,2026-07-04T00:00:00,delivered,323.35
183d3182-0d5f-4e62-a3ac-61838f2768ec,44e9a1246448bd68a2e3bf0f1966c57a,2026-07-11T00:00:00,delivered,1378.62
73a5752f-d1a4-4f6d-b1c7-52d3f0e820de,5bd72a5ba72683010f8385cff8bb92fd,2026-06-21T00:00:00,delivered,282.1
e8f27451-674b-4ca6-816b-e8a3968f2249,6db067a3f4b85eb84066bfd8010ef99a,2026-07-06T00:00:00,delayed,413.25
50c36521-bed8-4f03-bad3-472bc922d2d3,edf6f64d9bb54ba61b4c3a008416501e,2026-07-14T00:00:00,delivered,292.37
53f66f38-75a4-4095-ab68-f5ffb9d4ffa6,ce128a731e25fed87a7ace92333b142f,2026-07-04T00:00:00,delivered,147.78
693711a5-1621-453f-b12c-e5aac00e25e8,5a3ee05d197e24b7bafaac3e2cbc7e55,2026-06-27T00:00:00,delivered,117.14
06837de8-9ad2-4f77-a22a-91f445413cd6,913a4e0cb7fe555e6cffa875ecd58e2e,2026-03-05T00:00:00,delivered,6.62
9dd76db2-4157-4bc1-9c5f-2c0b79fde190,c16948c2abc51af80a151392f718e895,2026-05-05T00:00:00,returned,2234.52
918929ec-8302-498a-aa92-4d9b4adc92e0,04f621df77702e8f5e8fb25c81c5bf5c,2026-06-28T00:00:00,delivered,232.61
b6f681a7-c294-4aad-8ce9-dc27b79305bd,9d62781deeb1060adc0f47a86d4a2ef3,2026-06-09T00:00:00,delivered,796.43
ad84921d-b82d-4d1c-b0e6-5b308e2ae060,81814a8a85ef3b0cace32bf039a7a31c,2026-06-12T00:00:00,delayed,190.26
78831950-8bfc-4b66-b9c9-0cf0fb505b30,27a53659b6216c57d106d48be0c50264,2026-07-16T00:00:00,delayed,473.13
c42b1c17-6998-40f8-9f18-925d4847c848,5319364c457e14aa56350c44d314bff3,2026-04-12T00:00:00,delivered,61.49
fe2cca91-092f-46d6-9d3a-feb303582abb,91b06e7f118797fea3e4fdf5b9432d7d,2026-07-17T00:00:00,delivered,469.04
b787ca1a-d853-4755-89bc-eccfb72fc89b,0b48151c4ac827afeee06ce2d77cc343,2026-06-29T00:00:00,delivered,1499.98
791f456b-173d-4b71-a744-dde7be6127c7,f72d1ee92d55688d07ca88506300715e,2026-06-14T00:00:00,delivered,241.8
ec1e8cff-1eb8-4666-b4b5-9860f239dfb6,5a3ee05d197e24b7bafaac3e2cbc7e55,2026-07-12T00:00:00,delivered,358.24
4f6e1f49-1db1-4030-aa48-072e18129c2b,decc46797b7d5c2c0146cc3e93720aaa,2026-06-06T00:00:00,delivered,1522.19
b360a5ff-f3c3-4998-b7c4-1370ac8f43c5,5a3ee05d197e24b7bafaac3e2cbc7e55,2026-06-29T00:00:00,cancelled,437.23
b4ef8924-4333-43a3-9467-efaa28b37db0,ced1416fc6e0276033a69ead27de0ccc,2026-06-24T00:00:00,delivered,446.09
199231f5-92e9-4ba0-871f-b0c769790c9e,0788a5e2db8d16e610407f3ee826b813,2026-06-17T00:00:00,shipped,152.83
af5340be-f560-401d-ac2f-22b0870c3c10,0b48151c4ac827afeee06ce2d77cc343,2026-07-16T00:00:00,delivered,369.64
b383d03c-688c-4466-b849-2df1ee5137e9,0f0a9438a8f4fb6f9fd50c0df502ae0c,2026-06-17T00:00:00,delivered,247.32
9ddceec6-8b32-4d00-a1d7-47206ff979a5,1717cd357c7bbb3158e701005cf8e50b,2026-06-28T00:00:00,delivered,428.35
c6ce3ad1-047b-4749-84ef-1ba9cb7fff90,0788a5e2db8d16e610407f3ee826b813,2026-06-11T00:00:00,delivered,160.94
c93c8117-442a-4104-afdd-3758dc55f53f,467bf79ce2396e5892760388eae4fcce,2026-02-01T00:00:00,delivered,729.47
3477415e-0ae9-456b-9823-27b1aabedd57,0788a5e2db8d16e610407f3ee826b813,2026-07-15T00:00:00,delivered,607.74
b5fe000f-2659-4e92-bbe7-4c711ad0c344,79066fb583868e4fdd17fc83a96db5e8,2026-06-08T00:00:00,delivered,83.98
79ec112d-5863-48f3-a753-26a629c16e72,4071d48a2d0d0bf179c06fc42b962e1f,2026-07-09T00:00:00,cancelled,244.28
54e97495-19b3-414a-9961-d4d7fefb3b26,ebf40c0db4fe06ddd15a7a44238c986e,2026-06-25T00:00:00,delivered,1546.63
4e95dcd2-501a-4fab-bd31-3f838b9306b1,11ad985b033c153deec8400ea60810d3,2026-06-26T00:00:00,delivered,274.32
bf1e8c6b-5085-4f32-b1c4-7fe3aa6a232d,c2e9a50bcf76b5783bc96f906f95bceb,2026-06-09T00:00:00,delivered,446.67
7aac863a-8906-469a-ab2f-65c2232073c1,caf8cfa0ac3ff60facda076545837647,2026-06-11T00:00:00,shipped,1003.63
924330b0-5ebc-4525-8437-c859e60e5645,df2162a9aaf73bf42e812408330969a0,2026-06-01T00:00:00,delivered,204.3
c701274f-bc1c-41f7-9f3a-74cc8e9da66f,75ecead8782ef6730e1f7e51f7052f75,2026-06-10T00:00:00,delivered,385.14
71e01182-b4e4-4cd2-bfcc-fd343b3327ec,040641ad9a73250e1362678a81db1b9b,2026-06-24T00:00:00,delivered,374.37
1fe14497-fed9-4bbe-83ad-48a33b768db2,873b6512a80d4ccc7ec1ad735ab81a81,2026-06-28T00:00:00,delivered,798.52
e71c5acf-78a6-4dce-9ff2-8fcd955920a9,da5541262d0f00a6d57572f3aa1af41a,2026-07-13T00:00:00,delivered,170.72
6b81c6cd-bb52-4c24-8c5c-5fc0c1d659b5,4cc24e44f98ce556d647948ae2d27cc9,2026-06-19T00:00:00,delivered,171.24
a7eb70b8-2a13-4125-8f32-a93173397416,d3b1ea21e85de5679eb875b8a3a9dd4c,2026-07-10T00:00:00,cancelled,552.06
732ec4d5-3c91-44de-b973-5dd9e0ffee99,e94f497b64b4c843216126feedb1dfae,2026-06-27T00:00:00,returned,304.27
c7976102-54ac-4d18-834e-f1fc6801c2f7,76464fcf73d60dc8e2166448bd23a1bb,2026-07-07T00:00:00,delivered,344.44
ac02a5f9-3ed7-4c4f-a804-cad9b4c67413,67b05b597a66b5c449025000b9430abb,2026-07-12T00:00:00,shipped,954.22
cb7b3e97-2137-446b-986e-baa415cdc309,7982a126838b4905453367b0dacf075c,2026-07-16T00:00:00,delivered,332.63
db23e54f-6132-42bd-8406-78ca69e5cf89,5a3ee05d197e24b7bafaac3e2cbc7e55,2026-06-28T00:00:00,returned,810.55
1d3b8568-1df0-48bd-8ba8-df9c3e21a8fb,5a3ee05d197e24b7bafaac3e2cbc7e55,2026-06-21T00:00:00,delivered,773.4
786f649e-af3d-456a-b87f-785eeb8e89a0,6056d31a9cf9cf98ea9de7ef86cf4f5d,2026-07-15T00:00:00,cancelled,309.02
01de20f9-0a51-44ec-867e-8728d14fe313,d3882d7abd0c66064d740d7ed04dd1ef,2026-07-03T00:00:00,delivered,585.9
dcb6bf56-e1ef-465a-8662-06bdbe0f2e10,89e3027de49c3012858cfeb7f5a34f59,2026-07-10T00:00:00,cancelled,1330.71
bb2638be-634f-4bc8-9c53-b313f684e92f,bfb5363db41e6d47d3f16a1ba3e880ab,2026-01-04T00:00:00,delivered,177.93
7779af25-41a9-4e7e-a2a8-c5fb37f75a7c,4a362420541051d3d4055a777681ccbe,2026-07-07T00:00:00,shipped,656.87
7be4221c-a942-485d-ba1b-31aa9e559009,b6e99561fe6f34a55b0b7da92f8ed775,2026-07-05T00:00:00,delayed,376.51
42270249-034a-4fbe-a6b1-96cdacfb484d,89e3027de49c3012858cfeb7f5a34f59,2026-07-15T00:00:00,delivered,188.46
0398001c-4125-4128-be3e-7bf7ea5d844d,be2cff6c84f1683300337ecd499992e0,2026-06-22T00:00:00,delivered,266.31
d868bf94-f27a-421b-8568-73346b66fab1,51c79069e6b841c2dcda39aadd3180cb,2026-07-09T00:00:00,delivered,448.73
2a754dd5-aa2e-4a6d-a319-4c315936c0ce,e89b05b0bb32e1d5065217c753a174d0,2023-06-25T00:00:00,delivered,1538.11
53bf6fec-a1ac-4198-a97f-54e04bc7c23a,1098d1250d5bdf8bfc6a83f26494067c,2026-06-21T00:00:00,delivered,70.55
4f1ec5a8-60f7-40df-8a1c-c10b2559158c,861eff4711a542e4b93843c6dd7febb0,2026-06-28T00:00:00,delivered,435.32
d6f4fc85-1708-42fa-a55f-936942eb4ebc,9e4cec36a7f9294540b39950eade4190,2026-07-11T00:00:00,cancelled,232.96
4eb443b3-a63b-4bdf-9b92-1b2add4f4216,717aa48025662fcf27ddebbecc5f782b,2026-05-01T00:00:00,delivered,216.57
d1e31338-32de-4bac-9fef-a6c6f4f0b01f,b7cb5cfc7e208d22aa17ef640f487d7a,2026-03-13T00:00:00,delivered,136.61
f759bffc-0c4e-4a9f-b2b1-141dbeab81ca,6e9c6c2120611104445c767b78377d21,2026-07-07T00:00:00,delivered,93.28
b12b0e90-5e1e-4d35-8342-d37c4a178b4d,e65a6776046796b39fe251f71b6abd6f,2026-06-28T00:00:00,delivered,405.32
ee76aada-b001-4afd-8d2a-ea7e5596deda,d491a65a6ef3c04e145d37395996bad7,2026-07-15T00:00:00,delivered,440.82
ab9f7b8c-1a2a-45ee-9cd6-6ef12e3cdf6b,5a4a5f760f4e24691ad78a7f84bbe608,2026-06-27T00:00:00,delivered,998.0
27b14173-b55a-427d-9cff-be3bfecb25e5,38e31fda99a5fb901d27134d18d36c75,2026-07-08T00:00:00,cancelled,197.45
3b5387e7-0675-4606-a076-6207311b2027,9ccbb5f759db041b2db8359d71c0547f,2026-07-03T00:00:00,cancelled,458.19
d35be325-7eb6-4ac4-b865-35c1ef5eb3cb,df2162a9aaf73bf42e812408330969a0,2026-04-25T00:00:00,delivered,370.37
c6e1d236-133e-43b5-8024-f71eaf77378c,97ffc2a068683682cd75484bdb8df6fb,2026-06-09T00:00:00,returned,262.0
cfeaf276-f6de-4d46-8046-e231bf3b99a5,424aca6872c5bab80780a8dec03b7516,2026-06-05T00:00:00,returned,515.79
84218da0-9b98-4cd8-9efd-0235e0f0374a,34d93be3a57e6f8bba423d9064cda7c8,2026-05-24T00:00:00,delivered,209.99
6bf347bd-1f81-463f-8aee-e389f92b88b7,0d77d20b2c7c92602b0c4ec4fe5997af,2026-06-27T00:00:00,delivered,311.01
c0c5e373-1b68-42ca-bd3a-838a0a74b84f,073a0317f213dc51964b6f8d3344c592,2026-06-19T00:00:00,returned,227.32
4cff57b4-563a-4e5b-bf3c-91e6c0bd45c8,8c8b21e9534948db376200dd8de97c98,2026-07-10T00:00:00,returned,977.75
d08a1736-d0bd-4681-bc04-a9a193462447,fdcf4139f50f370c91e8b8f33adde2a6,2026-06-30T00:00:00,delivered,13.73
7f2dd499-91b9-4789-b9d3-ffcbb4765e84,75ecead8782ef6730e1f7e51f7052f75,2026-07-03T00:00:00,delivered,307.15
d25683a7-efd8-47de-9eb3-ef811bc7be18,acd046ff2c7ad6d4b091883063c93ff6,2026-05-16T00:00:00,cancelled,301.96
81254d2e-ded4-4a64-8c13-b28408d6332f,5ece49e012285b9003d084a4ea8a9c94,2026-07-07T00:00:00,delivered,41.76
dd4ce3b2-34bd-42ac-a057-0ab22719cd8e,1c7fae8db20821423f3155642caad457,2026-07-02T00:00:00,delivered,1747.38
ed8b3850-9dcc-4780-a485-657b2ed83be9,5a3ee05d197e24b7bafaac3e2cbc7e55,2026-07-17T00:00:00,delivered,2588.18
e07a96de-974c-421b-a3b5-e41244d5657a,1098d1250d5bdf8bfc6a83f26494067c,2026-07-12T00:00:00,delivered,1244.85
d1875628-a482-47e7-9917-9d8bd2183f06,02a6a137ef7fe2414c9e14fc4d060790,2026-07-02T00:00:00,delivered,536.44
878d63d8-fb10-48a8-9ace-a628e36a66a2,5a3ee05d197e24b7bafaac3e2cbc7e55,2026-06-25T00:00:00,delivered,335.2
a1e803d6-988b-49ab-abd7-3d4b100f642c,a7a0990a0bc15359977148c0d41bd277,2026-07-02T00:00:00,returned,417.56
846d2d28-048f-4e14-9a84-e2a3c6694a67,318a8173e6ffb6811284913d9e25bae9,2026-06-27T00:00:00,delivered,320.45
551cc89c-60c3-4bdd-a8be-55ad62facdc5,21d91fc3e9c980a0978dad2e6126fe5d,2026-06-03T00:00:00,delivered,1037.91
b121dd9c-0be0-46c6-9ad4-b49110adf209,67b05b597a66b5c449025000b9430abb,2026-06-30T00:00:00,returned,76.36
e39b39c6-a447-4ced-93de-b7a9f09ff57b,9751244bd65fd1f1166ab7f3e10a31ab,2026-06-14T00:00:00,delivered,222.66
0e7815b7-90c8-4aca-b53c-6b37d9de7857,6e9c6c2120611104445c767b78377d21,2026-06-07T00:00:00,delayed,497.87
0b041d6a-ce98-4396-9c8c-7c3074a42dae,bcecc0dacf83b048a31ed8e3c3d928b2,2026-07-14T00:00:00,cancelled,10.52
ae5ebb09-8170-4ea2-bfe8-0de475102cb0,4bac35931842898ef246fe185e61f7b3,2026-07-02T00:00:00,delivered,417.95
d959febd-bc38-4bbc-8b2c-c94174631cde,f0fe4ee68e4a03068e981e6481bb9e1e,2026-07-09T00:00:00,delivered,1063.97
40f85c6b-73a6-4656-b4e1-9ce42af44256,8ac4ecbdab8d119d46ccff5adaf3db15,2026-07-15T00:00:00,delivered,287.04
f42af2d1-37e6-400f-a0c2-42cfee3e897f,38e31fda99a5fb901d27134d18d36c75,2026-07-15T00:00:00,delivered,340.61
d0bafab8-018f-404e-b13b-81825d209270,5a3ee05d197e24b7bafaac3e2cbc7e55,2026-07-03T00:00:00,delivered,198.29
2bae5b17-b170-4d75-ac6a-dade63535071,5a3ee05d197e24b7bafaac3e2cbc7e55,2026-07-17T00:00:00,delivered,23.83
f50f9767-7fec-4abd-b07a-b80d35e7cda6,5a3ee05d197e24b7bafaac3e2cbc7e55,2026-07-07T00:00:00,returned,732.72
6ea1e1ed-fd9d-4eaa-ae62-855bb71273c0,97dc91f9e896442f6ac9650bb2a9b594,2026-07-14T00:00:00,delivered,1085.85
012b1a64-ba63-4e47-8c09-263015355334,5a3ee05d197e24b7bafaac3e2cbc7e55,2026-07-02T00:00:00,delivered,431.95
c63bbd51-43a7-4e1f-8d9b-3735e3643cf0,f5956e481edfe26b2a8a8035f0ccfea8,2026-06-29T00:00:00,delivered,1433.31
c3c7d86f-6a35-4f96-b98e-e3c01bfdc940,fa7b428394b88f4f3e244cd84163e81d,2026-06-18T00:00:00,delivered,390.76
e0e0e031-2015-41d7-82f0-465f77b50685,a8fd074b27a3bcbb16deba85b778900f,2026-07-16T00:00:00,delivered,1528.7
0e1e4b78-ac4e-40da-88de-98c57a7119af,5a3ee05d197e24b7bafaac3e2cbc7e55,2026-06-19T00:00:00,delivered,3030.15
c2e46eaa-0ca1-4571-bbf9-17ca0a57f2d3,55954d0157e12e3284be75bcf04dc088,2026-07-15T00:00:00,delivered,946.28
fa3f6871-47a4-46a6-b556-22bd7512e1ef,317a5bc8cf58c4401e221c74d7a51982,2026-06-23T00:00:00,returned,224.91
331475ae-b3cd-4c9c-8a36-09401ce7bdd9,92d6a6df2cf2d6e2fa89dc1d28164c98,2026-04-18T00:00:00,returned,88.17
13476771-31ea-4ab7-a6e3-98edd67770a7,c107527184a9e9f426fc5a3e89cfb7e1,2026-06-16T00:00:00,delivered,310.42
844b887d-d971-4238-9f26-545fad49acf2,d3a5fa065a68c1f357e6d8f4385938ee,2026-03-12T00:00:00,returned,1066.71
4417f73a-d9ae-43ea-8ad4-29532a275397,5a3ee05d197e24b7bafaac3e2cbc7e55,2026-07-03T00:00:00,delivered,72.49
7042e23b-6177-4174-96a1-a935075b7557,5a3ee05d197e24b7bafaac3e2cbc7e55,2026-06-27T00:00:00,delayed,565.97
feaeb0e7-bd12-4ddc-ac65-cd3a7e072e65,c63c0b1ccd9e3a6c8ddd1a52c4ede43d,2026-07-15T00:00:00,delivered,119.21
5605b28a-5542-473f-9f59-ebc9b3bd09b3,e94f497b64b4c843216126feedb1dfae,2026-07-10T00:00:00,shipped,142.81
ac549685-4727-4bfd-a407-d983ee6e1e8e,e94f497b64b4c843216126feedb1dfae,2026-06-30T00:00:00,delivered,288.24
f47ca1a5-9fd7-4a83-aebf-7fa06dc5db86,af4d3cd0b29b208c971ff6ad78b41b79,2026-06-27T00:00:00,delivered,420.17
69eb9465-78b1-4f83-8516-0e2682478aa8,d20f34444ce44ca683d46e9da98456e1,2026-06-09T00:00:00,delayed,151.47
dbcafba2-e278-4523-8cfb-20dca1dff46d,8022c80273671be26b6ba3f15e194e8a,2026-07-15T00:00:00,shipped,716.74
decb2b0b-065a-4f13-bb1a-786749851d80,3321a75303831a580b0973bbf54900da,2026-07-13T00:00:00,delivered,402.21
a0e2844e-9784-4fae-963e-2806f7578795,01726e5d6a88d1a8dffd9578872ce54e,2026-06-25T00:00:00,delivered,91.91
cc830669-68c9-4776-86c3-ec63a7638f7e,c1aa08ee7ec027f1a2523bce7c841723,2026-07-15T00:00:00,shipped,618.88
b672e721-95aa-4704-981c-7ec509d9e8ee,9cf09239ed6ade14a7a589a75c3e0706,2025-10-12T00:00:00,delivered,64.46
c3901095-8495-4445-a98f-7eca1f38636b,a1d02d8e96f1691603036bfcad4df844,2026-07-04T00:00:00,delivered,144.3
ccbaa0eb-c1fa-41fd-8811-79a55a727fb5,caf8cfa0ac3ff60facda076545837647,2026-06-11T00:00:00,delivered,437.25
e5567a31-ee0f-4b77-9723-75912e0c1c3a,5a3ee05d197e24b7bafaac3e2cbc7e55,2026-07-06T00:00:00,delivered,301.77
ae5331ac-415c-4369-820f-cce76ba93a8e,1964f2b215ebb68671d893438e974b0c,2026-06-27T00:00:00,delivered,82.36
f0388919-522a-48a0-966d-b66713031327,5212c50e79fe1349b9894f6508b401d8,2026-06-20T00:00:00,delivered,281.26
65c3a581-edb3-4c32-a970-a8eb322333a3,5a3ee05d197e24b7bafaac3e2cbc7e55,2026-06-23T00:00:00,delivered,292.04
6a179261-c2ff-4eb3-9209-03a3a711f710,c85df1c6ef6f7bb605e1c49d34f172ee,2026-07-05T00:00:00,delivered,397.69
a3d6aade-45dc-4af6-a9be-bf80fddfc828,97dc91f9e896442f6ac9650bb2a9b594,2026-06-23T00:00:00,delivered,154.75
592b9d97-696a-4a1b-97d5-f65ac19f2e88,873b6512a80d4ccc7ec1ad735ab81a81,2026-07-06T00:00:00,delivered,595.01
19981ebf-fac6-4410-be56-5ebdef40fc1c,d3b1ea21e85de5679eb875b8a3a9dd4c,2026-07-13T00:00:00,shipped,438.6
d7f126c2-e86a-43b0-a1ff-0b8596dd4240,5a3ee05d197e24b7bafaac3e2cbc7e55,2026-06-27T00:00:00,delivered,38.91
f12dab91-9748-4a04-a3d5-6216495e8311,4b0cbf5ea22869c5ea269442f9b849e7,2026-06-25T00:00:00,delivered,846.33
7b9ee943-d9ea-481b-8bc6-be181fccc1ba,e94f497b64b4c843216126feedb1dfae,2026-07-13T00:00:00,delivered,604.34
aace0a59-f888-49ee-bab1-f88ad650165d,57e5587a5f1c3fcf65dff88c6d088cef,2026-07-08T00:00:00,delivered,499.57
50feea37-d4f0-4ce8-a805-a620c6c5003b,e44a59cd3178714eaf095face6112af5,2026-07-13T00:00:00,delivered,2045.3
f74db90d-fa4e-4738-b748-9806a05d2379,796af4fac93296428070925a8a78aaa1,2026-07-09T00:00:00,delivered,326.4
145093ba-9780-4ff4-86e8-03ed5be9ded5,caf8cfa0ac3ff60facda076545837647,2026-07-08T00:00:00,delivered,269.21
f09ea238-f33e-48f6-92ce-dc0bcfeba351,0b3ea22a9c32f9c1ef2684e5c981e9ea,2026-07-06T00:00:00,shipped,608.62
3cded88e-6432-4625-8b8e-2f553230e667,9d62781deeb1060adc0f47a86d4a2ef3,2026-06-30T00:00:00,shipped,457.79
d1c717b7-d8b9-448c-a4d3-5ee38f57eadf,5a3ee05d197e24b7bafaac3e2cbc7e55,2026-06-23T00:00:00,delayed,830.44
0f164958-c18c-48c1-bbac-9fe968b1fa43,34c6f984b590bbfe3d4d6c76007c0b1c,2026-06-06T00:00:00,delivered,253.08
cefec4b2-5603-4209-901c-62561477bcf5,4b0cbf5ea22869c5ea269442f9b849e7,2026-05-26T00:00:00,delivered,466.26
771beacc-abba-46c3-b418-146fada815f2,29c059c81f62aa098e896ddd7fbc5c32,2026-05-30T00:00:00,delivered,11.27
204793d8-40f8-4ed7-8759-97a12322d002,2274251ce58a8304f8e9b8380db47018,2026-06-27T00:00:00,returned,338.68
b5f91a92-dd0f-441d-9fa7-63619897b466,55d8e264560be17cdd7eb91a613d887a,2026-06-18T00:00:00,delivered,37.69
569faf41-13f9-4b61-be6b-094ec8c83e2f,317a5bc8cf58c4401e221c74d7a51982,2026-06-29T00:00:00,delivered,318.35
8a3bf419-307d-49d8-9235-f7d4730ee9d0,2e9399fc2fe209771a6f719e14bdb6fe,2026-06-02T00:00:00,delivered,1862.89
dcb6a7a3-7692-436f-a745-d2f1420a3026,5a3ee05d197e24b7bafaac3e2cbc7e55,2026-06-24T00:00:00,delivered,235.12
4f9f3330-d5a0-46f7-9c8f-b3daf688321c,8c3ff6ad9360189ef57d625d044d7c19,2026-07-04T00:00:00,delivered,276.36
b93fb0ec-0c35-47e8-8290-9aaf15b1c71a,5a3ee05d197e24b7bafaac3e2cbc7e55,2026-06-30T00:00:00,delivered,584.43
6ab64862-58bc-4a2e-a1ba-a0f39c4d2560,f7c7677be77763b1b2cf982a5e67fa61,2026-06-25T00:00:00,returned,334.07
e7aaf5b2-97be-421c-801c-66c899af3996,ad076f69fe41e2f2e356025bf2751920,2026-07-07T00:00:00,delayed,348.0
38edfd0b-9386-45c5-88bc-dc7dcf78069a,de5b15b5269883dea3cf95f30cf7fece,2026-06-17T00:00:00,delivered,179.46
bbf627dd-e51b-4824-956d-4a6ed8c76f92,75ecead8782ef6730e1f7e51f7052f75,2026-07-01T00:00:00,returned,408.19
87835adf-4c07-4e79-b1cf-a9313164880d,1098d1250d5bdf8bfc6a83f26494067c,2026-06-19T00:00:00,shipped,165.67
1aefa24f-557e-4ff9-80d1-2e6dd2deba18,7e84b1ab0353bcbe0b4db3b963de31ee,2026-07-03T00:00:00,delivered,1631.43
f2c6c2d6-b1fc-48e6-982e-e8d09aa31e91,f054e8c1cbcf5e89ddd9b615c349936b,2026-07-07T00:00:00,delivered,329.37
5e0c65c5-461f-4326-b0aa-d8a05f55dd95,5a3ee05d197e24b7bafaac3e2cbc7e55,2026-07-09T00:00:00,delivered,389.99
a49ddbba-9729-4c61-9ba1-660436c45dc3,ef6b4c0581dbf34e6eb5e33e0094c445,2026-07-12T00:00:00,delivered,430.04
03cc8280-5829-4027-8033-97cea3c346c6,91ec50a00ae74d0a229d2efdf4344e1e,2026-06-30T00:00:00,delayed,968.66
e5946a75-0c24-4b7c-92a9-81f62b1814d9,d36fc675519adcbd1e824cabc25bda07,2026-07-15T00:00:00,shipped,1879.25
b83e2ce3-8c42-4638-9f4a-623f8f4b7bba,42398dee8f2098eec5579129cc1a6f5e,2026-07-05T00:00:00,delivered,272.54
ebed976a-4315-4c16-adde-fb89a1c9e996,5a3ee05d197e24b7bafaac3e2cbc7e55,2026-06-27T00:00:00,delivered,239.26
7469022b-1681-4dc1-b340-01b4318c3f50,ced43e4c9c807745b25ad6c5d519859e,2026-05-11T00:00:00,delivered,2513.15
df1a460b-7950-4d10-9d6e-d3c293a5014c,b4ee22e08cdaeab0b8e6bf2e67d7c19b,2026-03-30T00:00:00,shipped,238.0
ec7168ac-0172-41ce-bb25-774d976717e6,5a3ee05d197e24b7bafaac3e2cbc7e55,2026-06-21T00:00:00,delayed,156.48
4061c825-bc8a-4e77-97bf-e0fd7bd9ca41,587b326ba3bf8aa4d3e50fb1f38ea79f,2026-07-10T00:00:00,cancelled,516.57
50692505-e2fb-4535-a873-4e12927a7697,082f8d0d83744f4fa435269cf705a07c,2026-07-06T00:00:00,delivered,249.42
b97c2bd4-7002-4a24-a809-e335d628b720,5abaf8290581633718e3ad75f2400643,2026-05-17T00:00:00,cancelled,240.96
5bd0d695-a35c-4367-8342-4dd74e680454,513f44fd9ef4992cdf77e9b60dd986af,2026-07-16T00:00:00,shipped,289.29
c09967a7-2b7f-4173-b70b-55260d0133f0,5aa54d66adf169b992129dd4456b048a,2026-07-15T00:00:00,returned,410.04
bc575cc7-9911-4f16-b30d-c29c62869f34,0b48151c4ac827afeee06ce2d77cc343,2026-06-24T00:00:00,returned,437.23
9955ddf4-3b0a-489e-b107-82d13b987c2c,d6bb892fd2920399b89ddd97e887611e,2026-07-12T00:00:00,shipped,666.59
46d84b00-8fca-4c2d-a140-39e80ae9bff0,ce590a0c44295fc160eca2f1791f37e9,2026-07-10T00:00:00,delivered,249.35
67a866ac-6c43-4162-b861-6dc543e4c4d6,5a3ee05d197e24b7bafaac3e2cbc7e55,2026-07-03T00:00:00,delivered,195.87
2f03691f-2375-4d40-abe4-23a0e98b3675,2734e0cdd8354610f50b29876b01fc97,2026-07-08T00:00:00,delivered,686.82
b102ff9c-0c6d-47cf-a957-4c8fddc763b4,1fca9e6bc55b17b765c10d62eff1bee7,2026-06-22T00:00:00,delivered,522.5
de13c417-19f3-4cb9-b1c5-97026be452d7,4cc24e44f98ce556d647948ae2d27cc9,2026-06-29T00:00:00,delivered,250.22
b99f2162-91bd-4cf5-9ac8-fe4dd2594f6a,1291474366a550ebc251d9187e763d62,2026-07-04T00:00:00,delivered,411.1
877d85c0-e9b3-4764-beca-943d0acc1a70,51e96af5f0314b37ecdc524b4c44c06a,2026-07-08T00:00:00,delivered,478.59
9a1a8aa0-9e35-4c30-ae25-a73c1a874d67,1004c2882ad356c7e8532c14f1b08e63,2026-07-08T00:00:00,delivered,478.06
b1e40a63-faaf-4abb-93e0-4fe164c567b5,fe947af6540d580b9703d0332d04f0e3,2026-07-07T00:00:00,delivered,283.1
a2b3b6f9-8d11-4a54-9147-e6ce0c586bfb,755bdc2822a8f01cfcec19ae4dcaae66,2026-06-27T00:00:00,delivered,611.21
e69a2f27-0850-4b86-8ba1-2897788fa7b5,75a9e81466dbc644796740cc49bfe8d3,2026-06-22T00:00:00,delayed,764.33
787ab81f-57f1-466d-a020-8be39c59816b,5a3ee05d197e24b7bafaac3e2cbc7e55,2026-07-05T00:00:00,delivered,1070.05
a51e4704-d303-421e-b552-2b8a92ee5069,e94f497b64b4c843216126feedb1dfae,2026-06-26T00:00:00,delivered,355.04
612f6adb-6b49-4746-a150-3c6a7cdff583,54ff1465fc605abd6e3df3b2d283e153,2026-06-11T00:00:00,delivered,590.77
28302584-5090-4908-bc46-ef333a7980a9,f9cf4bd5f758bdbcb0f8397c6bd49d3c,2026-07-10T00:00:00,delivered,1092.62
f72ffafd-6a2b-4ea6-bb00-db77c3930c7b,212c759d8c4f2d4d9d6fd4c7de0afbb3,2026-07-05T00:00:00,delivered,483.74
c649679a-e414-456d-9a7b-f06dfb053a87,5a3ee05d197e24b7bafaac3e2cbc7e55,2026-07-03T00:00:00,delivered,386.87
ce329e70-85a6-4def-b5e8-c5a18dfc6936,caf8cfa0ac3ff60facda076545837647,2026-07-01T00:00:00,delivered,614.56
6c9711ca-3285-416e-a696-c401fb8577bf,49eb3e27a6fc361609658d710948cef7,2026-07-11T00:00:00,delivered,342.9
ab60a6e3-1847-4376-8d48-768a726a9a9e,cb19b98e488b470bdced6f88a32033cd,2026-06-25T00:00:00,delivered,539.65
de2c7111-e8df-468f-88e8-2672eaa596f1,5a3ee05d197e24b7bafaac3e2cbc7e55,2026-07-04T00:00:00,delivered,260.3
d966843c-619f-459a-ae16-7adc288c388e,816a9d13b0b4a4c4b7c1015ba08deff1,2026-07-11T00:00:00,delivered,1223.0
ca7dce1a-b172-4142-a90c-be9f801dce01,5a3ee05d197e24b7bafaac3e2cbc7e55,2026-07-07T00:00:00,delivered,455.27
6da844c4-7381-4857-a510-f80c57ae7d1d,ef94ab37c9e865083fb1916862c23fd2,2026-05-17T00:00:00,cancelled,506.4
802079d8-5f7e-4f00-b5aa-f88f8345c950,7236dee958fe8db7b71ae8858c07640e,2026-05-21T00:00:00,delivered,2279.83
2cadc6b9-e1e3-4c3e-a90f-c9794c3ccb82,035b9e2e22e07827ab0ca933ad55f89a,2026-06-27T00:00:00,delivered,171.09
53869763-743f-4b41-8933-37636ea8ad14,0b261bf4d7968521faf1b2178930087b,2026-06-15T00:00:00,delivered,494.51
7479e3c5-90d5-4b6a-ab34-c81efaf71628,4be1583defacacfea129170626a62569,2026-06-14T00:00:00,delivered,317.9
444569aa-7ee5-4334-a8d4-6f307b890bd7,f75da962fb4ddac1569e90c21803c455,2026-07-01T00:00:00,delayed,294.65
e68dfee5-c122-4e3a-88ea-e3d6412b37f6,9852ae41cc160b7df4017c45373187fc,2026-06-13T00:00:00,cancelled,85.26
f48273c4-1195-48a0-b60f-b4bf8d805642,ad1ba362b0121447945a47fe07fef188,2026-07-01T00:00:00,delivered,240.67
b15a7c56-de68-4867-a345-deb5339f71b1,b5be7a62bae2b8f3b867d2e9ba629a59,2023-09-06T00:00:00,delivered,223.44
81c8e4c3-0448-4cc0-afaf-326abe40e6b1,8d46223c91cbeb93e0930ca8bd8ffca2,2026-06-09T00:00:00,delivered,410.51
7a773368-231b-4965-aa24-dcb16888894d,05c567475380140907b9ca53ba1dcfeb,2026-06-29T00:00:00,delivered,339.97
2960c387-000e-4760-891b-2413504f54ca,5abaf8290581633718e3ad75f2400643,2026-03-13T00:00:00,delayed,1369.3
c570a288-33f7-405f-ae8c-f5dd6220dba2,1130878bf821f0b682431f513494c5f4,2026-06-26T00:00:00,shipped,100.77
ad42e587-d6c8-4e33-aeb7-082dd6d7eb53,6b0c568efa39d9923961096ab40d3ed9,2026-06-29T00:00:00,delivered,30.1
003c3c24-f313-41c6-874e-634f71bddcd9,9e4cec36a7f9294540b39950eade4190,2026-06-27T00:00:00,delivered,87.35
ae75557a-4a27-4739-b760-fa5f62c71327,f054e8c1cbcf5e89ddd9b615c349936b,2026-06-22T00:00:00,delivered,110.92
26ecc4c0-a693-4cc7-9600-560eba78fe67,0228e299d1cabeaf9be64b5ccd784c97,2026-05-20T00:00:00,delivered,1045.72
adc464a2-810e-4ffb-a75e-d24a5d20b440,0b48151c4ac827afeee06ce2d77cc343,2026-07-05T00:00:00,delivered,857.37
e915e474-36a0-4730-93bd-fcd3c3feff6a,5a3ee05d197e24b7bafaac3e2cbc7e55,2026-06-22T00:00:00,delivered,535.68
accc40a4-5cca-4d02-835c-11fef51eaa8c,1098d1250d5bdf8bfc6a83f26494067c,2026-06-28T00:00:00,delivered,248.38
5b7ccbd6-5db9-4ac9-81d7-b0a92bbf0290,caf8cfa0ac3ff60facda076545837647,2026-06-28T00:00:00,delivered,1143.17
91494c3e-ca29-4075-a435-3b6a7f58f824,f12cfa9263ca5dd51027f902d1d05321,2026-07-12T00:00:00,delivered,517.34
856823ac-49a7-4f24-af41-c05ba4793e32,309ad0882e18729b77dbe9b6bdbb2165,2026-07-14T00:00:00,cancelled,1160.01
12b56c40-915d-4af3-ad86-9520e5771f9c,035b9e2e22e07827ab0ca933ad55f89a,2026-07-14T00:00:00,cancelled,343.11
71cd98be-d67f-4062-9465-a95f6da11e96,fe947af6540d580b9703d0332d04f0e3,2026-06-27T00:00:00,returned,1236.78
f3b68cc5-f751-48d6-8f50-5aded33715ab,589ee29a3decf9bd5cd8492da02efb2e,2026-07-10T00:00:00,delivered,2170.03
43ff4832-175c-496d-8ab6-b9315d11650c,6b4317e342a438c1285889fda1eac3fa,2026-06-26T00:00:00,delivered,386.77
32aa60c0-532f-4ad4-84a8-a4c8af246c3e,0f6371fc9c2e78818a6e7aa33022a506,2026-07-05T00:00:00,returned,1485.27
e5870f1f-bf48-422f-8355-ef76d8d86c78,b1338d6f97d1fba0fa7b1467fdc93fd0,2026-06-30T00:00:00,delivered,1834.69
f946cbcd-9a20-4c05-9a01-786c8544c0d7,fbb97973142894c3265d06e676820c5a,2026-06-26T00:00:00,delivered,281.3
b7210da6-1126-4b8b-8e4a-b60d899a4237,d3b1ea21e85de5679eb875b8a3a9dd4c,2026-06-28T00:00:00,delivered,920.29
a32c108d-f94d-47e7-88de-491afc525d65,ce73225aa1032f1a5e45f533b948bf8e,2026-04-27T00:00:00,delivered,799.93
8f9353d2-b871-4d80-8878-1a49e6b7a042,5a3ee05d197e24b7bafaac3e2cbc7e55,2026-06-21T00:00:00,delivered,237.92
833d9962-a930-4672-a153-5a6c88e92c3b,5a3ee05d197e24b7bafaac3e2cbc7e55,2026-06-28T00:00:00,delayed,2008.25
0c0762ca-d5c0-47f6-a71e-5532bb1ccb0d,5a3ee05d197e24b7bafaac3e2cbc7e55,2026-06-28T00:00:00,delivered,48.16
7c0d3bdd-680a-4e5e-842a-a2798141e6be,886fa36372fc4428557e3352f37ffc55,2026-07-15T00:00:00,delivered,201.65
4d4758d8-f49f-4493-9423-4fe797d64bee,b9fe8c4b5fbad9389aa5f425561a2786,2026-06-24T00:00:00,delivered,682.96
996e4221-5b2e-4656-b32b-23aa7ec247b9,1175e95fb47ddff9de6b2b06188f7e0d,2026-06-20T00:00:00,returned,413.32
7f7eaf63-6cc5-4370-90ab-050e701aca8c,3fc63a1cff1beeaf62fff26f695de143,2026-07-11T00:00:00,cancelled,398.55
cf6903d7-5a73-4f29-9174-55e862fcdb56,cb3766a52eaee82451ef56d6f12b9fb0,2026-06-19T00:00:00,cancelled,532.21
e81dd797-6060-42cf-8860-a22fd76b8055,c85df1c6ef6f7bb605e1c49d34f172ee,2026-07-09T00:00:00,returned,199.52
e67eaae8-9570-4332-9e23-7badda60e303,544d0f13064dc42b8f6957cf43fa5cad,2026-06-17T00:00:00,delayed,1120.8
d5662bf5-9a15-4031-a9eb-7347dcab2fb7,78c5f76b60a3a2588635aadc70e34df7,2026-06-27T00:00:00,delivered,1279.98
19215f15-d45f-428f-8852-776726c09526,0b48151c4ac827afeee06ce2d77cc343,2026-07-02T00:00:00,delivered,148.96
becc47f8-ed5b-4a60-ab16-a55dd085e00c,5a3ee05d197e24b7bafaac3e2cbc7e55,2026-06-25T00:00:00,delivered,161.22
f5117a45-d853-4c00-8fa5-508a3e62c8f4,ca19a17e381182923b66007a351574b7,2026-03-28T00:00:00,delivered,88.83
0afd8ca8-d6cb-4ae6-bc24-33023770b2f7,5a3ee05d197e24b7bafaac3e2cbc7e55,2026-07-03T00:00:00,returned,298.1
8798ae8d-21ee-48a2-8b48-242ccc057444,fc25f71bab94146446884fc523121d48,2026-06-24T00:00:00,delivered,310.0
37754664-d0ba-4e18-b1a2-a565a3883b72,f2ee0221f86c32532028f6be7f94f07b,2026-07-17T00:00:00,delivered,885.31
ceeaa261-b800-46d2-8298-c67990a3de51,00e984e99fdfd52943156d2d7eb4a5e6,2026-07-17T00:00:00,delivered,106.01
154bf39f-54a0-4b65-97f9-b40c2fe2d38b,29c059c81f62aa098e896ddd7fbc5c32,2026-07-05T00:00:00,delivered,787.97
a98e6956-b2e2-4fef-ab99-da3b8ffd32c9,5a3ee05d197e24b7bafaac3e2cbc7e55,2026-07-05T00:00:00,delivered,428.4
197d0c91-0bec-4f34-a943-414c58ffe5eb,bec4565233c872dc005b32e9616669d1,2026-04-29T00:00:00,delivered,772.33
953a9c41-8daa-400b-bc6e-623a073efc3f,5a3ee05d197e24b7bafaac3e2cbc7e55,2026-06-19T00:00:00,delivered,576.3
c5f62b75-1113-48ca-8ecb-20b3199a7c39,38e31fda99a5fb901d27134d18d36c75,2026-07-12T00:00:00,delivered,245.43
f5594993-e566-4890-90f8-02fddd19306b,208f290481193105f0bdc2d8f543904e,2026-07-06T00:00:00,cancelled,347.24
1dacfc29-90f2-4f91-8694-342ef1fc293b,278fe707d0e9a60b36b5de18762499f4,2026-06-18T00:00:00,cancelled,1324.61
ceadd975-43a3-4c98-8a8d-18c2c68bdd83,77c213e10acbd145d50fcb035d0e86d9,2026-07-10T00:00:00,delivered,167.47
e356dd42-17c8-4127-a4d6-100f3841c5d5,3b54ec3e11e5befee527b120ef8b0f02,2026-07-04T00:00:00,delivered,382.12
7570696e-6e66-4765-8580-7be255598560,00e984e99fdfd52943156d2d7eb4a5e6,2026-06-28T00:00:00,delivered,576.62
5420f9ca-6c23-4805-9adc-c44ef972800c,3341514b8049f4a268e4188fb0211d34,2026-07-17T00:00:00,delivered,799.88
57e5d76e-1990-407c-af39-5c93018c0213,304bdb7650773fcfe7b1d364cb05b490,2025-04-15T00:00:00,delivered,624.27
d7b00ee7-2423-4790-be44-4a10dda25c76,340152332a04149987a705602615f0d0,2026-07-11T00:00:00,returned,330.06
e8ffde51-5f4d-4ef0-8770-45b742e1dbd0,2e642fa075db8661dab42c957cfe6290,2026-06-02T00:00:00,delivered,725.9
6fe05063-05ba-4667-ad77-8de3c273ba48,427be1ae47bac17e53cd13061534a4e0,2026-06-30T00:00:00,delivered,316.88
f5ef6981-e264-440a-b9bf-c2be476c8345,5a3ee05d197e24b7bafaac3e2cbc7e55,2026-06-23T00:00:00,delivered,614.62
6be28c3b-a8ff-4896-beca-b45069799ac0,91941baa83ca10be2c0b9d1481329af4,2026-07-06T00:00:00,delivered,662.26
799dca31-fdc6-446c-98e7-449209a2ced6,17edcf1332227a04be5ee81262f0757e,2026-06-25T00:00:00,delivered,508.18
84c1d1ce-7b54-4398-97b4-567ced186529,04baa28903e22974e6213e632b09c193,2026-05-24T00:00:00,delivered,734.29
72e0d61f-b925-47d7-b868-edbe9132393f,fdcf4139f50f370c91e8b8f33adde2a6,2026-07-04T00:00:00,delivered,413.21
70799c8f-f853-4747-8c37-5176754fe5c7,717aa48025662fcf27ddebbecc5f782b,2026-03-13T00:00:00,returned,248.06
6674baa6-5455-490c-b70d-18ef2b5dedff,755bdc2822a8f01cfcec19ae4dcaae66,2026-07-14T00:00:00,shipped,441.33
9b6760d7-7a82-4387-8b0a-186836498f84,6832ad9ac97f82c7c5d614fb8e632e7b,2026-07-11T00:00:00,delivered,563.31
9833f4ce-0be9-4a91-bb90-c16eb7658aa7,5a3ee05d197e24b7bafaac3e2cbc7e55,2026-07-17T00:00:00,delivered,806.52
6c868f93-46c6-4c3e-a4c7-5e565992cb7a,29c059c81f62aa098e896ddd7fbc5c32,2026-05-20T00:00:00,delayed,473.42
13860bae-0016-4cc5-a8db-a38d33d5825f,b310264264a53605778ac08833bd5514,2026-07-01T00:00:00,returned,172.43
e19bc1e1-caa4-4abc-9e06-f9b5ed7f54fb,2e636fd512179efa9c6e1b1a28ac7f98,2025-11-08T00:00:00,cancelled,36.7
1a246f87-87d2-4ab1-b5a3-0c02e53fd4f7,ae5df8e33ea496f14db277c8b8e77281,2026-07-03T00:00:00,returned,235.27
f304da9f-61e5-4e13-a04c-8265cf10d7b2,147375750bdc81b55b75dc08daf84c8a,2026-07-17T00:00:00,returned,407.67
f0e4094d-0c93-434c-865c-76f6769ceb5a,cb296f03ccd21cfcb3ba0778c4f3b7d9,2026-07-01T00:00:00,delayed,586.13
5cabd8d4-327c-4edc-8d7e-055fc449f8a0,38e31fda99a5fb901d27134d18d36c75,2026-07-17T00:00:00,delivered,458.74
146876c8-84e2-4c8e-af36-df57b597909d,5a3ee05d197e24b7bafaac3e2cbc7e55,2026-06-25T00:00:00,delivered,1504.45
ca6cb9b1-eda4-412c-9057-c8f6546c608c,d4543db8eab4055b35da5c716ed19c70,2026-07-02T00:00:00,delivered,150.08
9a12f06b-7369-4a41-9aed-e10a8b80b152,340152332a04149987a705602615f0d0,2026-07-07T00:00:00,delivered,343.03
2998b7c2-0d02-4aba-babb-6c559f16f786,a012820fbbced38a03331716e231e0ba,2026-07-17T00:00:00,delivered,322.33
9a7e8e96-c74c-4a78-8d78-2b447fa45898,1c7fae8db20821423f3155642caad457,2026-07-13T00:00:00,delivered,1734.26
2164da74-40af-43ce-b709-82f3cd567144,fbcafae33b8ac7b85dcbb5ff0cad932e,2026-06-30T00:00:00,delivered,481.66
930f5fcf-2c37-4971-b37a-973aba76823f,5a3ee05d197e24b7bafaac3e2cbc7e55,2026-07-16T00:00:00,delivered,1321.91
98d31acb-a53b-47d9-8830-f18515e3d5f7,1d4626b197f66aa6129c135ab09f1a7b,2026-07-09T00:00:00,delivered,156.11
7ee6a889-df87-4841-a97d-b031abf595dd,184f9811137ce4bd9fb8308cf535a857,2026-07-17T00:00:00,delivered,1641.12
d54d4ead-3004-4242-a8fd-e6e86ca6c50f,e855df677dcf0d237ed583793afd7988,2026-06-22T00:00:00,cancelled,838.38
d36d7eae-3725-4d20-98a0-e93eca17989c,6ae9f384742bd1c77def2ea71902d8e5,2026-07-07T00:00:00,cancelled,1076.64
94431303-4b03-400a-ab09-6776265fd6c7,ef07ba9aa5226f77264ffa5762b2280b,2026-06-23T00:00:00,delayed,329.79
fa058e52-b546-4a68-bd93-9cb0ae29dc8e,5a3ee05d197e24b7bafaac3e2cbc7e55,2026-07-17T00:00:00,delivered,732.0
1f1415ae-e101-437e-b73b-b5d3c1b9e3eb,61657cd378eabeaa8ec89a448432357d,2026-04-21T00:00:00,delivered,90.78
6cc8469c-de47-491a-b404-388d846c4bd3,7bf5c9596fc39d41078cb46a86b23831,2026-03-13T00:00:00,returned,179.81
91fd308e-d40e-4a9b-94df-8cc080a4b130,be2cff6c84f1683300337ecd499992e0,2026-02-09T00:00:00,delivered,62.02
efb3d6ea-19e1-4239-b60a-f87c6add43d3,f0fe4ee68e4a03068e981e6481bb9e1e,2026-07-17T00:00:00,shipped,804.12
9ab4a211-fed9-4054-b863-49e3ee248ed5,38e31fda99a5fb901d27134d18d36c75,2026-06-30T00:00:00,delivered,985.79
17f9da42-57a4-4471-9ac1-0130e5a9a506,97a9cbfee4f4914fdb7761206d1bd014,2026-07-01T00:00:00,shipped,578.4
ac2892ae-2720-45e4-9028-bc1fb89d5286,c29bc878f4400d62f9d33ddd8d13236b,2026-06-23T00:00:00,shipped,1787.03
340e4c2d-371e-4959-91dc-b41db2f0b36d,a0488912f3470a18b4c5c5dea18730df,2026-06-03T00:00:00,cancelled,425.4
92aa864f-7fb2-4a24-8e83-a46178bad303,076efbad08f34a6316ec570ea20a0568,2026-07-10T00:00:00,delivered,274.33
b717396f-ccdd-42e3-98a1-554bdd38a774,8bcf4dc0342b8295df1d7bc9fa4d250d,2026-07-02T00:00:00,delivered,208.61
c61cf80c-23ef-418f-8de2-addab72ba8a5,369a11c5adc1b48c07a6f2342a36f2cf,2026-05-08T00:00:00,delivered,429.77
7c0af7c3-e9bf-49e1-9160-31f982fbcefc,acfb17c1122b06dd09ea27d6e55cd139,2026-06-11T00:00:00,cancelled,80.03
f8881e5a-b5c3-44f6-a1cb-204f77c1c8b1,687c94f92513205812c2f3d19576179d,2026-06-30T00:00:00,delivered,140.28
f947c23d-d407-40d7-ae64-766b2fcb5924,b134d1fbe77d00a8e0a4ce9d855ea927,2026-07-04T00:00:00,delivered,275.12
d7313a4f-09ac-4028-b5b3-99b48dde9c4c,957bf068749b802595d8b336214f7ca2,2026-07-05T00:00:00,shipped,357.92
4ec2206e-e46b-4e97-aefc-52978bd43edb,860251114960c25499acca49949b1f12,2026-07-09T00:00:00,delivered,500.69
915a0bad-28f5-4aba-a884-9e3529770b7d,25e1b5240ae610b163924a49e7e85bc6,2026-07-15T00:00:00,delivered,577.28
fe88d4e4-9c5a-4adc-95c6-d708e71daee5,6cc5f19513662ec401e8ebbbe399ed06,2026-06-25T00:00:00,delivered,226.59
01e25ac0-e302-4538-a61e-7296cd1ad958,317a5bc8cf58c4401e221c74d7a51982,2026-07-12T00:00:00,delivered,44.8
4bb77f72-28e5-4225-aa34-afdb92659eec,fd837fa3548f0e74f75081f38a34e56b,2026-06-22T00:00:00,delivered,667.02
f0f7f384-2e50-4492-8855-975b95d927de,60c9aac573e07a0ac0a9678f43ac25e1,2026-05-23T00:00:00,delivered,584.98
55dfc437-ee76-4823-afb0-93ec0130df4f,51471983a16795b28218d45c15d22fd5,2026-07-03T00:00:00,shipped,359.0
cb285611-fb5a-4a6c-833d-89b7ce452884,5a3ee05d197e24b7bafaac3e2cbc7e55,2026-06-21T00:00:00,delivered,822.04
71dce4c0-5acd-4f70-b6f7-9ba96cfed5d5,6056d31a9cf9cf98ea9de7ef86cf4f5d,2026-07-12T00:00:00,delivered,141.29
e5755745-5219-4e07-b6a2-8e969ac52412,b134d1fbe77d00a8e0a4ce9d855ea927,2026-07-09T00:00:00,delivered,380.65
254b8dd8-8aa7-492d-9f36-ce9865d25412,9460af1d681311224e08f4e6e00bf644,2026-06-02T00:00:00,returned,618.47
66ed8075-bafe-43f8-b20d-344a1d433741,97dc91f9e896442f6ac9650bb2a9b594,2026-07-16T00:00:00,delivered,827.85
2135bf47-4508-4fa3-a1b4-697d3c667949,4df43d4c7d3a093a519dbfe0b9dcc0d6,2026-06-04T00:00:00,delivered,480.78
3f494d94-44fc-4482-8672-13b7e76ab96d,4b0cbf5ea22869c5ea269442f9b849e7,2026-07-17T00:00:00,delivered,1350.46
9105a835-cc2a-4001-8a15-93cfa505dd14,6056d31a9cf9cf98ea9de7ef86cf4f5d,2026-07-08T00:00:00,delivered,480.91
de26853a-a6fe-4fcd-a404-05d783d7f19c,cd612700be57e08ca76adc1e3e69e525,2026-04-05T00:00:00,delivered,471.25
69b7453f-db37-467e-87c1-12071e4984e7,99e41e69b60bd63edd83935499523063,2026-06-25T00:00:00,delivered,1306.81
956d8bc5-e62b-4100-ac78-198b24262c09,91e6fd64694fa9a828270d442ba88e03,2026-07-11T00:00:00,delivered,526.66
3be9428a-ea72-4b23-b413-785606191036,65f03fbedc7e8316cd4eeef6480b681e,2026-07-10T00:00:00,shipped,246.2
cb2a2517-7d9c-477b-84a9-8c8cc996a3af,9553802042571deac62d5789ed18a241,2026-04-18T00:00:00,delivered,540.06
07ef8968-6b65-4c67-ab49-fdedff8abb03,e6925d3e39cebd0f699008b248e58361,2026-06-06T00:00:00,delivered,598.57
5a08ac4d-153d-4575-8d4d-6263f0b16a63,5988cee3152a64b959afb5a6eeb87a4c,2026-06-26T00:00:00,delivered,13.73
9d9078e5-24d0-46a1-9898-a66770736edd,b6e99561fe6f34a55b0b7da92f8ed775,2026-07-10T00:00:00,shipped,8.31
274aaf71-a534-4003-a6d0-1cc4ebdeac12,a50c1032c3f5635519c65a8cc84c6171,2026-07-02T00:00:00,delivered,631.74
47d3bc13-ffac-43ae-b6b9-ca64c32c7d29,b89e8adcd81b4e77d1d67eed240eb456,2026-06-20T00:00:00,delivered,54.65
d10930eb-97e1-4638-914a-e3349ba706a8,5a3ee05d197e24b7bafaac3e2cbc7e55,2026-06-29T00:00:00,delivered,653.07
0c74fb6a-a1eb-4d8c-8326-3d04da193727,a012820fbbced38a03331716e231e0ba,2026-06-24T00:00:00,delivered,520.26
318a3891-b9a8-451c-a91d-14df99002e50,5a3ee05d197e24b7bafaac3e2cbc7e55,2026-07-08T00:00:00,delivered,434.35
670776d7-d3ed-4f6f-91d5-aba146288c9c,04c5ad73047074972e9a1c744c3b4bf8,2026-07-12T00:00:00,delivered,33.59
cba808bf-7424-4118-8428-4d79c17b82dc,fbcafae33b8ac7b85dcbb5ff0cad932e,2026-01-09T00:00:00,delivered,180.59
71e5bb9a-bd12-4043-bb8b-6ec2a3b9660a,825ace36a4828de05694b8047f6dd905,2026-07-17T00:00:00,delivered,1250.2
aa2f36ab-f385-4c99-ba77-df849a3da743,0b48151c4ac827afeee06ce2d77cc343,2026-07-02T00:00:00,shipped,502.22
a6303b0a-7d8f-4414-9c19-7683c8951ff1,c645339c7f927e64c0cbe6079255fc7a,2026-06-22T00:00:00,delivered,374.77
bbf472a4-2de8-48d8-b6a8-c8f43039cb0b,945a0478f858996b861b5c9b1905e56c,2026-06-23T00:00:00,delivered,821.72
7e99027a-50ca-4f4d-b18b-8bdcc92994b7,3341514b8049f4a268e4188fb0211d34,2026-06-25T00:00:00,shipped,181.77
770deb20-c299-411c-b191-d5b09c9d4b27,ea2cf3092f1a6b9641abe79f008ad478,2026-03-21T00:00:00,cancelled,291.83
8d348f58-0218-407b-a155-67f025873b79,5a3ee05d197e24b7bafaac3e2cbc7e55,2026-07-11T00:00:00,returned,154.03
dca55df1-25e9-40f7-b772-4e4313e3702a,ca19a17e381182923b66007a351574b7,2026-06-26T00:00:00,delivered,306.05
c0078925-b077-4f66-bc26-b62f35407791,8c2e1b595fa98d5f22cb089e0e70d9cc,2026-06-24T00:00:00,delivered,168.72
5b70a5d6-d965-459b-a938-3975c99934a7,5a3ee05d197e24b7bafaac3e2cbc7e55,2026-06-29T00:00:00,returned,512.31
6e910d87-87f5-4517-8d64-a147d41d670a,56987d3e10c71d7d4e0fc479e65a35b6,2026-05-28T00:00:00,delivered,246.21
d256e001-6a97-4467-b7a9-99ce3a3ef22b,db87b9a23aca22405ab394338f087a68,2026-07-12T00:00:00,delivered,111.9
c721d268-1082-48d7-a5fa-2a8fa8491aea,b68693bf3295ad9e895d2adce45deb7c,2026-07-02T00:00:00,delivered,353.38
67b3a062-f204-45d9-8c89-f47225928e52,cbc73c75d15c7292a3defd556c710b2a,2026-06-26T00:00:00,delivered,170.09
1d06da28-97fa-4628-97c7-becc42d5219f,3321a75303831a580b0973bbf54900da,2026-07-02T00:00:00,delayed,47.53
7b6038d7-b707-4214-87b9-d6a0b1ce867b,fc25f71bab94146446884fc523121d48,2026-06-18T00:00:00,shipped,385.5
f9cd1300-6dcb-4aba-b2b9-7c377db1d30b,1a3d1e8b28c0ee27c23333ee108c47e6,2026-06-25T00:00:00,returned,488.46
1ac2ed5a-6839-4908-97ec-9a9e2db48de3,55a269f324455e78349e7b9b7e7e5911,2026-07-16T00:00:00,delivered,1370.39
cb1d4824-9337-4db0-bb66-179ccfe2ee24,ceb8b329e744b3e8982e6f9d51269ed3,2026-07-17T00:00:00,delivered,574.52
b61db241-d1de-4508-a1a6-0cf2f04bdd7c,f96176e892232662d1c1c5896a94e035,2026-06-10T00:00:00,cancelled,384.81
5d93a133-a09c-4cac-be03-2028adbc8db2,df92bfc8c606df2f1defedbd0b60a071,2026-07-10T00:00:00,cancelled,95.98
eade3f9a-49b7-4fa5-a0e1-047f767d1c0f,97dc91f9e896442f6ac9650bb2a9b594,2026-07-09T00:00:00,delivered,614.53
a3b3bb46-2bb6-461e-8ac5-83883be3f7f3,8fde03547587c1e6f97d14148f422242,2026-06-28T00:00:00,returned,123.71
37b12297-1208-4340-b7a3-c375815e0071,c4854939d499d4786a9273c855fa6b77,2026-07-13T00:00:00,delivered,1458.14
2344e2a9-2caa-466e-8ffa-5b468a04f47e,b5e391181709e5196275b01b8e6e9d73,2026-06-12T00:00:00,delivered,12.46
a59c7908-52c8-4afa-85cc-5929766264dd,9bfa4c70f6719eaea72980d2ae88755f,2026-06-30T00:00:00,delayed,338.42
4d54ef1a-1023-40bd-ab31-b280b1caea28,239eca76b80e32a2d564284842d7ba44,2026-07-05T00:00:00,delivered,1088.33
e5611475-6505-4a36-9d4d-eb09e3e6377c,dbfd0ee98fac0d9b4f109a2aaed48093,2026-07-16T00:00:00,returned,353.38
f5abbade-7851-4c04-8a70-e23aa3024634,05292bc3f6db7fd79133285a32a82d53,2026-07-01T00:00:00,delivered,4.24
68ee1e2f-c2ed-46d4-a108-cc83ae1ffd63,ee464d4fde64c19df72f3051c29e0803,2026-06-18T00:00:00,delivered,396.35
7d1b735f-1525-4a86-8366-4ece825c105f,59150cde6405fb8f31f6dd1882d15754,2026-07-09T00:00:00,delivered,580.44
e4121c91-d0ae-4b34-8f83-9d307119826d,7cd7974c9f79f75b77f323878ef87f43,2026-07-07T00:00:00,delivered,82.96
2afc3e37-a26c-4315-acfb-0f04292bd226,501b28230db2d94161afce9e4c14fb1a,2026-06-21T00:00:00,delivered,495.41
28aa952a-be94-44bf-9992-b294e5114d0f,68d8acf19d02fb3b95c8954d31d75448,2026-05-13T00:00:00,delivered,402.88
9ca79448-4b4e-4eaf-b7c1-a12079957fb2,6e9c6c2120611104445c767b78377d21,2026-07-09T00:00:00,delivered,1145.79
7f484afd-dd46-4c03-9e7d-d72fa98df8bf,520fb5816c90b19464baa8e8644cbdc4,2026-05-22T00:00:00,shipped,220.5
f4e3ea4d-7022-4e76-924b-e99edf40acfc,1964f2b215ebb68671d893438e974b0c,2026-06-18T00:00:00,delivered,833.73
fe3a478e-1a44-4e5b-a067-5bf56da1c7ca,3ff874206f1d7d1e3ffe12bc9c88c27c,2026-07-09T00:00:00,cancelled,300.23
235f9641-8ece-497b-8672-b911273d6f74,909e3e8fddd658aee6cd045a9ed19cdf,2026-07-06T00:00:00,delivered,603.41
25ac8a52-1e9f-4466-83b1-4250008f6db5,ecb43665c8c390857cabf385d918da87,2026-07-14T00:00:00,delivered,613.27
27f86179-cdb5-4691-9d35-00bc9126ee78,1c7fae8db20821423f3155642caad457,2026-06-18T00:00:00,delivered,657.11
ba88cc1a-81b8-43f7-af13-8bac8591d6d4,20bb1d9431264f331e47b2da94991eaf,2025-04-14T00:00:00,delivered,714.43
bc56536d-79e1-424a-9955-73af72248287,b5e391181709e5196275b01b8e6e9d73,2026-06-17T00:00:00,cancelled,743.4
c6388af4-1726-408a-948b-8633a502ec1b,5a3ee05d197e24b7bafaac3e2cbc7e55,2026-07-08T00:00:00,delivered,531.9
96fab239-3dad-4300-b060-e0fbb03701b2,91b06e7f118797fea3e4fdf5b9432d7d,2026-06-28T00:00:00,delivered,608.21
b6ac9e4b-7549-4fe6-b4d0-1c7015c7f58d,f99fa0c7b369bde9c53edc9e6f6c4a58,2026-06-25T00:00:00,delivered,835.74
fd7f51b5-8dad-4c2d-9905-41cdfaddf783,65a3525318158c0b3f6f83eac306cc6c,2026-07-15T00:00:00,returned,1106.61
fa570048-6d8b-4f48-9e15-df994d03adff,f8945c1122a948f727f6cc5f56f02532,2025-12-30T00:00:00,delivered,216.2
9fab4080-bc92-4f35-aec7-e32155803498,cb296f03ccd21cfcb3ba0778c4f3b7d9,2026-06-23T00:00:00,cancelled,938.63
5719afb5-3023-4dc8-b012-1830ea3a565d,5a3ee05d197e24b7bafaac3e2cbc7e55,2026-07-16T00:00:00,shipped,245.6
1bc866c9-9596-4662-8e4b-7a90bbcc13d1,5a3ee05d197e24b7bafaac3e2cbc7e55,2026-07-16T00:00:00,delivered,325.01
5f4bd6b9-0e4e-43d3-b73e-7699695ddbc3,e021e698833bdeb89dfef3acb2e91f37,2026-06-20T00:00:00,delivered,278.13
39b684b1-3722-406d-b0d8-2096c94e36d6,fc25f71bab94146446884fc523121d48,2026-07-04T00:00:00,delivered,2138.43
d1397a2d-19c7-459c-8ced-aeda657d21c2,03d4953a455f8489e712ea80699de878,2026-05-06T00:00:00,delivered,180.84
e91cb680-c2b9-496e-810b-0c607ccec9ae,2e9399fc2fe209771a6f719e14bdb6fe,2026-05-22T00:00:00,delivered,668.38
9619654f-8067-486f-9151-c48b56909b15,b12fb4939476e92d9490ab46c7006675,2026-07-14T00:00:00,cancelled,61.49
255e8fa0-9130-483e-ab30-f2d79168800d,8c8b21e9534948db376200dd8de97c98,2026-06-30T00:00:00,delivered,575.47
27f1b8f3-825e-46d6-b370-25a7d2fe7d8d,a6c4aa44d56da0c0d81baa9779708f60,2026-07-11T00:00:00,delivered,655.05
ac90ef28-93f3-4ab2-8dda-ae2073174735,c1c2fffe3d49911803df2e157bee7aa0,2026-05-06T00:00:00,delivered,614.43
ad2db5a7-88ab-44ce-be50-f5eaebfba677,681b1f6f853abf792786c3429e8e8633,2026-07-08T00:00:00,delayed,1872.84
214f1b92-783a-4bf2-bdae-b30f921932df,7c64114d404c93f2c4305a9f2e7dc3eb,2026-06-18T00:00:00,delivered,436.03
9f897b3e-6957-44a4-a2e3-6ed5dcd59e22,8dfb24fac32ec7170821d2be63fa9c1c,2025-09-24T00:00:00,shipped,160.38
d658f6fd-bcec-42e7-b890-5ba1712b9861,7779fdf670bfe673e064b9aa5447674e,2026-04-09T00:00:00,delivered,460.58
feab309e-bd99-46f4-a444-ade1b14b2b12,f5de43d4ead76e9519babb3d6189ea5b,2026-06-27T00:00:00,delivered,243.96
5a3c71a0-37c7-4bb6-be79-a43f428f4e98,dad5018ffc0de85eb72f72575b552784,2026-07-08T00:00:00,shipped,17.08
ad146233-476a-4b9b-8520-240528220e84,17edcf1332227a04be5ee81262f0757e,2026-07-16T00:00:00,delivered,722.07
af47275f-b789-4e42-9b02-0615ce86e56c,5a3ee05d197e24b7bafaac3e2cbc7e55,2026-06-27T00:00:00,delivered,796.82
664e0e05-0357-4756-b607-3e35cf77b858,861eff4711a542e4b93843c6dd7febb0,2026-07-17T00:00:00,returned,226.28
669dc5b7-9711-48af-9602-02b076fa4b48,0b9ae040f85e7cc54f7c20efd637c859,2026-06-30T00:00:00,delivered,139.17
02cc795d-d0d6-42d3-a4d9-d467fff6422f,26c62200e28fe391637570bea7abd9c5,2026-06-17T00:00:00,cancelled,161.25
f5748090-f468-49ba-8f7e-32ebfb45b111,e94f497b64b4c843216126feedb1dfae,2026-07-01T00:00:00,delivered,548.33
45ecf369-fd88-46be-8c99-5f696e584ff3,e5dbefdfdf3eff75c8e6cd655f128279,2026-07-07T00:00:00,delivered,1088.07
1a087780-852f-4f47-a8af-7fd4978c7056,1098d1250d5bdf8bfc6a83f26494067c,2026-06-25T00:00:00,delivered,203.33
1c8bd250-3607-49dc-aae1-de9449cb10c2,c849085aa9f5d4af92baaa56a112d686,2026-06-22T00:00:00,delivered,196.64
624b161d-1911-44ce-85e9-4889f6e06323,6056d31a9cf9cf98ea9de7ef86cf4f5d,2026-07-08T00:00:00,delivered,506.09
254a323b-dfd2-48fe-8bca-db0a50f6701d,627d075513dade14e0fca3b59dae6614,2026-07-01T00:00:00,returned,349.79
6987dd61-53fd-4fdf-b469-e6e3906ea120,546ed56ed469aa89580be8bb1b51a6fc,2026-07-08T00:00:00,delivered,1023.19
f94643e3-4b80-4d57-9af9-08631233876e,7c534bad6850d94161a9cf12e8171339,2025-11-24T00:00:00,delivered,271.47
976cd579-9cd1-4fc5-9f5e-b6412e806f26,5a3ee05d197e24b7bafaac3e2cbc7e55,2026-06-24T00:00:00,delivered,732.32
4b0f07dc-7f54-4934-bd81-2f05300f1def,5a3ee05d197e24b7bafaac3e2cbc7e55,2026-07-12T00:00:00,delivered,157.99
d70374f1-860a-4da3-94c6-39fe0418569a,d847d66f1135608cc13cb31f967f902f,2026-06-11T00:00:00,delivered,329.21
c8a9db54-54db-443e-b1d2-39ec1e75dfb1,317a5bc8cf58c4401e221c74d7a51982,2026-06-19T00:00:00,delivered,584.47
9eb5d571-2722-4a9c-9a94-f9f4d0e11674,0b48151c4ac827afeee06ce2d77cc343,2026-07-13T00:00:00,delivered,387.83
d042e82c-c38b-4166-873f-f88b1ee0d736,929de36edcb645b07f26d1871120a9ab,2026-06-06T00:00:00,delivered,188.46
5373401d-b827-4c35-acf3-4215a213abbc,d6caf670c8bf91aed723f242cafb71c8,2026-07-11T00:00:00,cancelled,1015.92
56b707db-0c86-4ad5-ae2a-5e89cce8ba83,e8a63b5829f45bc153ed838ba9de6c0b,2026-07-07T00:00:00,returned,349.56
28de80b6-d75d-497a-8ca6-1632d655c981,6056d31a9cf9cf98ea9de7ef86cf4f5d,2026-07-14T00:00:00,delayed,137.25
f475554c-1075-403d-9a08-d9ab8bd11aa6,c8dbfbb4a47a215d79659c927e786a58,2026-06-10T00:00:00,delivered,87.62
0aeb15dd-3c14-483b-905e-b02a19273aaa,e94f497b64b4c843216126feedb1dfae,2026-07-09T00:00:00,cancelled,580.48
e00b67c3-5148-450b-b5f3-d66814b6ddd1,34d93be3a57e6f8bba423d9064cda7c8,2026-06-24T00:00:00,delivered,703.68
f6d64401-5388-444c-bbad-ec39dc5095db,39583d496cc15d47bfea1d9808e9406c,2026-06-03T00:00:00,shipped,1267.56
b21e73ae-fc3f-4107-817e-193de66b3ce2,36f7cbc956469da1d4bdde49171d192b,2026-07-01T00:00:00,delivered,202.61
af5b9062-9808-4fe3-8b23-68d60ca7f75c,04a710ba27c70647fb2a4ffc6fe48e43,2026-06-29T00:00:00,delayed,186.44
d2ef2eb3-817e-4ba8-8505-9afd8e7f72de,b89e8adcd81b4e77d1d67eed240eb456,2026-06-24T00:00:00,delivered,499.66
61b7a3e8-2f16-4147-a17d-bcfeb8252c23,2cc0f5affc2ccbdacbbc6c5e88f5f059,2026-07-11T00:00:00,returned,1166.66
a56ddde0-5d13-4d33-81f7-3cc7c60f6f76,f1a7919983d547880b4111fd4f77c74d,2026-07-08T00:00:00,delivered,797.8
88dc0172-5257-46fb-8927-dd80a068174e,ecb43665c8c390857cabf385d918da87,2026-06-24T00:00:00,delivered,66.71
5e2b0a6a-ae34-44ea-a14a-f5756e371a5e,3da7750bf3c1dbd724624a60a9f5942b,2026-01-21T00:00:00,delivered,595.83
ab0332a1-1404-455c-968c-65715b328cd5,5a3ee05d197e24b7bafaac3e2cbc7e55,2026-07-17T00:00:00,delivered,62.56
f7bc0c03-1131-429b-8ffb-c3d14f1b2249,2057c4a178808ef5a87a40c6adf2d89c,2026-06-28T00:00:00,delivered,533.55
846fe690-ba3b-4c56-a38b-2373f6271f94,00cc0061269a99836cf8b029b1d0177d,2026-06-26T00:00:00,delivered,1884.73
b8d12243-3141-46b0-855e-6e3e3b349cd1,0e0d3aed77ac2e3746c2ddc3101e3d43,2026-06-23T00:00:00,delivered,366.8
0440b9c3-33aa-4909-af90-720481b95f03,5a3ee05d197e24b7bafaac3e2cbc7e55,2026-07-15T00:00:00,shipped,448.3
7bb4ea84-34b4-479c-93f2-afcd5243a108,ad1ba362b0121447945a47fe07fef188,2026-07-04T00:00:00,delivered,380.65
6eb1db3a-bfaa-4ad2-831b-916bdcdd98eb,2734e0cdd8354610f50b29876b01fc97,2026-06-28T00:00:00,delivered,1579.64
bd48b9cc-2535-484b-8d50-16d61e016f10,f5d3f7d6508d52291134f9cd009eb354,2026-07-04T00:00:00,delivered,196.91
7d6f9cd7-25f4-48ea-90fc-d12fb24749df,0b48151c4ac827afeee06ce2d77cc343,2026-07-08T00:00:00,shipped,547.05
274a6241-6688-4477-abc1-4e5a8c70deeb,6056d31a9cf9cf98ea9de7ef86cf4f5d,2026-07-17T00:00:00,delivered,450.59
456969f6-b9b7-451e-8077-40a096b1314f,b20eaead1d0c121ef9f0a705ad37803e,2026-06-29T00:00:00,shipped,631.77
47b77997-9a87-4e47-9e75-56c9c2b120a4,54c7b4f48fb9e911bf328bf9884ca61d,2026-07-15T00:00:00,delivered,484.74
c3e4a9d7-b031-4a2c-96c4-65b183567114,5a3ee05d197e24b7bafaac3e2cbc7e55,2026-06-20T00:00:00,delivered,107.05
c8410ce7-297a-4e7b-afa7-291a3726388f,cd79b407828f02fdbba457111c38e4c4,2026-07-02T00:00:00,shipped,744.29
97a7f145-8296-4629-b664-6deaf20c9acd,17edcf1332227a04be5ee81262f0757e,2026-07-07T00:00:00,delivered,383.2
e35bf490-2446-4438-8805-8a09a91f9cbd,208f290481193105f0bdc2d8f543904e,2026-06-15T00:00:00,delivered,531.69
c4d22217-491b-43b6-b5b2-908206e4bf78,53ce59821e6c5041654f61c58e99bcc2,2026-07-13T00:00:00,delivered,956.37
5c5d1bb2-1e2f-41f4-909d-4942708205d9,027ef1dce56b52802c3d35cd5beda928,2026-06-02T00:00:00,cancelled,40.33
ad19bf41-158a-40d2-90c2-fbc980fed5aa,796af4fac93296428070925a8a78aaa1,2026-06-27T00:00:00,delivered,211.11
654a1dbe-6b9a-444e-a000-6bcfb964ea18,eb6498bc3ebfad8980c0e5a34a996a46,2026-07-01T00:00:00,delayed,604.64
ffdd4954-8ab8-47c3-b784-a1125f626b83,5a3ee05d197e24b7bafaac3e2cbc7e55,2026-07-09T00:00:00,delivered,279.65
49c11d53-0b70-4528-b77c-61a4c6e8cc98,27f610da50d98eb94f1f0745606bc9f1,2026-07-09T00:00:00,delayed,359.87
44ffc951-be23-48b7-a3b5-2fa7d8558815,4e65032f1f574189fb793bac5a867bbc,2026-07-02T00:00:00,delivered,218.01
91c5ef16-9281-4703-822d-e5102220e9b3,5a3ee05d197e24b7bafaac3e2cbc7e55,2026-07-07T00:00:00,delivered,72.3
15228228-8ef2-4cb6-81f4-ca9f364ce53c,d3e1706bd9290ddbfd20fc30fa7224b0,2026-07-03T00:00:00,shipped,610.5
d4de8614-8d7b-4863-aa9c-72415a9a140c,f153272ca75661659630de82f3f2084d,2026-07-02T00:00:00,delivered,1420.62
d36aea5c-28d6-4304-a788-fd124efdabca,5a3ee05d197e24b7bafaac3e2cbc7e55,2026-07-07T00:00:00,delivered,204.61
b970db84-f56d-4800-b110-02effe64c443,cf01f9dc838bee15dc892d87f879fa7d,2026-06-21T00:00:00,delivered,368.75
0aad6020-0334-4a1b-90b0-22062ca7692f,23c130edd9a7adeb635bb365f7478154,2026-06-04T00:00:00,delivered,509.24
73fecd71-528d-43f3-a8d2-118581d20e37,0ff5b872dfd979e7d23064973ec52e5b,2026-06-20T00:00:00,delivered,71.09
0973b50c-695a-4224-b21e-7803a1f48742,c45221bb4573f66bdd4daf43fe2d4b3b,2026-06-10T00:00:00,delivered,384.53
ab5d9131-cfcd-474a-b196-6493eea55e0b,2e22a2c99a49984d1ef90e308770ebe4,2026-07-07T00:00:00,delivered,331.78
007e173b-6857-4c3f-bcc2-a86e9bb56b04,e94f497b64b4c843216126feedb1dfae,2026-07-16T00:00:00,delivered,317.75
5d8a171f-08e5-4df1-8024-e0c5eebc765c,86085586aaa8c5f47ed0b400da64c59d,2026-07-11T00:00:00,returned,1144.52
9ae0f2f8-846a-44f0-b219-47e217e5be33,1004c2882ad356c7e8532c14f1b08e63,2026-07-03T00:00:00,delivered,119.17
d9c8d348-64ab-4b55-9e12-a71f38d2ec13,527d59def65c2a1300ae5c4138c279ea,2026-07-06T00:00:00,cancelled,478.39
c89fc035-6784-4cbd-be84-dbd16d652754,fd3a69ec7f07e6cdd8f87021f0191cf9,2025-03-10T00:00:00,returned,510.32
1e43f006-0f82-4167-ad4b-1b2116bf5c78,a8fd074b27a3bcbb16deba85b778900f,2026-07-08T00:00:00,delivered,207.81
b82ef27b-3168-4fff-889a-ececba98d7c3,5a3ee05d197e24b7bafaac3e2cbc7e55,2026-07-03T00:00:00,delivered,86.1
8d21180d-6e30-4cfd-be41-ab1e7674a138,caf8cfa0ac3ff60facda076545837647,2026-06-19T00:00:00,delivered,1009.29
3ad3d122-33cd-430d-b586-3e62cf8baf85,663a02b5b809485e2e0a1db9a6003146,2026-07-12T00:00:00,delivered,1024.38
3c415b74-02e5-469f-96db-d4d2365cca57,df033c6cca61206b057d843131600fc0,2026-07-05T00:00:00,delivered,17.63
15aed8bc-5802-4da7-85b1-270637c52f3f,1130878bf821f0b682431f513494c5f4,2026-07-08T00:00:00,delivered,119.17
c6e8f0fd-710e-4719-943a-42233f7269fd,5a3ee05d197e24b7bafaac3e2cbc7e55,2026-06-24T00:00:00,returned,1091.21
1bc984d7-5805-4067-96c6-c3236a621d62,d33eeadf54cb883e79be640f38c32cdc,2026-07-14T00:00:00,delivered,299.96
a6443b81-61ec-4cac-affd-629c35bd8a9b,f5de43d4ead76e9519babb3d6189ea5b,2026-07-13T00:00:00,delivered,937.1
2af5e982-4ea9-419f-b5aa-171be0e898ec,f7c7677be77763b1b2cf982a5e67fa61,2026-07-05T00:00:00,delivered,578.64
e77ca052-f1d2-4273-a313-af4c336ce6c6,81ec41f3b0c51a9df15c5957140686fa,2026-06-05T00:00:00,delivered,231.24
dc0bf789-903a-4b95-b758-d20a68815ec7,3e8f3e58aafa9bb38d7b2ace611ff6af,2026-07-11T00:00:00,delayed,129.35
aa07b9fa-26d1-4e4c-99dc-63006a3eb083,01daeb09de8f07882ccd4319ffbc4693,2026-07-16T00:00:00,cancelled,1212.33
87b20090-8e69-4aba-b286-fc51b59d4082,5a3ee05d197e24b7bafaac3e2cbc7e55,2026-07-11T00:00:00,delivered,261.81
794b1737-0019-496f-8f3a-1117574ed57f,a21a8c17fb2d281bb4890748efc12200,2026-07-16T00:00:00,cancelled,76.41
a1255c76-e2ad-4923-bc60-7e66a0b833f8,f7c7677be77763b1b2cf982a5e67fa61,2026-07-17T00:00:00,delivered,2612.73
faa40710-f59d-4272-97ec-2b0bbd9c0774,1a39704fa1459528597c7e52f99e39d4,2026-04-19T00:00:00,delivered,76.13
ee0b5472-c7be-4f34-ac59-d7c9f052a327,0567862a60d6b41efcb7f0e4d20aac8f,2026-07-08T00:00:00,delivered,270.98
14e185f4-a74e-4c6d-9c38-d28c37d53be0,5863a84c48e166291a930a8fd88f92aa,2026-07-14T00:00:00,delivered,958.41
b9bbb91e-686b-4018-8811-4a658bc461f8,f14a94df58861cb1811f48b40271884e,2026-07-17T00:00:00,delivered,234.86
f7516bb2-cef4-4e19-887d-44cf6f21343c,04c5ad73047074972e9a1c744c3b4bf8,2026-06-30T00:00:00,delivered,61.64
ca112655-323e-4e4f-81a5-e9a92385542b,38e31fda99a5fb901d27134d18d36c75,2026-07-04T00:00:00,delivered,229.37
abd94878-2455-466f-8c7f-aebf13b6cfd5,b0b94079598f018f9e72e9698aefef33,2026-07-17T00:00:00,shipped,1529.52
7176572a-f2f8-4fbe-8b83-657ae41aafbe,0032c76b20340da25249092a268ce66c,2026-06-16T00:00:00,returned,293.04
053ee0e3-a218-4eae-8cb6-7546caa1d214,ece98a5dccb1e985d69a38d4e0f054e5,2026-05-02T00:00:00,delivered,335.5
6dfdbd61-107f-49ef-b8e7-7cf03ca4db95,208f290481193105f0bdc2d8f543904e,2026-06-23T00:00:00,delivered,992.1
c1b57516-e168-40fd-b8ef-72a3d9505638,f75da962fb4ddac1569e90c21803c455,2026-07-05T00:00:00,delivered,701.42
ce472157-abf0-416b-a563-bb3061f8522b,eea69b2b4f7272b279bd2e0e9b106132,2026-06-26T00:00:00,delivered,564.69
6440f5ea-2917-4e05-a181-781d487c95d0,1098d1250d5bdf8bfc6a83f26494067c,2026-06-25T00:00:00,returned,549.51
dbb95443-f39b-4ed1-a5ad-d6fa05858ab1,0cbd5dfde4c06bbe2960d2c0c95e5e7d,2026-06-25T00:00:00,delivered,89.85
27e731c8-d4f9-401d-aacf-5ce86e242073,5a3ee05d197e24b7bafaac3e2cbc7e55,2026-07-03T00:00:00,delivered,25.88
b8938a6e-c705-4120-8867-fce10bb34cfa,bb50112c998293f45f49f49704165768,2026-07-11T00:00:00,delivered,469.51
54d7fc9c-781c-4906-9c0e-d5608244b838,1c3e4aa255e596013fc2b6dffc8041bd,2026-06-28T00:00:00,delivered,1810.77
31be9074-24eb-4d1f-8404-de22739f866d,5a3ee05d197e24b7bafaac3e2cbc7e55,2026-07-02T00:00:00,delivered,157.88
87aa50fd-4845-459c-a4b0-aad17e23df88,5a3ee05d197e24b7bafaac3e2cbc7e55,2026-07-15T00:00:00,delivered,11.66
e0146f93-1d9f-4c01-b039-92ca6ea6faea,a8794bde6655593c9b71212e6dea7177,2026-07-14T00:00:00,shipped,2578.6
4c48849a-d961-4545-ae7d-8a1830932f21,c4854939d499d4786a9273c855fa6b77,2026-07-13T00:00:00,delivered,511.72
3762b5bd-840f-4c5f-a5c4-5f4a595f5531,f75da962fb4ddac1569e90c21803c455,2026-07-15T00:00:00,cancelled,545.78
5ce8a264-e63a-497e-9677-84f962f8fccf,75ecead8782ef6730e1f7e51f7052f75,2026-07-05T00:00:00,shipped,925.26
7777c339-a51c-4c53-8aa9-4a5aca34161f,5a3ee05d197e24b7bafaac3e2cbc7e55,2026-06-23T00:00:00,delivered,76.3
50498fdb-f422-4849-ba55-0c3373324216,578d5e6d37a20bbf631183feedfe2dea,2026-06-26T00:00:00,delivered,580.31
fcb56f0d-2312-4d33-8ece-182f7f17d7e7,df033c6cca61206b057d843131600fc0,2026-06-26T00:00:00,delivered,675.64
f312d223-dff4-4c2a-b1f6-5e3c548ea66f,bb4a329975df85aa69684e124f0b48b1,2026-06-28T00:00:00,delivered,266.33
fac1f46f-5b4c-489c-b38b-047d1efe815c,84b0bf771f3b14f21e6dd37e2fe2eee6,2026-07-17T00:00:00,delivered,403.06
bfa67b58-d04e-4fb0-abef-12f5a7958d81,9065001c21c6240da6fa642651772e60,2026-06-20T00:00:00,delayed,297.09
a6a43d84-8cba-4abd-969c-07240f0cee2f,3d7fb21a86fa49b9dce2ac0814d6dc22,2026-07-07T00:00:00,delivered,381.14
c9742c71-7128-4f17-9897-b5149f7f15ff,5a3ee05d197e24b7bafaac3e2cbc7e55,2026-07-15T00:00:00,delayed,149.39
dd27a342-3b0f-48a7-819d-346029a20f2b,643b807a55c5add3c91379b31f50d206,2025-03-03T00:00:00,delivered,879.26
b43bab1a-c791-4728-b0d7-3909e5d322f0,20bb1d9431264f331e47b2da94991eaf,2024-05-11T00:00:00,shipped,182.65
efeff6c5-4bd3-4b31-9436-8c6bc0836f11,5a3ee05d197e24b7bafaac3e2cbc7e55,2026-06-29T00:00:00,delivered,558.43
0c0d7311-9796-4f1d-b5f7-9b8fb0002dc3,119d43da5cf2cec95289848aec20ac51,2026-07-03T00:00:00,delivered,404.11
cd3adb42-0ac8-4f65-a67d-5c3f8dd7326f,5a3ee05d197e24b7bafaac3e2cbc7e55,2026-07-04T00:00:00,delivered,632.86
a350c88b-a540-4020-99a5-f8d1ed6c3f20,2767ebe1fedf70562aa588a37a23080a,2026-06-13T00:00:00,returned,396.31
507a78c2-da2a-4662-8fdb-22d2554cd052,684fda5905aa430123c7b293106a337b,2026-07-14T00:00:00,delivered,308.05
5650e8bc-4e34-4612-afcf-3439c7a122ef,caf8cfa0ac3ff60facda076545837647,2026-06-24T00:00:00,shipped,95.07
b07313c0-13ba-4a09-a5da-02d392ef3a98,0a00766f8a586a704af2767dc685ecc1,2026-06-04T00:00:00,delivered,294.08
bdff6708-9ac7-4948-8ca4-4ecf05d6f5f0,07f61caa1c9e850c14e94854cec87545,2026-05-30T00:00:00,delivered,465.26
13e9f08f-dd76-4e66-9c32-fe2e2438dbe0,bffe21e5fcf1018f69c5654bb45ec1b6,2026-06-12T00:00:00,delivered,391.29
9821f93f-9cd7-4173-9fb0-3877d73c9eb8,f102240598836332442c455abbcecfbc,2026-06-13T00:00:00,shipped,296.81
f7d80f32-b9d9-4506-b9c8-f6046cfa3850,6056d31a9cf9cf98ea9de7ef86cf4f5d,2026-07-09T00:00:00,returned,374.19
a79a120d-a677-46e3-a612-c9e5dc34caa0,402cce5c0509000eed9e77fece8056e2,2026-03-24T00:00:00,delivered,235.27
3052bdf6-b2e0-47b8-a4b4-37825acb9895,f2772c6e5817727fbe9b6932ccaa438f,2026-06-07T00:00:00,delayed,627.32
0083ceea-f9b5-4b06-8a24-db6a61e54a4a,f9ac86b4993a6e2a48758cb47d808712,2026-06-22T00:00:00,delivered,279.0
b7c19fe0-7b1b-46b3-aa8e-9484e3cc3b04,578d5e6d37a20bbf631183feedfe2dea,2026-07-10T00:00:00,delivered,88.3
0420ec11-9afe-4da7-aa94-849a5227daef,701ada356e78d72bfd5b279280762b79,2026-07-04T00:00:00,delivered,450.88
75100bee-236f-4aa1-a38a-140cc0544f08,5a3ee05d197e24b7bafaac3e2cbc7e55,2026-07-13T00:00:00,returned,651.34
0f9bcd77-194f-4954-a156-9eae14e01d98,e5eff1e54c132bef74c934de830a14ae,2026-07-02T00:00:00,delivered,591.17
b01a7022-7b14-4f0d-a1f6-7880cc9f4b0c,dc77e5e1396c807043f506f794d8fd1e,2025-07-26T00:00:00,cancelled,437.15
f80e3ed0-14aa-415d-9f93-31c65a4ad568,17edcf1332227a04be5ee81262f0757e,2026-07-08T00:00:00,delivered,48.97
befc68b6-a3fd-47bf-9c57-56cb2831f6ac,5a3ee05d197e24b7bafaac3e2cbc7e55,2026-07-09T00:00:00,delivered,490.29
b32305d4-f427-42be-89f0-d05df46e1806,c3f3b3aec6ab1645b825e2b7031cfd43,2026-07-12T00:00:00,delivered,893.12
da693be4-6661-468c-9cbd-3ee60d3778e5,5a3ee05d197e24b7bafaac3e2cbc7e55,2026-07-09T00:00:00,returned,303.73
0e4f4268-f8f0-4d37-b110-f2f0bcb1bd1b,803c9b252709beca97a308a9197371ff,2026-07-10T00:00:00,delivered,1376.59
2f81d663-5543-4a4b-826f-331eb5b4d8ff,9173f8394714a803f3d46db497a68a19,2026-06-03T00:00:00,shipped,686.69
29898750-6636-4e27-93a4-3c1f56c96931,e89b05b0bb32e1d5065217c753a174d0,2022-08-14T00:00:00,delivered,518.74
229a776e-2cb3-445f-adcf-61cf8bfaccb9,a10fe3c477989c968aa284bd448b1d5b,2026-06-12T00:00:00,delayed,219.06
1b6dc3fc-a3ed-4b2d-a760-d3e03bfd990b,873b6512a80d4ccc7ec1ad735ab81a81,2026-06-17T00:00:00,delayed,293.43
7458d841-6be4-4dda-8d89-d98640df96e2,89e3027de49c3012858cfeb7f5a34f59,2026-07-17T00:00:00,delivered,524.62
79e1d588-f5a4-4db0-a217-3e5df1adf337,75ecead8782ef6730e1f7e51f7052f75,2026-06-25T00:00:00,delivered,465.79
3effecd4-b6b7-4d69-b6f4-27daaa9f1d21,a8ae36a2bb6c2bbc3b5d62ede131c9ef,2026-06-26T00:00:00,delivered,508.29
5120bc0e-31c6-44d8-bdf5-18999d724cd2,fa7e6f153b7724fda5c1d7cc7b9ae4ec,2026-02-11T00:00:00,delivered,213.07
77b5fa7f-005d-4403-919d-7c6cdc10de6c,a5782905d18c0d30d5dfbf6f2a864719,2026-06-26T00:00:00,delivered,484.32
1c37871a-3404-490d-8a54-c0e294299210,fe947af6540d580b9703d0332d04f0e3,2026-06-30T00:00:00,delivered,157.07
131e875e-c0b2-4355-9ff4-39387df5f5bd,24bb50e3ea35adf9a12adc0a440563d0,2026-07-16T00:00:00,delayed,329.98
f46ad053-3bfd-4544-b1e6-5f5999702bce,44bd7571a7dad968306f7776bd5a5745,2026-06-21T00:00:00,delivered,1681.18
e88c4869-55dd-45e5-8e9f-fbb9d1852c96,5a3ee05d197e24b7bafaac3e2cbc7e55,2026-06-22T00:00:00,delivered,317.87
bc39d37f-8b41-406c-942c-9a9d4fb03468,de038e601db2bbdb12a1ab691a58f7e2,2026-07-05T00:00:00,delivered,13.79
550d42af-5b81-4f51-ba13-e41f6d7416b8,e94f497b64b4c843216126feedb1dfae,2026-07-02T00:00:00,delivered,555.22
481ba8dc-af1f-4fd7-a8ef-30981b7514f2,5a3ee05d197e24b7bafaac3e2cbc7e55,2026-06-29T00:00:00,shipped,50.81
6b2b26a9-6643-4191-ad3f-84a58392a7b4,d20f34444ce44ca683d46e9da98456e1,2026-06-17T00:00:00,delivered,148.96
eaf453de-e3f1-40e4-b4db-06ff58d12f56,0b48151c4ac827afeee06ce2d77cc343,2026-07-11T00:00:00,delivered,766.22
42e6f348-8c28-48d7-b26d-a171388e8776,0b48151c4ac827afeee06ce2d77cc343,2026-06-25T00:00:00,shipped,1558.54
a5a7a063-87ba-4e05-a61e-1e4f5f1233f1,3de675e6f79e135540ee0144844d26a7,2026-06-26T00:00:00,delivered,369.26
84a8c9aa-56fa-410e-9e01-710fdc0e5fd4,06cb9de4265f5e18327a1e4608a1c85c,2026-06-30T00:00:00,delivered,297.01
7d58ae88-cc7d-485a-a304-327add544e2a,5a3ee05d197e24b7bafaac3e2cbc7e55,2026-06-21T00:00:00,delivered,496.61
565a019c-a469-4c9e-b2d1-d449c3bdcae4,25e1b5240ae610b163924a49e7e85bc6,2026-07-03T00:00:00,delivered,407.44
541db4fb-7eda-403b-b5a8-29ef1a9a62a6,7c64114d404c93f2c4305a9f2e7dc3eb,2026-07-02T00:00:00,delivered,40.58
23f4b33b-df6e-45d0-b9a7-131c5ecb9f31,3be2432d88955b7cc6e9cb71d9d1931e,2026-07-15T00:00:00,delivered,226.91
ceaf4e7a-c603-458c-b607-6bd88e82d56b,ca19a17e381182923b66007a351574b7,2026-04-19T00:00:00,delivered,110.97
dc200bbe-85ed-44c0-92f6-b7a9545dd085,9751244bd65fd1f1166ab7f3e10a31ab,2026-07-09T00:00:00,delivered,189.82
7340680e-eb24-423e-a622-c568cd568102,ac61539bd1e37ef9fc8b951720d90bdb,2026-02-02T00:00:00,delayed,360.54
6a15ff65-5db1-4f63-92a3-ec02543be524,5802e2beb1b61c3ec744d5780f0600bb,2026-05-30T00:00:00,delivered,1631.08
a14c0737-a452-45e4-841e-94874b3a5f4d,340152332a04149987a705602615f0d0,2026-06-23T00:00:00,delivered,444.85
7cfe6653-698f-4276-9bd3-914df3140885,5a3ee05d197e24b7bafaac3e2cbc7e55,2026-07-08T00:00:00,delivered,562.77
6563cfe3-5b88-4a1f-8e7e-f347603203f2,17ecbb11ad271dc15ba46b93be52062a,2026-06-14T00:00:00,delivered,829.55
03bd7a9a-0955-4f7d-876d-1bdd418ab506,5a3ee05d197e24b7bafaac3e2cbc7e55,2026-06-29T00:00:00,delivered,1910.83
77322d3a-47d8-44d6-9078-e5bfea7f85d7,e8a63b5829f45bc153ed838ba9de6c0b,2026-06-07T00:00:00,delivered,104.55
7f7403f0-ac33-4b3f-8084-7416561dd4bc,5a3ee05d197e24b7bafaac3e2cbc7e55,2026-06-30T00:00:00,delivered,561.83
ac09c7fc-4ee3-4373-8cac-154f09d89548,6dd5be3b2a4f4f7fe09e81590896fa0e,2026-07-12T00:00:00,delivered,504.38
450c15b2-afc9-46d0-becc-3dd358aeab90,301bcaac6077aa5e56aa5b6559846534,2026-04-28T00:00:00,delivered,1422.25
792f40a7-e346-478f-a04c-de124c8af65a,afa2d112b99f01c2f052f0dfec88726c,2026-07-09T00:00:00,returned,235.65
fecbcdfc-ecfe-40c1-a4b2-7ea5da0439f0,f68fcf829cc4c6c8a53b46c864c1639e,2026-05-09T00:00:00,shipped,869.21
faf97758-85d4-4f3c-bc4d-c7ac8640c738,9d62781deeb1060adc0f47a86d4a2ef3,2026-05-22T00:00:00,delivered,292.02
dd54110d-bf53-4f0b-9d48-b3da45529af5,076efbad08f34a6316ec570ea20a0568,2026-07-06T00:00:00,delayed,338.05
7ca7fe31-c39e-4243-80d5-ca77324a2ec8,f054e8c1cbcf5e89ddd9b615c349936b,2026-07-10T00:00:00,shipped,1326.71
d7942e53-b95c-414e-ac5a-0a40b309924c,61657cd378eabeaa8ec89a448432357d,2024-09-12T00:00:00,delivered,179.78
f5e9e2df-65ec-4c14-b678-6bfadb60c3aa,5a3ee05d197e24b7bafaac3e2cbc7e55,2026-06-22T00:00:00,delivered,406.12
2dbd9490-a231-4d81-a949-f12dbf5e78cf,634f09f6075fe9032e6c19609ffe995a,2026-07-07T00:00:00,delivered,379.73
9c0f44bb-314c-479f-b564-416e9ab8dbcd,941590fb8aef66b3a8352fe7c691879e,2026-06-20T00:00:00,delivered,322.63
a6b8f4be-4dc6-4724-8bce-75a02f273de6,e5dbefdfdf3eff75c8e6cd655f128279,2026-07-09T00:00:00,delivered,871.81
1eb37ad9-71fc-4017-a126-ec58f3ac9580,e9dd12dca17352644a959d9dea133935,2026-06-20T00:00:00,delivered,462.29
05ab868f-3d0c-4c86-960b-34e42a565405,87a2388f0ca83070c02e32cde2e18fa8,2026-06-20T00:00:00,cancelled,346.0
4f2b1a66-6f0e-4829-a894-ab4713591b5a,6056d31a9cf9cf98ea9de7ef86cf4f5d,2026-07-15T00:00:00,delivered,77.6
67b740b0-0939-46f0-ace6-52d504227a09,3af0b2f7654f613ff1527b997a2ac57e,2026-07-03T00:00:00,cancelled,81.72
23ea9a83-5b0a-4224-8299-dc259637bdd8,c8dbfbb4a47a215d79659c927e786a58,2026-06-29T00:00:00,delivered,823.95
b1dc2854-c595-4d44-abb7-b6f4e83648c0,26a2b0baec2ef2e226f1297de4b6a86f,2026-06-14T00:00:00,delivered,440.95
bd0fb3e2-354d-40d1-b92a-f4bb3ec5e7c4,26c62200e28fe391637570bea7abd9c5,2026-06-26T00:00:00,delivered,370.74
9157c7ad-0d80-4aea-b363-9cd2d1dd7b3e,1ec536e0e33d1a559b917611ccf1cd69,2026-07-05T00:00:00,delivered,727.71
fa02a155-b8b2-48e6-837d-355e7f207b86,e021e698833bdeb89dfef3acb2e91f37,2026-06-21T00:00:00,delivered,1350.36
7506c35b-56ee-4a76-9811-28b8448395ca,ea11bc07876aef08645f2c14d46b3ba7,2026-07-16T00:00:00,delivered,280.83
bd00d6f3-d3a5-4236-bb40-dd5dc2d3f899,70a242b52ee3d0640c6d7f5ee237651b,2026-07-15T00:00:00,delivered,480.01
84cecaf7-bf5a-4e83-8e7c-6b4f994016f7,a37a685913f2c2d8ae96bc8b2f25ec7d,2026-07-05T00:00:00,delivered,262.86
0c2a9a38-5ba2-4987-a949-df9c95b362db,0b48151c4ac827afeee06ce2d77cc343,2026-07-13T00:00:00,returned,448.89
27e5b8ef-a70a-4a0b-ba50-64bb6283504d,e94f497b64b4c843216126feedb1dfae,2026-07-08T00:00:00,delivered,363.12
265f2cfc-398e-4b1e-a066-fcec8395a03a,18e362d58b54666925aacfd86ff84213,2026-07-03T00:00:00,delivered,134.38
8ff35225-6c78-4233-93f1-5db5c4731e30,b03e9d9818ee170e9d6b983803c7d406,2026-05-22T00:00:00,delayed,2766.38
405455b4-1203-4ab3-9f13-3a03b3fd9fca,84f30d2fd3937449dc7e0c835c281961,2025-08-26T00:00:00,delivered,821.32
89a275fc-f570-4c6f-b585-59bf448ad14f,d1ec84ece21390313fe8dd6457dd6ecb,2026-07-10T00:00:00,delivered,72.16
b131c1b2-eb4d-49cd-bd79-309769d6c958,755bdc2822a8f01cfcec19ae4dcaae66,2026-07-04T00:00:00,delivered,735.66
1b128c56-b166-4cfb-82b9-8c3eb45da7e0,d402eb7f3e879b3e39063d9aff318d75,2026-07-14T00:00:00,delayed,935.12
72fee43a-8234-4e31-820e-9d15f03e1ad7,227dee340139e8c2f57bf05bcb1246f8,2026-06-19T00:00:00,delivered,118.8
139bab2d-9401-4c40-b774-78d322a313db,cb5d14426ba66f929f72e01bb92fc3cf,2026-06-07T00:00:00,delayed,529.76
f5338131-7cc7-46e6-b7fd-8c44e28abbc4,4d0bd25308e9d7d0a301223f3d814f85,2026-07-12T00:00:00,delivered,647.95
a33edda9-32eb-4071-9374-7732ffd28477,baa2381220d03aa74d97baf23302ddc9,2026-02-10T00:00:00,delivered,460.12
0afb75d8-8a04-4724-9519-2528c23d39ff,81f3e3289b23460a82aa60a77017d421,2026-07-06T00:00:00,delivered,34.7
8b4c2e49-bcff-4613-8a74-aebefe10d00c,803c9b252709beca97a308a9197371ff,2026-07-17T00:00:00,delivered,19.56
d8dfb984-141d-4f0e-8768-9067f336f0c6,463d8425827e81d905edf86f9c231eef,2026-06-26T00:00:00,delivered,563.67
1f05c426-3bf2-449b-b29e-85b8b78f8978,5a3ee05d197e24b7bafaac3e2cbc7e55,2026-06-26T00:00:00,delivered,330.34
8fa4c98c-9e5b-4103-9fc7-ba2e8144e7cb,a012820fbbced38a03331716e231e0ba,2026-06-26T00:00:00,delivered,563.55
e57b11f9-ca0e-463d-b246-c65fcbbd991f,5a3ee05d197e24b7bafaac3e2cbc7e55,2026-06-21T00:00:00,cancelled,141.52
6b74ef5d-f565-4e98-bcf4-b2b46ea26ff1,5a3ee05d197e24b7bafaac3e2cbc7e55,2026-07-09T00:00:00,cancelled,271.28
e3fd4bb2-377a-4405-9608-c213ae53b02a,62049cfbc68cd893920204de3b5c057d,2026-06-30T00:00:00,delivered,425.3
e0049ced-1a20-446b-8f2e-21b148a0525e,0c7f5da7d9d33d16ddc25dfafcc513ce,2026-06-05T00:00:00,returned,30.44
d8cb4bc8-3c0c-4af5-95eb-b16ae76adc4c,687c94f92513205812c2f3d19576179d,2026-06-29T00:00:00,delayed,328.93
98416e11-1ef3-430f-85d5-372b5ec3ab30,5a3ee05d197e24b7bafaac3e2cbc7e55,2026-07-05T00:00:00,delivered,965.03
a3ffdd21-017c-4fc6-af8f-e39c0d74c5a6,d7dcb6a86716cae0bae52007bd8b7822,2026-05-05T00:00:00,returned,1615.61
14a5bb47-d5ff-4630-82fb-25789c2a583f,5a3ee05d197e24b7bafaac3e2cbc7e55,2026-06-23T00:00:00,delivered,69.19
330b7420-5f40-44d9-abb0-0ac18f64303e,1d69cad1a7af13a8f78fefc1b996a94c,2026-06-24T00:00:00,delivered,884.64
317b5b69-294b-4445-a80d-886913c050e2,483686d2c2ea82359b6aa0bb2b20829a,2026-07-13T00:00:00,shipped,2152.71
cbd72eb3-81a3-4ba5-8f5b-cf0fa24b378b,6e9c6c2120611104445c767b78377d21,2026-06-04T00:00:00,shipped,195.18
a83db75d-9a63-4e26-a61b-7ecd3a625608,4df43d4c7d3a093a519dbfe0b9dcc0d6,2026-07-08T00:00:00,delivered,223.44
ff89585f-ddff-49f2-85d2-85791728906a,e89b05b0bb32e1d5065217c753a174d0,2026-02-18T00:00:00,returned,22.94
c7931a7c-89fe-4622-aebe-a4a22a3d53e9,3ff45f223bb4d6fc772a38ad5a7b1b33,2025-10-30T00:00:00,delayed,71.49
112b8fa7-bcd2-46ce-b4e6-02d48552680b,4ac6ec83ece04605a854d931c8e8d8c7,2026-07-01T00:00:00,delivered,737.49
a7b8a523-cfcc-48a3-90fd-83ea4e7aa82f,58e41c352b12a7e96c322dca803dc08f,2026-07-14T00:00:00,cancelled,674.34
0568957c-74ea-4b29-9444-1281639cc39a,74adf920dbd3d2e6e9f18acd88b2fd41,2026-06-18T00:00:00,delivered,411.25
5a49fdc0-c62f-47ca-bd92-be19e09266f3,5273449e12a174a67f5423126de96435,2026-07-11T00:00:00,delayed,1226.29
fca46b8c-33ef-486a-b3f4-1c57d1a3720c,5a3ee05d197e24b7bafaac3e2cbc7e55,2026-07-06T00:00:00,delayed,188.43
1cb8e36a-d3e6-4dfc-bc85-86e826372e90,467bf79ce2396e5892760388eae4fcce,2026-07-09T00:00:00,delayed,251.46
4d5ee639-2f3b-4d35-b5c1-aa84af8fb886,0b48151c4ac827afeee06ce2d77cc343,2026-07-13T00:00:00,delivered,731.19
8e4a4055-fde6-4bb4-9490-339a599068c6,edf55e0391148600e839275491f147e5,2026-06-22T00:00:00,delivered,519.48
12feba26-ffd9-4356-8b10-907b63c4ad33,0b48151c4ac827afeee06ce2d77cc343,2026-07-12T00:00:00,shipped,1319.87
6d6871b1-83fe-4733-b050-ec750b070187,e94f497b64b4c843216126feedb1dfae,2026-07-04T00:00:00,delivered,320.87
42e1face-63f0-4791-aa4f-420ddc031a5b,9a8ae5697c81ca094e4bc087022d89d9,2026-01-21T00:00:00,delivered,181.51
87c91e39-0e9e-40f8-991b-ce0acdcd94cb,13613cae6e3bfea8327a916246c96cc9,2026-06-27T00:00:00,delivered,34.08
0c5ee526-f14a-4dca-8eb0-46f03577405b,c645339c7f927e64c0cbe6079255fc7a,2026-07-01T00:00:00,delivered,234.49
b6b254ea-63c3-45d3-b05b-32b690deced2,b6e99561fe6f34a55b0b7da92f8ed775,2026-06-19T00:00:00,delivered,131.29
59bba24e-373c-496e-8973-6ae598f69584,c2167133926371fa294b6b7e9da001e6,2026-07-15T00:00:00,shipped,588.98
c1854125-83a2-45b9-b15c-89fdfb7ce9e2,16df396804bc71ff9a59764e3c0f490c,2026-07-16T00:00:00,delivered,628.11
9e7f5e90-e1e7-4ca4-962e-b7784df1ca47,77528332d8d9e9a13c03da164e28040f,2026-06-26T00:00:00,delivered,165.77
fa98760c-be8f-4314-b4d7-b6e33884c34f,8f1b15e134107b88557c55167040c6b3,2026-06-27T00:00:00,delivered,187.21
40a1db7f-6ccf-4f7a-aaca-9a9555e26e20,a21a8c17fb2d281bb4890748efc12200,2026-06-27T00:00:00,delivered,992.98
29fd69f7-9e12-489e-bb7f-cc45d84ac406,4b0cbf5ea22869c5ea269442f9b849e7,2026-06-22T00:00:00,delivered,676.09
4f00808f-383a-4444-b451-208c1543f686,5a3ee05d197e24b7bafaac3e2cbc7e55,2026-07-15T00:00:00,delivered,1298.12
3f2c00ab-4959-4a2c-ae63-0bf9a93ef238,0b48151c4ac827afeee06ce2d77cc343,2026-07-07T00:00:00,delivered,919.18
cc564c0f-7676-4f3f-8b8a-2bc55b1549fb,cbbe4b5beeea8b05dae43cfd1a73e6d9,2026-07-12T00:00:00,delivered,6.13
4bbfbd6f-b92c-4092-bf0a-f03bc4dda183,8106dda85e61ac65b597178f5eb9ee99,2026-07-11T00:00:00,shipped,356.03
92b9eca7-ebc1-41da-9c4b-21af62ee1cac,cb85c247e17145a2883f582786099f12,2026-07-16T00:00:00,delivered,25.59
fc50a0c9-e176-4b21-81cf-40206a54f63b,5a3ee05d197e24b7bafaac3e2cbc7e55,2026-07-03T00:00:00,returned,1118.29
8ade249f-171f-4367-816f-7ec5e8e163e0,5a3ee05d197e24b7bafaac3e2cbc7e55,2026-07-05T00:00:00,delivered,1677.76
4113df24-4f5f-48b5-8f88-b2eb8e7a1097,5a3ee05d197e24b7bafaac3e2cbc7e55,2026-06-20T00:00:00,delivered,28.52
83fb9fd8-5ff0-4098-b0ea-7a6c71e6c6cf,58679291a77a997657d7a3dda51a784e,2025-10-01T00:00:00,delivered,336.14
0689dc71-8f5e-4958-8a8d-dd6aee64bcb8,5a3ee05d197e24b7bafaac3e2cbc7e55,2026-07-08T00:00:00,returned,766.4
4f11ffc2-a642-4cac-adae-205ab8503214,515be97b99f6127120e5793a7cb71aef,2026-07-08T00:00:00,delivered,329.3
fcc2583b-2edc-419d-a005-9af3649ef102,51c498c80f4afd96c234f0b6795f2e9e,2026-05-09T00:00:00,delivered,112.08
3f68504e-00d6-4ab7-92bc-861c661d8174,c8dbfbb4a47a215d79659c927e786a58,2026-06-28T00:00:00,delivered,797.3
4da62ee5-2b74-4647-baa9-a915508ff721,2e5b5e44efa832c60072aeb33027cd65,2026-06-28T00:00:00,delivered,543.63
618f1ab8-c843-48af-8d7a-bc19c395b1a7,c2167133926371fa294b6b7e9da001e6,2026-07-05T00:00:00,returned,692.95
8576dcfa-f54d-4c15-ad1e-3a72af4536bf,25c92a3613e1f6a804252e7ec51b2037,2026-07-17T00:00:00,shipped,615.1
4e315f43-80de-467e-8b33-c06410b9426f,076efbad08f34a6316ec570ea20a0568,2026-07-08T00:00:00,delivered,383.49
4e28cd22-e2ee-4905-a61d-cf4c7cc50f9a,bffe21e5fcf1018f69c5654bb45ec1b6,2026-07-07T00:00:00,delivered,262.35
ce8c2f96-9b8e-42f9-b726-433a69ca2e5a,fd3c867c2bcd048675609cf2b0f1aedb,2026-07-16T00:00:00,delivered,305.73
944ae70a-c96b-4291-940e-9e4f9e2645d0,f054e8c1cbcf5e89ddd9b615c349936b,2026-06-13T00:00:00,delivered,1048.31
a7123c46-5ebd-43f7-af08-e1b00d046c6d,88baa2a0a13e63c2e2b3ebc09595e4c8,2026-07-13T00:00:00,delivered,90.44
7b0c63b6-1b9e-4d94-8ea5-cfc5b456dfb1,373f58d5685e5d041b9fb63c7c580593,2026-06-02T00:00:00,delivered,437.0
bae62320-36c0-43a2-bd97-876b63d23a7d,717aa48025662fcf27ddebbecc5f782b,2026-04-16T00:00:00,delivered,1486.04
ec0163ef-5e96-46f1-817d-b55c7f4d8844,7e8ace5e83e019d284a1cf0108b57f94,2026-07-12T00:00:00,delivered,412.56
f3de157a-5223-4e3a-9b5d-19f4b1edd809,89e3027de49c3012858cfeb7f5a34f59,2026-07-17T00:00:00,delivered,540.45
64c6e9fd-4302-4124-853e-ce091fd183c0,f14a94df58861cb1811f48b40271884e,2026-06-02T00:00:00,shipped,640.64
b878ce7a-69cf-4719-a8ac-eb1db8597c73,2e5b5e44efa832c60072aeb33027cd65,2026-07-10T00:00:00,delivered,304.19
2c6efde7-24bd-407b-a211-54dce659a0a9,e2c59e02e343f49861fc454410cab380,2025-03-20T00:00:00,delivered,459.23
3134b304-815c-44d3-9942-e5d10058587e,5c2991dbd08bbf3cf410713c4de5a0b5,2026-07-08T00:00:00,delivered,1799.83
73b74d95-57c8-4bac-a0ef-a801d8bcd0b7,0b48151c4ac827afeee06ce2d77cc343,2026-07-14T00:00:00,shipped,350.42
85eb94c4-0c4a-46ab-b388-1392474780a3,5a3ee05d197e24b7bafaac3e2cbc7e55,2026-06-23T00:00:00,delivered,455.15
b2557750-a97a-49db-ad07-768967b8ddd2,463093247faa080167d77f2e6d1b297d,2026-07-17T00:00:00,delivered,1067.83
2bba4988-5160-48ab-83ca-aa4077dc0c7a,e5dbefdfdf3eff75c8e6cd655f128279,2026-07-05T00:00:00,delivered,325.38
c69e589d-9ba7-4e1b-9f72-8b05143b3435,29c059c81f62aa098e896ddd7fbc5c32,2026-05-21T00:00:00,delivered,420.81
95d5ca4e-bfc7-4d2a-8b15-0e61a2b102e2,91b06e7f118797fea3e4fdf5b9432d7d,2026-06-16T00:00:00,returned,287.24
e448c9a6-34a2-4816-a834-a88c145cc7c4,08995ff3d56d1423655c3b21cebe06bd,2026-07-12T00:00:00,delivered,109.57
969cba2d-86aa-4e29-95e0-8645f3f0bc33,3edc2805e049db7e556130362bb517fc,2026-06-18T00:00:00,shipped,830.89
bd3ab004-64b2-499e-873f-823866065b17,75ecead8782ef6730e1f7e51f7052f75,2026-06-13T00:00:00,delivered,398.48
8b87fd7f-f1ec-44ca-9b6b-dce214e662e8,5a3ee05d197e24b7bafaac3e2cbc7e55,2026-07-02T00:00:00,delivered,144.27
031d0915-4dc8-4bb0-baa1-b3f5383992c9,8c8b21e9534948db376200dd8de97c98,2026-07-03T00:00:00,delivered,2550.21
39cbedb3-033c-4882-b56f-426e2aaaf406,b0cb09eb848eddd6485a6a38e5a2f134,2026-06-07T00:00:00,delivered,1897.88
4a6f5470-6a7b-4ab7-92ce-780e713046bf,ad28944afc91824e30366a595654aaa4,2026-07-14T00:00:00,delivered,229.86
cfac90ff-0eb6-4115-b0f2-410d10522dbf,332cf4e83e16004ba7dca932ce82475b,2026-06-16T00:00:00,delivered,209.54
d383e1a8-3646-4264-9b85-ce6565b119f6,f2772c6e5817727fbe9b6932ccaa438f,2026-07-09T00:00:00,delivered,118.03
1b6d5469-f59f-4c4f-ab2d-a3d3979d4dc3,c756c5a0183a0e0c511a8b00fa1e2ee2,2026-07-09T00:00:00,delivered,329.1
5430b5ee-067b-4294-b7cb-3563b34fc63f,f2a29b4d4c04184a9372bb7374d344ac,2026-06-27T00:00:00,cancelled,2054.85
d61e22b9-ffa9-4033-a2a3-739aa079bf60,1399cfeada4921c5dac7f53d6de3592f,2026-07-06T00:00:00,delivered,999.51
ecbeeb00-b0d9-421b-b550-a1db339e04a4,5a3ee05d197e24b7bafaac3e2cbc7e55,2026-07-10T00:00:00,delivered,280.25
3ae6501b-af53-40b3-a90d-f94f8a0c3322,b778de6d690edae39654f4444e081771,2026-06-30T00:00:00,delivered,441.16
d47d09c4-0ea2-4209-a3a4-5d3f3b13fe22,fc25f71bab94146446884fc523121d48,2026-06-27T00:00:00,delivered,657.6
93dbd8d3-67e5-4d14-a620-5a0f2db1ac21,b6c083700ca8c135ba9f0f132930d4e8,2026-04-06T00:00:00,delivered,1260.63
b2589748-fac3-4997-9d6d-78ae909733c7,6056d31a9cf9cf98ea9de7ef86cf4f5d,2026-07-15T00:00:00,delivered,282.19
94ace1ae-e601-45a4-87e8-fb8e5fb1f89f,5a3ee05d197e24b7bafaac3e2cbc7e55,2026-07-04T00:00:00,delivered,334.17
726c416f-8957-40f8-bd44-c9418a8dca0b,5a3ee05d197e24b7bafaac3e2cbc7e55,2026-06-24T00:00:00,delivered,727.85
f295db13-42e4-4ddb-9361-c22550b9b966,bc2c9d4cffdfa4609cb2f961250ba4d7,2026-07-02T00:00:00,delivered,493.23
7f3b42ff-d162-41eb-a897-4ec5ae0ce6ec,5a3ee05d197e24b7bafaac3e2cbc7e55,2026-07-01T00:00:00,returned,1343.69
86392711-1e8d-4bab-9675-ef2054be2636,788d87eeb999019a75d8ba69017398b7,2026-06-23T00:00:00,delivered,334.12
6d65756e-559b-4fef-9c50-2b2c0cfdb773,27891f64aa89e1e7a933b2862b583ee4,2026-07-13T00:00:00,delivered,400.31
ff3467bf-51c3-409a-8737-2c909a2b9be6,1145616de76e14f4e7fd5452c2be149c,2026-07-05T00:00:00,delivered,62.62
f599cc37-6704-4fde-96f6-00b86db71452,e145a017a309c275c23443e1240c7547,2026-06-23T00:00:00,delayed,3242.75
70bb4d43-3b39-43f9-81d9-2163e56af701,71f88676a49942af16839e9690b97f54,2026-07-01T00:00:00,delivered,378.05
aba63ec2-83c1-4fcc-9136-53ec24d4ce8f,19067e6acbb88e562f0f58eca762ac76,2026-07-12T00:00:00,delivered,404.49
5402ed34-333f-44fb-9e85-542d2412ed51,f054e8c1cbcf5e89ddd9b615c349936b,2026-06-27T00:00:00,returned,2488.47
2d79262b-81b7-44a2-8b43-936691113620,a66e716d02b556bd6a57ee40c8a610ef,2026-07-17T00:00:00,cancelled,840.94
56251236-3ad9-4751-ad76-24a976a5bf0a,08995ff3d56d1423655c3b21cebe06bd,2026-07-02T00:00:00,returned,779.75
77918b5e-bc45-4b62-ab42-a9466612d7dc,076efbad08f34a6316ec570ea20a0568,2026-06-26T00:00:00,delivered,49.66
166fe7c7-2165-493e-b22a-03e7ab0b8c8d,d5b838b5c341f1957cea18610d054ac6,2026-07-09T00:00:00,returned,1061.46
01e92db4-a96a-4069-bb89-bad8c12e366c,6a8fdf11c6cc553fe201f827da2f4e65,2026-07-02T00:00:00,shipped,494.67
100e8b5d-9366-4323-9d17-6876371c199e,a012820fbbced38a03331716e231e0ba,2026-07-14T00:00:00,delivered,31.74
ba92cb39-c203-4caa-99c1-a6cd7755a392,c76b9b7efd2e02d6c8627bf5ad450622,2026-06-21T00:00:00,delivered,865.61
f24ca7f7-f525-49ae-9a22-ab02ea177a01,27b4a7740a9b118f9eed1e8c8be7822b,2026-06-26T00:00:00,returned,479.88
0a179dc4-a5e6-4ba5-86d8-992f1aed9adf,05c567475380140907b9ca53ba1dcfeb,2026-06-25T00:00:00,delivered,432.68
bd1d4719-7c17-4107-a0d5-e07ad1738120,6edd17d0a29e2d4057e694afee5eaa3b,2026-04-08T00:00:00,cancelled,300.69
da08212b-7fe3-4203-ad5d-3f47b3c8b502,690f1daf39d150896d05b876490b6fc5,2026-05-11T00:00:00,delivered,646.82
308d4ce3-dc88-4e5f-9f6b-c69a326d587f,fb1756887ae59c1b0efe8d0544d94815,2026-06-16T00:00:00,shipped,379.72
f730e0df-6ceb-4e14-914a-c456c2d61c59,caf8cfa0ac3ff60facda076545837647,2026-06-27T00:00:00,delivered,125.57
5256d2c3-7d4e-41ff-8921-3806457a34b4,0b48151c4ac827afeee06ce2d77cc343,2026-06-23T00:00:00,delivered,177.86
36f8a5f0-14a3-4fb4-935f-bef9321336c4,179b7afa741e910646e438f3e480b4b4,2026-06-02T00:00:00,delivered,109.57
54e923a6-cfe8-4994-9011-0d407082dbea,c85df1c6ef6f7bb605e1c49d34f172ee,2026-07-12T00:00:00,delivered,303.94
0ccfc9c0-a36c-4933-b5ff-fe3ee5037750,c16948c2abc51af80a151392f718e895,2026-07-07T00:00:00,delivered,1181.48
6e36a954-3477-439a-ad12-cc9b2d88157f,77a63731fc358f68a5ce26211fc340a8,2026-07-07T00:00:00,shipped,447.41
d0f73d0a-9ee3-4b64-824c-ad7ecad6ac5e,fa7b428394b88f4f3e244cd84163e81d,2026-07-08T00:00:00,delivered,233.88
a4c1c9a3-bcc8-4715-a8b4-5825d9538824,5a3ee05d197e24b7bafaac3e2cbc7e55,2026-07-03T00:00:00,delivered,212.09
7410b5fb-408f-4b85-91c1-026a1d3d6ea7,708dc8654f9d1d415d0ea6fffb898f2e,2026-07-14T00:00:00,delivered,207.02
adefee04-9117-4de8-89d6-a0b517573d20,c693492be1bc2d96c6b451e109d3437c,2026-06-22T00:00:00,delivered,145.74
c45b9555-6fe6-4e5a-83a3-0dcb493a8ba7,717aa48025662fcf27ddebbecc5f782b,2026-05-11T00:00:00,delivered,233.21
b0ebe086-dceb-4717-810d-df50a6c9c8eb,c1a56ed1e45dde68378dcbb50655ea47,2026-05-08T00:00:00,delivered,280.19
dff1cede-d1b3-4adf-ac01-4becc1705f73,5a3ee05d197e24b7bafaac3e2cbc7e55,2026-07-10T00:00:00,delivered,1032.62
adb30160-6d68-414b-af5e-3ee3d9afb8e4,af891fdabc40f3e11c5813f876b5257f,2026-07-17T00:00:00,delivered,77.19
c6f1e6c6-1d43-45ad-8f03-42d09ca6cd0b,ced43e4c9c807745b25ad6c5d519859e,2026-04-18T00:00:00,delivered,816.84
20e89d13-c413-46da-a5d7-bd6e40be5104,d20f34444ce44ca683d46e9da98456e1,2026-06-12T00:00:00,cancelled,175.45
9b130eea-3e65-447f-8102-c914b16b5354,8de2a640697fdc751bf88a16ae07591d,2026-07-14T00:00:00,delivered,1986.67
228051b4-0269-46ff-a4f0-9b942d601d87,7c5f2513d8feafd1ee95553ba1269a56,2026-01-04T00:00:00,delivered,710.11
0595b3fc-96af-4eff-b91e-9b004dde33df,d197a184e01ac46e6cb6596185bd4db0,2026-07-14T00:00:00,delivered,39.02
22cadd3d-7851-4303-876c-953ced3d8bf4,8479ef9838c9bca6f1ad143f1c0404f9,2026-06-25T00:00:00,delivered,394.87
e8a744f8-766a-4a2d-a724-5d3f05ac149a,0b48151c4ac827afeee06ce2d77cc343,2026-07-10T00:00:00,cancelled,140.72
edcc0aae-7963-4acd-a969-da44f74077b3,788d87eeb999019a75d8ba69017398b7,2026-05-24T00:00:00,delayed,262.06
590e6277-287d-4bbb-9ea1-369c6dbb99dd,c1d9e6bbbc34d8eabbaf75ec77de9eff,2026-07-11T00:00:00,delivered,649.81
64c47226-e7bf-414c-8d5f-7855ebed1e31,80042d5c5e74c4cd745d8c8832f1b506,2026-07-12T00:00:00,shipped,333.85
043f8cf0-614f-4cab-a0f2-2120d369bd9f,208f290481193105f0bdc2d8f543904e,2026-07-01T00:00:00,delivered,10.85
f102724b-1a78-4d79-b42a-7d04d44df7e2,848eabba326848e8125cb53af4720eb5,2026-06-19T00:00:00,shipped,414.02
27b3e65a-6c1c-4591-a35e-728734f03d7a,293c9db44b6588c4e52fbef455fccde8,2026-06-28T00:00:00,delivered,280.66
c140d506-2a0c-49d7-84fd-56c8584d3350,30cdd9eea2b6192b8fa65c9ff5e59acc,2026-06-19T00:00:00,delivered,397.95
79d138f0-1c7a-4df0-9fae-deff95cadffe,7e5561ad5c5a136c9768371b733462c9,2026-07-02T00:00:00,delivered,285.59
0aba2c3a-5097-4c17-b57a-005c52732953,9065001c21c6240da6fa642651772e60,2026-04-22T00:00:00,delivered,510.85
3664f3bc-0e70-48d7-906f-c5a6386b74db,eee056a1664b2f91466c96a455ceea8b,2026-07-15T00:00:00,delivered,234.94
b6736e51-94a1-41c3-85e6-deb059e3208c,f68fcf829cc4c6c8a53b46c864c1639e,2026-05-02T00:00:00,delivered,70.55
0471df66-37a9-48e0-be81-ee9911a16bbb,3871b0ab0166a2f441fa762f5206cacc,2026-06-15T00:00:00,cancelled,261.51
6c2f7dd8-6669-4bbe-be7d-7fc971f7676a,17edcf1332227a04be5ee81262f0757e,2026-07-13T00:00:00,delivered,715.32
fc0c7b5f-6a01-4fe9-99d5-47134475bb4f,184ff574579b06c07152f2ba4ae74106,2025-10-06T00:00:00,delivered,344.88
e514a896-64a9-40dd-ad96-010bd678d218,a4e7c06913461ef2298e10fb4cdd2d71,2026-06-26T00:00:00,delivered,335.77
dc7ce6e8-0cd6-473b-9267-d26918adcecc,19067e6acbb88e562f0f58eca762ac76,2026-07-03T00:00:00,delivered,178.03
c9643c69-46df-4a62-bf5c-0257f4e5f8bc,33f86281d5203b278e32070d4a02592e,2023-07-06T00:00:00,delivered,229.01
f586e597-f9fd-4c88-acf8-90dfdb0ef8fc,34c6f984b590bbfe3d4d6c76007c0b1c,2026-06-20T00:00:00,delivered,79.06
6a2299d8-937f-4ed1-8681-d4315c616696,e65a6776046796b39fe251f71b6abd6f,2026-07-12T00:00:00,delivered,2602.53
542c8ba6-5c56-4987-a607-f5f9d67d190c,076efbad08f34a6316ec570ea20a0568,2026-06-29T00:00:00,delivered,348.66
99866543-bc21-4428-b65a-643644df760c,5a3ee05d197e24b7bafaac3e2cbc7e55,2026-07-04T00:00:00,delivered,494.63
12381301-d4d4-41fb-bdc9-4887bc6666c9,5a3ee05d197e24b7bafaac3e2cbc7e55,2026-07-10T00:00:00,shipped,1306.31
3970c67d-1772-4210-b297-b0c12a932d27,5a3ee05d197e24b7bafaac3e2cbc7e55,2026-07-07T00:00:00,delivered,352.96
7bcba320-438b-46ea-a192-9fee9b14a364,5a3ee05d197e24b7bafaac3e2cbc7e55,2026-07-01T00:00:00,delivered,713.46
66514877-8a7f-4767-b6d4-f8b20d9d6f9a,0647d94e80c8033ef27686bdb447e105,2026-06-23T00:00:00,returned,199.69
167166cc-f577-4e41-8f00-04e344b69ec8,120f875c7db31f3a391a0feacbe05fa5,2026-06-10T00:00:00,returned,382.65
ccb99e21-3977-4b56-a6f6-13becd6b0c4e,7371189c8632ddaeb1e55bb5ed167adb,2026-07-09T00:00:00,delivered,72.1
08af6e8f-1fff-44f6-9a4b-2bf0567e963c,5a3ee05d197e24b7bafaac3e2cbc7e55,2026-06-29T00:00:00,shipped,1064.61
994d0919-f311-4e59-ac8c-d51f0f8ad85e,e44a59cd3178714eaf095face6112af5,2026-07-12T00:00:00,shipped,1603.69
adf9fa41-7b56-4317-9c34-706b35db700b,c1c7632732a487b1221e7bfb627c575f,2026-06-27T00:00:00,delivered,845.77
b10b84c4-a7a0-493e-9c41-b7d23f8f4230,312f3a7159f8ae9a13199d7fbc53d1c7,2026-06-20T00:00:00,returned,442.4
54c340c6-1a65-464a-ab03-7549cc8e6d7a,26c62200e28fe391637570bea7abd9c5,2026-06-11T00:00:00,delivered,718.88
d9c9b0db-574c-4607-ac2b-6ea852d5ec3f,11ad985b033c153deec8400ea60810d3,2026-06-24T00:00:00,delivered,253.32
eab03b44-232d-4f8b-8f45-857f907970f5,64b4630b1015051dc3c2e286684d444f,2026-06-16T00:00:00,delivered,593.98
094305d5-e1f6-426a-a52f-52f99ddb548b,34d93be3a57e6f8bba423d9064cda7c8,2026-05-22T00:00:00,delivered,569.89
0e5c6fa4-d64b-448e-a01c-07e9f11d449d,27cf4b153010911a0957150255a6c6db,2026-06-28T00:00:00,returned,1123.1
e4a6c5ec-892c-4547-a45f-a1e33d89f63f,1145616de76e14f4e7fd5452c2be149c,2026-07-02T00:00:00,delivered,795.4
01cf32e2-4495-4a5c-86b0-4878b73f852d,08995ff3d56d1423655c3b21cebe06bd,2026-07-04T00:00:00,delivered,82.89
41bf00d8-bdd4-4b0c-8930-339e78192fe5,ab2d1ba701c748469008304cb9f83770,2026-06-26T00:00:00,delayed,382.0
faf11f34-f7a8-4be2-8b90-545ea2509a49,d3a5fa065a68c1f357e6d8f4385938ee,2026-06-30T00:00:00,delivered,276.45
6f3c9a3d-bb1c-4d7c-ba20-e0bd7cb317d2,6056d31a9cf9cf98ea9de7ef86cf4f5d,2026-07-09T00:00:00,delivered,302.18
681f116e-a579-40c4-8093-7f6b1ef841c1,f52a8a57228f8fc586dc65983d39904b,2026-05-25T00:00:00,delivered,10.19
cccba74e-bd0f-42e3-8489-d8e3263d6089,5a3ee05d197e24b7bafaac3e2cbc7e55,2026-07-09T00:00:00,delayed,224.99
6a17a1a4-b4a9-46cc-b7e3-d6fd9c3366d7,9065001c21c6240da6fa642651772e60,2026-05-29T00:00:00,cancelled,285.41
6030c166-a125-4682-b3a4-b0f010e375cf,5a3ee05d197e24b7bafaac3e2cbc7e55,2026-07-02T00:00:00,shipped,291.03
d1af5f95-3bf9-4800-ad13-a94fadad8e6a,72739f22a5493890de8cc7f5a1105a1a,2026-07-04T00:00:00,delivered,353.55
e87d2f6a-b173-4883-9619-4e4b270cfd25,297fab71cc5569457eceb1d47ef3f497,2026-06-20T00:00:00,delivered,615.02
6cda1029-50d7-4bb7-a35f-b28564827ebd,d647ac91ff870deee189d7cd0cbf2380,2026-06-19T00:00:00,delayed,2534.62
f2a3dee4-84f8-4dc5-984b-f05946a67ad2,e92cf8004da0ba60863ad7d5bd816f5c,2026-06-10T00:00:00,delivered,377.72
b3e4938d-f9d5-400c-92f2-c800efe68942,208f290481193105f0bdc2d8f543904e,2026-07-02T00:00:00,shipped,384.8
050efe71-aa65-42f1-a55f-ec8af203da0e,5a3ee05d197e24b7bafaac3e2cbc7e55,2026-07-14T00:00:00,delivered,197.73
c41ba829-7cbe-4dc6-9148-cee8f0013b16,84f30d2fd3937449dc7e0c835c281961,2026-05-04T00:00:00,returned,139.72
a686afba-d4af-4976-b442-7f56a49b11d3,12c5d24b9c758bbf4298c59d99746513,2026-06-28T00:00:00,shipped,295.7
d29bcb84-a9e4-4016-9814-f5abaa040e74,d35862da9bdb38fad3994de72a77a3c2,2026-07-10T00:00:00,delivered,237.09
51d548fe-7b3b-471d-b334-f47b229bbac8,96d97637a814355ed5e0913942533b21,2023-11-17T00:00:00,cancelled,353.34
bd809784-c443-46b8-ae1b-45419ba908f4,9065001c21c6240da6fa642651772e60,2026-07-04T00:00:00,cancelled,494.21
8b1838b8-e003-4318-88af-fbfc27808b8f,b351ac91ab0ef29bae6da7fbc05959c0,2026-07-11T00:00:00,delivered,1272.97
bccc7a69-9ae6-4dc9-b473-88e0e238c282,67fcfe4915b93624867d350b8191ff7b,2026-06-21T00:00:00,shipped,209.99
6749e00c-12b0-4951-9f70-2909b19e316b,5a3ee05d197e24b7bafaac3e2cbc7e55,2026-07-01T00:00:00,delivered,465.09
50727275-285e-4ef0-8abb-0de8d91caee2,3104479007b9d538df0c9c2afe2caa1b,2025-09-04T00:00:00,delivered,203.77
d0fe5c71-e660-44b9-aa0a-0ca59adb1244,345ecd01c38d18a9036ed96c73b8d066,2026-05-18T00:00:00,shipped,213.63
4875bf60-135a-44a9-b33d-a193bc5a6093,fa2b68fd80b323901db1473bb98ad68f,2026-05-22T00:00:00,delivered,416.35
ead1e03d-31ed-4c1a-96df-3c405b2629da,4105645a2e9d4e2452957b11df3a2a04,2026-07-04T00:00:00,delivered,537.36
43e64930-ef5f-484f-b8da-bbb76293d41f,a8397e4402779864503796dd87fdbedc,2026-07-17T00:00:00,cancelled,504.41
247b24aa-bca8-4895-8e99-129cdcc4d359,63c265da6b6a1c029778de3661b64977,2026-06-22T00:00:00,delivered,1765.14
ef02ceb8-003a-43fb-a59e-51f5008cca37,d5b838b5c341f1957cea18610d054ac6,2026-06-18T00:00:00,delivered,211.41
fa448934-ee37-4400-b327-38bb391ff68b,474dc55152d9636a4f660ca32374afcc,2026-06-29T00:00:00,cancelled,311.34
2c643aef-8436-474e-999f-5022d5fb4da2,5beb6ddd92a5f785780c5a7a08e9bca4,2026-07-11T00:00:00,returned,242.98
cf766016-284b-4563-8466-adf82b65bb84,755bdc2822a8f01cfcec19ae4dcaae66,2026-07-09T00:00:00,delivered,528.97
26dee3ac-38de-4a48-b0f6-0058e9998a5f,af891fdabc40f3e11c5813f876b5257f,2026-07-05T00:00:00,shipped,160.28
81d004ed-a09a-4d2b-8984-2774e1404235,5a3ee05d197e24b7bafaac3e2cbc7e55,2026-07-08T00:00:00,delivered,189.72
68c90365-92cf-4e36-9f08-9592842312f0,804eb66464db178ab95f5f4ced1f4a9a,2026-07-06T00:00:00,returned,865.83
9c0dad34-d175-4ed6-8940-5dfcd6cbfe8b,a012820fbbced38a03331716e231e0ba,2026-06-25T00:00:00,shipped,310.9
2161046c-56d7-4f58-8766-ae955e4f12f5,a012820fbbced38a03331716e231e0ba,2026-06-26T00:00:00,shipped,383.53
fa4f4199-4b7a-4a7c-aa03-ad76e0e4dcf6,5a3ee05d197e24b7bafaac3e2cbc7e55,2026-07-10T00:00:00,delivered,187.12
44121945-ecfe-408c-9afa-e13cabd052e5,0b48151c4ac827afeee06ce2d77cc343,2026-07-04T00:00:00,delivered,884.95
c3068f00-f275-40d1-859e-b933c201b634,8849b35ccb854f2373c2bff43083e145,2026-06-24T00:00:00,cancelled,1639.87
00d494fc-3dbd-4051-a231-2555f5c637ab,01ecc1f1f21f05d0736c99d92646f132,2026-07-06T00:00:00,delivered,1055.64
d0ebe6f6-0ade-4723-bd33-8e948ab89083,cdbeeb59bf23bb27eba2b6a8dd4b9e09,2026-07-10T00:00:00,shipped,824.63
b1d20908-4da0-4d09-a89b-a015b5c1a9c8,4a4de987b37555970ffcc9608d858a72,2026-07-01T00:00:00,delivered,609.39
617c2f2c-9624-4e8f-9600-213c8756b2ee,5a3ee05d197e24b7bafaac3e2cbc7e55,2026-07-15T00:00:00,delivered,821.78
409ec178-b3c4-40bc-82d0-5513f05dea98,2e438ed54223fcca39c725b9a3e6376f,2026-07-15T00:00:00,delivered,178.95
6b75d423-bfa3-47d3-bf1a-b694ba48889d,5a3ee05d197e24b7bafaac3e2cbc7e55,2026-07-15T00:00:00,shipped,615.4
bb639174-25e2-491f-ae09-0f1e74a15b5e,d8c21a391fae9a2f8f784c3c25ff5f85,2026-06-20T00:00:00,delivered,777.86
05acbb0a-b533-4ed2-8856-2e2b3bd2a2e2,587b326ba3bf8aa4d3e50fb1f38ea79f,2026-07-10T00:00:00,delivered,737.39
667666a4-66d6-4550-9073-f44684cc247b,a1dcf2440c6b9aec47d70595ed124ad0,2026-07-12T00:00:00,delivered,542.06
87475416-db63-417e-9500-cc1ed78dd23b,59150cde6405fb8f31f6dd1882d15754,2026-06-16T00:00:00,shipped,727.14
f37d9493-d076-4193-a8ed-5c2106bca3fd,587b326ba3bf8aa4d3e50fb1f38ea79f,2026-07-11T00:00:00,returned,331.78
7285079e-7603-40aa-87c9-6bc0779e3dd2,2a46fb94aef5cbeeb850418118cee090,2026-06-18T00:00:00,delivered,698.15
95e8cef8-49f1-4d78-89e1-5a1cb95bbf77,4f8959e75186c78246b83bfb4219e419,2026-07-17T00:00:00,returned,432.38
a7c7833a-04cc-49bc-9d83-71b6933ec9c5,058199325498b546a39e5652a04dbbcc,2026-06-24T00:00:00,shipped,76.41
ec7f5971-86e8-42b7-9c1a-007a3eedcc57,317a5bc8cf58c4401e221c74d7a51982,2026-07-11T00:00:00,delivered,207.85
155b2f19-9c94-4f88-acce-5de42652d1f1,6e9c6c2120611104445c767b78377d21,2026-07-03T00:00:00,delayed,615.43
3fd5d140-b136-437b-ad75-ae259b9a4af4,84b0bf771f3b14f21e6dd37e2fe2eee6,2026-07-15T00:00:00,delivered,158.57
84e53637-a588-405e-a02c-29be4936e5b0,c7770d8b16c2c8d608209bd7df488678,2026-07-14T00:00:00,delivered,595.86
cc16e11e-3e4c-46cd-bd5c-6cc076e92ef6,5a3ee05d197e24b7bafaac3e2cbc7e55,2026-06-30T00:00:00,delivered,296.97
d20fc9a4-37d0-4a6e-8487-fccd6262e027,fc19fe9ac733e36ff8227c29435c2030,2026-07-01T00:00:00,delivered,167.62
7e6123ce-e2e9-41be-b8fa-3e3ae9ec315b,688f41aa35d278c66448d8c443304f51,2026-04-08T00:00:00,shipped,537.91
cc055375-94a1-46e8-9741-4bc7f7c33eca,8de2a640697fdc751bf88a16ae07591d,2026-06-30T00:00:00,delivered,292.22
4510cd24-6fbc-4ba5-b618-588e6c0e1550,5a3ee05d197e24b7bafaac3e2cbc7e55,2026-07-02T00:00:00,delivered,895.11
9ed9d7cb-55a8-4e13-b3c8-59469f986d6e,223ab530d4126650969ce8bc7370a21b,2026-06-05T00:00:00,delivered,147.62
28e13f8e-0799-4ba8-858a-0b47836f97e5,0b3dc7efaafb0cf78a4796d42fa8d74c,2026-07-05T00:00:00,delivered,588.0
21ae9506-c6ab-4d36-820d-3731436ef0fb,32a43786b189977d4d4a5940f177b243,2026-05-13T00:00:00,delivered,610.63
762d7d51-f826-4ea1-8390-2414a723996f,c02560059691695b25e8400ac24bd126,2026-05-23T00:00:00,delivered,675.28
b174006d-927b-4413-a541-e32ad4f23864,1098d1250d5bdf8bfc6a83f26494067c,2026-07-14T00:00:00,delivered,310.0
ef19b4a5-d62d-478c-b656-b0f499c9869d,92a4b4c966f31e01ad29b7adc861f25a,2026-06-11T00:00:00,returned,450.43
2f564538-48b6-4d4d-ae5d-c6dcd9b678f2,b89e8adcd81b4e77d1d67eed240eb456,2026-07-01T00:00:00,delivered,415.28
ea67e804-707c-48a3-8fa1-01eaa64a6809,bb4a329975df85aa69684e124f0b48b1,2026-07-03T00:00:00,delivered,983.23
4d04714a-2f7b-4369-b311-d90a31de1a0d,9049685052da8ea435727689c67b81c9,2026-07-13T00:00:00,delivered,654.03
bd9099ff-3824-4ee6-88e9-1636a37ca482,0b48151c4ac827afeee06ce2d77cc343,2026-06-29T00:00:00,delivered,2050.24
83d4332f-dc60-4db2-a56d-725bb96c2529,804eb66464db178ab95f5f4ced1f4a9a,2026-05-05T00:00:00,delivered,458.17
91d032e3-0bd3-4162-a1b6-2eac8897ca1d,7236dee958fe8db7b71ae8858c07640e,2026-04-11T00:00:00,shipped,217.66
ee8c7763-b04e-4329-9e84-e3b75a066079,8dfb24fac32ec7170821d2be63fa9c1c,2024-08-11T00:00:00,delivered,280.63
590c9875-deed-4eee-b634-95ce93d4a5d2,5a3ee05d197e24b7bafaac3e2cbc7e55,2026-06-21T00:00:00,shipped,617.39
ddc1eeb2-bd74-45a0-8289-a1be84e03552,578d5e6d37a20bbf631183feedfe2dea,2026-06-24T00:00:00,delivered,16.98
54c6da94-3a6f-4258-b847-c4463617291f,39e2788db03e5eaeb2935a7e479682c6,2026-07-08T00:00:00,cancelled,753.39
222963ed-592e-4fa7-89cc-859d13f94db3,f845965c44b627242d3fe2ff76fcb908,2026-07-14T00:00:00,shipped,331.89
469e2919-50b1-49b2-8e13-2fa77575b8a9,324b9a2e37fc2ab928a842b9429c46ea,2026-05-17T00:00:00,shipped,2569.75
9428ca09-ac76-4c60-908f-ad8220279960,2e438ed54223fcca39c725b9a3e6376f,2026-06-20T00:00:00,delivered,202.03
c4861645-75ab-4b76-b1c4-0506274df835,caf8cfa0ac3ff60facda076545837647,2026-07-17T00:00:00,delivered,413.58
6885a1d6-87bd-4918-ac3a-fe31af8d9c9e,ac61539bd1e37ef9fc8b951720d90bdb,2026-03-26T00:00:00,delivered,58.84
015f3c0c-c25a-4c18-b275-63bd2317547d,6e9c6c2120611104445c767b78377d21,2026-07-02T00:00:00,delivered,486.39
b794527d-7936-4069-86bd-0ec8eae75fdc,0b48151c4ac827afeee06ce2d77cc343,2026-06-27T00:00:00,delivered,232.18
62e5d61c-65d4-4328-883e-95b6a1f76802,5a3ee05d197e24b7bafaac3e2cbc7e55,2026-07-10T00:00:00,delivered,279.44
d84017da-d918-4d85-a724-7d6ce88cef5c,f12cfa9263ca5dd51027f902d1d05321,2026-07-01T00:00:00,delayed,2331.15
28299806-8c2f-45bc-a1f9-e6db7d4ce7cd,f52a8a57228f8fc586dc65983d39904b,2026-05-31T00:00:00,shipped,260.75
2c2ee522-f1d7-4239-8e2e-815c3d5ed519,717aa48025662fcf27ddebbecc5f782b,2026-06-24T00:00:00,delivered,338.93
eaac69f8-6d37-4c9b-a341-35d35c32534a,6056d31a9cf9cf98ea9de7ef86cf4f5d,2026-06-26T00:00:00,delayed,296.54
1f8bc964-4eb4-4c38-b19c-20cfa4614be6,07f61caa1c9e850c14e94854cec87545,2025-08-11T00:00:00,delivered,516.59
add133b0-fd96-4abf-89ba-d57dfccd5a4c,0b48151c4ac827afeee06ce2d77cc343,2026-06-28T00:00:00,delivered,273.84
0e9f6270-50fd-460f-adcb-7439d5f99587,8de2a640697fdc751bf88a16ae07591d,2026-06-29T00:00:00,delivered,385.18
8c038744-6196-4df9-9a4a-e56e94a374d5,bbb4489598feac603a21e4560d04699e,2026-06-29T00:00:00,shipped,191.0
7c4920ce-1e0a-457f-ba25-7b2f7d2a9f88,f054e8c1cbcf5e89ddd9b615c349936b,2026-07-08T00:00:00,returned,988.6
f23ea0bd-3bbd-4002-b8d5-e5792ca60fb6,515be97b99f6127120e5793a7cb71aef,2026-05-28T00:00:00,shipped,778.75
a4f97c85-fb73-4bee-94ca-a22eef42d7bb,317a5bc8cf58c4401e221c74d7a51982,2026-06-22T00:00:00,delivered,637.65
82a182f2-af47-4201-97df-7c19d784fd16,ef07ba9aa5226f77264ffa5762b2280b,2026-06-19T00:00:00,delayed,1236.82
70e429e3-a2cb-4602-afe7-01bbefff8f4b,eee056a1664b2f91466c96a455ceea8b,2026-07-09T00:00:00,shipped,728.67
2a3f096d-69a1-45ab-a7a5-685e10ea3a78,917f3a762ff75778673fff6067000042,2026-05-30T00:00:00,delivered,386.48
ef44ff83-e700-494f-b775-170a08b94bbe,f72d1ee92d55688d07ca88506300715e,2026-07-16T00:00:00,delivered,208.29
5ee4605a-a376-40f0-9d12-1cf6a157186f,f2a4f4165b72d65a5e7d10bbce13cecf,2025-08-13T00:00:00,delivered,489.62
dbb07d53-5362-43ca-bb3d-99b7ce80b7ca,717aa48025662fcf27ddebbecc5f782b,2026-05-21T00:00:00,shipped,638.39
119fb58b-67e8-439a-bf3b-95be661a977e,6056d31a9cf9cf98ea9de7ef86cf4f5d,2026-07-01T00:00:00,shipped,795.37
cf0fe7f6-0cea-4747-93de-9c7c9aad61c2,0821beeb20948f233864186b1d3c06b2,2026-07-08T00:00:00,delivered,371.04
a1142017-fbff-4d74-9a22-cdcfd2a3ad36,f23ceb8f983987bd6b0f3bde040fdade,2026-07-08T00:00:00,shipped,157.47
57aa2b98-ccc1-452e-b936-1850c6750927,5a3ee05d197e24b7bafaac3e2cbc7e55,2026-07-16T00:00:00,cancelled,630.99
2374ed96-7080-4877-8edd-4c7692f03b1b,5a3ee05d197e24b7bafaac3e2cbc7e55,2026-07-03T00:00:00,shipped,155.26
e85ff39d-61d6-4351-9d7d-017bcc325296,17edcf1332227a04be5ee81262f0757e,2026-07-07T00:00:00,delivered,752.6
b9d87de3-4835-42a4-bbff-0f32e7c8db7a,34c6f984b590bbfe3d4d6c76007c0b1c,2026-05-29T00:00:00,delivered,38.67
17bb3bd5-51ea-4a9d-99ba-2248a13cbe89,3f10bb8c1f2cbbbaee66cb7b8aade13a,2023-10-25T00:00:00,returned,284.94
7291b5cd-a5e0-4081-8eea-63906523f2f1,14debbd298c3b01daa32cef625668068,2026-07-15T00:00:00,delivered,534.01
94ef2e51-0c66-4d9a-b813-9ad69b57338b,613262bab2c6cdc4c02b53fd5b284244,2026-07-06T00:00:00,delivered,566.04
85c8a0c1-10d6-4ff1-80a8-dea5065a1500,17ecbb11ad271dc15ba46b93be52062a,2026-07-01T00:00:00,delivered,665.64
b4279beb-e43a-4189-9a6b-5de7d6025ea9,91275e7b1847f102954b73d856b4eee8,2026-07-16T00:00:00,cancelled,268.65
3473e3da-f6ab-4d84-838e-b8df246a828c,0beec065ce2d16d3a8dbb22b87cf4c43,2026-07-10T00:00:00,shipped,498.72
073b8031-3b62-4149-a667-688f39bfcd6e,794a542461efefc5e9f0aed3254cbba0,2026-07-05T00:00:00,delivered,500.87
e8611d27-b756-4704-8931-23b42b58591f,3d7fb21a86fa49b9dce2ac0814d6dc22,2026-06-05T00:00:00,delayed,305.31
15a51bcf-c7ee-46a9-867b-144cb0b95a8b,eb3704b505516a05c0fea2e8cca4de56,2026-06-26T00:00:00,delayed,910.48
c1eeef60-fb14-4a13-8b55-647e024b763b,b0cb09eb848eddd6485a6a38e5a2f134,2026-07-17T00:00:00,shipped,332.47
63748850-5f2c-4589-b376-2d456111639c,4c7b5071af05159997555b2500a1ecd0,2026-05-26T00:00:00,delivered,8.43
d0ab6e7d-ea35-439b-a8c7-e5a2464783cf,799ed9d9a1712679681fb6bb70a8b638,2026-07-16T00:00:00,delivered,374.49
44718e12-fb8f-4f95-b740-c178140b9a0c,5a3ee05d197e24b7bafaac3e2cbc7e55,2026-06-25T00:00:00,delivered,361.38
9ca63b63-8ef0-4198-b883-c46a0798f5ef,d3b1ea21e85de5679eb875b8a3a9dd4c,2026-06-29T00:00:00,delivered,989.67
6500b463-303d-45ad-aa0b-a4c8567ac411,a8bf8a5a3f01ec3bab15b75fb1920205,2026-06-23T00:00:00,delivered,145.38
7801984c-0576-4439-88fa-6133191aeab4,5a3ee05d197e24b7bafaac3e2cbc7e55,2026-06-22T00:00:00,delivered,440.14
dcb1afc8-1d75-424b-bc8b-ab8b9edb96e8,861eff4711a542e4b93843c6dd7febb0,2026-06-19T00:00:00,delivered,308.8
6e1c4950-cc3b-4b23-b843-633b2d523c54,6d8a1ff2b74ef9d939013151ef4d95cf,2026-05-15T00:00:00,delivered,205.4
bb6d70fc-1975-4661-9122-bd08158a5fb4,c9158d089637ab443c78984d20da7fc0,2026-07-13T00:00:00,delivered,275.22
79914816-e29e-4ed8-becd-b850cf7ad467,fe947af6540d580b9703d0332d04f0e3,2026-07-06T00:00:00,delivered,1272.17
1b775ec5-4962-43b8-9f0d-0ce8b2fa51b4,788d87eeb999019a75d8ba69017398b7,2026-06-12T00:00:00,delivered,340.08
d5821c88-a0d3-4cd6-88dd-afd23d24dcdb,3fd7c033b9809fe0d4536b4ea3b1e0dd,2026-07-14T00:00:00,delivered,1173.87
6db794ff-7d2a-4230-b13f-a303a635bfec,f9b57816964006c90c458a0caba0306b,2026-06-26T00:00:00,delivered,1032.37
c486ac3a-6c19-422b-8462-1335f98892a2,e91d99078659be9b7b474bd69cb53ac3,2026-07-07T00:00:00,delivered,511.82
348b3779-f91d-4eca-bf11-1490931b9daa,f054e8c1cbcf5e89ddd9b615c349936b,2026-06-26T00:00:00,delivered,1874.42
5e20a815-96b9-460c-a56a-a201d5e1e1ed,5a3ee05d197e24b7bafaac3e2cbc7e55,2026-07-09T00:00:00,cancelled,623.54
a8df5516-3b26-4ca0-895d-b7635b0ee90b,f52a8a57228f8fc586dc65983d39904b,2026-07-17T00:00:00,shipped,721.07
666c87a2-4bc7-48df-acaf-239b4db0480c,918dc87cd72cd9f6ed4bd442ed785235,2026-07-05T00:00:00,delivered,448.01
167e03df-af8e-4b53-b7fa-89e471244ec3,51c3c1f2163c5e5a546e0478cbe00c57,2026-07-16T00:00:00,delivered,1404.85
49939762-4a62-4bf6-aca8-6f5203289a42,51c79069e6b841c2dcda39aadd3180cb,2026-07-11T00:00:00,delivered,166.25
2275efe6-e31a-451d-b4f5-d6f590887775,5a3ee05d197e24b7bafaac3e2cbc7e55,2026-06-19T00:00:00,delivered,403.29
1fd62ff0-29c0-400d-9070-ecea1eec93fc,71a26c172a544ccc789674f1fab9d951,2026-06-30T00:00:00,delivered,204.53
b35765fc-f6b1-4c41-8928-34ac782d9813,1130878bf821f0b682431f513494c5f4,2026-07-14T00:00:00,delivered,972.32
774ac5c2-d18c-4114-9461-55e7ec728da5,8f601c7d9263ca954656792b02517b3b,2023-03-14T00:00:00,delivered,1913.17
3269e266-e393-4788-b6d1-8abaf1d89752,75ecead8782ef6730e1f7e51f7052f75,2026-06-14T00:00:00,delivered,292.1
54c6ab9c-4e43-4231-a494-52b15381af53,dc77e5e1396c807043f506f794d8fd1e,2026-05-15T00:00:00,delivered,147.78
94ab8b48-29a5-46da-b6f1-5feb8a1a7d61,3574bc798156f406b12f377bf3fdd381,2026-06-29T00:00:00,delivered,228.4
43f17770-6715-45cf-87a5-ab2dc4d56393,8e990907b56d2383d3a39bf0cf9a3f42,2026-07-10T00:00:00,delivered,766.28
c2a9cf86-836d-404f-92b2-2860fadbcff9,5a3ee05d197e24b7bafaac3e2cbc7e55,2026-07-04T00:00:00,delivered,389.46
26f3cc97-06f4-4796-a00c-026aac2d5963,95b4b60a728bff942c8bd59a43effa33,2026-07-09T00:00:00,delivered,73.26
cb8120e2-eab5-42ee-ba54-29ceecb1e714,fc25f71bab94146446884fc523121d48,2026-07-04T00:00:00,delivered,608.74
0ca5c14d-7157-4d43-aae7-283a456b8be0,3be2432d88955b7cc6e9cb71d9d1931e,2026-06-22T00:00:00,delivered,2309.05
c71c29fd-7bd3-4226-94f0-6aa138330881,6d3f61e35d0422fd8cae65b1798784be,2026-07-07T00:00:00,delivered,318.1
6910d285-60a8-40b0-996b-5b5e39afad0d,8c2e1b595fa98d5f22cb089e0e70d9cc,2026-07-05T00:00:00,delivered,542.32
fe392a7c-ecd0-4d43-b56c-11da292eac42,b134d1fbe77d00a8e0a4ce9d855ea927,2026-06-21T00:00:00,returned,37.31
bf963be9-b3fe-4031-9d90-97c1fce4ab73,ef9dd09d99cdfc6a10281e30f85d525f,2026-07-08T00:00:00,delayed,2393.82
d2961431-d5ea-4d4f-b337-f0212ab72aa6,3af0b2f7654f613ff1527b997a2ac57e,2026-06-15T00:00:00,returned,182.85
2fdd3b8c-f1fd-4697-95a6-ce612b505ba0,34c6f984b590bbfe3d4d6c76007c0b1c,2026-06-28T00:00:00,delivered,132.3
3a3bed9a-250f-40a9-a34a-51aa6a70e6c2,e021e698833bdeb89dfef3acb2e91f37,2026-07-07T00:00:00,delivered,990.4
2342cc5b-316e-478f-83e6-a1a650ff044a,fc25f71bab94146446884fc523121d48,2026-06-21T00:00:00,delivered,384.3
0d2ce22e-7ede-431d-88f9-b50a88a48d63,980612b4526788a3ebb91b6e372db0af,2026-06-27T00:00:00,delivered,337.56
63c364ec-674c-4804-9845-da8d42cc4474,d9f68ddf6447c3192acfef75203bf30f,2026-07-12T00:00:00,delivered,378.03
10e3da49-e2d6-4c12-8ab0-a8dd11bef31d,5a3ee05d197e24b7bafaac3e2cbc7e55,2026-06-20T00:00:00,delivered,1544.09
aba5351e-85bd-418c-ae45-66fa3c7ba2dd,5a3ee05d197e24b7bafaac3e2cbc7e55,2026-07-04T00:00:00,delivered,3091.97
a9b9a468-5ae1-4f11-b048-100bade489d2,bd8e0f3ea9fb694fc53c7a358643fc06,2026-05-30T00:00:00,delivered,927.09
746c82bf-26cb-4b53-9b38-ca3c2a938a81,5a3ee05d197e24b7bafaac3e2cbc7e55,2026-07-07T00:00:00,returned,426.59
45ed2d7e-af7b-49d2-978a-4de70e5bd444,39583d496cc15d47bfea1d9808e9406c,2026-03-25T00:00:00,returned,351.28
3ce9ea63-8c40-4ca7-b838-9e0c54c07b4c,0beec065ce2d16d3a8dbb22b87cf4c43,2026-07-12T00:00:00,shipped,419.32
26ee9576-08d7-4443-8d2a-459bdca30d90,378c06babf08c70f32e748ac24ea33e0,2026-01-21T00:00:00,delivered,43.22
6adade1f-9e9e-4f6d-9e07-4eed10539cbd,4cc24e44f98ce556d647948ae2d27cc9,2026-06-29T00:00:00,delivered,329.05
1468848d-53cb-484d-94df-1c16771eb322,5a3ee05d197e24b7bafaac3e2cbc7e55,2026-06-25T00:00:00,cancelled,347.21
6b1c0133-ed77-4d63-9925-874b77d2141e,bb4a329975df85aa69684e124f0b48b1,2026-06-27T00:00:00,delivered,366.51
a4cb0d7a-b6c7-44a0-9cdf-c7c499efee56,5a4a5f760f4e24691ad78a7f84bbe608,2026-06-30T00:00:00,cancelled,90.01
333f8d29-1f5c-45f9-a253-ff111248ad9c,c8dbfbb4a47a215d79659c927e786a58,2026-06-10T00:00:00,delayed,881.94
ba38acdf-9c20-4a3a-89b6-3f61b921c956,c645339c7f927e64c0cbe6079255fc7a,2026-07-17T00:00:00,delivered,157.06
703480be-de73-40c8-ae95-95cf144ece37,d10582c312d1c3a03ed8ea136273c54d,2026-07-04T00:00:00,shipped,873.61
32d35ec7-6c86-4655-89ca-981b9b706706,e021e698833bdeb89dfef3acb2e91f37,2026-06-27T00:00:00,delayed,87.11
6c776f05-3930-45bf-8a48-c927e807294b,5a3ee05d197e24b7bafaac3e2cbc7e55,2026-06-28T00:00:00,delivered,617.87
8033440e-63c9-42ec-a43f-bb5775699ff6,e94dfce2c86ef972bfe79efc639f20df,2026-06-25T00:00:00,delivered,1215.54
f1dc1870-7d8a-4b96-9240-a197c12f1073,f14a94df58861cb1811f48b40271884e,2026-07-08T00:00:00,delivered,733.21
3da46b61-6c14-4259-8c25-2fd056600589,011784926e81122b1abd0210b5888c22,2026-07-02T00:00:00,delivered,83.16
04cfebee-c601-4bd2-ab3a-c919a83c47f0,15721972ad68d86dbceffb155220c7ad,2026-06-29T00:00:00,delivered,64.26
74fc3da0-cb12-4506-b62d-baf6cb339049,0228e299d1cabeaf9be64b5ccd784c97,2026-07-15T00:00:00,delivered,89.1
5ea9cd1b-9eaf-464a-9142-157f7b29d127,a8794bde6655593c9b71212e6dea7177,2026-07-04T00:00:00,delivered,516.38
0f0dd64a-ab96-4111-97e3-a945537b28f1,2c4f12ef543ba44eead3e3a43c229c11,2026-07-13T00:00:00,delivered,138.41
897bca9a-f5cd-41fd-ab8e-5ccd373540e5,4cc24e44f98ce556d647948ae2d27cc9,2026-06-25T00:00:00,delivered,2337.5
4a4c13d7-5444-41a6-aafc-7db8030ab08e,c77b4bb192918ceba50cd4d6bcf64b67,2026-06-24T00:00:00,delayed,349.72
3c0c8b59-149c-4d83-aae9-a6e5e631cfda,6e9c6c2120611104445c767b78377d21,2026-06-12T00:00:00,delivered,348.37
2f1e3d27-21f8-4f09-b5dc-173dd2f26553,5a3ee05d197e24b7bafaac3e2cbc7e55,2026-07-02T00:00:00,cancelled,1327.92
198df67d-9b54-4af7-97e8-0de304551f50,27a53659b6216c57d106d48be0c50264,2026-05-19T00:00:00,shipped,517.82
8aa178c0-e216-4b73-9c14-b0053d00c427,e91d99078659be9b7b474bd69cb53ac3,2026-07-05T00:00:00,delivered,766.44
b0f8b7f6-7064-4499-975c-bc210836284b,304bdb7650773fcfe7b1d364cb05b490,2026-07-13T00:00:00,cancelled,380.81
419c7c50-d84b-4635-aa2f-0f89bb628c91,3e6fd6b2f0d499456a6a6820a40f2d79,2026-07-01T00:00:00,delivered,454.51
5e57f3d2-b85f-4db6-b62d-9d4a383af236,a8bf8a5a3f01ec3bab15b75fb1920205,2026-07-09T00:00:00,delayed,581.67
812b3b0a-6da7-4b80-85a8-83679249f7ee,34b0cd95480e55c2a701293a2b9671b3,2026-07-14T00:00:00,delivered,400.43
e7294258-2dc3-41c0-ab21-170410121f2b,6b3b92110c5adfe4a1334369d1ef2533,2026-07-15T00:00:00,delivered,212.11
c1015d9d-fc22-428b-b34d-e81e3c2c61ca,273d136f7121c493a5c994c4838fa350,2026-05-18T00:00:00,delivered,1952.67
dc879dd9-e1bb-4861-9a23-c6c4c3476854,16bd2490eab76fccfb60ad76e90c4ca1,2026-07-16T00:00:00,delivered,350.71
86c379de-7045-4e0e-ae0c-59257cad4df3,587d22544f4d6f17b39a30723a53a305,2025-04-15T00:00:00,delayed,1143.04
3123bce0-c269-4e34-a1fe-e861fc52d3f3,6e9c6c2120611104445c767b78377d21,2026-06-09T00:00:00,delivered,335.64
b9c1d380-4d86-4c27-a7d8-7a2914001d79,a9967806034d2d782bbcd181db432ee2,2026-07-05T00:00:00,delivered,323.87
6a8b30f4-8f80-4873-88e4-fcaf4ac9bac6,e021e698833bdeb89dfef3acb2e91f37,2026-06-28T00:00:00,returned,2427.9
afabfb56-dd6b-45b2-a0bd-15e59f382dd8,a10fe3c477989c968aa284bd448b1d5b,2026-05-24T00:00:00,delivered,430.53
2838bd24-f938-42c0-88e4-27419b10a7d3,30cdd9eea2b6192b8fa65c9ff5e59acc,2026-06-17T00:00:00,returned,195.4
52baa05b-6397-4e86-84a6-8057995ffdf1,f054e8c1cbcf5e89ddd9b615c349936b,2026-07-09T00:00:00,delivered,825.35
997a0a55-67f7-415d-9795-2b5db3ec6feb,86a01fa0e06f44ce0edf54c195443036,2026-07-11T00:00:00,delivered,186.54
266eb2b0-9a65-4a92-9713-f15f6c217565,58e1140fb8f15f1a010d01a34bfbf77d,2026-06-22T00:00:00,delivered,554.12
9bac1c90-78df-4a64-9497-16b0c8956621,9be47f0073690871caa1beada3ab06a9,2026-06-30T00:00:00,delivered,152.87
3bd7a7ee-1c59-46e4-b137-a09b3b7b902c,aa2b96dd03307ea6dc4b763c0b5f0b39,2026-07-09T00:00:00,delivered,331.75
3ae5538d-d82d-4184-b49f-93d0e417409d,0b48151c4ac827afeee06ce2d77cc343,2026-06-27T00:00:00,delivered,471.06
353a4800-2148-4eee-a564-2165f1eaa378,0cc3629bcdae6909e00d9512d566f570,2026-06-30T00:00:00,shipped,349.74
50133ef4-f15d-483b-bd16-0f60284739b2,e49eafd7e69d43b8d86f6b5590fafd02,2026-05-22T00:00:00,delivered,15.89
bbbe2fb4-e764-49e9-bbf9-807790a56d88,a72a2d4e19868dba726c0e6f49198c7e,2026-06-05T00:00:00,cancelled,287.82
0e79b7d1-08d6-4b64-acdc-90e05e84b999,39d7ce28dfadb187458ae98f1e7e3857,2026-06-17T00:00:00,delivered,773.51
6a058456-6dda-40e8-b55f-7971cc2735ec,835019738f3ba3c7c85fb00d0a9638d2,2026-07-13T00:00:00,delivered,111.5
89c8a094-f4c4-4f4f-b30f-ababfa9ba8e3,843c7e9e24758cfbc00dd941be3de79b,2026-06-05T00:00:00,delivered,253.82
a17eda94-9d62-41d3-a77e-b86c910c0a4f,22745c06a87ddc1142c22ce98c5bf8d1,2026-06-10T00:00:00,delivered,654.6
fc03a29a-ad43-4820-b10a-7c7eafd18544,cbddc85ed8c77a56bc0ba0cfbf057242,2026-07-03T00:00:00,shipped,270.54
fe7c800a-ef47-470e-b46f-c30d2bf45441,a356a8567cf4cd5ce32a18e6e7fcabc8,2026-06-27T00:00:00,delivered,511.89
cccdecdc-c3c8-4d81-aa61-2e336892347a,483ccebb9c42ae89d35740fadc153835,2026-06-02T00:00:00,shipped,109.57
e156f788-2c6e-43de-be52-62fd4d966948,5a3ee05d197e24b7bafaac3e2cbc7e55,2026-06-19T00:00:00,delivered,1833.89
3dc1d8ff-d58e-4284-90db-408035d65915,e607ede0e63436308660236f5a52da5e,2026-06-03T00:00:00,shipped,966.91
3f27cf19-30ef-42bf-a0a2-fcfdbc24dafa,87e5b2ef0c9dd7a455bea05c99177c27,2026-07-12T00:00:00,cancelled,83.87
0432a9f0-faa4-4704-a30f-34fca2878f18,6dd5be3b2a4f4f7fe09e81590896fa0e,2026-07-04T00:00:00,delayed,198.16
59b8754b-337e-4b5a-9d65-1c4a7473cfe8,0b48151c4ac827afeee06ce2d77cc343,2026-06-24T00:00:00,shipped,443.53
6c75a050-e44e-4cce-b5f9-2f77b877d91b,2b8649d1a9912afc25d2943a04782756,2026-07-09T00:00:00,shipped,1246.84
a84ad5f3-c91c-469f-bd52-f0105de25994,a9ef550a2e94766b3491bffc789ad91c,2026-07-09T00:00:00,delivered,451.2
8dc0ded0-c13b-477f-99ca-e850a0af0498,5a3ee05d197e24b7bafaac3e2cbc7e55,2026-07-01T00:00:00,delivered,2067.62
5990de95-c8ee-4243-87d4-86cffe9df233,51c3c1f2163c5e5a546e0478cbe00c57,2026-06-27T00:00:00,shipped,352.67
ec75dc62-4301-4bf7-ba5c-1ab9f322ab74,0b48151c4ac827afeee06ce2d77cc343,2026-07-10T00:00:00,returned,836.22
5f2e1553-9f92-41c4-95b2-db774ccb649b,5a3ee05d197e24b7bafaac3e2cbc7e55,2026-06-19T00:00:00,delivered,23.24
55da7e5a-3cee-485e-94d2-ab931cb66baf,94e6edac4fcfaba68a45fe869e6abb8a,2026-07-11T00:00:00,delivered,391.2
c9f7a024-d7f5-489a-a8d9-bed047dfefae,5a3ee05d197e24b7bafaac3e2cbc7e55,2026-06-21T00:00:00,delivered,1711.53
19c3aec6-0b06-4ca8-875d-3a4d29d210ae,fc25f71bab94146446884fc523121d48,2026-07-12T00:00:00,delivered,196.41
56263fb9-fa8c-4ed3-8c57-2244eca97964,4dc9867052507ed64279ae90d1946da2,2026-06-20T00:00:00,returned,209.47
125495e1-90c1-4102-8a62-b5c0f1bf165d,57378b07a6c91c06c139bfff05a246ab,2026-07-11T00:00:00,delivered,632.82
bb652be0-691a-4445-9a94-1c9c4cbbb72c,69cf23d79e9feafe5a75da884e40ce30,2026-07-02T00:00:00,delivered,390.34
71f4210b-0ad1-4dfc-969e-ea3a61794044,cb3766a52eaee82451ef56d6f12b9fb0,2026-04-14T00:00:00,delivered,1097.39
a195bef9-ce6c-4610-9d60-9e7db805903c,0228e299d1cabeaf9be64b5ccd784c97,2026-07-01T00:00:00,delivered,58.86
937eed15-5ce3-4255-acb2-ba3dd035c18e,caf8cfa0ac3ff60facda076545837647,2026-06-24T00:00:00,delivered,784.41
11dc1cfd-1382-47de-8fb6-36a54b32f885,282ebddb3e85120b1652204758fc332b,2026-07-01T00:00:00,delivered,913.65
74c2c492-9059-4224-8228-af57afbd387f,49d1599dd80dedc213037342bbe43fd7,2026-06-20T00:00:00,delivered,148.72
8808fb72-880b-4564-a926-3e74b5bdc7be,35525a882b83a865080254c1812945f9,2026-05-23T00:00:00,delivered,672.25
b4063613-9ba2-4fc4-9e36-d4dd8ffb0ab7,a1d02d8e96f1691603036bfcad4df844,2026-06-21T00:00:00,delivered,819.07
3a779182-8443-4efc-ba42-fe8cda333674,0b48151c4ac827afeee06ce2d77cc343,2026-07-13T00:00:00,delivered,610.4
581df4bb-733c-4404-84fa-5534d88ffff5,fc25f71bab94146446884fc523121d48,2026-06-19T00:00:00,delivered,488.31
1d65c792-80d6-4ae8-91b7-db09544545f3,0b48151c4ac827afeee06ce2d77cc343,2026-06-27T00:00:00,delivered,342.02
bbb4fe2f-0dee-4349-95ea-fe43339aa039,796af4fac93296428070925a8a78aaa1,2026-06-27T00:00:00,delivered,218.81
c1afd23b-141f-4763-81d0-3dc1d9394b77,5a3ee05d197e24b7bafaac3e2cbc7e55,2026-07-03T00:00:00,delivered,505.86
0e0d8c9c-666c-422d-af13-089ef12f7c15,5a3ee05d197e24b7bafaac3e2cbc7e55,2026-07-06T00:00:00,shipped,350.63
6376423d-6f41-4d97-bdba-5f2109995480,466c3a741a952640c1984a48ebbffbf9,2026-07-17T00:00:00,delivered,153.77
5d190dc0-b202-4a70-9676-09db87a9d839,2ad3e8ebee7119e3be506709cf52c2e7,2026-07-15T00:00:00,cancelled,266.89
5be4358c-2510-4dad-bb5d-a1299b477abd,3b529e86d89222d9af57ee77a108374e,2026-06-27T00:00:00,delivered,393.07
d708efe2-cc76-4af1-b0a1-7d9ba7ab6bd0,8dffa3165d189110cdbe104f7f948f1f,2026-07-07T00:00:00,delivered,788.89
a7394b2a-2bec-4776-ad01-82a14570a24e,873b6512a80d4ccc7ec1ad735ab81a81,2026-06-18T00:00:00,cancelled,1688.17
638d5a6b-b4c4-4182-8ccd-3c07aa9d8597,cff4ca65539a18d2726699ecc1ba6aa7,2026-05-25T00:00:00,shipped,126.64
b14b56ae-edd3-48e7-9bf6-aed5d0f392ba,084b52bfe7638733e0c99f8139ea3924,2026-04-29T00:00:00,delivered,1132.24
cdf6ae53-5572-40a5-b65c-5cc63ec1f149,5a3ee05d197e24b7bafaac3e2cbc7e55,2026-06-27T00:00:00,cancelled,398.76
06f36343-a53c-4834-982a-6dceeaea6c65,a124666e823bbd5fb77a72afc8c1360c,2026-06-14T00:00:00,delivered,655.98
dc51e509-c27c-4867-8173-8e02eadd6fd4,3a40c20f9cad0f453dce78648a2e22f3,2026-06-26T00:00:00,delivered,572.84
dc93d583-f153-499e-a2b6-973bef8c6ce1,5a3ee05d197e24b7bafaac3e2cbc7e55,2026-07-05T00:00:00,delivered,425.35
b843ee49-3b2e-462b-90c5-504f4e1de80d,0d8f0706c0d71cb8f6d957dad3023fc2,2026-06-01T00:00:00,delivered,170.29
227a4db9-6b42-4632-bded-9dbe820fce54,317a5bc8cf58c4401e221c74d7a51982,2026-07-08T00:00:00,delivered,717.02
5b8b8665-6b50-4d11-9f68-fe143dc21b40,755bdc2822a8f01cfcec19ae4dcaae66,2026-07-11T00:00:00,delivered,124.21
e460bcf4-0827-43c1-89e6-5fa602fc52ca,dc77e5e1396c807043f506f794d8fd1e,2024-09-19T00:00:00,delayed,149.93
f65065bc-7f56-4cf1-a29b-b16014dd78c7,a012820fbbced38a03331716e231e0ba,2026-07-01T00:00:00,delivered,543.22
888d0c32-f1f0-4b25-86cd-327bbfa2e843,f054e8c1cbcf5e89ddd9b615c349936b,2026-07-10T00:00:00,delayed,607.07
d3131b03-c01d-4636-ba1b-8d124a515c41,0b48151c4ac827afeee06ce2d77cc343,2026-07-10T00:00:00,delivered,167.72
a89eecb2-1f91-4a2b-98c4-39b18ef717c3,873e5a11673ea73e58db17af95546fc5,2026-06-22T00:00:00,delivered,363.6
3f15f2d4-d8c4-493e-8348-8d711b998815,1717cd357c7bbb3158e701005cf8e50b,2026-06-28T00:00:00,returned,246.85
d3215f6c-e85c-45f4-b11c-94271cb20160,536dfadbe03a1508f0300502ddb0545f,2026-06-28T00:00:00,returned,2523.57
51e19fa4-8864-43b6-82e3-c3bbda68b024,0585e62fb157dcf017fb8be5d6569d51,2026-07-07T00:00:00,delivered,578.85
5c398925-f606-407d-b256-43ebe527c9e8,7b6d07dac0a2c373d749142e920ae356,2026-06-29T00:00:00,delivered,113.11
6aa7b542-9ba0-4a98-b811-f2a910a0ed56,7da3054afe371affc14d26cc2cc04358,2026-07-13T00:00:00,delayed,441.3
5f3be931-138c-4edd-9efb-db327e3b89a7,0b48151c4ac827afeee06ce2d77cc343,2026-07-07T00:00:00,delivered,312.96
c05da11a-5a55-41ad-9d09-1fdff1f58181,c9158d089637ab443c78984d20da7fc0,2026-07-14T00:00:00,delivered,1978.75
80410e57-963a-45a8-a852-40105514a3ea,5a3ee05d197e24b7bafaac3e2cbc7e55,2026-07-06T00:00:00,shipped,168.68
b1032635-3e4c-4093-b37b-09371a734375,caf8cfa0ac3ff60facda076545837647,2026-06-22T00:00:00,shipped,103.73
4bb0b1ea-e19f-4b45-acff-23106897ccf9,f72d1ee92d55688d07ca88506300715e,2026-06-21T00:00:00,returned,559.97
126a1a23-6045-4a77-9c46-8210f6df1c12,cb2b7396e93f306c9076b63930b1a332,2026-07-13T00:00:00,delivered,368.84
c351ff32-be70-49d4-9279-201cead4d1aa,6056d31a9cf9cf98ea9de7ef86cf4f5d,2026-07-13T00:00:00,delivered,714.8
46553a50-9a6f-4278-90e7-402f11f7fd92,e6925d3e39cebd0f699008b248e58361,2026-07-16T00:00:00,delivered,331.23
438f0325-68ac-499d-8795-d1f710efac8c,8479ef9838c9bca6f1ad143f1c0404f9,2026-07-15T00:00:00,cancelled,625.47
51caf8f5-7b47-4374-8183-7e43227ba3ea,5a3ee05d197e24b7bafaac3e2cbc7e55,2026-07-06T00:00:00,returned,284.0
a1ac78ea-e90b-4fbe-89f2-ca799d3630cc,4b0cbf5ea22869c5ea269442f9b849e7,2026-05-22T00:00:00,delivered,436.53
532130a5-d648-490c-b65d-995d31d32fae,2fd4fde99628d70ae43cfa35ee62e10e,2026-01-14T00:00:00,delivered,290.66
e8de8e31-53aa-43ac-8b36-74f1ef247141,39d16e1ef9c58bb82e54cf87906c185d,2026-05-06T00:00:00,delivered,499.35
c4db532e-6a1f-4f1e-9ef1-3fe9a06dfcce,79051ee5ee98c4bd6982e67e2e79dbcb,2026-07-11T00:00:00,delivered,633.0
63f6abbb-fb3f-4cf0-9d15-a2406db3a3b5,1b5908d160c0942cc1b26bc725536d42,2026-07-12T00:00:00,delivered,499.01
2737f13c-cc73-4069-a887-3003ca1d6628,97dc91f9e896442f6ac9650bb2a9b594,2026-06-15T00:00:00,cancelled,414.78
633d95b1-a7b4-4526-96de-d349ec559d7a,367f810d77e192e1440edd2afa6b07cd,2026-07-01T00:00:00,delivered,596.14
189d71b1-4413-46d4-ad47-63ac211d1b58,a214e70576ced674f9ff61d283ab272e,2026-06-29T00:00:00,delivered,444.38
ba9c0603-ea2e-4cf7-9bd3-74f91c5998fd,8e990907b56d2383d3a39bf0cf9a3f42,2026-06-15T00:00:00,delivered,377.24
0e658cbf-bf86-411c-a7db-bdde6be06f74,5f2eb40c7352bf49c3876e764133f0c2,2026-07-11T00:00:00,delivered,124.55
c73bf3bc-3b6b-4937-8765-8eb9d9a40f0b,e94f497b64b4c843216126feedb1dfae,2026-07-16T00:00:00,delivered,144.68
22c0ef6b-7622-475f-ac84-1e28c5f1982a,71f88676a49942af16839e9690b97f54,2026-07-01T00:00:00,delivered,1688.17
73c3b0e8-5174-4a38-8637-ed5fd0d9177d,17ecbb11ad271dc15ba46b93be52062a,2026-06-13T00:00:00,cancelled,187.3
2b9788ae-638e-40c8-88c8-5377b9744902,abbc371b080d0e55bc3f40c244b1172e,2026-07-04T00:00:00,delivered,351.58
1078e5c2-1f74-487d-a326-ac9419f55a05,717aa48025662fcf27ddebbecc5f782b,2026-04-11T00:00:00,delivered,202.87
84cee683-ff4d-4e95-a7f8-2edd194ea8f5,5a3ee05d197e24b7bafaac3e2cbc7e55,2026-07-17T00:00:00,shipped,497.07
bf7fccc8-df1f-4a0b-9f21-38994cdd3e1d,c8ec36160dbdb80f55d3e944d2d3240b,2026-06-28T00:00:00,delivered,654.41
49e2adb5-acaf-4e37-b5b5-8848107dbf2b,a1864cdd58debf5031958069ee937742,2026-05-09T00:00:00,delivered,255.19
721e0595-87bd-48cf-bec8-6182b5e445ac,0b48151c4ac827afeee06ce2d77cc343,2026-07-16T00:00:00,returned,236.95
db30b465-1ec1-430c-93d6-17aa1e761fe2,5a3ee05d197e24b7bafaac3e2cbc7e55,2026-06-30T00:00:00,delivered,240.62
95d28dcb-c39a-4b32-9a54-9b947c03d77b,827bfe48960ca0dde2edc174b2311277,2026-06-21T00:00:00,delivered,232.06
55bc6de7-3c11-486a-be04-6368628424fa,c29bc878f4400d62f9d33ddd8d13236b,2026-07-04T00:00:00,returned,271.14
38a16358-93c2-4708-b007-7d9b2d8c15c9,34f0b37e89f9ef4768bdd233630f9b62,2026-05-10T00:00:00,delivered,1176.99
44510945-a4d1-4c92-80a0-c8e903896c5f,1a39704fa1459528597c7e52f99e39d4,2026-04-16T00:00:00,delayed,573.92
b2624423-f264-4130-9d2f-836a31091c1c,9dc80712fe7b594cb2022882737397c2,2026-07-09T00:00:00,delivered,199.75
2a9043b2-0046-49f5-b18b-6844c57029bf,f72d1ee92d55688d07ca88506300715e,2026-06-18T00:00:00,delivered,479.92
1df787db-0968-4be3-abf1-75f6cc42d65e,1717cd357c7bbb3158e701005cf8e50b,2026-07-03T00:00:00,delayed,137.25
c4c15da1-c1f6-42be-8d77-a04c46611049,6b0c568efa39d9923961096ab40d3ed9,2026-05-09T00:00:00,delivered,957.7
7a2bfe2c-b73f-4ea2-8155-0c989bce0013,4dc9867052507ed64279ae90d1946da2,2026-07-09T00:00:00,delivered,1621.28
e9140d49-f382-4b87-b44c-531b5652a0fc,5b45f3493929fcecf1bacf1a1c4a4801,2026-06-27T00:00:00,delivered,756.27
b4d7de5a-7578-44f4-85b4-d8eca641f73b,62049cfbc68cd893920204de3b5c057d,2026-07-10T00:00:00,shipped,514.41
d2929178-772a-4ced-b902-3b361b22d233,f8ac03cb1226e6f2699b45df0032dcc2,2026-05-21T00:00:00,delivered,265.11
ab7c340a-703f-4be5-90cd-73d9c87067be,9a376ff06ccaae65a04b1b1c5535fc75,2026-07-17T00:00:00,delivered,501.28
87a80efa-62ae-4dd1-b957-425a106fb9c0,5a3ee05d197e24b7bafaac3e2cbc7e55,2026-06-30T00:00:00,delivered,323.94
a7fa579f-cdcb-49d6-a709-112a7bd802e7,ced43e4c9c807745b25ad6c5d519859e,2026-01-23T00:00:00,delivered,231.62
2d36be3c-d217-409b-8e93-e906e5e1005d,a267191e13807d158926cae6307fa9df,2026-06-23T00:00:00,delivered,281.89
4141b449-da22-4b27-bbeb-c0c64dc0a042,7d2829c2222be0a081bcf2d4d3d540a5,2026-05-27T00:00:00,delivered,176.8
2d072317-9482-4768-b9aa-335fafd70620,34c6f984b590bbfe3d4d6c76007c0b1c,2026-05-17T00:00:00,delivered,398.31
57dbe12f-d95a-4cbb-9a0c-70af855e9e27,0dd47ea03f3e61825df9e2bc94c292f1,2026-07-07T00:00:00,delivered,147.09
39e087e4-4d85-4cb8-ad67-382de7ca4435,3e8f3e58aafa9bb38d7b2ace611ff6af,2026-07-17T00:00:00,delivered,1836.25
b0fc03e6-f0d6-4561-8848-986cbaa5c132,5a3ee05d197e24b7bafaac3e2cbc7e55,2026-06-29T00:00:00,delayed,192.41
153761ea-51bc-4254-9aea-1c193ee99648,f9acaaf53948041869bb52c7eb1e116c,2025-05-13T00:00:00,shipped,379.51
9cd5b0c4-8a77-4bce-9c19-83c6b928dc79,de038e601db2bbdb12a1ab691a58f7e2,2026-07-08T00:00:00,shipped,72.33
94ae5099-d1c1-4931-9a25-27c5cb0cafc4,a7657330b1c135f3acd420326e335b2c,2026-06-29T00:00:00,delivered,286.93
f77fa2e8-28cf-4eb8-a46e-19c9db1e784c,5a3ee05d197e24b7bafaac3e2cbc7e55,2026-07-15T00:00:00,shipped,2466.53
7c5740c9-bdd8-4827-9d76-12bcd3995ae8,5a3ee05d197e24b7bafaac3e2cbc7e55,2026-06-27T00:00:00,delivered,550.53
6066b75e-a931-4da5-8681-e3c8648d8b1d,2d94b4d76656b186b0b717c23ed66273,2026-07-16T00:00:00,delivered,123.35
6cc65b39-3e9c-4e8a-bc86-94ce6b367560,5a3ee05d197e24b7bafaac3e2cbc7e55,2026-07-04T00:00:00,cancelled,2310.7
fd5d392f-f1a1-4841-aa78-8a2b050e995e,cc27b552c1d0c33dc74ab4e926b7006c,2026-06-10T00:00:00,cancelled,16.15
f221369b-cd88-426a-bb73-b36a98e2784d,6e9c6c2120611104445c767b78377d21,2026-06-02T00:00:00,shipped,1618.25
947c8fad-7ff1-4a98-ba90-3259015aa824,a40fd948c7052f309fbbb0c6e3d0999d,2026-07-06T00:00:00,delivered,486.58
2608e893-76a5-4714-85e4-09590e78e3e7,ef6b4c0581dbf34e6eb5e33e0094c445,2026-07-16T00:00:00,delivered,272.4
69fcd245-9bff-4e9a-8934-bb7489db9b80,3a1843bdfa85949a0b09bae81235709d,2026-07-04T00:00:00,shipped,144.84
0f7fdc95-cae4-49d5-aefb-f60d68c1894f,d0e87d00021530383c16452a39a393ba,2026-07-04T00:00:00,delivered,437.73
8f394ae5-1971-48bd-b2ce-2e07fa50ae4d,324b9a2e37fc2ab928a842b9429c46ea,2026-07-01T00:00:00,delivered,358.62
e554b0a6-1ee7-4d1b-8051-5bd88c46b9c8,17edcf1332227a04be5ee81262f0757e,2026-06-28T00:00:00,delivered,175.12
cd1c3340-c977-4a8c-8c28-c33e541a567b,2b6082a140c439e2df870c85b0aa5e88,2026-07-09T00:00:00,delivered,379.96
34f8eb3e-6ed3-4085-8fcb-c901e073454e,119d43da5cf2cec95289848aec20ac51,2026-06-22T00:00:00,delivered,349.52
4f9ce3fb-ff43-4a0a-a0e9-11ab54e82bc3,5a3ee05d197e24b7bafaac3e2cbc7e55,2026-07-05T00:00:00,delivered,176.04
04c2c931-280e-4f77-a512-b0e7836506e3,caf8cfa0ac3ff60facda076545837647,2026-06-21T00:00:00,shipped,926.13
f5a9de89-2b30-473a-b268-69e81bf029c6,68879d9986551c8c9e7bd1686195402d,2026-06-22T00:00:00,delivered,245.6
4ec98ddc-6f9a-4d72-ba0c-7294b92ddce6,5e21109503a635f7ad93db18a7ee4a21,2026-07-02T00:00:00,delayed,246.76
584e02cd-ca10-4942-ac7a-b2ccfd2db772,4350cf84c81dc8d0fed2aaf06c683d9a,2026-06-20T00:00:00,delivered,419.74
44884585-8b00-427e-8e85-941a3649b1d2,a6f2e4a9ff6fdb7626039136dee62c4b,2026-06-27T00:00:00,delivered,323.4
1f9fa2c6-48d6-4122-8966-8c6655790993,27891f64aa89e1e7a933b2862b583ee4,2026-07-03T00:00:00,delivered,293.27
aa0358e3-45af-430c-bf6c-56b508472489,cabd63ea066284b36b128a865fb15e2a,2026-07-07T00:00:00,delivered,170.44
39f4be2c-4c09-4495-9e7a-ae2e4a5d3242,f054e8c1cbcf5e89ddd9b615c349936b,2026-06-02T00:00:00,cancelled,1348.2
34089a33-12a5-4157-87b5-6d165652839e,a8bf8a5a3f01ec3bab15b75fb1920205,2026-07-15T00:00:00,delivered,516.14
16465b69-8efc-47cc-9a5d-ec9d66543356,08c07c761592a71b85136aa4fe76a6f4,2026-07-15T00:00:00,shipped,92.21
140525bf-5019-4de5-9de6-cb28c60026a7,5a3ee05d197e24b7bafaac3e2cbc7e55,2026-07-16T00:00:00,delivered,128.0
182b4270-41af-4326-85bd-03d7d13781b1,96d97637a814355ed5e0913942533b21,2022-09-12T00:00:00,delivered,455.38
894f4c1a-47e2-4869-a31d-c3cc1027498a,b33f678a7299da3b06beb4438a8d6908,2026-06-14T00:00:00,delivered,311.93
39c287fd-2615-49e9-b570-4eb00c07ce0e,c2167133926371fa294b6b7e9da001e6,2026-07-16T00:00:00,delivered,1021.17
dde359d1-e888-4ae7-ac19-7051edb099fb,324b9a2e37fc2ab928a842b9429c46ea,2026-06-29T00:00:00,delivered,245.68
8dfe8a09-b5ac-4688-a7a8-4e9829ff3afd,d3e1706bd9290ddbfd20fc30fa7224b0,2026-07-06T00:00:00,delivered,208.31
99ff62fd-703c-4783-a481-901ded51bd72,5a3ee05d197e24b7bafaac3e2cbc7e55,2026-07-17T00:00:00,delivered,126.39
05be7f58-6343-4246-9a19-395835733b35,5a3ee05d197e24b7bafaac3e2cbc7e55,2026-07-11T00:00:00,delivered,464.71
6f91bac1-1dae-43cb-b861-34d3b2097ff7,5a3ee05d197e24b7bafaac3e2cbc7e55,2026-07-02T00:00:00,delivered,1338.64
ac2485fe-89a7-4a76-ace8-af634317d570,d215654948fc3ce8f8010cc12a8c843e,2026-07-01T00:00:00,delivered,548.84
317d01f4-d7de-4375-a99a-9d7c553ddef9,11cd4821f3f646fae625b1f043fb5ec3,2026-07-04T00:00:00,delivered,483.56
2c7a7b33-06ca-4774-823f-e4658f1bf322,0b48151c4ac827afeee06ce2d77cc343,2026-07-09T00:00:00,returned,473.45
5953119e-d7e7-4bf4-83aa-7798ad5458c8,5331278432c1d2f87ce463412a344d1e,2026-07-02T00:00:00,delayed,388.63
8d4b1005-b84a-4e76-a852-64467767debf,9089f3d032c44d092d8de15a28de55f0,2026-07-08T00:00:00,shipped,705.46
1f287d75-b684-4873-8446-e18f1bccd04c,5a3ee05d197e24b7bafaac3e2cbc7e55,2026-07-17T00:00:00,delivered,384.62
dc59ad7b-8f62-4457-bcbd-ba6c1f4d8e6c,49eb3e27a6fc361609658d710948cef7,2026-05-31T00:00:00,delivered,496.33
0496ce93-bbcb-4bf5-9db3-96fdcf989b8e,e94f497b64b4c843216126feedb1dfae,2026-07-15T00:00:00,delivered,534.64
a6a614c2-5b7f-4d69-b36f-75fa2a5724ef,5a3ee05d197e24b7bafaac3e2cbc7e55,2026-06-26T00:00:00,returned,1354.97
788cc468-1d00-4961-90cf-081dcd464ff0,0b48151c4ac827afeee06ce2d77cc343,2026-07-16T00:00:00,returned,412.75
291e873a-9d9c-48c6-a2a3-4a91541cfcb7,4b0cbf5ea22869c5ea269442f9b849e7,2026-06-15T00:00:00,delivered,1483.25
f9cfa0af-10c7-40ce-9922-9aca29365d43,18e3d276253780b44b5b7bf83f6785ec,2026-06-06T00:00:00,shipped,332.19
630ed19f-9ead-4b3f-92f4-48de79e4bb9b,f1731fa7ae810577598d2d31a1888b4f,2026-06-26T00:00:00,delivered,268.79
1b72ef2e-07fc-486a-b343-71099adad338,5a3ee05d197e24b7bafaac3e2cbc7e55,2026-06-19T00:00:00,shipped,1161.91
d5efcd47-d63b-46e5-bf52-8a954ba5f1ca,c1a83a518dec21a938b5ca2a66e47ef0,2026-07-11T00:00:00,delivered,100.69
40604611-4233-4df2-bcc5-d256cee8132c,f12cfa9263ca5dd51027f902d1d05321,2026-07-01T00:00:00,delivered,388.95
b5080927-876d-4bf8-8bdf-90d50e5a589a,6832ad9ac97f82c7c5d614fb8e632e7b,2026-07-16T00:00:00,delivered,420.24
1c810937-78a7-4063-9983-d75242f3cf0d,803c9b252709beca97a308a9197371ff,2026-07-11T00:00:00,returned,218.75
81b8e5a9-794d-4e60-abfd-992405833fae,2c7ad76b7694988382706caa2b5b33f9,2026-07-13T00:00:00,delayed,938.39
6054e73e-a099-4ebd-94a2-8625e451846e,4914496b4e80679b99277e6a337715b7,2025-11-29T00:00:00,delivered,182.1
bcec0180-2fa1-467c-a07c-d68065f8bb89,0e9bafe047d5c6fe3fd8ef6bcdce9a1a,2026-06-28T00:00:00,delivered,1088.59
5530c941-62cb-4a4e-ae2e-7cf0fac457f0,fa2b68fd80b323901db1473bb98ad68f,2026-05-26T00:00:00,delivered,2362.98
684010d8-9380-45e6-9af2-3ea3870d0075,f7c7677be77763b1b2cf982a5e67fa61,2026-06-23T00:00:00,delivered,659.42
52653cff-776b-4c20-aaf5-6fdc991f3ea2,0b9ae040f85e7cc54f7c20efd637c859,2026-07-16T00:00:00,delivered,346.2
8309aa07-f585-43e5-8bfa-0ba87a0edb47,19067e6acbb88e562f0f58eca762ac76,2026-07-09T00:00:00,delivered,525.58
18668592-47b0-4bec-bb59-e72bdac810a1,b5b17698671a4c3822309b13d4f16f9e,2026-06-19T00:00:00,delayed,1714.25
f032ea8a-f976-4010-bd97-2d507ae508f2,483ccebb9c42ae89d35740fadc153835,2026-07-11T00:00:00,delivered,309.67
dec965ee-c9c2-483c-bda7-009bb81efa43,b0b94079598f018f9e72e9698aefef33,2026-06-19T00:00:00,shipped,36.3
be27cb38-0ccf-41ba-8eab-5a2c98d77005,16d778764561c820ab02b6ea12796b14,2026-07-15T00:00:00,delivered,373.82
e8f8f7f0-0b4b-4446-84c3-6e78f81714af,5a3ee05d197e24b7bafaac3e2cbc7e55,2026-07-15T00:00:00,delivered,61.72
a53bd3c5-3871-40ff-9621-7ed6590126c7,57b2a98a409812fe9618067b6b8ebe4f,2026-07-16T00:00:00,delivered,893.39
c0233eae-c091-4052-a244-dbf97717b418,717aa48025662fcf27ddebbecc5f782b,2026-06-20T00:00:00,delivered,740.48
b9e5663a-bdeb-46e6-98b7-14a024875fc4,5a3ee05d197e24b7bafaac3e2cbc7e55,2026-07-12T00:00:00,delivered,347.03
91e2a154-eefd-4c0e-aaad-8809bc6d25a4,536dfadbe03a1508f0300502ddb0545f,2026-06-29T00:00:00,delivered,233.39
d43fadad-33da-45f9-a729-9ab988054514,e94f497b64b4c843216126feedb1dfae,2026-07-04T00:00:00,delivered,414.85
dd4f34f7-b090-4021-997f-82aca5109a30,08c07c761592a71b85136aa4fe76a6f4,2026-06-19T00:00:00,delivered,269.56
fb1267e3-cef4-43f1-96a7-4d2a75845cb1,bf4862777db128507e9efcc789215e9b,2026-07-05T00:00:00,delivered,967.83
a48fe450-9e94-4b01-a367-0144df12c8b4,b9fe8c4b5fbad9389aa5f425561a2786,2026-07-01T00:00:00,delivered,262.91
2e719ef8-49a4-4968-b285-5503bf1134b8,caf8cfa0ac3ff60facda076545837647,2026-06-23T00:00:00,delivered,518.48
72a6eada-1f10-41d2-93b9-d7d0bfadf1f9,f2772c6e5817727fbe9b6932ccaa438f,2026-07-05T00:00:00,delayed,334.3
fc3e1e33-f7dc-41db-a3a6-0861dbfaefa4,324b9a2e37fc2ab928a842b9429c46ea,2026-07-15T00:00:00,delivered,227.9
59a0607d-eee0-424c-a7d7-27115bab45b7,5a3ee05d197e24b7bafaac3e2cbc7e55,2026-07-12T00:00:00,shipped,82.46
ef6908ee-f10a-4d47-be73-3a327f5470fe,fc25f71bab94146446884fc523121d48,2026-06-24T00:00:00,delivered,377.59
a632cdda-53bd-4447-a852-5f60c0f08316,324b9a2e37fc2ab928a842b9429c46ea,2026-06-13T00:00:00,delivered,535.65
d1f7a548-3a86-4505-942f-55fee1c437f2,000ec5bff359e1c0ad76a81a45cb598f,2026-06-23T00:00:00,delivered,260.64
b246c06f-e9ab-4429-8e28-2e5565483de4,c107527184a9e9f426fc5a3e89cfb7e1,2026-06-19T00:00:00,delayed,598.32
f3ccdf31-e7b1-4e3e-a46c-9de22a9c2e67,7c534bad6850d94161a9cf12e8171339,2026-04-01T00:00:00,shipped,81.98
cd0c70bc-a5ef-432c-9f9a-cecc9a57de91,f0697e6813b23d285c3b3c8c50002fc0,2026-05-16T00:00:00,shipped,342.12
96e705ea-02a8-4bf1-8f24-c8d128547581,f054e8c1cbcf5e89ddd9b615c349936b,2026-07-15T00:00:00,delivered,330.13
55a0f40d-50cd-449f-9d70-20c6a8db2933,95b4b60a728bff942c8bd59a43effa33,2026-06-24T00:00:00,delivered,620.14
f82611e6-2ac7-4a46-ae89-1ef09d2e25d9,42d2b957a53f0240c81dee35a2463059,2026-04-29T00:00:00,delivered,1015.28
f624b637-bf2c-46e8-8a74-ed74479114c5,29ea68ebb3474676eee3322428dcb0af,2026-06-24T00:00:00,delivered,2662.17
bfa167d7-9b9a-4c47-84ef-5087c8cf9280,c98371c8c628fe00729bc01622b9009b,2026-06-03T00:00:00,delivered,12.72
bd3882a1-2411-495f-8781-74da141a8fda,e1a5b21153987479299c92d5c8b1ee1a,2026-07-04T00:00:00,delivered,1612.85
c05e6be3-278c-4841-9554-eb7ebbdf15da,97dc91f9e896442f6ac9650bb2a9b594,2026-06-25T00:00:00,delivered,587.42
a09906ff-f4c8-43d8-bb3d-984db68cfc10,b0b94079598f018f9e72e9698aefef33,2026-07-10T00:00:00,delivered,1495.05
80e315ef-9f0d-4eca-91fc-aaf0221a1cce,84b0bf771f3b14f21e6dd37e2fe2eee6,2026-06-27T00:00:00,delivered,158.45
0625b282-da36-4e3e-a4d2-8ef69de30402,717aa48025662fcf27ddebbecc5f782b,2026-03-24T00:00:00,delivered,395.11
50c35022-115b-406c-9018-976e55fb1ffe,de038e601db2bbdb12a1ab691a58f7e2,2026-07-11T00:00:00,returned,1578.63
3b2b488c-6791-4924-8743-ec1eea325db0,0b48151c4ac827afeee06ce2d77cc343,2026-07-08T00:00:00,delivered,51.1
4a01f4ab-00d7-44d6-9fcc-50ecfd7bc126,f054e8c1cbcf5e89ddd9b615c349936b,2026-07-13T00:00:00,delivered,293.44
0d1674fc-a3bc-4bd8-9d08-5f6a90682140,2c77113623e849d30d75a10480b57108,2026-03-11T00:00:00,delivered,29.79
d59e7b91-4e07-4d47-b4ef-0c548fd03e1f,c107527184a9e9f426fc5a3e89cfb7e1,2026-06-30T00:00:00,delivered,359.79
2ddaf71f-82b4-47e8-bbf0-2691360d47cd,0d2fe5cee9cab31429efc0da96406758,2026-06-11T00:00:00,delivered,559.88
d507f4bb-679c-4946-94ce-fdcd28216e2a,1fe7afd58ce8429c5a8d27bf8c24738f,2026-04-25T00:00:00,delivered,639.91
58bab991-d742-4b31-a137-5790faf69df7,7cf6aa111c7b888b8f9fcc26b6fa1130,2026-07-17T00:00:00,shipped,1035.09
2a850dcf-5924-4fac-8199-0feda18067f4,5a3ee05d197e24b7bafaac3e2cbc7e55,2026-07-04T00:00:00,cancelled,771.71
d6ee86b0-c3c8-4e4d-8b3e-dab7b0a4ee1c,df2162a9aaf73bf42e812408330969a0,2026-04-23T00:00:00,delivered,448.06
7220948a-c083-4efd-bc6e-3a95a1865776,93bf5d4e752358fa9ea738ebf793cb79,2026-06-10T00:00:00,delayed,378.78
31e9d703-4f2c-4140-8800-c815d65cd00e,63822de2a13203c2aa8a22cb8e52bcd9,2026-07-15T00:00:00,returned,419.69
6745bbd3-9fb8-4df3-8939-54bfb1be8ed6,f14a94df58861cb1811f48b40271884e,2026-06-25T00:00:00,cancelled,438.28
7c49b8fe-c670-4d41-8751-4a80cd404edf,5a3ee05d197e24b7bafaac3e2cbc7e55,2026-07-06T00:00:00,delivered,154.04
9c0ede7c-58b6-48d0-a201-65bf912224cd,0b48151c4ac827afeee06ce2d77cc343,2026-06-27T00:00:00,delayed,146.92
55a3bb2f-959e-4647-a403-8ce9e0c79844,07df139093b720d6512c49da2980e3ee,2026-06-14T00:00:00,delivered,168.02
4152cdf9-71dc-46fc-9aed-fc999cad030d,e15bbe8fc7504d0075b5835a1b306ada,2026-05-29T00:00:00,cancelled,196.91
0463093b-768e-469d-8e5b-964a8ba9672d,5a3ee05d197e24b7bafaac3e2cbc7e55,2026-07-07T00:00:00,delivered,653.28
ec183ef8-6268-42ff-8343-7d892bb78dc9,5a3ee05d197e24b7bafaac3e2cbc7e55,2026-06-24T00:00:00,shipped,1562.48
4f9e66a5-8e8e-4be5-bb4d-632994f8bf9b,caf8cfa0ac3ff60facda076545837647,2026-06-08T00:00:00,delivered,142.34
36869b29-89f8-408a-beab-7cc0145ad972,72739f22a5493890de8cc7f5a1105a1a,2026-07-16T00:00:00,delivered,324.26
aeae4838-1611-4a29-8569-71335b9be63f,91b06e7f118797fea3e4fdf5b9432d7d,2026-06-29T00:00:00,shipped,251.75
38cd4f7a-4d93-4d20-844b-e539d7f8483a,d99fc08319dbc8845e2a114877462ff7,2026-07-02T00:00:00,delivered,122.44
63635f1e-1c5e-40af-acb7-cbf691e44dad,75314dd3e9d6fa51365b9e7a405f35b5,2026-06-25T00:00:00,delivered,208.56
e04fc719-5038-4231-b6d6-b8caee50b80a,3078dfe83b099ae6ebe055be3abe0c0d,2026-07-09T00:00:00,returned,567.23
d2c3fa95-f37c-4a0b-9649-ea4f557ab090,c1c2fffe3d49911803df2e157bee7aa0,2026-06-24T00:00:00,delivered,368.56
a7797739-fc13-4f77-adae-60b444c9f3e0,000ec5bff359e1c0ad76a81a45cb598f,2026-07-13T00:00:00,delayed,549.92
c15f257f-5d03-450a-a3bf-3ba382474a05,0c17f9ac28cbd7323f0f4043e9db5907,2026-06-13T00:00:00,delayed,478.87
95695318-11e5-425f-8717-3205c12e0b83,2e9399fc2fe209771a6f719e14bdb6fe,2026-05-13T00:00:00,delivered,815.95
a27458e9-49f0-4524-bf9f-c8bdf42d40ae,5a3ee05d197e24b7bafaac3e2cbc7e55,2026-06-24T00:00:00,delivered,578.54
ff762934-288d-443f-b937-c4b63e477599,3da7750bf3c1dbd724624a60a9f5942b,2026-06-20T00:00:00,delivered,110.51
6e505db4-4314-4092-801e-11885ca5c43a,b3548d0cec408ae13d143bb4eeebaa6c,2026-06-19T00:00:00,delivered,365.7
b3915307-cf99-4125-9b4a-b90ce0f3722f,2aa9325eab1676f4d62830f004d67a34,2026-07-14T00:00:00,shipped,568.88
5b5f73eb-5240-493c-a416-78fc27f8c968,39618678c9395910a7d675df2b0af941,2026-06-24T00:00:00,delivered,169.28
19011a0f-2a17-43ca-ae88-1956f5a87566,8574faf241b0a789d42051aa783d46dd,2026-06-28T00:00:00,delivered,271.53
f532830e-2612-4110-9278-d334d03cccc3,0b48151c4ac827afeee06ce2d77cc343,2026-06-29T00:00:00,delivered,299.95
5b9e0dde-7d7f-4022-a3ff-18c4466bb15f,0b48151c4ac827afeee06ce2d77cc343,2026-07-14T00:00:00,delivered,2636.8
8c1af84b-590f-4645-9fca-7ba0289bf949,a10fe3c477989c968aa284bd448b1d5b,2026-07-11T00:00:00,delivered,586.81
42cc6e13-e85c-4842-b446-c7c06e97647c,5863a84c48e166291a930a8fd88f92aa,2026-06-22T00:00:00,delivered,264.0
0a59eb06-fb41-4d91-9ec9-ffccad9def6e,264f33eb52366d6efeae97a7de43a1e6,2026-06-20T00:00:00,delivered,427.81
920c2b3f-d692-480b-bf7d-33d39f9db714,95700615deef776ed32faa08f0be634e,2026-07-07T00:00:00,shipped,151.17
fb857cb8-0a19-4062-b8ba-c883d6df60be,3159faae98c743546432be5a500179a1,2026-07-09T00:00:00,delivered,17.19
41bccc02-ec4a-4f87-a572-6c843ab162a0,f14a94df58861cb1811f48b40271884e,2026-06-23T00:00:00,delivered,1350.66
e8129890-681c-40d0-b069-5697629cd222,c88a78ffee02f40ceeb314786550b716,2026-07-06T00:00:00,delivered,471.42
00a2f839-95a2-47ce-828e-7411499da20a,d20f34444ce44ca683d46e9da98456e1,2026-07-11T00:00:00,shipped,157.91
89db68da-5582-4b4b-8558-c5163f4e7cef,1145616de76e14f4e7fd5452c2be149c,2026-07-14T00:00:00,delivered,502.45
2532fc51-1c0b-43a6-9127-4c690f58efa5,2d4df3b94e4c56fb47d7fc7ec065a612,2026-06-14T00:00:00,shipped,544.22
0e3a9165-b4fd-41f3-8765-c1ac6bac3d77,225f33b719e0dffa058cf6485e08fecc,2026-07-08T00:00:00,delivered,431.68
8e90b457-5688-48cd-8de5-b1342c9ea96b,9460af1d681311224e08f4e6e00bf644,2026-05-16T00:00:00,delivered,1934.5
dbb52b42-e20e-4c14-8dc2-02890ff47820,07df139093b720d6512c49da2980e3ee,2026-06-09T00:00:00,delayed,1881.63
3f1a7544-bc5f-4672-81d3-727ee4927421,5a3ee05d197e24b7bafaac3e2cbc7e55,2026-07-05T00:00:00,delivered,473.94
5e04a143-5bfd-4c29-8fc3-9019deb80741,84032c13e75382a35c99ae73156b30b9,2026-07-16T00:00:00,delivered,2533.95
b35731d6-41e7-4191-9542-72686287b2bd,89e3027de49c3012858cfeb7f5a34f59,2026-07-06T00:00:00,cancelled,1124.07
d5978595-df2d-4cc0-b696-08c0f11bb9d3,5a3ee05d197e24b7bafaac3e2cbc7e55,2026-07-01T00:00:00,delivered,224.89
492ba761-36eb-4d20-a009-d064dfc5135d,cde21009d0c20492ba91c194adc13101,2026-06-16T00:00:00,delivered,138.47
15003121-5bbf-4637-9dc0-a99a5ccac131,df2162a9aaf73bf42e812408330969a0,2026-04-30T00:00:00,shipped,1636.76
108a1095-8ff9-45e5-aad3-7f602faaf84c,4c93744516667ad3b8f1fb645a3116a4,2026-06-25T00:00:00,delivered,512.77
7f478a13-cf95-4969-8742-cebaaeef81df,99e41e69b60bd63edd83935499523063,2026-07-12T00:00:00,cancelled,253.43
6ace1d82-3f23-4006-9e13-e32d31707c28,f8309b834186f428f9b4072036885959,2026-06-13T00:00:00,delivered,80.28
f1104c99-1382-48ef-ab09-f33d7e2722ca,c0fcd6e2e07097e1461b44aabb0c3306,2026-07-08T00:00:00,delivered,216.09
36567442-0776-4d79-a24c-d77047a41160,2e6a42a9b5cbb0da62988694f18ee295,2026-07-09T00:00:00,shipped,463.78
c5f2b718-dd98-4384-a873-c4eabd2286de,5a3ee05d197e24b7bafaac3e2cbc7e55,2026-07-05T00:00:00,delivered,552.3
224722c5-37ff-44ec-9206-85c2f965a87f,b6e99561fe6f34a55b0b7da92f8ed775,2026-06-12T00:00:00,shipped,106.05
6881a0f0-fe7b-463e-bb92-17762a19ed32,2f7597687aeb6a542aa308ee8618fc72,2026-06-08T00:00:00,delivered,371.24
63faa151-68f8-4802-82c3-ae4454eea962,c16948c2abc51af80a151392f718e895,2026-06-03T00:00:00,delivered,198.0
3cbd604a-f2ec-4d4d-a302-16a3c125f105,0f6371fc9c2e78818a6e7aa33022a506,2026-06-23T00:00:00,delivered,144.3
6820f44b-6c55-4292-a5fb-65cdfb143315,18e3d276253780b44b5b7bf83f6785ec,2026-07-02T00:00:00,delivered,904.25
e07c4ea8-9ed1-4f69-bc19-d3c76af11a7f,5a3ee05d197e24b7bafaac3e2cbc7e55,2026-06-27T00:00:00,returned,506.59
0cc8272a-bea9-426e-bd5b-0699e5fe3d71,d20f34444ce44ca683d46e9da98456e1,2026-07-13T00:00:00,delivered,273.18
842ce9bd-d76c-4ca6-bbb4-58c11e36f0a1,be2cff6c84f1683300337ecd499992e0,2026-01-25T00:00:00,shipped,53.31
2eb5b9ab-5682-4168-92dc-0413735e174a,663a02b5b809485e2e0a1db9a6003146,2026-07-12T00:00:00,delivered,119.17
52a21dfe-a997-4580-9960-8549fd472a3a,0788a5e2db8d16e610407f3ee826b813,2026-07-16T00:00:00,delivered,392.76
386ed6af-6646-4bd2-a1a5-5ade8e0f9e07,61657cd378eabeaa8ec89a448432357d,2022-11-22T00:00:00,delivered,724.05
c57aae5d-2b6b-4343-82c6-39ef9fae8dd3,f8945c1122a948f727f6cc5f56f02532,2026-05-12T00:00:00,delivered,572.13
b2969a7f-8030-4f2b-a973-fd50dae865f7,5729c597c0f53d54a91b45f64461a958,2026-07-03T00:00:00,delivered,400.81
8a2cf0e2-c649-4d21-a16e-cbc2c90532a1,5a3ee05d197e24b7bafaac3e2cbc7e55,2026-07-13T00:00:00,returned,315.76
aab51ffd-29d9-46e1-bc04-3a294226b379,8961b4ca2c5aceb7a78ea72c6e0c840a,2026-07-16T00:00:00,delivered,379.28
5e412d18-57ad-41ce-9ecd-d9a95601d493,43fcee98a4442ab2f299df637f8e2413,2026-06-15T00:00:00,shipped,57.3
c5ec4f1e-6643-440e-8264-7f246049011f,2c2ccd48722aa6843d258a9f16f012a9,2026-07-09T00:00:00,delivered,413.31
f4f74543-2b4a-47ab-8998-e75a3254b4c1,a012820fbbced38a03331716e231e0ba,2026-07-10T00:00:00,cancelled,140.28
ac1588f8-999c-4c3d-b0bd-0b2087e7a354,5a3ee05d197e24b7bafaac3e2cbc7e55,2026-06-29T00:00:00,delivered,24.57
b15b9fde-49ba-4e29-8a98-df4bd2efa0c6,a6f2e4a9ff6fdb7626039136dee62c4b,2026-06-29T00:00:00,shipped,250.16
2db16a24-8278-4d5b-8c60-cadcc5cb6161,05c567475380140907b9ca53ba1dcfeb,2026-07-07T00:00:00,delivered,631.16
10ce91fa-ff16-4ac4-898b-a8cd20395633,a806f4bac8089496de66aa3f1d640155,2026-05-16T00:00:00,delivered,98.92
14aa8938-58d6-4454-ba26-676fd0851a8e,bcaedda052fc72c42f55dd7c28b4b38e,2026-07-09T00:00:00,delivered,558.36
dc81c18c-ce36-4edc-bb98-df8d1a5f2c79,378c06babf08c70f32e748ac24ea33e0,2026-02-20T00:00:00,delayed,762.48
a9264a67-1f36-4675-87bd-2b79b934909d,827af9fc3113e6e7b0cdc85dea8fa44b,2026-07-02T00:00:00,delivered,165.07
f484f8e0-e95f-4fe1-9789-9eae0951e842,dca996b43abe5392a685a11289eb1fbd,2026-07-11T00:00:00,returned,445.99
aa024a4d-61c0-4439-9018-f20eb6437ac2,56987d3e10c71d7d4e0fc479e65a35b6,2026-06-20T00:00:00,cancelled,275.66
c2c307c6-3a3f-4552-98a2-383292882fc9,2ad3e8ebee7119e3be506709cf52c2e7,2026-06-29T00:00:00,returned,139.72
b61334b0-575d-49fb-b7e5-c39daa21f8a2,4b0cbf5ea22869c5ea269442f9b849e7,2026-05-28T00:00:00,delivered,280.09
f4c68015-b6ad-4fe3-8534-cde9a67fedd6,5a3ee05d197e24b7bafaac3e2cbc7e55,2026-07-06T00:00:00,delivered,227.88
10039ea0-7fdf-4a28-8a47-5bf197d9f78e,65a3525318158c0b3f6f83eac306cc6c,2026-06-28T00:00:00,delivered,942.04
95f5c1e1-918e-4511-9c81-8f693daa7ccc,82b2b6a27479a25369741ff265a19a49,2026-06-30T00:00:00,cancelled,489.22
69e7d04e-6bb6-43d6-bb33-cb63d37d065d,96d97637a814355ed5e0913942533b21,2024-10-15T00:00:00,delivered,310.2
790ea68d-d56e-4963-ad86-9e5f2ed69271,a012820fbbced38a03331716e231e0ba,2026-06-23T00:00:00,delivered,624.67
087aff22-d68b-4593-b298-dae35e001c0f,f14a94df58861cb1811f48b40271884e,2026-06-10T00:00:00,delivered,670.97
6bd5dcfd-a353-41ad-9dcb-abc1d87f0b87,5a3ee05d197e24b7bafaac3e2cbc7e55,2026-07-07T00:00:00,shipped,283.89
6091a7c9-695d-494b-a8d8-fd3f3189e1d5,a012820fbbced38a03331716e231e0ba,2026-07-02T00:00:00,delivered,867.5
651a7863-9f71-430e-8ca9-d7c6586eb737,d9b9b04147bb5cf5c5cd8c114b3cca35,2026-06-25T00:00:00,delivered,1858.85
65b77ffb-4e4e-40fe-ac8a-3981667ebd37,a696ba5db33cf4835a04dd5965a86781,2026-06-26T00:00:00,delivered,1129.63
a585aa2d-c312-486c-8b9a-47b2f4019b43,5a3ee05d197e24b7bafaac3e2cbc7e55,2026-06-29T00:00:00,delivered,24.57
db4b9c36-e521-45b3-bb40-2ae5186a916d,a0defeb4e8b47e1db2149cbe93d68609,2026-07-14T00:00:00,delivered,221.17
94e5f34a-a1b2-4948-8fbe-655c646904c8,ab2d1ba701c748469008304cb9f83770,2026-06-29T00:00:00,shipped,400.8
7cd16f87-adb4-41ac-9ecf-f696d5f551bf,5a3ee05d197e24b7bafaac3e2cbc7e55,2026-07-04T00:00:00,returned,673.33
4400b533-7542-499b-87b5-1c010bed030c,a696ba5db33cf4835a04dd5965a86781,2026-06-01T00:00:00,returned,298.13
8a065e2e-5af6-45fc-af58-94cdb297cc6f,f5de43d4ead76e9519babb3d6189ea5b,2026-06-30T00:00:00,returned,279.38
01e50b63-46df-4408-b10e-afbab976fd07,cd79b407828f02fdbba457111c38e4c4,2026-07-07T00:00:00,returned,1019.37
23daf895-a3c6-41d5-94bf-f2dda4ce24f7,1964f2b215ebb68671d893438e974b0c,2026-06-08T00:00:00,delivered,1314.3
8c212b76-a0a7-421f-898b-12961b1669bd,8ac4ecbdab8d119d46ccff5adaf3db15,2026-07-01T00:00:00,delivered,1754.35
0cbca58b-a29e-47b9-8d77-97c528985396,74bba753d0dfd62b4c32ee45cab7c812,2026-06-12T00:00:00,delivered,436.08
8ce0b2b1-71f0-4596-9677-7dfd2e7e2a39,5a3ee05d197e24b7bafaac3e2cbc7e55,2026-06-24T00:00:00,delivered,283.87
8f296785-01e5-4b46-a6fa-fc7bae2ce5b3,8c8fccc50566baaed602e3775d9d5665,2026-06-26T00:00:00,delayed,703.81
1de0fd17-86eb-4b8a-86f1-555649ed4319,5a3ee05d197e24b7bafaac3e2cbc7e55,2026-06-26T00:00:00,cancelled,1572.63
b81ea5c5-d386-426d-bff2-c6b373f43120,04baa28903e22974e6213e632b09c193,2026-05-14T00:00:00,delivered,1384.56
d588e51e-b89d-46bc-86c7-7ba9bde322f8,273d136f7121c493a5c994c4838fa350,2026-03-12T00:00:00,cancelled,46.33
e3ae31b8-7345-4ed5-b016-2a432ac9e440,483ccebb9c42ae89d35740fadc153835,2026-05-30T00:00:00,shipped,348.83
b24e7425-05d8-4676-b5de-0b00f1f26596,f152faf30f85d9b5784cc9a72611a810,2026-07-17T00:00:00,delivered,455.47
3480440a-afe5-4ff2-9ee8-1fc85177b938,5a3ee05d197e24b7bafaac3e2cbc7e55,2026-07-06T00:00:00,shipped,217.09
7b0caba6-1dd1-4b0a-b2bd-8230046d1226,909e3e8fddd658aee6cd045a9ed19cdf,2026-06-30T00:00:00,delivered,88.83
788f506e-9131-4ba6-b369-301582b19a20,6d7c974ab1462997003d633939f2ef8f,2026-07-16T00:00:00,delivered,159.89
1082673a-57d5-4487-bd59-777c862eef2f,0b48151c4ac827afeee06ce2d77cc343,2026-06-30T00:00:00,delivered,106.09
9f04c8df-c2e1-459a-989f-b5049c823fd1,f99fa0c7b369bde9c53edc9e6f6c4a58,2026-06-10T00:00:00,delivered,445.31
b2288a90-d1d7-4f9a-b615-cfb34b3d4d94,816a9d13b0b4a4c4b7c1015ba08deff1,2026-04-29T00:00:00,delivered,822.01
0a5c5ba2-64a3-4a95-9f17-6c35b5faa527,54fccbde5e005f2dbc6ad8d5473c9ac7,2026-06-12T00:00:00,delivered,30.39
f64897fd-5aaa-4200-ad0a-fc94f6912ebe,5a3ee05d197e24b7bafaac3e2cbc7e55,2026-07-01T00:00:00,delivered,2559.53
b0980a96-f2e7-4ba8-89d9-08a066e3060a,3be2432d88955b7cc6e9cb71d9d1931e,2026-07-08T00:00:00,delivered,208.18
fc8e5d93-ed24-47b8-89d7-922237590af2,84f30d2fd3937449dc7e0c835c281961,2025-06-21T00:00:00,cancelled,464.38
778b06f8-ddf2-4597-be7f-0edf4d1d62b4,5a3ee05d197e24b7bafaac3e2cbc7e55,2026-07-01T00:00:00,delivered,165.24
cfe182b3-edfa-45ad-8645-43d41567b5a4,513f44fd9ef4992cdf77e9b60dd986af,2026-06-26T00:00:00,delivered,393.83
a025f42d-8478-45aa-a9ea-f48810f4187f,4bbaf6f7a10a7e26a8777aa5cb6d5864,2026-07-08T00:00:00,returned,625.22
4ecdffb7-bfe8-4709-918c-a5d95342094a,5dbaf31e6f3ccef2df173b8d09a07128,2026-06-26T00:00:00,delivered,914.36
92b40531-bbe0-4188-be16-1d7e47213550,4dbafcb931c678dd5ba9a20ed4f01f7f,2026-06-30T00:00:00,shipped,678.56
d99ecb3e-c078-49a8-a53a-de33bb82683f,30d77053d42d9d72c6875552cba2cc64,2026-06-24T00:00:00,returned,402.82
1bce17b5-0ad8-418c-9864-86ce05134ce9,0228e299d1cabeaf9be64b5ccd784c97,2026-06-25T00:00:00,delayed,489.42
f595fd6e-0966-4bab-a9f0-d207f1481ede,ea59601b04db675d7d502dd6a8bf0ae2,2026-06-30T00:00:00,delivered,558.69
c7dfef92-3eb8-4a6e-8993-72a1e77dcf71,5a3ee05d197e24b7bafaac3e2cbc7e55,2026-07-04T00:00:00,delivered,1218.53
bd0fbd7c-c601-4bbb-a3a3-5b377ec29f94,0b48151c4ac827afeee06ce2d77cc343,2026-07-01T00:00:00,delayed,214.98
fa1d57f7-0b63-49b8-a82c-af1e4db1fbe1,00e984e99fdfd52943156d2d7eb4a5e6,2026-06-21T00:00:00,delivered,505.75
9fe6ebbd-62f6-4cdb-8d11-8b45aca669b4,20bb1d9431264f331e47b2da94991eaf,2025-09-27T00:00:00,delivered,403.16
f027a507-7eda-42e8-8afd-cfcf02b2da46,424aca6872c5bab80780a8dec03b7516,2026-05-11T00:00:00,shipped,478.48
10e77f48-9c50-48ef-816e-addbe866f67a,cc31282a9d20caa9b70e578d1d5a7062,2026-05-12T00:00:00,delivered,250.15
8c24fef7-9c34-40b7-9cf5-aa3a545e5311,6a3b483e9b2d95ff255471067c0f7203,2026-07-01T00:00:00,delivered,477.87
76dc8334-6a74-484e-bd11-5731b36b8a90,0b48151c4ac827afeee06ce2d77cc343,2026-06-30T00:00:00,delivered,790.74
8f5cc2f3-845b-4610-9216-c43c75a7e9d9,02a6a137ef7fe2414c9e14fc4d060790,2026-07-14T00:00:00,delayed,542.37
1d861439-4d24-4b1b-97b3-f262a62da0f6,17edcf1332227a04be5ee81262f0757e,2026-07-15T00:00:00,delivered,262.38
7fb3410a-ae16-4812-97c5-55e0eadfd5f9,4563a5506935785f8c7e94005595cb53,2026-07-15T00:00:00,shipped,226.22
e7c1ccdd-c402-438a-990e-f6e822cd2854,b0cb09eb848eddd6485a6a38e5a2f134,2026-07-01T00:00:00,cancelled,13.73
88395bae-8f7c-40c4-a7e0-6083d294465f,5a3ee05d197e24b7bafaac3e2cbc7e55,2026-07-15T00:00:00,cancelled,580.61
cdd96a2e-e2ba-47f0-b77c-a31643a7ed7a,fe78f9a2d0726d03ff9fc4307d3fa5df,2026-07-17T00:00:00,delivered,352.37
b775fb08-b18c-4a0c-8adb-765bdb78fda9,a1d02d8e96f1691603036bfcad4df844,2026-07-07T00:00:00,shipped,217.66
e8f0bc93-bbe3-4f48-a659-fa1397f7a0a2,2ad3e8ebee7119e3be506709cf52c2e7,2026-06-27T00:00:00,delivered,103.73
c78376bd-d8d6-41c0-9071-92f0159535b8,cb3766a52eaee82451ef56d6f12b9fb0,2026-02-15T00:00:00,delivered,841.87
28fba64e-fd43-41c0-9f86-15d585322f49,8dfb24fac32ec7170821d2be63fa9c1c,2023-04-23T00:00:00,delivered,524.79
f2439198-9edd-4216-81e4-a176cf220bf5,9c0096673baf55453a50073f12d1a37f,2026-07-09T00:00:00,delivered,78.71
0421834d-c48b-4038-9ddc-9ae300928f53,c756c5a0183a0e0c511a8b00fa1e2ee2,2026-06-27T00:00:00,returned,579.46
3533f359-ca47-48d3-a7a9-0c61d535a0c0,84b0bf771f3b14f21e6dd37e2fe2eee6,2026-07-03T00:00:00,delivered,340.99
8758d62f-228a-40bb-a277-91db69f65244,2329e176e6fa26919d55839e0421906f,2026-07-08T00:00:00,delivered,198.5
f3644a24-23d0-449c-8e2a-7e34091f8db7,ae5df8e33ea496f14db277c8b8e77281,2026-06-17T00:00:00,shipped,133.52
f32230de-54b0-49a6-a31e-458551e52ea2,54350062476d8cadeb3460a0afce6735,2026-06-22T00:00:00,delivered,648.4
058cc3fc-e4a1-447c-90b9-ee52602eb3eb,587d22544f4d6f17b39a30723a53a305,2024-05-14T00:00:00,shipped,217.25
fa7e914e-5d79-4284-89aa-d30c588ac338,38e31fda99a5fb901d27134d18d36c75,2026-07-02T00:00:00,delivered,2665.2
8b3eeda8-f951-4a57-aea1-adae3e25c8cb,f72d1ee92d55688d07ca88506300715e,2026-07-04T00:00:00,delivered,318.99
6d1199f5-cb88-4b95-8be6-693a759280ee,62049cfbc68cd893920204de3b5c057d,2026-07-11T00:00:00,delivered,330.07
938b9909-76f5-45b3-a251-5eb2f3e9536d,5ad76b2e1b9830ec678ccda420872dcf,2026-07-03T00:00:00,delivered,902.94
ae83411e-9280-4928-8d77-0965ac1450aa,d3e1706bd9290ddbfd20fc30fa7224b0,2026-07-14T00:00:00,shipped,631.63
92b12ab6-8b9d-4e9d-b3e4-ee314ab0db68,e1eb483ba2db6d6845f4b546e32c646c,2026-06-21T00:00:00,delivered,378.83
2d12702a-a826-4305-9079-340e64c96898,7cf6aa111c7b888b8f9fcc26b6fa1130,2026-06-28T00:00:00,shipped,435.55
2023f574-ae9d-4acc-b294-dc46738ac027,96d97637a814355ed5e0913942533b21,2026-05-15T00:00:00,delivered,261.73
1fbc01b1-4f33-488d-82ea-6ae276e846e2,6056d31a9cf9cf98ea9de7ef86cf4f5d,2026-07-03T00:00:00,delivered,229.21
1d31b456-b854-4a33-8c9c-3bf69eb3f22c,68d8acf19d02fb3b95c8954d31d75448,2026-07-06T00:00:00,delivered,161.15
47a602f9-a5dd-49d1-9433-ce9c688907b6,483ccebb9c42ae89d35740fadc153835,2026-05-23T00:00:00,delivered,299.26
0fc69c4b-112e-4db4-8265-1637587de34c,d864fec759886e2c8ee25038e7f095ab,2026-07-12T00:00:00,delivered,389.18
e352b028-e19d-4660-bffb-101dd437cf1f,5a3ee05d197e24b7bafaac3e2cbc7e55,2026-07-14T00:00:00,cancelled,255.3
6065ed2c-9579-4c59-affd-fe17ab58cf08,520fb5816c90b19464baa8e8644cbdc4,2026-04-21T00:00:00,delivered,709.45
044f02f2-4379-47c8-a8dc-05ac2f7c9f43,ae5df8e33ea496f14db277c8b8e77281,2026-06-29T00:00:00,delivered,234.83
0706b621-ebe2-463c-8c8b-87dfa609a46a,77c213e10acbd145d50fcb035d0e86d9,2026-07-10T00:00:00,shipped,684.69
fad29fc7-ed3d-49c6-b4d0-7413494934cd,996d5fb8a5736b0fea622c72fc1026c7,2026-07-12T00:00:00,cancelled,594.41
b9fac3f5-f5c3-40e5-b968-ab9a400628c9,9794264dd1bdfd78006c7cb741b42fea,2026-06-15T00:00:00,delayed,530.58
a220acba-fa44-41a9-acc3-e0e00400b0ce,fe78f9a2d0726d03ff9fc4307d3fa5df,2026-06-25T00:00:00,returned,884.66
e0a2af43-bb49-417a-8cec-86823b71cd96,38e31fda99a5fb901d27134d18d36c75,2026-06-26T00:00:00,returned,160.08
ea09a366-2893-4809-8abd-75f95b0dcca8,816a9d13b0b4a4c4b7c1015ba08deff1,2026-05-05T00:00:00,returned,199.22
76f329a7-1283-4367-9e16-6ba5115faa71,324b9a2e37fc2ab928a842b9429c46ea,2026-06-15T00:00:00,delivered,639.25
7fff9131-279b-42f4-980a-19fa7cb7bb26,5a3ee05d197e24b7bafaac3e2cbc7e55,2026-07-07T00:00:00,delivered,258.08
ca16b362-230e-402c-ad70-8976e43c1478,fc25f71bab94146446884fc523121d48,2026-06-18T00:00:00,delivered,499.67
85162c20-cf2c-4123-b6c0-841393bf4d9d,b436a108536c1dabbc1d3e808d782df9,2026-06-26T00:00:00,delivered,493.71
cda30575-405e-48fd-8f27-b7019603ed4e,0b48151c4ac827afeee06ce2d77cc343,2026-07-07T00:00:00,delivered,1969.04
0fd7ed9c-3978-4a3b-892f-d608804cdd80,0228e299d1cabeaf9be64b5ccd784c97,2026-05-22T00:00:00,delayed,244.09
b8d51aff-f0c8-403b-81f2-8ab146e51a75,91275e7b1847f102954b73d856b4eee8,2026-07-11T00:00:00,delivered,198.32
555ce8dd-da48-4069-805e-f5cbe40281b0,d885b619cb2e462ccc493b70faea10c5,2026-04-08T00:00:00,delivered,584.81
6845157c-298f-4ff6-8bee-1590a703285c,04a710ba27c70647fb2a4ffc6fe48e43,2026-06-25T00:00:00,shipped,169.5
877ceadc-85a9-454a-b58a-f6377605414c,f054e8c1cbcf5e89ddd9b615c349936b,2026-06-16T00:00:00,delivered,176.79
a2b655be-fb69-466c-8f8e-752a9da7b685,3e6580b01b9b859832d81c9e14d439e7,2026-04-29T00:00:00,delivered,1356.95
1cb63d43-8203-4c88-9253-b77654d4dfc6,1145616de76e14f4e7fd5452c2be149c,2026-06-28T00:00:00,delivered,1035.43
50c6f66f-7773-43bf-aba9-545d3aee1edc,bb50112c998293f45f49f49704165768,2026-07-01T00:00:00,delivered,404.21
76f11550-24e5-42dd-a79b-b42d274c1039,0d77d20b2c7c92602b0c4ec4fe5997af,2026-06-12T00:00:00,delivered,670.53
ee77657d-9b98-426b-b864-f2fb41d39373,606441378b517f9eeb89f9154a1c4d4f,2026-07-11T00:00:00,shipped,224.91
c0286ee1-262f-4242-a4e5-842f8dd79ddb,147375750bdc81b55b75dc08daf84c8a,2026-07-01T00:00:00,delivered,593.93
dac68d37-572e-4d9b-9818-52e5977b16e4,92d6a6df2cf2d6e2fa89dc1d28164c98,2026-06-16T00:00:00,delivered,197.49
8b51970f-5a23-4c4f-82d7-cb8f1927b3cf,04c5ad73047074972e9a1c744c3b4bf8,2026-06-25T00:00:00,delivered,500.17
476a3a85-b2a0-4d2a-abca-e896a0681ae0,5ad58a4e6a1a656b6bed070cadbaa003,2026-07-09T00:00:00,delivered,300.93
0ce6974a-6e1c-4e11-8317-d41eef2f20c1,be2cff6c84f1683300337ecd499992e0,2026-05-25T00:00:00,delivered,170.59
c641b8df-1a10-45cd-a025-2962061dac57,5a3ee05d197e24b7bafaac3e2cbc7e55,2026-07-06T00:00:00,delivered,123.79
5c7c553d-63cc-4989-a698-e762f6590513,69cf23d79e9feafe5a75da884e40ce30,2026-06-18T00:00:00,delayed,359.25
5ea44ce6-36ab-46be-af8d-d2f9e61566a1,39e2788db03e5eaeb2935a7e479682c6,2026-07-04T00:00:00,delivered,161.77
377e6239-921b-4557-ab25-d086da30faa8,5a3ee05d197e24b7bafaac3e2cbc7e55,2026-07-17T00:00:00,delivered,443.52
71cc2361-3f60-452f-9ffc-3ac6c8778316,46799d0831910f2c477c49a994961510,2026-03-14T00:00:00,shipped,682.15
8d814535-f4ce-491d-9bec-c59a348c0b30,2e642fa075db8661dab42c957cfe6290,2026-05-16T00:00:00,delivered,775.23
bed4df30-030c-46c7-b532-f8c220345c9b,468d559ef2dcd2bea6d8db78959fb90f,2026-06-26T00:00:00,returned,537.05
29b29763-3a94-4fa1-862c-6635abe2a117,b73b575cfe44692948a64dbdd55703f2,2026-07-09T00:00:00,delivered,619.87
e85da320-a761-423f-90fa-7244abf3381c,8dffa3165d189110cdbe104f7f948f1f,2026-07-17T00:00:00,delivered,109.58
c5fae2df-ca3c-4fd8-9905-d50970d28877,ee301c76bd2b939da9740c6f5eb280c6,2026-06-29T00:00:00,delivered,400.26
405f589d-51d6-45c7-87cf-add6be5e413e,dc77e5e1396c807043f506f794d8fd1e,2025-02-07T00:00:00,delivered,571.59
1b0e73b6-b0ff-4928-b4d7-38483058deae,5a3ee05d197e24b7bafaac3e2cbc7e55,2026-07-08T00:00:00,delivered,849.43
a4878c8f-8c0e-4104-b99b-cbad1452ddba,77a63731fc358f68a5ce26211fc340a8,2026-07-16T00:00:00,delivered,203.16
d3b0c078-9e3e-40e4-b6b3-3f01d8bd7a44,c645339c7f927e64c0cbe6079255fc7a,2026-06-22T00:00:00,delivered,205.02
5fb39711-9cb8-4c55-b430-fef25f010df8,1145616de76e14f4e7fd5452c2be149c,2026-07-17T00:00:00,delivered,888.2
8bc683cb-efff-4428-bbf0-a65ec03fed97,544d0f13064dc42b8f6957cf43fa5cad,2026-06-14T00:00:00,shipped,799.88
f7454f0e-a2f1-4c69-941e-f2bdc564355c,abb30df339614118b0728ba40e31780e,2026-06-27T00:00:00,delivered,931.01
0092f9bc-a714-454b-a0f0-ab3c64062e52,c1c7632732a487b1221e7bfb627c575f,2026-05-30T00:00:00,delivered,219.24
2d16ae39-c751-41f5-97f4-2000c7e5794c,17ecbb11ad271dc15ba46b93be52062a,2026-06-29T00:00:00,cancelled,601.12
8d160698-5375-45e6-8699-76d067f2c130,0b48151c4ac827afeee06ce2d77cc343,2026-06-24T00:00:00,shipped,1828.68
dfb74323-1982-46b3-865c-ac1331b5f3ab,5efebfd4cc8bc54a199c512d3bb1c6a4,2026-07-12T00:00:00,delivered,348.98
24af3349-a58e-44ba-8efe-275dc59ce2e1,b66b993b8c12ef14d25a717b22708dbd,2026-06-26T00:00:00,delivered,201.61
d6b1ac99-0720-4abb-92a4-af006ec9a195,f054e8c1cbcf5e89ddd9b615c349936b,2026-06-01T00:00:00,shipped,254.26
3a030ba2-f047-48fa-acb9-72397d8e738f,f14a94df58861cb1811f48b40271884e,2026-05-16T00:00:00,shipped,423.59
b4c8741d-2e0d-4464-8ef6-c8f09ac40a3e,5bcc8f0e733f747f511a810ec408fdd9,2026-07-12T00:00:00,delivered,594.41
5eb9b1d0-dcb6-40fe-881b-ca394efa8877,873b6512a80d4ccc7ec1ad735ab81a81,2026-06-27T00:00:00,delivered,204.57
d60b3989-b212-4807-990b-378eb487cdf3,34c6f984b590bbfe3d4d6c76007c0b1c,2026-06-18T00:00:00,delivered,406.86
37266392-ca8b-45e6-8cda-adfb5a9ede81,b81208443af1b894742a304cf0f86b9b,2026-06-29T00:00:00,returned,611.5
420fda36-4c0e-475f-8b13-102c3e116030,5a3ee05d197e24b7bafaac3e2cbc7e55,2026-06-23T00:00:00,delivered,202.87
b022bc11-af9a-450f-826c-20c9c1da5e76,80042d5c5e74c4cd745d8c8832f1b506,2026-07-15T00:00:00,delayed,361.07
a9b6f83e-160a-4275-9493-ffb266aafee6,5c3a15e958c7a36e722408cd2ce8b34e,2026-07-12T00:00:00,delivered,115.8
ba89d64d-ffd6-496a-bb26-fbb86d99458a,95b4b60a728bff942c8bd59a43effa33,2026-07-17T00:00:00,delivered,149.38
e6201ed4-ad7a-4e98-adad-71febac1867a,5a3ee05d197e24b7bafaac3e2cbc7e55,2026-07-09T00:00:00,delivered,495.35
8825e7d7-4f6c-4535-bff5-b32f2faafa36,b6e99561fe6f34a55b0b7da92f8ed775,2026-06-16T00:00:00,delivered,259.23
122b4a84-88db-4db2-a4c3-56b66dc3d932,b8c37ee810b38c416022e1c9f51e740c,2026-07-11T00:00:00,delivered,192.43
1078439d-af34-4103-aed6-40663b54297a,7ae8e196478928ab8223458a90681d26,2026-07-06T00:00:00,delayed,75.08
698334b4-9d96-40ac-ba1b-a461e535ed89,0b48151c4ac827afeee06ce2d77cc343,2026-07-11T00:00:00,delivered,309.85
0c925d74-780f-43f2-82ed-1b5ad3b6d713,51123d30e274aeedc27ae7f4d1abed14,2026-05-26T00:00:00,delayed,529.01
1583d9bb-3bd8-4459-97bd-db55683c1c8a,3420ecc1371e17140c73a1dd148b7390,2026-06-20T00:00:00,returned,572.21
abbe90b6-665e-49c5-ac78-dda7e77301ff,717aa48025662fcf27ddebbecc5f782b,2026-06-07T00:00:00,delayed,812.02
2e941633-d96c-4a54-8597-23a244016b8d,0fc4c0fc23ef45d16a0f32fbf9ae25cb,2026-07-03T00:00:00,shipped,433.26
57d03500-b8c5-4e3f-829f-a6930366e824,5a3ee05d197e24b7bafaac3e2cbc7e55,2026-06-28T00:00:00,delivered,94.68
c29024d9-4cc2-443a-863e-9303159d53d2,18e362d58b54666925aacfd86ff84213,2026-06-19T00:00:00,cancelled,272.37
b896301c-a573-4471-a001-e524c5b9a1b7,fe3634ccefbcdb0537b45fd589e32e8e,2026-05-18T00:00:00,cancelled,1587.13
842dd974-d877-43ba-bc72-3c477d7d4c70,2329e176e6fa26919d55839e0421906f,2026-06-29T00:00:00,delivered,313.12
1570ca02-db1f-4bb8-8c44-8dc155c6804b,caf8cfa0ac3ff60facda076545837647,2026-07-14T00:00:00,delivered,399.62
eb7a0f8e-fb0a-400c-a30b-17776ecba737,5a3ee05d197e24b7bafaac3e2cbc7e55,2026-07-13T00:00:00,shipped,689.22
15e16e23-da76-4cbc-91ee-2014d2999754,272d474dde8221c368c57511d9150215,2026-07-17T00:00:00,delivered,290.13
15aaed95-657f-4805-abc6-aada82e63fe4,4ac6ec83ece04605a854d931c8e8d8c7,2026-07-08T00:00:00,delivered,12.12
b38efd5f-a8f8-4067-87ca-b0a346d8d824,701ada356e78d72bfd5b279280762b79,2026-07-01T00:00:00,returned,1182.4
37efb0c7-d14d-404f-ba8c-4121237c7a3b,5026a05d38ac5cde9dfc41a3269f8b04,2026-06-16T00:00:00,delivered,413.69
94ba705e-275e-43ef-9fc8-682242302183,19be5923f7d998e76b9f3b1eb87c32af,2026-07-06T00:00:00,delivered,901.61
d514888d-813f-4186-931d-42b032910f49,05c567475380140907b9ca53ba1dcfeb,2026-06-18T00:00:00,delayed,744.52
db5a8a28-0509-4675-b800-f45e2942eb0e,167df41b0f249b15af37f592fb5c8c15,2026-06-20T00:00:00,returned,73.26
11e142c9-1744-41a0-b8ca-f6eba9151f47,97dc91f9e896442f6ac9650bb2a9b594,2026-06-05T00:00:00,delivered,1442.57
32225272-142c-4e20-8be6-e2ef6da1526d,5a3ee05d197e24b7bafaac3e2cbc7e55,2026-06-27T00:00:00,delivered,574.39
8b166e26-ed74-4081-8ba0-ea0d41099f4d,6e9c6c2120611104445c767b78377d21,2026-06-21T00:00:00,delivered,772.02
b9bce943-3192-4725-936a-86661815fd29,c1a56ed1e45dde68378dcbb50655ea47,2026-05-04T00:00:00,delivered,504.5
bd67fa71-29b2-43ac-8228-623746dac353,4b0cbf5ea22869c5ea269442f9b849e7,2026-06-27T00:00:00,returned,402.99
5f666dde-e3fb-4d5d-9afa-0afae92c5635,91072c5d9631aab2b794c98dd68d2c9c,2026-07-12T00:00:00,delivered,254.85
986245fc-950b-448b-80ea-fc029d8e2e04,816a9d13b0b4a4c4b7c1015ba08deff1,2026-06-22T00:00:00,delivered,109.03
3a57b6bc-1728-429a-bbba-b5735804517d,661bcc412eb64f26a12a5c0c46cbb449,2026-06-24T00:00:00,delayed,121.32
b9881e62-1cb6-4b33-8205-67ecb97ead15,02f1bf7b0a3e8e4f916c2584908314e7,2026-06-07T00:00:00,delivered,244.25
aed22874-63e9-4286-8284-7c125d74bea2,99e36749c5c84dc56b13138caac13b55,2026-06-27T00:00:00,returned,155.18
8e79edd9-c049-4526-ab1b-f3b4f7a6b496,5a3ee05d197e24b7bafaac3e2cbc7e55,2026-06-24T00:00:00,shipped,544.85
fadef9e1-66ab-4d39-b01b-d980ca2546ea,5a3ee05d197e24b7bafaac3e2cbc7e55,2026-07-12T00:00:00,delivered,402.25
319c14f3-e6ba-4293-8d3a-b0cca8c79f72,227dee340139e8c2f57bf05bcb1246f8,2026-07-13T00:00:00,delivered,2647.26
d6b0ddf5-03d6-4dd9-a55f-42d3902c2e33,e9adf7ea1e1dbb166b5024015154104b,2026-06-17T00:00:00,delivered,453.18
c3790efe-b92c-4f55-9e65-9d24309a81db,6f65f19c2dcfcab8b76b2fafb5b840e1,2026-07-03T00:00:00,delivered,492.92
313d344a-5936-4ab8-94e1-5917a012e6c4,d3e1706bd9290ddbfd20fc30fa7224b0,2026-07-16T00:00:00,delivered,205.07
ce2d1c5d-2ddf-4190-88fe-2d2ed8533fe4,a40fd948c7052f309fbbb0c6e3d0999d,2026-07-02T00:00:00,delivered,450.85
347520c3-ffa3-40a3-b5dc-62d5f5d60526,0b48151c4ac827afeee06ce2d77cc343,2026-07-06T00:00:00,delivered,817.41
465dec75-3a9e-41a4-9b1f-3b2ca7e9441e,c849085aa9f5d4af92baaa56a112d686,2026-06-17T00:00:00,shipped,339.42
deded754-46cf-48e1-bde4-e13e262bab4e,daf01deafc412b92fd052d5a9e9e6525,2026-06-21T00:00:00,delivered,438.7
e400402c-642f-44e8-b95e-dfc01b250f35,928abb7e0e74f50a0b0136df20196cd1,2026-07-17T00:00:00,delivered,490.67
ba70829d-a9fe-4e6a-adb5-3cab48572211,2d2f795be3c86374ae2ffecaac3c4013,2026-05-04T00:00:00,delivered,191.61
d62aa4e4-dbc0-417f-8977-3b92d63bd446,00e984e99fdfd52943156d2d7eb4a5e6,2026-06-23T00:00:00,shipped,512.05
0ba25807-da72-4052-a882-89505b2b05bc,7aeb8dc11cd50c32f37fea0435c4e9b1,2026-05-30T00:00:00,delivered,735.55
491fc6db-1cd8-4073-8b7c-afc768d8c464,8625b708ec6cc8afaf5d676fafc4f37e,2026-07-15T00:00:00,delivered,43.22
f9a6be6d-f566-44ee-b89c-f515e754f611,83c76475c52e94b39f6240b68ffec54a,2026-04-26T00:00:00,returned,197.73
0340b7e2-2636-4d92-9af3-9b42e04b572d,5a3ee05d197e24b7bafaac3e2cbc7e55,2026-06-25T00:00:00,delivered,222.1
142c0fbf-2ec0-4e2d-9a5b-6a2bd988a322,07f61caa1c9e850c14e94854cec87545,2025-08-26T00:00:00,delayed,258.06
0bdb8b44-976f-45ca-8140-93592b603b6a,74ef2468836d147c610bc829ecd77677,2026-06-14T00:00:00,cancelled,582.09
ee579db4-16eb-468e-9939-e4df8ed77a22,cd8738980c3332339baf3e92dd5cb071,2026-07-10T00:00:00,delivered,279.74
c47554c0-0e79-42f0-9328-2bce1871d63c,ca042e1c4a76949e979abfb74159e9ab,2026-06-18T00:00:00,delivered,1627.09
d60f3691-c320-4f61-9d01-baad796401d1,cf5c7635240dca5beb6f7e5e7d9a08d6,2026-07-05T00:00:00,delivered,100.6
2b79b356-6e53-42db-91d3-ff99012d75c0,5a3ee05d197e24b7bafaac3e2cbc7e55,2026-07-01T00:00:00,delivered,843.55
79f79cef-997f-4588-9863-2c5103dcf9ef,df2162a9aaf73bf42e812408330969a0,2026-05-19T00:00:00,delivered,430.89
ac73fdc3-b3d5-46e7-ae57-2632ead5386b,5a3ee05d197e24b7bafaac3e2cbc7e55,2026-07-15T00:00:00,delivered,1248.84
3d2ad673-f623-447d-a4f3-9917bb02f968,402cce5c0509000eed9e77fece8056e2,2026-03-03T00:00:00,delivered,276.95
a54c09f8-f8d2-4ad9-a87c-c072c1536035,07f1a64852859634cccf3e52125aa854,2026-06-14T00:00:00,delivered,815.4
fceb62e4-be38-4de5-91ff-4dbab431caf4,0b48151c4ac827afeee06ce2d77cc343,2026-07-01T00:00:00,delivered,218.01
4bbc15c8-5da3-4d03-8085-06c545a05acc,6ba32efcb359d12143b1bf24b7592c81,2026-06-23T00:00:00,shipped,341.69
a42d7adf-609a-4a04-80e8-bf240953b84d,bafb028d76909431de5d03693482a0a9,2026-06-17T00:00:00,delivered,247.94
8e2d2f4a-9451-4f35-b918-4a34f270baba,a8953e3d7677addada63eee79b91e7ff,2026-07-11T00:00:00,delayed,380.81
71d734a8-e1ae-483e-a464-8fbde1e90980,56987d3e10c71d7d4e0fc479e65a35b6,2026-06-09T00:00:00,delivered,531.93
2ee3bb23-7f2c-4dcb-97af-f415aabfb26e,5a3ee05d197e24b7bafaac3e2cbc7e55,2026-06-25T00:00:00,delivered,218.67
dc11ee00-372b-4c6d-8941-d6ef86a249f5,0fa3dfc9b8012e55a6e11db4d8a82c4b,2026-05-31T00:00:00,delivered,457.18
25c75648-4cbf-468d-be82-bf76c8e1ede1,caf8cfa0ac3ff60facda076545837647,2026-07-01T00:00:00,shipped,213.66
d4b2ce8c-74bc-4565-8c8d-071585306330,50aef30dabc7aca975dbdec85dcb848f,2026-07-04T00:00:00,delivered,291.9
3cd5ad15-b7fc-4daa-aded-618232a25808,5a3ee05d197e24b7bafaac3e2cbc7e55,2026-06-24T00:00:00,delivered,256.66
bf576253-fb4a-47da-9842-7742b2a50912,08c07c761592a71b85136aa4fe76a6f4,2026-07-08T00:00:00,delivered,316.51
687960ed-6739-4e80-ada4-cd0be736634a,11cd4821f3f646fae625b1f043fb5ec3,2026-06-16T00:00:00,delivered,40.32
25a7a1ae-d433-4da4-b83d-26abb88f2f27,cb296f03ccd21cfcb3ba0778c4f3b7d9,2026-07-09T00:00:00,returned,245.24
9a9c150d-cf16-4495-af8b-c52b6c6c3b25,5a3ee05d197e24b7bafaac3e2cbc7e55,2026-06-29T00:00:00,delivered,196.46
6f1a5ca4-7613-4737-a483-809d992f2434,5a3ee05d197e24b7bafaac3e2cbc7e55,2026-06-27T00:00:00,delivered,507.24
1d001e62-298c-4efe-a7a7-fdfad25df669,caa954e15d7c966d515d79caeccb7076,2026-06-17T00:00:00,delivered,652.83
ad88f363-48ef-4b2e-b2e2-7eda7a96bee8,f00acae66459f1828fc1feba2c759fa0,2026-06-20T00:00:00,delivered,116.03
6a37b0cc-47df-4963-872a-f3b89e129b83,c8dbfbb4a47a215d79659c927e786a58,2026-06-13T00:00:00,delivered,512.76
6a8557a0-2747-46df-9e23-0f98949cb7d3,483686d2c2ea82359b6aa0bb2b20829a,2026-07-04T00:00:00,delivered,1270.23
45db1592-4603-4b26-b56a-18d966555bb1,e48c34104caa1c6ad2fbcaddabe30092,2026-05-11T00:00:00,delivered,531.82
670c8c34-1bcd-49ee-964e-d965c911b5d9,873e5a11673ea73e58db17af95546fc5,2026-06-21T00:00:00,delivered,302.39
bdae3502-e4aa-4feb-a087-7ebcb4c86991,cd8738980c3332339baf3e92dd5cb071,2026-07-04T00:00:00,shipped,1263.44
3c67d7bd-9894-44b0-8228-ebe55e5b1c15,5a3ee05d197e24b7bafaac3e2cbc7e55,2026-07-08T00:00:00,delivered,300.09
fc0ceac2-ee41-43fc-8c86-d35b50b6a8dd,4cc24e44f98ce556d647948ae2d27cc9,2026-07-09T00:00:00,delivered,1477.3
89e02083-272c-458b-b5ce-e98583cfe533,5a3ee05d197e24b7bafaac3e2cbc7e55,2026-07-14T00:00:00,delivered,408.1
df363b31-993e-49f0-95a4-66e27d83cc5c,5a3ee05d197e24b7bafaac3e2cbc7e55,2026-07-06T00:00:00,delivered,494.7
40e33c34-36f0-4593-b12f-996349286e13,3f9d987156fddc08ef77f52d1a15c073,2026-07-01T00:00:00,delivered,83.18
717ddcc1-671c-4324-9342-c65271b9b49b,d3b1ea21e85de5679eb875b8a3a9dd4c,2026-07-06T00:00:00,delivered,298.88
c326578e-0ef6-4e6b-9392-80b93229ce4f,7e5561ad5c5a136c9768371b733462c9,2026-06-23T00:00:00,delivered,751.77
6e92437a-c01c-4310-9f69-ca88c28b9910,804eb66464db178ab95f5f4ced1f4a9a,2026-05-18T00:00:00,delayed,171.55
f3c0632f-e90f-4ac7-8f61-3ea8be9d6d48,ceacc242acd679abeeaa2353b76b99de,2026-06-27T00:00:00,delivered,2916.53
08e2752a-f318-4637-866f-1fbfa2c0e339,ea8c130ad7f684ae458672c78e0dfd00,2026-02-26T00:00:00,delivered,1023.68
81d787ff-d16a-4e09-a70c-7907d06b6c00,b0454e831e63abc9d4148e48e4ebb4ae,2026-04-12T00:00:00,delayed,816.78
a16c2840-001d-4eb2-9d52-9dac060905ae,5b424d5287408acfeb03ad7fed722545,2026-06-30T00:00:00,delivered,188.74
c92a66e1-906a-41ed-9774-744492459336,9a376ff06ccaae65a04b1b1c5535fc75,2026-07-15T00:00:00,delivered,200.28
063b3d19-680a-4391-9b6f-9d6d037ece5a,7febafa06d9d8f232a900a2937f04338,2026-06-17T00:00:00,delivered,311.75
2c6cfaa2-2587-4240-9c0b-32b0839bb575,5a3ee05d197e24b7bafaac3e2cbc7e55,2026-07-12T00:00:00,shipped,803.41
a218a0df-3576-424e-8693-0a1fab063b9e,796af4fac93296428070925a8a78aaa1,2026-07-06T00:00:00,delivered,508.69
59526d56-cf13-4efa-863b-42c582f05a24,be2cff6c84f1683300337ecd499992e0,2026-04-24T00:00:00,delivered,326.88
70d3b2dd-20fa-4829-a25c-0ade01485cb3,4563a5506935785f8c7e94005595cb53,2026-06-28T00:00:00,delivered,276.77
5fa3bc24-3915-4a3c-bce9-5c78be28155f,713de21fd33b1ed45f482d7ba22d51e2,2026-07-08T00:00:00,shipped,299.34
b290686a-b403-41de-8bd3-0f70caff3bb9,8a04cd485d578904eed5263be0df576c,2026-07-03T00:00:00,delivered,108.62
0405edb9-5d5d-4440-a327-d76549f19b97,01bfd443225216fd172d2af98ae80068,2026-07-01T00:00:00,delivered,109.33
c4b891d1-ed71-4799-b762-5b6d0f756ac6,ab2d1ba701c748469008304cb9f83770,2026-07-04T00:00:00,delivered,466.3
d46ea807-8c0f-4054-a00d-3e8fec49b641,addec96d2e059c80c30fe6871d30d177,2026-07-03T00:00:00,delivered,800.36
e6bef922-fe65-4d91-9616-323aa05acfd4,cee8e1f2b6da0d4a835a0341f3d109f6,2026-04-11T00:00:00,delivered,710.79
5e5eb291-53fc-44a9-a041-7e14de03d06f,9caf7fce45f197ace0ef67476d5f0b94,2026-06-02T00:00:00,delivered,279.19
40840c7a-6e09-4c67-8d0b-2ca33d7a9587,86a01fa0e06f44ce0edf54c195443036,2026-06-02T00:00:00,delivered,990.6
8fb6cc5b-f367-400f-a626-8f320dee2c53,0788a5e2db8d16e610407f3ee826b813,2026-06-28T00:00:00,delivered,126.64
99c69764-36be-485f-bac9-7667cbaaeafa,37e1a83b513512531032b4a9c43bab5d,2026-04-04T00:00:00,delayed,935.74
3f1db80b-e08a-4e2a-ae84-19453f1d1943,3da7750bf3c1dbd724624a60a9f5942b,2026-05-25T00:00:00,delivered,118.55
9bebc482-f353-4f8c-aacf-6b5e03101d07,2ad3e8ebee7119e3be506709cf52c2e7,2026-07-10T00:00:00,delivered,29.84
2ad9060b-c0ac-440a-9315-3808a8ccddf6,8c2a5c47e0c02478c440038904724cd5,2026-06-29T00:00:00,delivered,374.46
96ab1e40-55bd-4beb-acee-c2ba5ef35901,5a3ee05d197e24b7bafaac3e2cbc7e55,2026-07-13T00:00:00,delivered,415.14
3d62582d-ac08-40f6-adf1-a2e233564e61,33f86281d5203b278e32070d4a02592e,2022-08-19T00:00:00,delivered,544.35
bb077310-fcd6-43ff-92cd-dd5dd410a369,208f290481193105f0bdc2d8f543904e,2026-07-17T00:00:00,delivered,1584.04
b4bc56c2-0a77-4f1e-a671-5bd1425025e2,8edc207feeb0cf1b7094bd24e55b03fc,2026-05-22T00:00:00,delivered,631.09
23be49ac-3f63-4207-b9d5-6b9d9b0827b8,3fd7c033b9809fe0d4536b4ea3b1e0dd,2026-05-09T00:00:00,delivered,1596.83
06a1fdd6-8852-4459-b74b-09559358e894,9316f45a5da8403a5938bd6069b1a4a7,2026-04-11T00:00:00,delivered,238.33
23146e55-a159-4b11-b8cc-6d6a6228838a,3d7fb21a86fa49b9dce2ac0814d6dc22,2026-06-03T00:00:00,delivered,669.85
339d0b30-6c9c-4ddb-8822-9ebce12f7eda,5a3ee05d197e24b7bafaac3e2cbc7e55,2026-07-14T00:00:00,delivered,526.23
dc9dbf7a-7ea4-49f8-abc9-30b7034f7d57,3be2432d88955b7cc6e9cb71d9d1931e,2026-07-17T00:00:00,shipped,583.23
2bc36557-4781-41d0-a55b-da8046888304,804eb66464db178ab95f5f4ced1f4a9a,2026-04-18T00:00:00,delivered,1292.66
a1bb6beb-5997-48e1-a412-7f9c8d44c57e,38e31fda99a5fb901d27134d18d36c75,2026-07-04T00:00:00,delivered,1433.57
442a348f-f1ed-48a1-bd12-782a2564d4a2,55fbb64f60861980e74c4f136f304297,2026-07-06T00:00:00,cancelled,97.3
6460bcbe-21ac-4f21-8f76-9d0f22daf669,5a3ee05d197e24b7bafaac3e2cbc7e55,2026-06-23T00:00:00,cancelled,79.92
c882d3d5-81d7-4184-bdd3-5189dcc54f90,63fe99fa23473a7340917d48f548ccd7,2026-06-09T00:00:00,delivered,866.33
6d58b7bb-f8aa-4d3d-a7dc-f3b6c63a8ae1,272d474dde8221c368c57511d9150215,2026-06-10T00:00:00,delivered,690.17
23cd830f-ca63-4c4a-8242-3c164e9b3c01,5a3ee05d197e24b7bafaac3e2cbc7e55,2026-06-25T00:00:00,cancelled,472.84
2c78f27e-1973-42a1-b219-5841f6b25746,5a3ee05d197e24b7bafaac3e2cbc7e55,2026-07-09T00:00:00,delivered,646.47
25bac7af-698e-426a-bbee-74554a1fbb5d,fc25f71bab94146446884fc523121d48,2026-07-04T00:00:00,delivered,276.69
c7b14f5c-e81a-462a-960b-f11b92ae26c7,f226b323a26dc6e66d61c7d93d05ae4b,2026-06-21T00:00:00,shipped,1344.65
3eabc6e2-c8c4-4f9a-94f2-b82e006d8c9d,6cc5f19513662ec401e8ebbbe399ed06,2026-06-18T00:00:00,delivered,1191.62
8a263a24-b298-48c4-8c23-d51d1554243b,5a3ee05d197e24b7bafaac3e2cbc7e55,2026-07-07T00:00:00,shipped,515.59
deaf074c-793f-49e3-88e3-375601a4ec6f,aec17bbaff43f7d302094a3169d8a1ce,2026-06-15T00:00:00,delivered,118.03
66ed0d7a-1e87-47c0-83ab-09d4d7250e73,5a3ee05d197e24b7bafaac3e2cbc7e55,2026-07-13T00:00:00,delivered,519.39
609ae816-6946-4544-827e-4345b9d93a1d,ea9412f324bd34513bad100b6b6e8297,2026-07-01T00:00:00,delivered,95.93
25f00843-fda4-454c-96e2-21bfc373253e,7c64114d404c93f2c4305a9f2e7dc3eb,2026-06-17T00:00:00,delivered,420.42
c4a25f3e-2996-4d28-8730-2b350f8e24e1,9f169df18e7618371e862cb1c181fdc6,2026-07-17T00:00:00,delivered,8.85
c794cfc0-d965-498d-a9ed-b0758ba86623,5bd72a5ba72683010f8385cff8bb92fd,2026-06-21T00:00:00,delivered,152.87
389d6a25-eeba-4af2-accb-8aa45844f087,72eadb2fd1950044892dac115617c6a0,2026-06-26T00:00:00,delivered,298.08
b5941f2d-296b-470f-a95f-e4f3393fa937,e021e698833bdeb89dfef3acb2e91f37,2026-06-30T00:00:00,shipped,648.84
1c5c53af-b753-42fd-be72-9252e60f2046,e640111298500f5006fac7f416d7637f,2026-07-08T00:00:00,delivered,581.06
305bacd0-d016-4409-b2f8-d5d6c77771c0,edf55e0391148600e839275491f147e5,2026-07-10T00:00:00,delivered,622.35
5e6117f5-045e-421a-a084-aff738ea2693,4b3496d4740f8929ba830bb965b82891,2026-06-26T00:00:00,cancelled,228.87
42b3182d-0683-4b67-8f7b-5f7deeff5e0e,0b48151c4ac827afeee06ce2d77cc343,2026-07-11T00:00:00,delivered,2764.62
3c0c029d-d42b-4b71-b193-6e193e3f6fd8,5a3ee05d197e24b7bafaac3e2cbc7e55,2026-07-06T00:00:00,delivered,158.38
59d6713a-3384-4825-a475-086f7f99a283,9751244bd65fd1f1166ab7f3e10a31ab,2026-06-19T00:00:00,delivered,568.59
83ecd611-e860-41a4-829d-bd981a1b9788,f3df2c0b7cf3814b81b37ff6273f76cd,2026-07-06T00:00:00,delivered,328.72
45329195-692f-42d5-ba31-61877828da47,5a3ee05d197e24b7bafaac3e2cbc7e55,2026-07-17T00:00:00,delivered,2531.42
c133591d-93e3-4760-8c8e-2f0c8177ce81,9072b46e3b68961565477d90b24092e9,2026-07-17T00:00:00,delivered,206.14
3821fcb4-7cfc-4e68-9088-680359dcc2e8,462bb3bbbb472504944511257137ebc8,2026-07-06T00:00:00,delivered,372.8
b2f0fd9f-dbd7-4f9e-ab0f-42c0d6473d03,b8c927d19fa13d8669e620e03902bf68,2026-06-29T00:00:00,cancelled,277.8
c0fe9cef-577c-44bf-a60f-b35592b79124,5a3ee05d197e24b7bafaac3e2cbc7e55,2026-06-25T00:00:00,delivered,210.56
f1c398b6-4f97-43f7-933a-72189c10e31c,30d77053d42d9d72c6875552cba2cc64,2026-06-24T00:00:00,delivered,465.73
874a9fbf-0e5c-4c96-bc6c-86c1b6e7611c,acd046ff2c7ad6d4b091883063c93ff6,2026-04-30T00:00:00,shipped,277.22
8b18c56d-c3de-4f75-9115-b7c60f684872,663a02b5b809485e2e0a1db9a6003146,2026-07-08T00:00:00,delivered,496.47
395a5e23-b313-4e91-82af-74cfab6ca627,07fe3cee40551d2377a917fb4f377714,2026-06-30T00:00:00,delayed,786.42
88bac185-1691-415c-9b00-248393498c8d,945a0478f858996b861b5c9b1905e56c,2026-06-21T00:00:00,delivered,277.69
2efef903-3427-4a45-939c-986f4068dab9,24058044dcbcb7313582db0305dbe7f4,2026-04-26T00:00:00,delivered,212.09
68e312e5-2add-4a7b-8643-98a4d4029f47,04a710ba27c70647fb2a4ffc6fe48e43,2026-07-08T00:00:00,delivered,289.97
889c3ce2-c193-4a7a-92b4-d9f8d7920467,079ad4f138ec38e726e7d9ac51ae1410,2026-06-23T00:00:00,shipped,58.84
8f6d1ad3-9964-49f8-b31a-67780920a42f,5a3ee05d197e24b7bafaac3e2cbc7e55,2026-06-26T00:00:00,delivered,156.88
6c8c3619-1b6f-40d3-b287-9d2837af4191,d89e05e2d23c3d8247aeecd07758004b,2026-07-02T00:00:00,delivered,838.8
c050584c-e9c6-4865-923e-f00ca005b698,f668170416a9f589e91a2b9dc11e1eb3,2026-07-07T00:00:00,delivered,521.04
e440b3d0-3056-435f-a3da-10de7b26a365,60d23aecbf66b7f5058003a86e89232b,2026-04-28T00:00:00,delivered,442.71
f96d78b6-d67b-4a2f-8652-b5ef16a9f543,31f1c1348185be629ce9ea2d4d71617e,2026-04-28T00:00:00,delivered,231.04
3961672a-ccaf-415b-b502-df05919b6544,701ada356e78d72bfd5b279280762b79,2026-06-26T00:00:00,delayed,704.57
04da6be7-dab2-4432-8e65-c065dc68ecbd,f1d32fc4daad97978a28051b160ca25e,2026-06-28T00:00:00,returned,1347.1
b5992ec3-b33a-4c9c-a0cb-967a6ff1a30c,804eb66464db178ab95f5f4ced1f4a9a,2026-06-30T00:00:00,delivered,50.34
fbee21de-9d13-41fb-a730-a55ccb34dfa6,2a2eeca87e56515b095e26141f95a2ce,2026-06-09T00:00:00,returned,488.06
f0686414-16a0-4ee3-aab6-829273a3d2f6,59150cde6405fb8f31f6dd1882d15754,2026-07-10T00:00:00,delivered,33.27
8f7c15d6-8858-420d-bbd0-e7020e92c73d,7974f57adaf05f72a06c307cad9db6f7,2026-07-17T00:00:00,delivered,618.94
93ad7f24-5238-4155-9c26-f438f0b86147,5a3ee05d197e24b7bafaac3e2cbc7e55,2026-07-12T00:00:00,cancelled,172.81
c5807904-216d-4b2a-b02b-26cd40f51e23,5a3ee05d197e24b7bafaac3e2cbc7e55,2026-06-25T00:00:00,delivered,168.58
31cfd1d5-32fa-47fa-bbae-b944a22f03fc,39c94711f67eef8b333eec08e1b96762,2026-05-23T00:00:00,delayed,476.87
ffaf080c-5e08-4dec-847e-f33244661f22,0b48151c4ac827afeee06ce2d77cc343,2026-06-25T00:00:00,delivered,522.94
52c7f214-5b17-44ca-bea2-dc26de749ac7,1098d1250d5bdf8bfc6a83f26494067c,2026-06-21T00:00:00,delivered,214.41
b0c937da-bdc7-41d3-9ae7-edcbc59451d9,f152faf30f85d9b5784cc9a72611a810,2026-07-03T00:00:00,returned,136.67
54261bd6-8e5e-4657-a573-03366a4cbae0,fc25f71bab94146446884fc523121d48,2026-06-27T00:00:00,returned,511.03
9a6653dd-7ecb-450e-a848-3564bce205a8,5a3ee05d197e24b7bafaac3e2cbc7e55,2026-07-09T00:00:00,delivered,504.62
fe534cef-4d8d-42c4-9576-06025af80602,38e31fda99a5fb901d27134d18d36c75,2026-07-16T00:00:00,delivered,344.56
3e369e60-8f1a-49dc-b2dc-7e75251f9987,caf8cfa0ac3ff60facda076545837647,2026-06-28T00:00:00,delivered,783.07
087f080a-80b4-4d6b-aeab-42cf8b31fea2,5a3ee05d197e24b7bafaac3e2cbc7e55,2026-07-16T00:00:00,delivered,1467.74
d72d1b80-f433-41e7-b1de-ff8bcb56e2d4,058199325498b546a39e5652a04dbbcc,2026-06-22T00:00:00,delivered,75.08
2aac2fa4-db89-410a-a9bf-6f8ef53263b1,f2772c6e5817727fbe9b6932ccaa438f,2026-07-13T00:00:00,delivered,1195.49
1909c207-81d3-4c8c-813d-526d7fc78cf7,3341514b8049f4a268e4188fb0211d34,2026-07-13T00:00:00,delivered,579.6
efce14a9-19db-45e6-be89-7f932a19e089,873b6512a80d4ccc7ec1ad735ab81a81,2026-06-26T00:00:00,returned,227.55
e21b42b4-8e03-4836-89d7-747692e23e4d,c374dc8c48a3edc15dc8bcd4aaeb67be,2026-07-01T00:00:00,delayed,43.22
198c8abb-d29c-4bc1-89a9-77a7144de47f,196276c2651ca4783688aa741b72d540,2026-06-21T00:00:00,delivered,112.73
ba22196e-824e-4d41-ae08-f4ce4905cdd0,f14a94df58861cb1811f48b40271884e,2026-06-07T00:00:00,delivered,656.12
782705a7-32da-48bf-85e5-d7b1d4918ddc,0998bf56b5b6f78fed7d753b59254727,2026-07-04T00:00:00,delivered,55.55
9dd5115b-34e6-4eff-9e2a-dd2b90a23590,5a3ee05d197e24b7bafaac3e2cbc7e55,2026-07-04T00:00:00,delivered,478.61
f29bc2aa-6ca7-41f0-aeda-549f0cfeb7db,317a5bc8cf58c4401e221c74d7a51982,2026-07-04T00:00:00,delivered,341.98
4212438a-1162-4596-b7fa-08241233da5d,f9b752c739b24875babd3d3207928767,2026-07-06T00:00:00,delivered,122.11
a990a2db-3c73-4ec9-aabe-e6717d28f16c,f14a94df58861cb1811f48b40271884e,2026-06-26T00:00:00,delivered,90.91
ceb673f2-ba3a-4df4-bb0b-451024dc9982,502efad234d31eb84df82019d85ad6d4,2026-07-15T00:00:00,shipped,716.43
fe2004ef-241b-4507-8819-052b16988e24,f054e8c1cbcf5e89ddd9b615c349936b,2026-07-04T00:00:00,shipped,594.32
b7700611-52ff-4924-b10e-a5855b927315,a5c133a6a95d06f06939fd961fb8a0c3,2026-06-19T00:00:00,delivered,200.59
43a7f94e-03c3-4a8b-8f7e-64b2e07a70f6,5a3ee05d197e24b7bafaac3e2cbc7e55,2026-07-01T00:00:00,delivered,2162.28
1ccebe7c-58eb-49fc-89a6-1f5b7e845d61,18e3d276253780b44b5b7bf83f6785ec,2026-04-07T00:00:00,delayed,864.1
e481113c-10a9-4fc8-82cd-f3c01912f578,5a3ee05d197e24b7bafaac3e2cbc7e55,2026-06-26T00:00:00,delayed,533.52
f2afc1ce-5888-4dad-8ccb-0eaec59d3cc8,526760f3b7255a26c8a93a96dfaee4a3,2026-06-24T00:00:00,delivered,383.78
c2d6dd5c-df67-464e-a6c7-ca18ac23ac86,e9adf7ea1e1dbb166b5024015154104b,2026-05-11T00:00:00,delivered,61.49
2a00fcfc-07f9-47ed-97d8-dd05b90fba8d,43f0b8fa25a050c02dc18e166ed574ef,2026-06-26T00:00:00,shipped,210.24
bab6a701-03dc-455e-8248-425ec975b028,aec17cb0c9dba3200a2c49c3ef0a07dc,2026-06-16T00:00:00,returned,458.38
ee52a41f-c60d-484c-bda2-95c7e8382d9f,39104edef5e46d7b8c61848cc95e6d97,2026-06-20T00:00:00,delivered,225.37
1ee782eb-5890-45c8-9818-9eb28b96f81e,07f61caa1c9e850c14e94854cec87545,2025-09-10T00:00:00,delivered,1173.32
03776adb-73ca-4a51-b2e2-256e8aaf2361,f2a4f4165b72d65a5e7d10bbce13cecf,2025-08-30T00:00:00,delivered,414.25
e22bcf9a-aae5-44df-8d02-da5522b9b803,e9738b45a5906bd7778b089a4ebba74b,2026-05-08T00:00:00,returned,323.57
e77e0eb0-a255-4230-9200-6f436889ec6f,076efbad08f34a6316ec570ea20a0568,2026-07-13T00:00:00,delivered,1396.32
80e22dba-06ae-48fe-b341-1169d9987cc4,5a3ee05d197e24b7bafaac3e2cbc7e55,2026-06-27T00:00:00,delivered,176.28
c81e4ee7-2857-490f-99f7-b211007bf0c1,4a362420541051d3d4055a777681ccbe,2026-07-15T00:00:00,cancelled,82.32
bfb182ea-c7c3-477c-9246-faa2faa4f1e2,c107527184a9e9f426fc5a3e89cfb7e1,2026-07-04T00:00:00,cancelled,327.07
4327ac28-72aa-4c3e-afb3-88ea8e0e12d5,f2b73529bb775e473cdeb67d991cc985,2026-06-12T00:00:00,delivered,362.38
4db76281-af9d-4a89-a96d-f916604a827b,b3a8a8097a47f8a79016a801b6b94dd2,2026-04-10T00:00:00,returned,239.35
fcfd5a23-42a4-4caf-9cc0-b5720dc3ef15,4f463757edb0250ec353ab6f3610cf34,2026-06-25T00:00:00,delivered,592.49
ae42fa17-e34b-4883-8431-62073764d114,6140e284b4e76e928d4cefbf30df1e01,2026-06-06T00:00:00,delivered,722.98
3af204d9-2118-4597-8b67-82175694d08d,fe947af6540d580b9703d0332d04f0e3,2026-06-28T00:00:00,delivered,360.03
8df65e35-36dd-425a-a347-e99ac9095c3c,bdf7458b78fc3a9cc62e71cb779d0452,2026-06-26T00:00:00,delivered,143.35
116af50b-bf2d-452f-ab65-b9a19cb6cc68,c107527184a9e9f426fc5a3e89cfb7e1,2026-07-15T00:00:00,delivered,212.39
24c8c2c2-6c6d-4034-8453-2e043120c6d6,d20f34444ce44ca683d46e9da98456e1,2026-06-23T00:00:00,delivered,397.9
864bf2a8-f47b-4bb2-bd80-ffc062681175,bc2c9d4cffdfa4609cb2f961250ba4d7,2026-07-16T00:00:00,delivered,27.5
f1fe4742-f854-401b-8ac0-53d641860510,29bbf509bf085413d69208f1547f76e0,2026-07-11T00:00:00,returned,396.73
d9e7b4f5-981e-4ed8-972e-eb181cfb35a7,8961b4ca2c5aceb7a78ea72c6e0c840a,2026-07-07T00:00:00,delivered,693.76
2f2ecd55-810a-440a-b0a1-e77dd21b22dd,f5d3f7d6508d52291134f9cd009eb354,2026-07-08T00:00:00,delivered,179.19
348e324a-d741-4c8d-ba1e-11dbcca60ccb,62049cfbc68cd893920204de3b5c057d,2026-07-13T00:00:00,delivered,572.78
402e38d8-5612-45d4-8650-61fa3b24d174,fdcf4139f50f370c91e8b8f33adde2a6,2026-06-22T00:00:00,delivered,77.89
41a194ce-8087-4b39-ad64-7ab871202816,e021e698833bdeb89dfef3acb2e91f37,2026-07-15T00:00:00,delivered,64.06
2d31ebbe-2a73-40c5-9acf-e23eb7e899f1,35bd5e295fe699acc2e24b0de1e53663,2026-07-12T00:00:00,cancelled,412.1
1e1ec27e-02da-42dc-8669-6e1726bae039,53c7fe58f9f5f5d8a3d132ece5d4df8b,2026-06-24T00:00:00,delivered,914.03
6a3e54b5-c795-49a5-89e6-61d19b5a633d,470a8f2e1dc7b277e4625f23039c6f84,2026-07-12T00:00:00,delayed,575.75
05bcf6ed-a828-4d9e-a38d-6c96053ba822,0b48151c4ac827afeee06ce2d77cc343,2026-06-25T00:00:00,delayed,1066.53
92a27669-ba3b-43de-a7b5-5e632087b4d9,7c64114d404c93f2c4305a9f2e7dc3eb,2026-05-25T00:00:00,delayed,620.33
0a0a3596-1e14-4486-8234-62f88a90c65d,cb5c545d96f39390b7f372aaa88c4a7e,2026-07-03T00:00:00,returned,477.92
b1f468ea-8799-47a4-8bc5-36351de36d32,5a3ee05d197e24b7bafaac3e2cbc7e55,2026-07-04T00:00:00,delivered,120.2
0acdc745-e9d4-4bc7-9571-f2b14db53bf2,5a3ee05d197e24b7bafaac3e2cbc7e55,2026-07-04T00:00:00,delivered,316.79
623ace5d-f0af-416d-a8d0-f9d873b83a5a,317a5bc8cf58c4401e221c74d7a51982,2026-07-14T00:00:00,cancelled,259.86
5d0b8633-c039-4320-9f0f-5f21e4eccc41,788d87eeb999019a75d8ba69017398b7,2026-06-12T00:00:00,delivered,635.63
486fd403-e72b-48b7-b057-386a1cbb589c,fc25f71bab94146446884fc523121d48,2026-06-24T00:00:00,returned,113.41
16af6b81-8700-4ec0-ab43-9d8692bf5790,3842d2de8b603bbfe941ade4da285f32,2026-07-13T00:00:00,delivered,196.16
b3d08ace-1c20-4c82-b078-f057d0244923,33f86281d5203b278e32070d4a02592e,2024-10-06T00:00:00,delayed,1174.59
0b6fde32-2eda-4b85-8728-71b3b46e3400,91e6fd64694fa9a828270d442ba88e03,2026-07-03T00:00:00,delivered,27.77
ba54f52f-6781-4399-9185-48baa208b9e7,5a3ee05d197e24b7bafaac3e2cbc7e55,2026-07-11T00:00:00,delivered,779.51
7dd3a4d1-71b7-4df8-943d-8d0b41cfac3e,51123d30e274aeedc27ae7f4d1abed14,2026-07-03T00:00:00,delayed,2286.88
aac3da5b-240a-4853-a299-25d47d49cf17,1098d1250d5bdf8bfc6a83f26494067c,2026-06-25T00:00:00,delayed,105.12
ef46096a-33f5-42c8-bb34-f948d2c12841,a1864cdd58debf5031958069ee937742,2026-06-27T00:00:00,delivered,378.76
3659e5c2-0c5d-4165-b475-4d9f253dbcaa,886fa36372fc4428557e3352f37ffc55,2026-06-27T00:00:00,delivered,1086.92
52213287-f323-4a80-a32f-d7435e040919,40c222fdf42ca7cb872bb2c4ebf06f93,2026-07-17T00:00:00,returned,562.61
8e831e49-f685-4213-a269-2321044c44b4,cfbb7ce77206d860a748fed4a35a5e3a,2026-07-05T00:00:00,delivered,184.37
fc4d03ab-19a6-4b5d-a19a-8a2ff60d46a6,a99021699fda65c2b84a3fb596a4c32b,2026-05-24T00:00:00,delivered,91.44
34d93dc9-6fb9-44a0-9b56-15ce882ece53,6056d31a9cf9cf98ea9de7ef86cf4f5d,2026-07-13T00:00:00,delivered,189.39
3691185d-e7df-43ae-8a1d-e6b1889951ec,2ad3e8ebee7119e3be506709cf52c2e7,2026-07-17T00:00:00,delivered,567.47
1759ef8c-8341-44ad-b028-d969a9c491b1,7b436cdf595907b9b0b142e8177c0072,2026-07-01T00:00:00,delayed,1298.48
4e134dbe-85ba-4d02-98c0-d5957e3631e9,6e9c6c2120611104445c767b78377d21,2026-07-12T00:00:00,delivered,232.64
df94188b-4573-4c4e-99aa-80766721fa34,ac61539bd1e37ef9fc8b951720d90bdb,2025-06-06T00:00:00,cancelled,126.79
7adc0f56-92d0-4d80-8e1c-fe0b59986c6c,1b2612a1eb1467aba19e5bef0da52217,2026-07-07T00:00:00,returned,738.01
41b7057b-3619-480a-b683-c10a68757942,e640111298500f5006fac7f416d7637f,2026-05-19T00:00:00,delayed,354.02
cde7ebde-0842-4d75-9bd7-e35392f16eb9,fc25f71bab94146446884fc523121d48,2026-06-26T00:00:00,cancelled,115.02
9e00877d-78eb-4be1-9c2e-14a51cf4c6e3,ce5c267bd53f4e6683c66f7cb5c5c067,2026-07-17T00:00:00,delivered,428.39
fd3ec106-bb47-457e-8f17-63b529b95c67,e1429df8d7fcb85252834ee1552ea20c,2026-07-04T00:00:00,cancelled,154.69
4f31e3c0-465e-4a48-a444-06e7aa1f8cfd,6056d31a9cf9cf98ea9de7ef86cf4f5d,2026-06-27T00:00:00,delivered,571.12
1e1439fb-f8bd-464b-9e19-b736742e6be0,b20eaead1d0c121ef9f0a705ad37803e,2026-07-17T00:00:00,shipped,343.44
5802f430-fe4e-4b77-a6da-20acfaaf2e83,586d40194eaf4932c4c5d248926beae9,2026-07-02T00:00:00,returned,462.89
fe508353-2ed2-47f1-bfe1-e66787b10385,c57eec8752714491b49a0af853dd80e6,2026-07-05T00:00:00,delivered,534.94
f54509fa-168c-4782-af22-9ecb11108358,f153272ca75661659630de82f3f2084d,2026-07-09T00:00:00,delivered,299.28
5d705a71-d134-4b3d-88fa-d62dd2ba7683,0f25f51e3d187ca7b8262b956d893cf8,2026-07-09T00:00:00,delivered,448.65
44396c55-c355-43d2-a789-d511de5eeda0,912a41ed4b2200e0ac7b5ea1ef1c433b,2026-05-15T00:00:00,delivered,219.55
591774bf-c0a0-4829-866f-431c05658011,fa87e5558d2010f19641ca49363d5a1a,2026-06-14T00:00:00,delivered,96.89
3269ccdd-1e90-4c56-9afe-c0021dffa89a,2ec68b85269ac7794879aecff0dab44f,2026-03-29T00:00:00,delivered,618.74
cccc4cb5-3448-4ab2-9ff3-e3a8ab7d8846,c3ae72f7fe12701be16e17345697d359,2026-06-24T00:00:00,delivered,192.87
2c7f235c-5fa4-475d-a990-c07c533afd16,774efd8e5cc822162e0af7311d81f5c1,2026-07-15T00:00:00,delivered,168.32
525ac101-92d0-488f-b676-a3138140b8ad,50aef30dabc7aca975dbdec85dcb848f,2026-07-14T00:00:00,delayed,1008.16
e5c17162-a94b-49db-8ac2-d41211cdc6f9,3f43c86453d02badf9c09a8149b620d3,2026-07-13T00:00:00,delayed,580.94
a1ec7fac-5cdd-4f4f-8995-7cb54cedc295,5a3ee05d197e24b7bafaac3e2cbc7e55,2026-07-15T00:00:00,delivered,1875.56
6fa28e00-45ef-4719-9937-9e5e793bebf2,c849085aa9f5d4af92baaa56a112d686,2026-06-16T00:00:00,delivered,221.17
697f20c7-848d-411e-ade8-652768c9a719,f054e8c1cbcf5e89ddd9b615c349936b,2026-06-26T00:00:00,delivered,597.13
6a0117ea-7d89-4c27-b98f-8fae36e3c699,5a3ee05d197e24b7bafaac3e2cbc7e55,2026-06-29T00:00:00,cancelled,901.01
3105b24d-08fd-4162-b21d-18c3f3c1cc61,5a3ee05d197e24b7bafaac3e2cbc7e55,2026-07-01T00:00:00,shipped,302.19
bb499726-b021-4ad0-8e6f-b1417b33bb6a,744fcfb3939c1c57f16cb00f263c3929,2026-07-17T00:00:00,delivered,415.24
36d5e582-2ae8-4b11-965c-9f506974119e,6ac37d07d28f224d58ca5c8d595e91c9,2026-06-26T00:00:00,delivered,104.6
60ad625f-7b00-4e8a-9e84-0c288a324592,18e3d276253780b44b5b7bf83f6785ec,2026-06-04T00:00:00,delivered,1138.37
a09f9582-8650-4f18-a55b-df5d621ce2bd,068bf1b6ad5389ef7fd0b25926059be9,2026-06-30T00:00:00,delivered,193.73
b5c97ccc-827a-486f-9b99-633f0b06fe5f,5a3ee05d197e24b7bafaac3e2cbc7e55,2026-06-26T00:00:00,delivered,77.44
6cdc75fb-f695-497d-8852-4f8ef592669f,1145616de76e14f4e7fd5452c2be149c,2026-07-08T00:00:00,returned,471.19
5b15e853-9dd9-4a0a-b18b-0baa61859702,3e6fd6b2f0d499456a6a6820a40f2d79,2026-07-10T00:00:00,delivered,121.64
2dd27072-01ce-4b48-9a91-8645c543955d,7c64114d404c93f2c4305a9f2e7dc3eb,2026-07-03T00:00:00,delivered,2061.67
c90063f3-b2cc-4b82-8e28-1aabb6ae49b9,d3e1706bd9290ddbfd20fc30fa7224b0,2026-07-08T00:00:00,returned,1142.79
8190cc85-1c45-4e70-87d8-6b939252ce35,058199325498b546a39e5652a04dbbcc,2026-07-04T00:00:00,delivered,433.84
7c4fc975-e47f-4f3a-a8ac-4c01d177b26c,05c567475380140907b9ca53ba1dcfeb,2026-06-15T00:00:00,delivered,170.33
b0050781-5639-4796-aa37-c5e8562290a6,3e94022b44948f7a53ca0d04e28a06c8,2026-06-26T00:00:00,delivered,264.56
ddf5d39b-b5c3-472b-ba3f-dc379877e331,a6f2e4a9ff6fdb7626039136dee62c4b,2026-06-12T00:00:00,delivered,560.59
68b27df7-c201-42e2-bd87-f0bdaf9b170a,3c631f7224998f22c0fa884a2e04e39c,2026-07-05T00:00:00,delivered,353.23
b4d37d63-6327-4e0c-bc23-aee15aadef50,09f54e88196d12eba479017f13f0e237,2026-06-29T00:00:00,delivered,981.77
9668ab20-6cea-44a5-9604-38e4be7654db,208f290481193105f0bdc2d8f543904e,2026-06-23T00:00:00,delivered,114.95
58484e42-d08c-48a3-8648-1a130c11632d,a806f4bac8089496de66aa3f1d640155,2026-05-20T00:00:00,shipped,288.0
521c4825-2e50-416f-86fb-90c650b0ae11,86a01fa0e06f44ce0edf54c195443036,2026-06-24T00:00:00,delivered,516.06
5570ae0f-18db-40c4-ad6f-9cf7fde3bf8d,9abd58f6bc7412a8da01a98351e6b989,2026-07-05T00:00:00,delivered,411.01
4e3e48b8-ae1b-450f-a172-e1c576585f17,b89e8adcd81b4e77d1d67eed240eb456,2026-06-15T00:00:00,cancelled,1509.2
03f7d5c1-3bf0-4d56-88ad-986759b8e086,e94f497b64b4c843216126feedb1dfae,2026-07-02T00:00:00,delivered,453.53
f5143d75-ab97-40e1-b727-072ff27ab91d,f14a94df58861cb1811f48b40271884e,2026-06-14T00:00:00,delivered,645.43
027b9672-adaa-439c-8047-0d64f793cb13,4c93744516667ad3b8f1fb645a3116a4,2026-06-30T00:00:00,delivered,588.93
d9dfa23a-18de-4c5e-9588-24454dc744e8,b9137cac4c1f714b3cfe949ba5d2f395,2026-05-29T00:00:00,delivered,886.51
ce20e913-26a7-4a73-93fc-0dba81e25675,28aea3e12549a3611bbd8d4e3310e4fa,2026-06-09T00:00:00,delivered,67.16
2ca12c40-40f3-474c-bc6c-14b7f7f88d0e,f7c7677be77763b1b2cf982a5e67fa61,2026-06-23T00:00:00,delivered,731.21
bea505f1-f7f5-455d-aa07-089b093eb93f,f5479eed84b3486132141fe08c598b95,2026-06-08T00:00:00,shipped,1367.16
8795f989-0cfc-40d0-a63e-f759a1c1618c,2e6a42a9b5cbb0da62988694f18ee295,2026-06-30T00:00:00,delivered,155.88
1efbe3b0-f634-4b82-b27e-9aef6f419881,5a3ee05d197e24b7bafaac3e2cbc7e55,2026-07-06T00:00:00,delayed,4082.2
d99bbf82-39fe-4d5d-8fce-e28803bf6ada,2eac18b475d7d985f0ab52b9c010f59f,2026-06-03T00:00:00,delivered,802.09
0781c9f0-2ec3-4f8c-805f-0836fa7a1ab2,c6d5793d0b594c9c3599c407f62458d6,2026-06-26T00:00:00,delivered,297.21
fe80c66c-4c50-4f73-bddf-7bd0df3b9e1c,caf8cfa0ac3ff60facda076545837647,2026-06-17T00:00:00,delivered,620.74
73a4e51e-ae0d-4749-bec6-5aa7a8929a24,f054e8c1cbcf5e89ddd9b615c349936b,2026-06-24T00:00:00,delayed,274.12
76e63d51-d908-49c2-b8e7-d04b55a8c10c,bb4a329975df85aa69684e124f0b48b1,2026-06-21T00:00:00,delivered,735.94
cdb96ba6-fa78-4f48-922c-eb1ad5b431bc,e94f497b64b4c843216126feedb1dfae,2026-06-28T00:00:00,delivered,293.1
291304b4-0444-4e31-979c-19f54944e9a1,119d43da5cf2cec95289848aec20ac51,2026-06-26T00:00:00,delayed,40.58
bb91b369-ca1b-44b0-b754-e59ec06e760b,255db56b61e0c9227afd094f0a2f1aa5,2026-05-20T00:00:00,delayed,509.2
97fcda57-3842-4112-8781-7e05d069ae10,e640111298500f5006fac7f416d7637f,2026-05-24T00:00:00,delivered,834.56
ebda5f77-6e65-4662-8713-172857f4ba38,08995ff3d56d1423655c3b21cebe06bd,2026-06-26T00:00:00,delivered,231.25
5326969e-12cb-4457-a15b-5f4c40a16a45,80042d5c5e74c4cd745d8c8832f1b506,2026-07-11T00:00:00,delivered,626.07
6cd3fa95-1b58-47e8-9681-e4acd3e59f7b,e3a5f5e65ff3b780847f89dcc81c344b,2026-06-11T00:00:00,delivered,538.41
7a76ce5b-0686-49ce-8d40-e6a9e7d7e1ba,4394cce7a16aac93ea8f2c18124b1f92,2026-07-15T00:00:00,delivered,753.5
1bfa3a5e-d7f7-4a62-84c6-05aa4741f228,5a3ee05d197e24b7bafaac3e2cbc7e55,2026-07-13T00:00:00,delivered,592.15
2561c8e5-ae52-4ee1-9c02-b2efd86b5f17,96b1c916f245f2462efcde3fce04bc3e,2026-07-16T00:00:00,delivered,650.34
ece395fd-4356-45b5-a960-2e56c0c9348f,c5132a4ca6a90b81f1c947f705706392,2026-03-12T00:00:00,delayed,158.47
651cc23d-4148-46fc-92e8-f2204e8e1b2d,f7c7677be77763b1b2cf982a5e67fa61,2026-07-17T00:00:00,delivered,251.35
1b932360-9615-484f-9082-898355458116,44bd7571a7dad968306f7776bd5a5745,2026-07-04T00:00:00,shipped,729.03
32d253f4-78cd-4014-abbe-7175b484922c,317a5bc8cf58c4401e221c74d7a51982,2026-07-14T00:00:00,delivered,1575.06
69f8ad4b-f702-4d76-bec7-0418c3b7c4e9,5a3ee05d197e24b7bafaac3e2cbc7e55,2026-07-17T00:00:00,delivered,1610.46
8aadd287-101a-4e86-9452-a2185d30d658,1145616de76e14f4e7fd5452c2be149c,2026-07-05T00:00:00,delivered,112.27
08ae72f4-8edf-4a06-ba79-4df8b8de6ede,5a3ee05d197e24b7bafaac3e2cbc7e55,2026-07-02T00:00:00,delivered,1256.91
eb7ab471-3b12-44e6-b9f2-6bcacb8ddae7,e719553726c32083e14d368222557f1b,2025-11-18T00:00:00,delivered,708.25
da471793-9ba0-49f4-a0a8-bcca6b18db96,57b1f68c8d93b167ff6606951edccfeb,2026-06-08T00:00:00,delivered,537.24
f8acfe58-1c54-40cb-8c7c-0d3b1ae90ab1,068bf1b6ad5389ef7fd0b25926059be9,2026-06-21T00:00:00,delivered,425.63
ef7e13aa-e537-4809-a440-547333f24521,bbbea7f167264b7236e4459dcb0a8838,2026-07-15T00:00:00,cancelled,222.71
1c604741-ea14-4be1-b746-f30306f0382e,7556f182460418cf30957e6ce377c674,2026-07-01T00:00:00,delivered,62.56
ce664879-1c32-42ea-a665-2a4c1efe1509,1e3d5ec055904eea7d4e95d60a1ad2cf,2026-07-04T00:00:00,delivered,819.86
1a4052ae-4623-4004-a12c-23c48a5e0bbc,803c9b252709beca97a308a9197371ff,2026-07-05T00:00:00,shipped,363.12
2a2edbb2-94bb-4440-b016-1b6a9bec87dd,aec17bbaff43f7d302094a3169d8a1ce,2026-07-02T00:00:00,delivered,138.5
4343e842-9068-43fc-af6f-f36b26be82ab,5a3ee05d197e24b7bafaac3e2cbc7e55,2026-06-22T00:00:00,shipped,706.82
eb413c4e-2b5b-45e9-b26b-d6b8cf1d43d7,be2cff6c84f1683300337ecd499992e0,2026-01-16T00:00:00,shipped,286.75
1ec53f6a-a5c7-47a0-a89c-794b8d40e439,e1881c7d99c20ca24a49cf18f115db40,2026-06-19T00:00:00,delivered,1127.59
37cabcfd-3df8-44e4-a5ef-34973396b354,1be0b0b172e10ad52bef0d454965c053,2026-07-06T00:00:00,delivered,741.38
0cd5d7f3-562f-4749-9f82-2259a9ee025d,3d7fb21a86fa49b9dce2ac0814d6dc22,2026-06-17T00:00:00,delivered,117.98
40d7f5cb-09e6-4346-aa3d-b86f5126473c,5a3ee05d197e24b7bafaac3e2cbc7e55,2026-07-09T00:00:00,delivered,229.4
6af0825b-8734-444c-9073-16fde004aab3,0b48151c4ac827afeee06ce2d77cc343,2026-06-24T00:00:00,delivered,208.66
52f864e9-47b2-45bf-b711-c2f3a07054c9,e527d87e5717a8e1432c67e902a56a9b,2026-07-16T00:00:00,delivered,177.2
9b44cd0e-8de9-4824-b3c4-4408ae702c34,587d22544f4d6f17b39a30723a53a305,2025-07-21T00:00:00,cancelled,534.02
9e7324c8-4b1f-48f7-a8eb-3a4c9f654d08,7da3054afe371affc14d26cc2cc04358,2026-07-04T00:00:00,delayed,1007.3
c792b4ac-0260-435f-9e5e-42375f98f04c,93bf5d4e752358fa9ea738ebf793cb79,2026-07-02T00:00:00,delivered,297.59
410e5f9a-1015-41e1-aeb3-67dbf0c9745a,dc643b60537f44f35b2f91610ea64153,2026-07-02T00:00:00,delivered,193.95
67dce112-088d-4b70-ad9a-881f482776ee,788d87eeb999019a75d8ba69017398b7,2026-06-11T00:00:00,delivered,306.66
3ebf0bc7-8d7c-45ed-9dbf-86d289236909,c7c92d52defccd813e462a6bd33ab16b,2025-12-13T00:00:00,delivered,194.73
0e72e102-6a80-4f46-9a75-0636cf2d21f4,17ecbb11ad271dc15ba46b93be52062a,2026-06-19T00:00:00,cancelled,336.12
1f42456a-8bc0-4dcc-9ca8-46f242297bb7,cd79b407828f02fdbba457111c38e4c4,2026-07-14T00:00:00,shipped,731.03
7ca8e096-04e8-44ce-8868-10ba943cbd76,6ac37d07d28f224d58ca5c8d595e91c9,2026-07-01T00:00:00,returned,576.88
967790ff-6c74-466d-b2f7-8fef388e841c,796af4fac93296428070925a8a78aaa1,2026-07-04T00:00:00,shipped,413.08
6d8013c3-d037-423f-8d6d-d3b7d2669a7f,5026a05d38ac5cde9dfc41a3269f8b04,2026-07-11T00:00:00,delivered,949.71
69eec6e4-f764-4904-a971-ac726d18b3aa,f153272ca75661659630de82f3f2084d,2026-07-01T00:00:00,shipped,358.28
2b117956-e910-423c-9d0a-ac436a6d3ac7,1bb02eb35385950b5dace2632164426c,2026-06-03T00:00:00,delivered,283.44
13a52483-3e80-4886-97db-fc168fc5ead2,717aa48025662fcf27ddebbecc5f782b,2026-04-27T00:00:00,delivered,1554.19
17d8113f-e6c6-405a-9e4c-1b10f1efac85,598303f52e054ede6c3b5d53ba72ff65,2026-07-14T00:00:00,cancelled,327.83
89ffb4d0-e743-4c67-9aee-f3bc3ae63c7f,508cae50c5c1e72079d266a513bca9ae,2026-07-04T00:00:00,delivered,357.39
dd3f26ff-243a-4eff-a23c-363459121e8a,7f75745b4c2e50fbe27640c3949d0769,2026-07-11T00:00:00,delivered,10.28
d2363feb-aba1-4bd7-8047-d760c0c53095,fc25f71bab94146446884fc523121d48,2026-06-25T00:00:00,delivered,559.9
afba4501-585d-4b14-b95f-f2a5dc888ac6,cb296f03ccd21cfcb3ba0778c4f3b7d9,2026-07-08T00:00:00,delivered,289.62
42f87c1b-14d4-4fd9-bded-be5c061b87dc,83511e439930d5ee33c12a4712d1baa3,2026-06-11T00:00:00,delivered,345.27
d8e86bff-b59b-4a43-b50d-788ab8a1fa6f,64b4630b1015051dc3c2e286684d444f,2026-06-06T00:00:00,delivered,1527.39
d27f6762-f996-4e4c-86f8-8f5eeb7d0d16,1145616de76e14f4e7fd5452c2be149c,2026-07-16T00:00:00,delivered,97.88
2c50ca3d-e06a-4d0b-b5d7-007b864f2c37,1145616de76e14f4e7fd5452c2be149c,2026-07-10T00:00:00,delivered,124.34
b46846da-1575-48f3-8aec-dcb95034c100,a66e716d02b556bd6a57ee40c8a610ef,2026-07-04T00:00:00,delivered,1435.62
9017b42a-6232-4cec-96f2-ef1b2cadb452,28da048f094c0c9cbbc5412bcf41b6b0,2026-07-14T00:00:00,delayed,338.74
a5f73170-ce1a-4b78-b69d-895e399fc050,5a3ee05d197e24b7bafaac3e2cbc7e55,2026-07-12T00:00:00,cancelled,372.42
9d59431c-3232-45bd-9505-46028c6c4d3b,795ec127906a9e161109399a70f5826d,2026-07-12T00:00:00,delivered,264.34
93e4a46f-ec6c-4460-844c-d229ab198bc1,0b48151c4ac827afeee06ce2d77cc343,2026-07-13T00:00:00,delivered,472.51
f8d62e50-5712-49a2-aad6-c1eb164808e5,790352c18a7b36b50eb483aa9eba0a43,2026-01-13T00:00:00,cancelled,688.64
735c12aa-c144-4da5-b0a9-005cd9cf6f09,7b6d07dac0a2c373d749142e920ae356,2026-06-11T00:00:00,delivered,436.76
7ce17287-30a0-4881-829f-5721a5a26717,f7c7677be77763b1b2cf982a5e67fa61,2026-06-21T00:00:00,returned,137.56
baf008d2-3c7d-406e-87c2-d57af30b2f95,b0cb09eb848eddd6485a6a38e5a2f134,2026-07-10T00:00:00,cancelled,323.12
c3863a76-8742-4d8b-bdf1-25fa6e847c24,5dbaf31e6f3ccef2df173b8d09a07128,2026-07-11T00:00:00,returned,881.01
ee7d6d51-e7ac-4602-95d3-cb3ba4516b01,fdcf4139f50f370c91e8b8f33adde2a6,2026-07-05T00:00:00,returned,387.06
4f2ab71a-d7e2-4f62-9148-6895b82b961d,dd1c379f2ec5f2fcadad957937de8d1c,2026-07-15T00:00:00,delivered,1495.46
fad08545-15cc-48bb-a014-1e19fe4217be,301bcaac6077aa5e56aa5b6559846534,2026-05-26T00:00:00,delivered,1114.75
233105fc-b0d7-4837-aa7f-81a074e42362,3321a75303831a580b0973bbf54900da,2026-06-29T00:00:00,delivered,42.25
4b019c32-8771-4381-bc32-b4e667cd1114,0228e299d1cabeaf9be64b5ccd784c97,2026-06-06T00:00:00,delivered,998.74
5da8583b-26cd-4fa4-b3b2-ed37ab5f614f,3e6fd6b2f0d499456a6a6820a40f2d79,2026-06-29T00:00:00,delayed,359.5
e116b815-cb91-46be-8dd4-0af2b8080c17,8e990907b56d2383d3a39bf0cf9a3f42,2026-07-09T00:00:00,cancelled,474.65
b86be147-4385-47c1-a766-154623dd67e8,ad2cbd768be693c2a51c4d9fc3209400,2025-07-06T00:00:00,delivered,407.88
0be3f4f6-df7c-4f83-bea1-54ffd02a5311,e145a017a309c275c23443e1240c7547,2026-07-03T00:00:00,delivered,324.86
207da1be-4e8b-4a56-a1ae-86dd210cdbc4,cbddc85ed8c77a56bc0ba0cfbf057242,2026-06-05T00:00:00,shipped,880.3
6861b136-40e3-4737-8b5f-18dde52f322c,8b87de30e17e4685d7e61af6029a8d1d,2026-07-14T00:00:00,delivered,71.96
a1070a6b-58b9-4530-b28b-793b7bbd1b6e,1d4626b197f66aa6129c135ab09f1a7b,2026-06-23T00:00:00,delivered,80.71
31e80c58-94e0-446d-9140-e0082281cdb4,5efebfd4cc8bc54a199c512d3bb1c6a4,2026-07-05T00:00:00,delivered,291.52
01677083-40b0-4400-bf21-eee2a4982a20,5faabfe6772088c4d906b63fa81ac63d,2026-06-21T00:00:00,returned,1392.5
c6731067-d6c4-4f65-8102-90c392e89866,5a3ee05d197e24b7bafaac3e2cbc7e55,2026-07-16T00:00:00,delivered,180.53
99b5636b-8754-4099-ac38-39b389b3dd3a,2bb655e5a68145d14491771f4a29e58f,2026-07-06T00:00:00,delivered,444.35
5758a084-db8f-466a-b29f-68def92e392b,a8bf8a5a3f01ec3bab15b75fb1920205,2026-07-07T00:00:00,returned,469.43
ef540ade-654c-434d-ba81-b583fdf6dc6b,88baa2a0a13e63c2e2b3ebc09595e4c8,2026-06-30T00:00:00,cancelled,140.72
e6314b19-2577-4f47-9d48-5a52c9638bc3,f054e8c1cbcf5e89ddd9b615c349936b,2026-07-13T00:00:00,delivered,149.7
6f3ed971-4230-4f61-ac31-0718fdbaf2a2,99172dcdec60d7c00f2f6cedcdab4c3e,2026-07-12T00:00:00,delivered,587.93
e720f315-adc5-41ed-a019-1326ea347a65,a1d02d8e96f1691603036bfcad4df844,2026-06-22T00:00:00,delivered,816.45
38b17d79-a80a-4403-b22b-225f1375f49e,e640111298500f5006fac7f416d7637f,2026-06-26T00:00:00,delivered,157.58
c1466fdb-e7b9-4c49-ba32-9fe73344c997,5a3ee05d197e24b7bafaac3e2cbc7e55,2026-06-19T00:00:00,shipped,269.53
d8982a0c-3ee0-41fe-897d-ffdaaaa2b5fa,6056d31a9cf9cf98ea9de7ef86cf4f5d,2026-07-12T00:00:00,delivered,170.29
83f91a57-4459-4f6c-a52d-28b2902b302c,8edc207feeb0cf1b7094bd24e55b03fc,2026-03-30T00:00:00,shipped,745.6
fea009e7-bfee-4305-ac26-ddf11ee15901,5a3ee05d197e24b7bafaac3e2cbc7e55,2026-07-02T00:00:00,delivered,118.86
2bac945d-f53d-4542-9780-80107f576a34,38e31fda99a5fb901d27134d18d36c75,2026-07-15T00:00:00,delivered,428.04
41fa309a-2042-47ba-8a41-7f8a68d93f8f,a8397e4402779864503796dd87fdbedc,2026-07-11T00:00:00,delivered,78.69
60db7c7e-9cc1-4bcc-abd4-4a20b8e95ed5,75a9e81466dbc644796740cc49bfe8d3,2026-06-05T00:00:00,delivered,386.56
94a4f682-000a-41f0-8c39-f2d7166a9b7e,34f0b37e89f9ef4768bdd233630f9b62,2026-06-01T00:00:00,delivered,294.71
c2a47f05-62f0-40ab-aefd-d71baff37c53,6056d31a9cf9cf98ea9de7ef86cf4f5d,2026-07-14T00:00:00,delayed,244.89
0f0b6a9e-acd1-469b-bc45-03f5103b3afe,91275e7b1847f102954b73d856b4eee8,2026-07-06T00:00:00,delivered,41.76
2da4908c-8368-4f6e-84a6-1faf62bacd04,402cce5c0509000eed9e77fece8056e2,2026-03-10T00:00:00,shipped,123.64
9eaa809f-c0c0-4723-987b-a0fb6f86652c,6056d31a9cf9cf98ea9de7ef86cf4f5d,2026-07-08T00:00:00,delivered,747.2
a193f580-c2c2-4692-b17a-eda9a671a9ea,b55a113bb84fc10eaf58c6d09ec69794,2025-11-07T00:00:00,delivered,68.74
5cd69d12-2e1c-464b-a4c5-681de05f83e9,5a3ee05d197e24b7bafaac3e2cbc7e55,2026-07-10T00:00:00,returned,190.56
521257c3-f4f9-4090-b5e6-53c97a4a4288,c3166e62cdfb039707b78bcfc4828c86,2026-07-03T00:00:00,cancelled,974.0
f57b68e4-4a8e-4711-ac96-8b181e55f18a,374026021639ada6e97c12b31a997a64,2026-06-29T00:00:00,delivered,1079.1
e768b76c-f46b-418d-89b2-2c40d38c26c3,d885b619cb2e462ccc493b70faea10c5,2026-04-03T00:00:00,delivered,660.69
bd5e9cff-7e85-41fe-bd0f-18f263c0884b,13ac6da47fef1b17b16f511e03b57918,2026-07-03T00:00:00,cancelled,404.61
44fce661-6af5-416d-9710-89a9d0f12da1,ecb43665c8c390857cabf385d918da87,2026-07-07T00:00:00,shipped,138.54
124342d7-5f0f-4fd9-956c-fc4550263765,57e5587a5f1c3fcf65dff88c6d088cef,2026-07-16T00:00:00,delivered,620.42
8ebd2e6d-da53-4233-9e26-95ed919b41e0,483ccebb9c42ae89d35740fadc153835,2026-05-13T00:00:00,delivered,376.77
42185481-5f97-4146-89de-761e023434a1,5a3ee05d197e24b7bafaac3e2cbc7e55,2026-07-16T00:00:00,delivered,583.15
7e41c5f6-e510-497f-a8f9-ecc8b72741bc,237c219a24b6a3183a216a5ca00f6edf,2026-07-09T00:00:00,delivered,619.56
e5e11fe7-33b4-4617-a149-66ff46c7e8ee,0821beeb20948f233864186b1d3c06b2,2026-06-22T00:00:00,delivered,726.34
e6ff3981-1cab-48c4-b85e-66ba6ad05005,1e3d5ec055904eea7d4e95d60a1ad2cf,2026-06-16T00:00:00,delivered,351.75
c510da27-3900-40fd-9480-45f07ca3cb20,5a3ee05d197e24b7bafaac3e2cbc7e55,2026-07-10T00:00:00,delivered,418.75
eed3058f-6fd0-44a0-8868-3059cbf5c4b5,39c94711f67eef8b333eec08e1b96762,2026-05-10T00:00:00,delivered,596.59
630bec37-7ccf-46d2-9fbc-51aaa2305ec5,c8dbfbb4a47a215d79659c927e786a58,2026-06-13T00:00:00,delivered,376.76
f992b88a-bf44-4d91-ad4c-1ebbd32efb92,5a3ee05d197e24b7bafaac3e2cbc7e55,2026-07-13T00:00:00,delivered,168.09
cdc3060d-95df-495e-b814-ae556343927f,b49862d2d7d16d13e68d23e868b3d8e0,2026-07-03T00:00:00,delivered,284.96
f03c48e2-339d-40b4-89fb-faf59f2de6b0,70e15e657d597f3c096fb696e815018f,2026-07-06T00:00:00,shipped,104.46
fc88204a-9c2f-4789-b436-73dcacd5cb86,f62f269f9ce7c41d20a90f70df873f42,2026-05-07T00:00:00,delivered,770.98
bbbd4c79-cdde-4918-bce0-a8ccefc43575,3f31485edb88c756d5163cdcea80d7ed,2026-06-30T00:00:00,delivered,329.85
6aa5db02-4f2b-464e-bf46-ddaf8d05b97c,b2e803d748d08864a69aa128447a1358,2026-07-10T00:00:00,delayed,76.09
c9e5eb7c-ea2e-409c-9dd0-728e93ce45f5,0567f279c243671842613f581ed3462c,2026-07-04T00:00:00,delivered,47.76
c918106b-9847-48dd-8f08-ad1996a56632,8de2a640697fdc751bf88a16ae07591d,2026-07-09T00:00:00,delivered,322.31
7c987692-ca58-4c41-86d3-997576afdbc4,ef0103e9602d12594d19c2b666219bc1,2026-07-15T00:00:00,delivered,671.33
764d6307-ab37-4248-881b-64a76605c942,00cc12a6d8b578b8ebd21ea4e2ae8b27,2024-01-06T00:00:00,delivered,904.79
f103c636-6951-4c55-a5eb-22864cc978fd,5a3ee05d197e24b7bafaac3e2cbc7e55,2026-06-19T00:00:00,cancelled,762.11
e6012466-bfdc-4638-b7de-fb316bf65afb,b5e391181709e5196275b01b8e6e9d73,2026-06-11T00:00:00,delivered,4.33
e6ebcc86-6e3f-472c-bdbb-74fc69aea1ae,ff3e14860e32acc535aea6a5402d531c,2026-06-23T00:00:00,delivered,372.18
45c686af-9007-4524-b6c2-4c7b4391a066,c9158d089637ab443c78984d20da7fc0,2026-06-25T00:00:00,returned,517.89
44ec988c-c59a-48ed-88ea-c594e3ff6620,49c00537cb6418b95faaff96b95d596e,2026-05-16T00:00:00,returned,479.21
eba797bd-eadb-415a-9d7b-fba91969b35b,2f7040ff8e20664c0856a138a97eecce,2026-07-01T00:00:00,returned,377.21
93d2737d-5d51-4a20-bee6-552e5168dd61,caf8cfa0ac3ff60facda076545837647,2026-07-14T00:00:00,cancelled,57.64
48f52dfe-77dc-47a0-8739-0290b2d4493f,28345e4479fbaa6c278e0f64546ebf96,2026-05-18T00:00:00,delivered,464.55
e5b73100-7883-4ac7-a798-d0ad14a7bab8,5a3ee05d197e24b7bafaac3e2cbc7e55,2026-06-27T00:00:00,delivered,460.12
681cdc0d-3f55-4412-8456-6eea8a714032,fdcf4139f50f370c91e8b8f33adde2a6,2026-06-21T00:00:00,delayed,549.44
5273e139-938f-4fd2-be15-514c3b0193e6,1098d1250d5bdf8bfc6a83f26494067c,2026-07-07T00:00:00,delivered,478.52
b8a0ba76-393a-4281-895e-461000b73372,f14a94df58861cb1811f48b40271884e,2026-06-30T00:00:00,delivered,2000.07
265a9765-ee7d-4197-9441-1e6d78e06de4,f2b73529bb775e473cdeb67d991cc985,2026-06-18T00:00:00,delivered,260.75
d113f821-ba9a-4741-80d8-61416af267c6,97dc91f9e896442f6ac9650bb2a9b594,2026-06-30T00:00:00,delivered,417.25
f4b9ced1-3bd4-4a1a-b622-c871e2b1766c,11cd4821f3f646fae625b1f043fb5ec3,2026-07-11T00:00:00,delivered,859.1
11b8aefd-4451-410f-863e-70cb6e66c54e,4c93744516667ad3b8f1fb645a3116a4,2026-06-20T00:00:00,delivered,319.78
f30d6da5-1af6-40da-9b2b-9ed9a5150388,e5dbefdfdf3eff75c8e6cd655f128279,2026-07-02T00:00:00,delivered,998.47
6537058c-2843-4fe2-a08e-d2ecee358d5a,e021e698833bdeb89dfef3acb2e91f37,2026-06-30T00:00:00,delivered,15.59
3b8a58fd-6a98-4580-b0d8-b17c8a3a3beb,c7c92d52defccd813e462a6bd33ab16b,2025-12-08T00:00:00,delivered,534.18
06b83542-c28d-47fb-a676-a69b1a3d78b6,5a3ee05d197e24b7bafaac3e2cbc7e55,2026-07-01T00:00:00,shipped,908.83
ecb63e54-b5b9-48b9-be1e-4e727181714a,4f49e4d666dcede7d03edb6040ebcd2a,2026-07-04T00:00:00,delivered,1426.95
5c9d956d-cc61-4297-8e7f-b391e30e72be,ef07ba9aa5226f77264ffa5762b2280b,2026-07-05T00:00:00,delivered,60.87
82a52347-15ed-4730-9977-8ab636330257,5af79d89508d36628b0796f94afa3fa9,2023-10-17T00:00:00,delivered,247.53
2ca7ec83-b280-423e-a861-3531f1f9202d,4a4de987b37555970ffcc9608d858a72,2026-05-07T00:00:00,delivered,775.83
32e7516d-ceb0-4967-b51e-ddb75b7fff61,90d479448b39ad9586d05da64cfb695b,2026-06-22T00:00:00,delivered,564.32
465b8147-d38b-472c-b786-e7ff95a91e62,b9d5fde4cdab32f96f3cdd8f4cef4386,2026-01-25T00:00:00,shipped,49.25
61bc35cc-80f9-4f3f-b96b-bd27876cb432,f52a8a57228f8fc586dc65983d39904b,2026-06-14T00:00:00,delivered,108.35
d473325f-bb1a-40b5-b2f8-a5e8da8a33fc,408b1dc1bf28c3245e5eca9097e14b9f,2026-07-17T00:00:00,delivered,327.69
e1365c8e-7862-4f1e-ad45-de1681995280,ce900bc17b3e45ec05956db418d86207,2026-06-17T00:00:00,delivered,281.62
78914ddb-e8c6-4569-a0e8-5fdd5d9573e0,5a3ee05d197e24b7bafaac3e2cbc7e55,2026-07-01T00:00:00,delivered,642.22
83a313a3-d517-469f-b229-8c33d46055a5,f0d5f6b6b48d4e1599420b22ff2de1dc,2026-07-03T00:00:00,returned,543.6
5a0200e7-d898-49de-a569-c780b8c736e5,db87b9a23aca22405ab394338f087a68,2026-01-08T00:00:00,delivered,102.81
604d8ec5-5643-4996-a081-09d860c158e4,55133cf96f44c834ac51d0e3b678c7a8,2026-06-11T00:00:00,delivered,369.86
db551984-9774-4d25-b260-358292b04b02,97dc91f9e896442f6ac9650bb2a9b594,2026-06-12T00:00:00,delivered,172.56
605f6201-79ea-4cd1-bd6e-2bf7f93750b7,f72d1ee92d55688d07ca88506300715e,2026-07-12T00:00:00,cancelled,301.32
83c75ce7-de2c-45c9-8fc8-36332c54316e,48464d1565a9447566fa926099aa5d9b,2026-07-05T00:00:00,delivered,586.57
49996fb2-b71b-4d60-882f-aa6c71fe61ed,0228e299d1cabeaf9be64b5ccd784c97,2026-05-06T00:00:00,returned,429.82
05e7fbe3-7080-4e06-9759-7f0fc4c3376b,f75da962fb4ddac1569e90c21803c455,2026-07-10T00:00:00,shipped,1351.32
9d5c0c62-2c5b-45fc-ba7d-75cd5b5a6518,04baa28903e22974e6213e632b09c193,2026-06-02T00:00:00,delivered,916.53
201ae6d5-0ce3-4a9c-838b-a9ab3257a60c,3078dfe83b099ae6ebe055be3abe0c0d,2026-07-05T00:00:00,delivered,530.08
f88ab301-f4e2-4ef9-9ce4-41a84e8f8f8e,9dbb05f5577e862337b93feb8f358839,2026-05-27T00:00:00,delivered,536.38
10def41b-cd27-41a9-b809-434c4d8c5946,5a3ee05d197e24b7bafaac3e2cbc7e55,2026-06-23T00:00:00,returned,1057.69
40114b8e-5903-410a-a137-e620c52e95c7,437869c8fa511c68c9e1f61cfc11d30e,2026-04-23T00:00:00,delivered,915.9
c8b8bb1a-a78e-46ac-b13f-2df373baa49d,60f874c577dc096ecd52bd0bf6bd5942,2026-06-27T00:00:00,delivered,87.62
1f46ce02-7db0-4b0e-8df2-b396e37dea39,97dc91f9e896442f6ac9650bb2a9b594,2026-07-02T00:00:00,delivered,177.83
71ab77a1-4e3b-4a6c-978c-9f9dd47eafa7,18e3d276253780b44b5b7bf83f6785ec,2026-05-29T00:00:00,delivered,286.25
cd648de5-1e90-41ec-b8e8-3f67576288b3,97dc91f9e896442f6ac9650bb2a9b594,2026-06-25T00:00:00,delivered,385.74
73f115b9-f584-4448-86da-d6452e58c492,43fcee98a4442ab2f299df637f8e2413,2026-07-07T00:00:00,returned,576.99
cb8c1a07-bbe8-4535-a302-a34426cf388c,fffbf87b7a1a6fa8b03f081c5f51a201,2026-07-01T00:00:00,delivered,1583.79
ea6d8d31-f234-442d-a62c-6d6da785d062,89e3027de49c3012858cfeb7f5a34f59,2026-06-20T00:00:00,delivered,7.54
54c1c832-afa1-4afb-baba-4357d1041f91,18e3d276253780b44b5b7bf83f6785ec,2026-04-11T00:00:00,delivered,348.28
3cba5997-751c-4b67-88f1-5fbae4e731b5,eb3401656cd6eaad985629735dc1c339,2026-05-21T00:00:00,returned,268.81
d7c73347-2f1a-4904-9d89-43a84307ef0b,d83533715a8843e3a26adf36d889e9b7,2026-06-04T00:00:00,delivered,181.62
3285fd90-1d60-49ed-9ce8-f783976296ca,73a0200d198dbc7022fbcb361cbef7f9,2026-07-04T00:00:00,cancelled,173.48
d21accc1-c446-458c-9ffa-9731ea8a3ada,05c567475380140907b9ca53ba1dcfeb,2026-06-20T00:00:00,returned,350.53
3af33178-c1de-4348-8b53-9ccfbce02260,96d97637a814355ed5e0913942533b21,2022-12-05T00:00:00,delivered,406.9
0b88f3f9-74c7-4ac6-b58e-ff3887906cca,cb2b7396e93f306c9076b63930b1a332,2026-07-04T00:00:00,delivered,569.58
562fd88c-d874-4bc8-a903-f00c6071d233,de031c302b6b340148a5ae814e393539,2026-06-30T00:00:00,delivered,29.05
4a155845-6a91-4924-b9be-9aa4df160046,0b48151c4ac827afeee06ce2d77cc343,2026-07-09T00:00:00,delivered,987.15
ed06c369-eb33-47c8-beba-6518d2f4abf2,1717cd357c7bbb3158e701005cf8e50b,2026-06-30T00:00:00,delivered,404.29
de5791f5-016d-42db-a523-3fe2afb1ef39,df2162a9aaf73bf42e812408330969a0,2026-04-20T00:00:00,delivered,270.52
752ce0b4-8762-4445-b89c-4061a1a10ae0,755bdc2822a8f01cfcec19ae4dcaae66,2026-07-06T00:00:00,delivered,298.49
7d83f884-e758-4956-af3a-57d833c24da4,26c9cb11ad1169f145cc96dc263cbb29,2026-05-07T00:00:00,delayed,113.34
f3b30b33-ff83-4be1-8029-66415bd6dd32,0d77d20b2c7c92602b0c4ec4fe5997af,2026-06-19T00:00:00,shipped,38.72
bf265113-005f-4250-b147-f5f029a66d8c,913a4e0cb7fe555e6cffa875ecd58e2e,2026-04-21T00:00:00,returned,501.81
07a1d93a-c564-4d0f-b1e9-3c9a134d43a5,c645339c7f927e64c0cbe6079255fc7a,2026-07-13T00:00:00,delivered,223.2
a50a1edb-6ecd-40bb-82a1-56a7a8f53192,27aedee05bc8e9bcc4da2bae37fd4d78,2026-06-28T00:00:00,returned,1252.33
d3057830-1dbc-4564-be5f-c27cf71026d3,2e5b5e44efa832c60072aeb33027cd65,2026-07-09T00:00:00,delivered,412.61
99c256d4-c1fb-40ed-b75b-15489eebfc39,5de4cf8eaf33d8453e6bd998d714ebce,2026-07-02T00:00:00,delayed,181.45
2c644eb4-d258-48cf-a5ee-47b25175c2c1,b33f678a7299da3b06beb4438a8d6908,2026-06-24T00:00:00,delivered,291.78
89b1c5e9-75e3-46c5-8261-5e4ec122558c,5a3ee05d197e24b7bafaac3e2cbc7e55,2026-07-04T00:00:00,delayed,434.53
dbd63e8e-4462-4ef5-bfec-dbe021d2a127,f14a94df58861cb1811f48b40271884e,2026-05-24T00:00:00,delivered,464.68
74471df6-7d64-424d-a1d1-679ae4004e17,5a3ee05d197e24b7bafaac3e2cbc7e55,2026-07-15T00:00:00,delivered,626.88
b5e63dc5-034f-499c-917f-b122ebd95af8,5a3ee05d197e24b7bafaac3e2cbc7e55,2026-06-19T00:00:00,shipped,1449.57
e1ea2ddf-2059-45bb-97e6-5e9f5c325bf0,5a3ee05d197e24b7bafaac3e2cbc7e55,2026-07-12T00:00:00,delivered,222.1
f8ddc9b3-f135-4164-8d4b-4790d547c6fb,7e8ace5e83e019d284a1cf0108b57f94,2026-06-16T00:00:00,returned,200.81
0c340088-1a24-4fee-a789-300bbc004a11,4e17943c8edf2f66d70f0e97b81aaf17,2026-06-01T00:00:00,delivered,518.07
132787c7-410e-43ac-a206-0c13c329ff3b,5a3ee05d197e24b7bafaac3e2cbc7e55,2026-06-29T00:00:00,delivered,194.55
dca94418-9b4c-42d1-90c2-429c7f6be2e6,fafbc4ecb15933633821dfd530c9263b,2026-06-02T00:00:00,delivered,808.54
bc15f298-42fe-44c5-ac36-c5e8bf7e2dbf,5a3ee05d197e24b7bafaac3e2cbc7e55,2026-06-24T00:00:00,delivered,2077.22
be38214a-12f0-4cfa-9cb0-479e0f409f96,5a3ee05d197e24b7bafaac3e2cbc7e55,2026-07-17T00:00:00,delivered,873.29
6f5f595d-d6c8-41fb-808e-a811eba105dd,5a3ee05d197e24b7bafaac3e2cbc7e55,2026-06-24T00:00:00,delivered,951.67
a1c2950d-16aa-4cd0-9fc0-023442db207a,5212c50e79fe1349b9894f6508b401d8,2026-07-08T00:00:00,delivered,398.92
3426e330-7afb-4909-a48a-ef4cf9c3dc16,c0fcd6e2e07097e1461b44aabb0c3306,2026-07-02T00:00:00,delivered,579.61
76bbd773-9d9f-47e7-a3eb-1404e80de729,9d0bb2ad348ef886d42549292ffb6978,2026-07-16T00:00:00,delivered,725.3
859124c7-53d7-48bd-b49b-a4ca194ddb05,0b48151c4ac827afeee06ce2d77cc343,2026-06-28T00:00:00,delayed,208.09
7aee8bf2-d5a9-4828-81f9-554be1fb9a28,7c64114d404c93f2c4305a9f2e7dc3eb,2026-05-10T00:00:00,cancelled,481.45
e9d0b5f1-0c5a-4615-ae71-7a97a789c5a7,113bdaf5255ce5a458057ebf9975befb,2026-06-22T00:00:00,delivered,1018.01
9ea5217d-9d69-4ec0-970e-91b12340c241,34c6f984b590bbfe3d4d6c76007c0b1c,2026-05-25T00:00:00,delivered,342.98
3df0277d-e500-42fc-ab39-8de36580b3b0,a012820fbbced38a03331716e231e0ba,2026-07-14T00:00:00,returned,409.07
afb477ae-4bd1-47c1-a6ad-922a8322bf14,795ec127906a9e161109399a70f5826d,2026-07-11T00:00:00,cancelled,327.7
1bfa4d50-655b-45f0-b9cb-eba0ff856658,b9137cac4c1f714b3cfe949ba5d2f395,2026-06-12T00:00:00,delivered,451.23
22152a3f-5f26-43f3-83d1-6b017527dfe3,97dc91f9e896442f6ac9650bb2a9b594,2026-06-29T00:00:00,cancelled,2120.61
77252ffc-baec-4db5-8738-46e986d672d9,51c8ddf321ee68b8d49ccafa8f4cfa50,2026-07-11T00:00:00,delivered,383.35
eff7c935-7aa0-44d5-bd8b-7e93e29f0e4e,2c7ad76b7694988382706caa2b5b33f9,2026-05-14T00:00:00,delivered,478.83
c3d886ad-1769-4a79-aeec-3c82de10e842,0b9ae040f85e7cc54f7c20efd637c859,2026-06-02T00:00:00,delivered,416.56
e8b8c437-5304-4ec6-893d-4df98771f145,ceb8b329e744b3e8982e6f9d51269ed3,2026-07-05T00:00:00,delivered,401.53
8dbd4295-abd9-488d-a490-0dc42dd6075a,27a53659b6216c57d106d48be0c50264,2026-05-01T00:00:00,delayed,498.36
2a154ca0-1190-463e-8aef-bb6bb4819927,bec4565233c872dc005b32e9616669d1,2026-07-12T00:00:00,delivered,588.21
fc2bf3ec-e7d1-4d90-bf1f-6f4a19729029,75ecead8782ef6730e1f7e51f7052f75,2026-06-23T00:00:00,cancelled,235.56
93852e09-d366-4637-9935-4e437f46cf32,5a3ee05d197e24b7bafaac3e2cbc7e55,2026-07-14T00:00:00,delivered,922.24
1bc9fd9f-872b-4902-952c-2f1fa596a01d,5a3ee05d197e24b7bafaac3e2cbc7e55,2026-07-05T00:00:00,delivered,353.95
89531414-8348-4ebf-ae61-162ac825b360,144b9f1cf244df05e042b5262ecf97d1,2026-06-04T00:00:00,delivered,619.51
840649b3-0366-4708-b7a0-8ab822e85388,3420ecc1371e17140c73a1dd148b7390,2026-06-30T00:00:00,delivered,934.0
de687c2e-eca8-4e7d-a448-bdf1a2d565b8,fda3a6917a6ad5f8fe29d2177f79f210,2026-06-13T00:00:00,delivered,60.63
64df9d88-8058-4ad4-acf7-f3573e994d99,66cc90195ca44cc7ac6a1cd0e1e1e7b2,2026-06-28T00:00:00,delivered,1147.43
9cfa1aab-9835-4b08-923f-a3a03a583e2b,17edcf1332227a04be5ee81262f0757e,2026-06-28T00:00:00,cancelled,316.7
31a81ff6-9843-45d8-b852-2bb2a2c10a45,90149dae3857b44597744541030794a3,2026-06-28T00:00:00,delivered,1390.59
ec4ff346-9624-4378-8c48-a3a3f7c9af91,ceacd31e6413fd9d12c7c85b5fe2723f,2026-07-09T00:00:00,cancelled,40.66
f7fb7341-7ff2-46c5-a5cb-45d1ba4b6be8,bc6839208cb211872c9e1909676cbd0a,2026-07-03T00:00:00,shipped,1102.04
86070660-ed6e-41a0-ab65-10a886e3546f,928abb7e0e74f50a0b0136df20196cd1,2026-07-05T00:00:00,delivered,913.58
c7045054-1070-48d8-a8e5-5d1ec0cd2415,1fe7afd58ce8429c5a8d27bf8c24738f,2026-05-23T00:00:00,delivered,510.01
d4bf2bb2-4a77-43b7-a9b8-5ce9278bf2c2,97ffc2a068683682cd75484bdb8df6fb,2026-06-26T00:00:00,delivered,262.03
82fd3743-c3f3-4c39-8c4b-4c454ab6626d,f7c7677be77763b1b2cf982a5e67fa61,2026-06-23T00:00:00,returned,1232.8
8569b5c6-b91c-47c0-a194-bf2e1abb9c66,e94f497b64b4c843216126feedb1dfae,2026-07-09T00:00:00,delayed,42.39
9afffec1-c335-4a71-ae33-0e67554472ae,e2f1970303ff34a3af0c1d4c587f6420,2026-07-13T00:00:00,delivered,1290.25
ad130e3a-f530-4ef2-9ec0-79d1f9f39865,4d160824ea5977aa52fef32596211a93,2026-06-21T00:00:00,delivered,306.32
73f5c183-f702-467d-bde7-6f28c1fca6ee,0b48151c4ac827afeee06ce2d77cc343,2026-06-24T00:00:00,delayed,668.1
78e3ae9c-45fe-42d6-9791-d5a063114c07,50aef30dabc7aca975dbdec85dcb848f,2026-07-04T00:00:00,delivered,126.64
a06874af-fa01-4193-bc1f-fd7150ae2f34,7c64114d404c93f2c4305a9f2e7dc3eb,2026-06-06T00:00:00,delivered,196.03
80877359-9d17-44ea-9460-2a2fec163a8c,5a3ee05d197e24b7bafaac3e2cbc7e55,2026-07-12T00:00:00,returned,294.91
52842097-918a-4c86-b8f4-aa486495b3f0,5a3ee05d197e24b7bafaac3e2cbc7e55,2026-07-10T00:00:00,delivered,904.01
89035f4d-b330-4c3c-85e7-4dbd318a6883,c2e9a50bcf76b5783bc96f906f95bceb,2026-07-02T00:00:00,delivered,252.18
c0dd53ec-e590-4bd1-98d3-beaefb7cb2fb,5a3ee05d197e24b7bafaac3e2cbc7e55,2026-07-17T00:00:00,shipped,241.36
5e21268e-74b7-44b1-b79d-cd43fa238c77,0f0a9438a8f4fb6f9fd50c0df502ae0c,2026-06-28T00:00:00,delivered,1220.13
8e374e6f-4234-4e8c-968f-8ad99cab8d3d,62049cfbc68cd893920204de3b5c057d,2026-06-26T00:00:00,delivered,134.38
359b2660-7856-4923-b390-c9e7f8b1e1ee,f51f170e51593c5e550ef7ae616f1517,2026-06-13T00:00:00,shipped,683.16
6385ddf5-9f96-4aec-89ad-362ba596d274,a1b27fb279cf1f20c233f6f8c7d468ff,2025-07-07T00:00:00,delivered,166.62
27a462e0-5a9b-4850-ae25-041e655bb889,e94f497b64b4c843216126feedb1dfae,2026-07-16T00:00:00,shipped,635.62
bd1f69ba-3591-48ef-b10f-2a1f50a03a31,515be97b99f6127120e5793a7cb71aef,2026-05-16T00:00:00,shipped,148.46
5dcb8542-c243-4223-b021-cdc3b8a2a6c2,1293c51162aeb8fcc29d498ea820f6b5,2026-06-27T00:00:00,delivered,588.03
76b17847-3c04-4ce7-8454-5d66c9d88417,1145616de76e14f4e7fd5452c2be149c,2026-07-03T00:00:00,delivered,159.93
c016b425-fe2b-482d-a908-5a02fa4bbcb1,5a3ee05d197e24b7bafaac3e2cbc7e55,2026-06-19T00:00:00,delivered,6.62
68796d8b-a595-4d53-bf42-5ef4bdd6afb4,bcecc0dacf83b048a31ed8e3c3d928b2,2026-07-07T00:00:00,cancelled,74.7
826c16e1-a514-4f08-918a-9f38af290fe7,8912b89ef23a547c94ffc09574c01357,2026-06-29T00:00:00,delivered,451.83
a143bc24-c783-44ca-93fe-4d73279fd7a7,a8794bde6655593c9b71212e6dea7177,2026-06-22T00:00:00,delivered,38.67
b82c9115-c3aa-4dd0-88b0-b88b83ee007b,0b48151c4ac827afeee06ce2d77cc343,2026-07-05T00:00:00,delivered,494.05
13008fc3-c53e-4826-8b29-7823d65f1f43,02a9fc337956564657d9fa17d41af27f,2026-06-29T00:00:00,delivered,330.6
9e81bdae-3303-4e0b-803b-e2fb195cbbb0,71200e5ed443c22e1df3cfe1e053c07c,2026-07-04T00:00:00,cancelled,1147.4
c231fc2f-87df-447f-bc07-16a901d03923,a117fbc2530e3b766f4f14f27cfe3c25,2024-08-21T00:00:00,delayed,210.21
46a85bdc-7bb7-4035-abf9-e3fbe9672b88,f9b57816964006c90c458a0caba0306b,2026-05-07T00:00:00,delivered,420.65
aff93385-f26e-4b5a-8e60-f3cf6287709d,cbbe4b5beeea8b05dae43cfd1a73e6d9,2026-06-17T00:00:00,delivered,32.45
6a91c954-c1b4-4be1-99ee-cf816cbc4a47,5a3ee05d197e24b7bafaac3e2cbc7e55,2026-07-02T00:00:00,delivered,193.27
072432e4-4d92-4016-b433-d62c09dac607,467bf79ce2396e5892760388eae4fcce,2026-04-18T00:00:00,shipped,636.0
ccdf923c-33ea-405b-91b4-99da5938582c,3341514b8049f4a268e4188fb0211d34,2026-07-04T00:00:00,delivered,2331.12
d2376ee5-93aa-416c-8ccd-9ee52974417b,b68693bf3295ad9e895d2adce45deb7c,2026-06-28T00:00:00,delivered,273.43
ba0891b1-0e42-498a-b1ca-3f9b20284c4e,3842d2de8b603bbfe941ade4da285f32,2026-07-01T00:00:00,delivered,861.11
2884464a-2d85-4af1-b5c3-e8a7807d7fca,eda46d6e2c60876abff5c974b0523158,2026-06-20T00:00:00,delivered,621.92
7f14c74d-4a6a-4398-b6f1-b7dc44d09ddf,6056d31a9cf9cf98ea9de7ef86cf4f5d,2026-06-25T00:00:00,returned,313.36
f06a0777-b44b-4b39-8cab-7f849ad0c521,0b48151c4ac827afeee06ce2d77cc343,2026-06-28T00:00:00,shipped,446.92
d8d45092-8780-440a-83dd-98d5c0b1c95c,5a3ee05d197e24b7bafaac3e2cbc7e55,2026-07-04T00:00:00,delivered,517.23
11c23969-0c1c-4fff-85ef-af400352e377,2fc9fb9b48197a04c6d31ae67029e233,2026-07-15T00:00:00,delivered,427.66
d747184a-7fb4-439b-9dab-dea25ac2edcb,e640111298500f5006fac7f416d7637f,2026-05-25T00:00:00,shipped,193.51
4b6f69c8-cb57-4699-a4b1-af7291064c6e,4cbdc0f2029c78a012c400623a82e55f,2026-07-15T00:00:00,delivered,1451.23
e8718e02-291d-43d4-ba03-625551439302,b9d5fde4cdab32f96f3cdd8f4cef4386,2026-05-16T00:00:00,delivered,599.33
1ab87202-f6c1-4b48-b4c4-a90f9c42a596,5a3ee05d197e24b7bafaac3e2cbc7e55,2026-07-10T00:00:00,delivered,642.28
9c00569e-6d49-4f34-bc79-e81c44b9dc2b,5a3ee05d197e24b7bafaac3e2cbc7e55,2026-06-22T00:00:00,delivered,476.64
a3f64720-3eb6-49e5-945b-576316e88703,5a3ee05d197e24b7bafaac3e2cbc7e55,2026-07-08T00:00:00,delivered,1115.11
3dcd9981-b958-4710-9c5e-8a65e2f79a7b,6b0c568efa39d9923961096ab40d3ed9,2026-07-03T00:00:00,delayed,208.07
f4939b10-31a6-467a-aa4d-dd9c78e5d35a,5a3ee05d197e24b7bafaac3e2cbc7e55,2026-06-26T00:00:00,delayed,1356.02
4ce05fe9-78c0-4ad0-8710-677da5d75908,587d22544f4d6f17b39a30723a53a305,2025-08-09T00:00:00,delivered,1117.2
8a1b08fe-0daa-420b-bec0-f33beef4c529,aef59fd9f7310b6ea1600876c510024f,2026-06-21T00:00:00,delivered,669.03
76d7d2b5-f58d-4970-af4d-2ff5096e95ef,587b326ba3bf8aa4d3e50fb1f38ea79f,2026-06-26T00:00:00,delayed,359.44
529a08fd-5dd2-49b7-b3b1-e0e65c8e2686,5a3ee05d197e24b7bafaac3e2cbc7e55,2026-06-26T00:00:00,delivered,1472.6
2b3d1edf-0877-4ff4-882d-8efcdec0d1f6,5a3ee05d197e24b7bafaac3e2cbc7e55,2026-07-04T00:00:00,delivered,389.91
cad0e565-086d-4149-97c5-6ac0a9bd6676,663a02b5b809485e2e0a1db9a6003146,2026-07-04T00:00:00,delivered,617.81
6d5120d1-a662-4771-8148-6a42316e4586,89e3027de49c3012858cfeb7f5a34f59,2026-07-13T00:00:00,delivered,158.91
1e7ffd2a-fffe-453f-bca1-67bcea438022,1605a6c5d93d3488fb621c5323930795,2026-07-13T00:00:00,delivered,314.31
ccf68ffd-7433-4d55-a528-41be1e7674f6,c107527184a9e9f426fc5a3e89cfb7e1,2026-06-30T00:00:00,cancelled,376.7
e3d430d2-74c3-4a35-a427-9928ac9edf33,cbc73c75d15c7292a3defd556c710b2a,2026-06-30T00:00:00,delivered,1789.91
bf1f9453-7be8-4ac0-9310-a90c88ba710e,f75da962fb4ddac1569e90c21803c455,2026-07-17T00:00:00,delivered,464.06
93e2fd6c-9173-4911-8561-272951942d0d,63fe99fa23473a7340917d48f548ccd7,2026-06-27T00:00:00,delivered,858.2
360e2102-c44b-4bd1-b3fd-385790ac323e,5a3ee05d197e24b7bafaac3e2cbc7e55,2026-06-25T00:00:00,returned,1182.64
1fcae495-ff6c-4a08-a6f8-358cf3857808,5a3ee05d197e24b7bafaac3e2cbc7e55,2026-07-06T00:00:00,delivered,30.14
6413ba0a-5500-4a75-b542-8005c8a2244b,7b6d07dac0a2c373d749142e920ae356,2026-07-03T00:00:00,delivered,279.15
beac7724-cc6b-41fb-866f-48dedd1342de,77a63731fc358f68a5ce26211fc340a8,2026-07-17T00:00:00,delivered,866.7
29edf1d5-20b2-497e-8676-357341f8580c,ebe45b12f9bb37fb0832dcc00b58c4ce,2026-07-13T00:00:00,delivered,329.36
69d5a305-7148-43a5-98b4-a2de596b7744,f1d32fc4daad97978a28051b160ca25e,2026-07-04T00:00:00,delivered,845.28
75579314-f65c-48b1-a8fd-787c9018f042,4c93744516667ad3b8f1fb645a3116a4,2026-06-08T00:00:00,shipped,159.76
da29b699-424f-42bb-bf0c-3fefd587b4f1,317a5bc8cf58c4401e221c74d7a51982,2026-07-09T00:00:00,delivered,818.9
4d955d32-eaf5-4033-af07-e9c67cee248c,5a3ee05d197e24b7bafaac3e2cbc7e55,2026-07-09T00:00:00,delivered,559.67
3d59cfd6-c64c-4212-9d21-1f8c9267a525,1b2612a1eb1467aba19e5bef0da52217,2026-05-04T00:00:00,delivered,74.44
711ba32c-0ea1-4bcc-b57c-aaeae7138452,af93c8e23e4df2d72f78fd43cb6ae215,2026-06-27T00:00:00,delivered,349.94
307a8cc3-0556-4cb7-88b0-95288bf9b2ba,07f1a64852859634cccf3e52125aa854,2026-05-21T00:00:00,delivered,152.03
a0b4d335-df0d-4e50-8a4f-f2165bb4a7e7,18e3d276253780b44b5b7bf83f6785ec,2026-04-24T00:00:00,delivered,88.55
3795b583-d6e3-42b4-a946-0a647be7ad65,46799d0831910f2c477c49a994961510,2026-01-21T00:00:00,cancelled,343.87
dfe23f42-5d24-4ae4-9516-55b2f734594a,eb82773f124d950497791381563e00f6,2026-06-26T00:00:00,delivered,283.29
4e1c1569-3197-42d4-8023-08634ff3dd36,d1ec84ece21390313fe8dd6457dd6ecb,2026-07-09T00:00:00,returned,36.43
3d2ddbdf-9477-4b09-a5f6-bd5cc700a447,578d5e6d37a20bbf631183feedfe2dea,2026-06-13T00:00:00,delivered,324.04
c30ad2a7-f90b-4ea2-86fc-212b56206a4a,f054e8c1cbcf5e89ddd9b615c349936b,2026-07-03T00:00:00,delivered,657.21
42471cf1-cdeb-4dfd-a3e9-f466eb7a93da,17edcf1332227a04be5ee81262f0757e,2026-07-03T00:00:00,delivered,960.65
bba402a9-128b-485e-9c26-2a6560c36d5f,25f24493ded5ebebc26a69b5db344e35,2026-07-13T00:00:00,delivered,38.91
b207a569-d9c4-4868-a225-93af2dde7f50,e6dad6995380749fc3e8f0178b5873c3,2026-07-14T00:00:00,cancelled,291.2
bc9cf7cf-f455-4dba-852c-6ecf61dcfab1,c8dbfbb4a47a215d79659c927e786a58,2026-06-16T00:00:00,delivered,1327.0
dae74625-b212-40b7-bdeb-92954e2045ba,8728c766c84eeda24b3e54fe6e632051,2026-03-31T00:00:00,returned,193.16
07fe4624-f0d2-4c4c-bfb0-750350fac05a,3daa1c97a3155484f70c88b19c90dfb5,2026-06-24T00:00:00,delivered,418.59
df878f73-44ff-4b38-8d74-0b093f2f0164,7040204cafb030750c3d1c8add529d83,2025-11-01T00:00:00,delivered,1267.22
4df72ffc-fb2c-48a7-9c40-0d8940849c14,5a3ee05d197e24b7bafaac3e2cbc7e55,2026-07-11T00:00:00,delivered,281.41
4e580203-1010-447c-85c2-b14459e21567,db977788293a64073047f4afca1d4b0e,2026-06-25T00:00:00,delivered,66.76
3cceea02-ebcf-42ae-b3c8-314de7c9148c,f153272ca75661659630de82f3f2084d,2026-07-06T00:00:00,delivered,460.78
01ab5537-376a-4b9a-8fe8-23260d54291e,f102240598836332442c455abbcecfbc,2026-06-14T00:00:00,delivered,38.34
41f0396d-f741-424b-b5c8-b850b8364313,9749fdb8ed91500eced9e9af5ccdb0e0,2026-06-17T00:00:00,delivered,332.09
a041c42d-05d0-4802-a116-74177949a20d,5a3ee05d197e24b7bafaac3e2cbc7e55,2026-06-20T00:00:00,delivered,71.96
c1019ef3-d8a6-4d52-bfbf-ac7993d8e178,027ef1dce56b52802c3d35cd5beda928,2026-05-07T00:00:00,returned,547.85
28d35750-200d-44a2-9e29-6c0a24c27506,5a3ee05d197e24b7bafaac3e2cbc7e55,2026-07-06T00:00:00,delivered,180.07
1a389ed0-d771-415e-8d99-6873188486f2,9b61c2fdf2c0a670763b67aad64dab3d,2026-07-14T00:00:00,shipped,565.5
e7f371ae-3789-4bef-bf8d-edf5cacd1c10,04c5ad73047074972e9a1c744c3b4bf8,2026-06-26T00:00:00,delivered,274.14
202f5b50-7e77-4b3e-9706-aaf1f884b0fa,4f2942851db2a70c008b54fd9e970fa6,2026-06-20T00:00:00,delivered,305.24
a6a1fa8e-7baf-4f81-991c-228fa30d4be7,9b61c2fdf2c0a670763b67aad64dab3d,2026-07-06T00:00:00,delivered,1767.85
baa1ced9-01d7-4749-ba52-3752d24314b5,3341514b8049f4a268e4188fb0211d34,2026-07-08T00:00:00,delivered,249.41
ea87c019-fe94-4cd3-a7af-c184d2b5ff2b,5a3ee05d197e24b7bafaac3e2cbc7e55,2026-06-30T00:00:00,delivered,306.93
9d5d8122-a40c-45e8-9250-7ebb052338bf,378c06babf08c70f32e748ac24ea33e0,2026-07-05T00:00:00,delivered,227.55
682d0998-801e-4afb-814d-5d602afde84c,ae5df8e33ea496f14db277c8b8e77281,2026-06-17T00:00:00,delivered,901.0
5c8deadd-fe93-4b68-8756-3fec95b8d25b,6d8a1ff2b74ef9d939013151ef4d95cf,2026-06-29T00:00:00,delivered,231.8
b4a098b0-82f0-4efc-b990-86c70b30da76,9e4cec36a7f9294540b39950eade4190,2026-07-15T00:00:00,delivered,320.67
8be23e6a-2dbd-45ef-a12e-8dd322dcbe76,0a5f289d0908859e4f749900cfaa6eb9,2026-06-21T00:00:00,delivered,374.56
fb613848-a4a3-4e7b-a76f-01017c309c36,035b9e2e22e07827ab0ca933ad55f89a,2026-07-03T00:00:00,shipped,415.93
8701d527-fe57-419e-9af9-fc3077f0557f,0b48151c4ac827afeee06ce2d77cc343,2026-07-06T00:00:00,delivered,43.38
20ac88c3-fe46-449c-a2e3-368c4341474c,f1010979003575c284e304f3e48a5611,2026-06-26T00:00:00,delayed,358.31
486a29aa-51de-43e9-a402-40c205a39cdd,5a3ee05d197e24b7bafaac3e2cbc7e55,2026-07-09T00:00:00,delivered,224.19
000d549d-7458-4bc4-974b-5bb8f169cebf,b73b575cfe44692948a64dbdd55703f2,2026-07-04T00:00:00,delivered,1099.87
a9de384c-a582-49bc-9c08-7791f7297ebc,9065001c21c6240da6fa642651772e60,2026-04-19T00:00:00,delivered,527.09
985976fd-cabc-4e10-a9e3-18a579affc61,33a9ccad3eb356f307fcba7093df3f52,2026-07-15T00:00:00,delivered,465.03
9e30b999-117c-4087-8ff6-2639a4a0c5fc,caf8cfa0ac3ff60facda076545837647,2026-06-17T00:00:00,delivered,328.66
31e909d7-33ca-453b-b94a-27a555657981,13ac6da47fef1b17b16f511e03b57918,2026-07-06T00:00:00,delivered,52.41
d5c28b89-010b-47fc-8177-89bb3260d205,9173f8394714a803f3d46db497a68a19,2026-05-27T00:00:00,delivered,445.82
b7f77010-169f-4841-9655-3a4703837ac7,a1d02d8e96f1691603036bfcad4df844,2026-07-10T00:00:00,delivered,115.96
4fa000fc-dbb8-4e58-bb93-cbcbd394583c,f14a94df58861cb1811f48b40271884e,2026-06-13T00:00:00,delivered,158.52
5bc14185-17d5-463b-a5ed-071025a2282c,84b0bf771f3b14f21e6dd37e2fe2eee6,2026-07-14T00:00:00,delivered,652.93
686f960e-229c-40f0-82d0-702c65db4da5,e3113c1f62d89d94df4fc7cb38159411,2026-07-08T00:00:00,returned,514.5
9555f9e7-f7e4-4574-aacd-abe908b0eb81,b2e803d748d08864a69aa128447a1358,2026-07-16T00:00:00,delivered,500.8
d35a153c-d34b-4d18-ae4e-2eaa1258ce87,1fe7afd58ce8429c5a8d27bf8c24738f,2026-04-24T00:00:00,shipped,769.63
68f1620c-2a98-4944-b3a6-b4abedca4406,f3d8599810560b7c7180840ace7c9342,2026-05-23T00:00:00,delivered,672.7
8c64c076-6496-4b9d-a6d1-0a401b1ac181,fb1756887ae59c1b0efe8d0544d94815,2026-07-14T00:00:00,delivered,476.15
b18a134d-4923-4bf9-ad85-69df5053b35e,5331278432c1d2f87ce463412a344d1e,2026-06-28T00:00:00,delayed,17.54
6f728e31-9c54-4ed2-846d-44c18e757734,0228e299d1cabeaf9be64b5ccd784c97,2026-06-07T00:00:00,delivered,148.66
ecc8c6db-4b42-4459-9f8f-a6fa9ce89831,4965a4e8d51667a93ac39e04aefb33be,2026-07-03T00:00:00,shipped,540.54
22126e8c-4522-489b-bb4b-a6a308956abd,e94f497b64b4c843216126feedb1dfae,2026-07-08T00:00:00,delivered,860.04
e10e513c-37a3-488e-81df-d1ca88c60859,d3a5fa065a68c1f357e6d8f4385938ee,2026-04-04T00:00:00,delivered,338.65
f84076dc-855b-416e-a16f-aebff7f486cb,1098d1250d5bdf8bfc6a83f26494067c,2026-06-19T00:00:00,delivered,93.66
2e4dfc3b-6bd5-4287-9faf-68f0abb62b22,1b8b8c36e0ae8744756d6db86ebca373,2026-05-30T00:00:00,delivered,838.77
0923c3cb-b2de-424a-9086-6bfe4bb8848f,bb6ffa5f9b68665f0cb238ea298092a3,2025-08-03T00:00:00,delivered,747.63
6223c8d2-0192-4a8e-9b96-940c2e820e14,0d516ca029d6a28d5cfddd80b27a26dc,2026-05-09T00:00:00,delivered,293.56
f4f9a13e-b3da-4ae4-a051-6b04eaf003dd,88baa2a0a13e63c2e2b3ebc09595e4c8,2026-07-09T00:00:00,shipped,590.8
76421c2d-1b53-41a7-a38d-c58187eebbbb,f5479eed84b3486132141fe08c598b95,2026-07-03T00:00:00,delivered,102.95
0c1eb3eb-2150-414a-aed9-264d121a2344,5a3ee05d197e24b7bafaac3e2cbc7e55,2026-07-13T00:00:00,delivered,472.68
c83789b9-1487-4e6c-9523-1c7c8122d00c,694cb45ff29b603ac2acd51016770097,2025-07-26T00:00:00,delivered,929.06
e97dcb92-fa37-42c2-9a87-bf7f3cb9d6b2,790352c18a7b36b50eb483aa9eba0a43,2026-06-23T00:00:00,shipped,200.65
c5ca33e0-bf5b-4c72-ba5d-dfa0612c3c69,f96176e892232662d1c1c5896a94e035,2026-06-10T00:00:00,shipped,709.25
284223db-a98a-491b-b7e2-ae45c22f2337,c4727b31f6dae15654a8a097c91abe75,2026-07-01T00:00:00,delayed,286.26
ed763a9e-8867-4121-8d03-7216cb7f2f05,0b48151c4ac827afeee06ce2d77cc343,2026-07-09T00:00:00,delivered,289.24
cd0f66dd-deb3-4099-b522-61a92751b07c,5a3ee05d197e24b7bafaac3e2cbc7e55,2026-07-16T00:00:00,delivered,630.88
9fb359e0-09c9-4977-b778-cbcb058a8c6a,0071f46a072a9ae25bbe4438b15efe9c,2026-07-09T00:00:00,delivered,432.34
8727443e-e2e2-4a51-8e0a-119b63fc6014,1004c2882ad356c7e8532c14f1b08e63,2026-07-17T00:00:00,delivered,166.81
535007a5-fd73-448b-8246-9c38f87b55f4,de6cf632d7ca0346c34085c4c9ff5f3d,2026-06-30T00:00:00,delivered,656.72
00b7bfb8-b927-4caa-9931-10138257deac,9abd58f6bc7412a8da01a98351e6b989,2026-03-26T00:00:00,shipped,714.29
65f25506-b142-4ccf-a348-bfead20c1da2,8dfb24fac32ec7170821d2be63fa9c1c,2026-05-10T00:00:00,delivered,680.57
e04d3879-ff6d-4896-a744-5849c62ce47e,c420ec10595dfc16830afdc6233f8916,2026-07-12T00:00:00,delivered,815.85
14ad0565-a921-47be-a33c-91751131b592,317a5bc8cf58c4401e221c74d7a51982,2026-06-30T00:00:00,delivered,478.18
183d68ca-defa-4f72-9ed1-3f40126575d2,788d87eeb999019a75d8ba69017398b7,2026-07-15T00:00:00,cancelled,33.04
a3be24b1-490f-49c1-8c61-1e574bf5d465,89e3027de49c3012858cfeb7f5a34f59,2026-07-08T00:00:00,delivered,76.13
e63c9677-2671-403f-aa0c-263a05b33c7e,cbc73c75d15c7292a3defd556c710b2a,2026-06-19T00:00:00,delivered,256.0
53816ecf-060c-494d-81fe-b3f3501bbc14,5a3ee05d197e24b7bafaac3e2cbc7e55,2026-06-20T00:00:00,delivered,349.85
294c4ebf-c4eb-409b-822a-42fcffe91265,5a3ee05d197e24b7bafaac3e2cbc7e55,2026-06-29T00:00:00,delivered,316.91
fa7333bb-23ba-40c6-8199-e3df3f2f5ce3,1fe7afd58ce8429c5a8d27bf8c24738f,2026-05-06T00:00:00,delivered,184.28
6a8a6638-f395-40b7-abea-b0eca599a50e,f054e8c1cbcf5e89ddd9b615c349936b,2026-07-16T00:00:00,delivered,1025.03
0e69fba7-12b9-42d2-9fac-8700d7a3f29c,ad76d21c91c30cc09fabb1b3cedc4aa5,2026-07-07T00:00:00,delayed,242.3
c4f8b0fc-fa3f-4ff3-b3af-7caaf5302e06,08995ff3d56d1423655c3b21cebe06bd,2026-07-12T00:00:00,delivered,34.08
fb5b2bc3-b337-4813-aa23-bde4caaa0eb2,d7dcb6a86716cae0bae52007bd8b7822,2026-05-20T00:00:00,shipped,1041.18
a5e8c666-b45f-48a0-9a33-34ca98094e0f,2b1ff9585b05c73232a93e5440697094,2026-06-28T00:00:00,delivered,113.7
08c35bf7-eaa0-4fcb-aeed-e60173965125,cb3766a52eaee82451ef56d6f12b9fb0,2026-04-20T00:00:00,delivered,196.16
9e0cf0b1-4074-4c70-a67a-21bb37ef936d,5f6a4f13acb9f0596ba33aca50484fd4,2026-03-23T00:00:00,cancelled,246.99
43ab1d5e-377b-40ec-91b6-5ee2b2cbf161,17edcf1332227a04be5ee81262f0757e,2026-06-22T00:00:00,delivered,580.58
77f60098-f451-43a1-acbe-af3b25ba92e6,0b48151c4ac827afeee06ce2d77cc343,2026-07-04T00:00:00,shipped,1930.22
2b02ca39-78f3-4654-a3fc-ec58d4dc14b0,ef07ba9aa5226f77264ffa5762b2280b,2026-07-01T00:00:00,delivered,416.15
c5711865-4796-4557-b853-2efff98641b7,05c567475380140907b9ca53ba1dcfeb,2026-07-09T00:00:00,delivered,549.27
eda0adf4-6829-48ac-9065-7e6fa7bd101b,0b48151c4ac827afeee06ce2d77cc343,2026-07-15T00:00:00,shipped,463.28
dbd9f97e-9fda-4650-8c9e-74759e1a4264,3e6fd6b2f0d499456a6a6820a40f2d79,2026-07-05T00:00:00,cancelled,351.62
e1870485-10aa-4545-97ef-fba95b79d03d,1964f2b215ebb68671d893438e974b0c,2026-05-23T00:00:00,delayed,674.26
c2ec4c16-0ea4-4bc0-93e8-8110bdf80e1e,63822de2a13203c2aa8a22cb8e52bcd9,2026-07-12T00:00:00,delivered,466.78
1653b5a0-cd26-44cf-a0ef-a5504bd3aa79,317a5bc8cf58c4401e221c74d7a51982,2026-06-15T00:00:00,shipped,291.61
de5e3e53-57ed-44c0-be4a-32c6c9408e15,b5e391181709e5196275b01b8e6e9d73,2026-07-03T00:00:00,returned,763.65
a1374c5d-748d-4d77-80c4-d578dd70da97,3842d2de8b603bbfe941ade4da285f32,2026-07-04T00:00:00,delivered,208.24
2a4606e2-fb7f-43be-883b-97a9ce444a26,0dc0731aafd5659410244092b0dc7d65,2026-07-05T00:00:00,delivered,440.97
46d22a83-8c77-411a-849e-fe523e051ab1,6e9c6c2120611104445c767b78377d21,2026-07-05T00:00:00,delivered,320.97
0de785b7-fc03-4ef2-992e-aab0f3016eb3,39e2788db03e5eaeb2935a7e479682c6,2026-07-13T00:00:00,shipped,223.77
715945b0-563c-425d-bcec-bcfb9a08a8e2,b57bae12fea3467502bf32351c47144b,2026-07-04T00:00:00,delivered,1553.1
0316b020-9c93-4bf8-bb1e-e3f6a3ee07e2,5a3ee05d197e24b7bafaac3e2cbc7e55,2026-07-09T00:00:00,shipped,419.31
5e4683fb-7165-46b7-a423-f4ca47069f08,513f44fd9ef4992cdf77e9b60dd986af,2026-07-09T00:00:00,cancelled,1136.35
6e97f084-8d6f-412c-ae89-5b8e50bbb78f,5a3ee05d197e24b7bafaac3e2cbc7e55,2026-06-23T00:00:00,cancelled,554.5
4ffc4714-3a72-4aff-9e69-12c690b8fc52,dc77e5e1396c807043f506f794d8fd1e,2024-12-10T00:00:00,delivered,160.34
e6ea85fb-5964-4137-abad-986e8c582555,fdcf4139f50f370c91e8b8f33adde2a6,2026-07-12T00:00:00,shipped,473.29
dec5f169-21af-4eb2-a9ca-c0f3a7afff07,7c64114d404c93f2c4305a9f2e7dc3eb,2026-06-18T00:00:00,shipped,11.81
02cc9223-27f9-44e7-bfcd-ec90ac116dfc,fc25f71bab94146446884fc523121d48,2026-07-08T00:00:00,delivered,846.38
be388e07-f907-47a0-afee-0b017c19a7a2,bfb447864c8ce1e6b093d723792a60f8,2026-07-02T00:00:00,delivered,84.92
b582b4fb-7926-4eb0-813f-d6fae7428ed1,4af9d92576710a7d35603adfdff67acf,2026-06-25T00:00:00,delivered,262.74
e12a5ab5-f402-43ff-948d-e5b188c15e5a,7c64114d404c93f2c4305a9f2e7dc3eb,2026-05-10T00:00:00,delivered,513.5
a887dc84-1eb1-4057-9716-3365393990c8,cf01f9dc838bee15dc892d87f879fa7d,2026-07-03T00:00:00,delivered,363.15
39553e9f-b598-4b09-b25d-d29faa24018f,b4b26faae91bc1b8f9458d29bc3c200c,2026-06-06T00:00:00,cancelled,535.5
83c33865-dacc-4a3e-8f2f-ed4755a6873d,c3d1d99aa10c2e90ceb77c2197e1ae16,2026-06-29T00:00:00,shipped,537.67
ee143f37-3054-4df4-84a3-f4a670e30f68,0dd47ea03f3e61825df9e2bc94c292f1,2026-06-27T00:00:00,delivered,482.04
48eb9991-1ba8-4a58-a15d-8eadce0b80bb,7e8ace5e83e019d284a1cf0108b57f94,2026-06-11T00:00:00,delivered,698.15
190f680d-480a-4698-bb8e-311fdc18fcf8,f8e72998ed5d90531072d0f39d6bc9de,2026-05-06T00:00:00,delivered,391.9
17416985-0f36-4af8-b365-0b407ce377c7,4c93744516667ad3b8f1fb645a3116a4,2026-05-27T00:00:00,delivered,356.03
83b15caf-d0f4-4ba2-b99b-35af3c7cdbd2,ecb43665c8c390857cabf385d918da87,2026-07-12T00:00:00,delivered,358.43
2dddc302-5f3d-4a37-8062-f6fa77db6032,0f25f51e3d187ca7b8262b956d893cf8,2026-06-26T00:00:00,delivered,262.82
1f96512d-0ecb-4110-b1d4-fe86f7375791,6e046f72846b475feea9265ae8447835,2026-07-11T00:00:00,delivered,372.69
84b4c98f-b30c-4bc2-b910-a9459bd7d943,91ec50a00ae74d0a229d2efdf4344e1e,2026-07-01T00:00:00,delivered,363.61
3027bf41-7c63-40ef-963d-c0df01d2f167,5a3ee05d197e24b7bafaac3e2cbc7e55,2026-07-17T00:00:00,delivered,510.81
d19ce9db-1006-48b9-b78d-6d851acef026,71f88676a49942af16839e9690b97f54,2026-07-10T00:00:00,delivered,58.86
e4e45a4f-416d-49d6-a73a-a7a54d8c60ea,ed2e7c127faf8aacf910fb4ecb881966,2026-07-05T00:00:00,delivered,85.3
5930f02d-ba02-4f0a-8f62-cb828a88addd,0b48151c4ac827afeee06ce2d77cc343,2026-07-03T00:00:00,delivered,303.96
ba9439b7-2eda-4840-ba79-99921aba70de,4f49e4d666dcede7d03edb6040ebcd2a,2026-05-19T00:00:00,returned,154.66
54a0c3f4-4481-4b40-bbc4-7d51e37e0b98,04a710ba27c70647fb2a4ffc6fe48e43,2026-07-17T00:00:00,shipped,26.64
9e290a8c-f03e-4e9d-92d0-1a35c2f4b006,38e31fda99a5fb901d27134d18d36c75,2026-07-07T00:00:00,delivered,74.12
01e59530-b293-4fc5-800a-63cfa7a5aa35,3be2432d88955b7cc6e9cb71d9d1931e,2026-07-11T00:00:00,delivered,1772.67
dbb7ff90-cb78-47e3-be31-d3cb58c47928,5a3ee05d197e24b7bafaac3e2cbc7e55,2026-06-27T00:00:00,delivered,48.71
6a72a453-83e8-4dc7-bd87-69c6fb8298ba,340152332a04149987a705602615f0d0,2026-07-15T00:00:00,delivered,1132.47
5037eacc-a682-4d29-a465-cfdb5fe76921,62049cfbc68cd893920204de3b5c057d,2026-06-22T00:00:00,delivered,391.36
9aecf920-fa5e-4f0f-9712-2ce5a55ab1fc,d8e902319a9ed628de1ed00785b9e09f,2026-06-08T00:00:00,shipped,590.43
33010c5c-0f72-4b68-94f0-697cfb32eef8,0b48151c4ac827afeee06ce2d77cc343,2026-07-15T00:00:00,delivered,1258.62
7abbeba1-b2ea-424c-be63-9f15fdc90933,4b0cbf5ea22869c5ea269442f9b849e7,2026-06-27T00:00:00,shipped,1375.35
966230e9-8c2a-474a-8f42-444ae3f95cd7,5a3ee05d197e24b7bafaac3e2cbc7e55,2026-07-11T00:00:00,cancelled,614.08
0a29e093-acb0-45ce-a620-617a4ca784ea,f8ac03cb1226e6f2699b45df0032dcc2,2026-07-04T00:00:00,delivered,1095.2
a93cda7d-e789-44f5-9953-5ce8708e1aa6,69f4089980dd7b42129b9e458627ec30,2026-07-12T00:00:00,delivered,642.18
00920d5c-9609-49f5-8cbf-6e9c7c98c7c3,53c7fe58f9f5f5d8a3d132ece5d4df8b,2026-06-19T00:00:00,delivered,268.24
3c466ab1-f416-4758-83f4-b65152c0963f,e1881c7d99c20ca24a49cf18f115db40,2026-07-12T00:00:00,delivered,171.02
23dfcfe7-26f1-4d29-b476-6cce12e8f555,929de36edcb645b07f26d1871120a9ab,2026-05-15T00:00:00,delivered,527.12
4e609c18-024f-414a-8128-423213281e84,1145616de76e14f4e7fd5452c2be149c,2026-06-27T00:00:00,delivered,681.72
24136a9c-b2d6-4ff1-ad67-36563a1bcbc7,17edcf1332227a04be5ee81262f0757e,2026-07-05T00:00:00,delivered,621.6
7b46f0a1-0992-441b-b931-b83d06ea691f,8106dda85e61ac65b597178f5eb9ee99,2026-05-28T00:00:00,shipped,129.48
efa5ec72-b20f-4930-a939-d517736b15e6,fdcf4139f50f370c91e8b8f33adde2a6,2026-06-21T00:00:00,cancelled,294.25
3c868ebd-ddcd-4e4f-8a2d-93d4a5c50d0b,a6f2e4a9ff6fdb7626039136dee62c4b,2026-06-27T00:00:00,delivered,311.89
8cdee98c-9ece-4921-98a0-1f42638c83da,5af79d89508d36628b0796f94afa3fa9,2026-04-02T00:00:00,delivered,99.84
63c08254-d4d3-4f2a-921e-fe6884bdcba8,91275e7b1847f102954b73d856b4eee8,2026-06-26T00:00:00,returned,332.07
36f4d337-2a99-4fbd-b72d-30e7a842c2b0,f5add44bf786bd861fd6108d400cbaa5,2026-06-26T00:00:00,delivered,193.6
8bfc7a0a-d318-40b2-b8aa-d353b9d0ac31,5a3ee05d197e24b7bafaac3e2cbc7e55,2026-07-05T00:00:00,cancelled,1240.42
a449be9a-4f97-4092-802a-d41b3a054a16,fc25f71bab94146446884fc523121d48,2026-06-26T00:00:00,delivered,1685.03
d14bdbc0-8d7c-4e05-927f-d9cf94733d8f,dd1c379f2ec5f2fcadad957937de8d1c,2026-06-20T00:00:00,shipped,885.45
a698557b-5fa0-40fd-8092-904ca6372ba1,caf8cfa0ac3ff60facda076545837647,2026-07-17T00:00:00,delivered,174.02
497725ec-5a71-45eb-88e6-f20747126c37,09ec740fbf182446388824c67a5fb78d,2026-05-07T00:00:00,delivered,628.28
d9c80fa2-bc15-48ad-b5dd-37abddc096de,cb296f03ccd21cfcb3ba0778c4f3b7d9,2026-07-04T00:00:00,delivered,562.51
a43fe1b0-2476-4569-9a9e-f184785d167e,bfb5363db41e6d47d3f16a1ba3e880ab,2026-01-23T00:00:00,delivered,173.24
4d77d499-dd34-422c-aa39-e20c5632b255,d10582c312d1c3a03ed8ea136273c54d,2026-07-07T00:00:00,delivered,412.27
ef21b3a3-e8e3-4d58-b57c-f26b6a47610c,463d8425827e81d905edf86f9c231eef,2026-06-05T00:00:00,delivered,1682.3
174b684a-a73e-4a12-bb81-b67a5c35bbda,2e438ed54223fcca39c725b9a3e6376f,2026-07-08T00:00:00,cancelled,465.75
4db80098-5920-4137-bffc-8ba39c211bbb,ae0fa4150b81d44201545e47d2aa9ccf,2026-06-21T00:00:00,delivered,1028.57
73e76991-f05d-4d42-bc84-064e96145e05,235779957c2021aca8a67006d358b807,2026-06-17T00:00:00,shipped,145.23
071fb4d2-e926-436b-98bb-2d30bb619cf0,2d4df3b94e4c56fb47d7fc7ec065a612,2026-06-12T00:00:00,delivered,189.41
4305f033-9ab7-4de6-8196-4ac51adbbf42,5a3ee05d197e24b7bafaac3e2cbc7e55,2026-06-29T00:00:00,shipped,481.28
832283d0-c530-431e-be9e-9d6f0ae8a99b,c756c5a0183a0e0c511a8b00fa1e2ee2,2026-07-13T00:00:00,shipped,145.7
99961396-edce-424e-bc6c-1f7d975c7d8d,d55417a83a73d1702b43988e63f0731a,2026-07-11T00:00:00,cancelled,523.84
0459537f-818b-4a7c-8c3b-30fd65734481,4b0cbf5ea22869c5ea269442f9b849e7,2026-06-05T00:00:00,delivered,159.53
a0cad604-e3d0-4ca9-bb02-6666a4a8ed18,5a3ee05d197e24b7bafaac3e2cbc7e55,2026-06-21T00:00:00,cancelled,414.33
29bf5ddb-3a95-4779-832b-e99a0fed5174,5a3ee05d197e24b7bafaac3e2cbc7e55,2026-06-19T00:00:00,delivered,807.6
3b877f07-3313-4435-a659-e874bd774365,937f16b584dd395ce455ef468322b27f,2025-03-26T00:00:00,delivered,123.75
b2b0f46f-91f3-4b93-a851-2714ed1d3b96,71200e5ed443c22e1df3cfe1e053c07c,2026-06-28T00:00:00,delivered,423.5
9eef49aa-c6df-411f-9398-10f30aae746f,5a3ee05d197e24b7bafaac3e2cbc7e55,2026-07-13T00:00:00,delivered,273.31
a6588f35-8824-4562-a9e2-52962b5f44aa,ece8fc191a00edb90d32f45d67a3a178,2026-04-25T00:00:00,delivered,177.66
afbbda41-3645-4cfc-9666-7d80599b8b8d,fc25f71bab94146446884fc523121d48,2026-07-13T00:00:00,returned,617.66
8d60d46a-a5c6-4294-be5b-3d72c24320ad,7530369a1ddf13882910895b0559423d,2024-11-10T00:00:00,delivered,467.77
e308a5c4-050e-4ccc-8c10-8f0efacdbc11,4c93744516667ad3b8f1fb645a3116a4,2026-07-08T00:00:00,delivered,1080.39
9a73b7e7-8244-4edc-81db-9efbf1719dcb,1ccd4d08c7d4d9bc6ceb426ee6f7acee,2026-06-27T00:00:00,delayed,52.86
aaa5956e-7842-4303-afc9-abcb46fd2011,3f43c86453d02badf9c09a8149b620d3,2026-06-21T00:00:00,shipped,155.18
ceb21302-caa5-4a0c-8c3d-da8090a2f0e4,c645339c7f927e64c0cbe6079255fc7a,2026-06-30T00:00:00,returned,594.7
cc5dd66c-37d3-42c6-871d-6265725f00a7,4b0cbf5ea22869c5ea269442f9b849e7,2026-05-30T00:00:00,shipped,188.57
4bf8db52-3389-4f07-9342-8077e41e2d7a,24a5c2b24a4467c37e2f54c1b311de93,2026-06-27T00:00:00,delivered,533.54
f19b1ff2-250f-4e3d-9ede-d67d248c5587,5a3ee05d197e24b7bafaac3e2cbc7e55,2026-07-07T00:00:00,returned,381.11
d231cda3-c15d-48af-ab2d-7b0b94fd47ad,0b48151c4ac827afeee06ce2d77cc343,2026-07-14T00:00:00,delivered,799.08
459b8e95-249c-46d7-b89d-51f0ea5d7c67,2f7597687aeb6a542aa308ee8618fc72,2026-07-09T00:00:00,delivered,366.44
d7387dbb-2eb1-4e93-94a2-91cd8a5583e0,5c3a15e958c7a36e722408cd2ce8b34e,2026-07-15T00:00:00,delivered,105.24
88c20ea0-1a4b-4ea1-aa0d-a22d865dbffb,70a8db6a5ae17c3a4e5df68bbeae451c,2026-06-16T00:00:00,delivered,2345.42
94920566-4f6c-47a5-bca5-f4137b0574a8,1b2612a1eb1467aba19e5bef0da52217,2026-06-19T00:00:00,cancelled,309.23
2d58df54-1bcf-419c-93ce-1140e9a54b20,5ade76c1b8598f4752607e46984950d5,2026-06-23T00:00:00,delivered,192.93
94057588-117c-456a-bf42-60ddebc0159d,5a3ee05d197e24b7bafaac3e2cbc7e55,2026-07-04T00:00:00,returned,1161.53
65e115b3-604e-40bc-9f36-a184885128f4,035f60af6e7d7f78470e9443be08d339,2026-06-13T00:00:00,delivered,287.82
c5e2d54a-d636-4b12-ac41-12ae7726eafc,5a3ee05d197e24b7bafaac3e2cbc7e55,2026-07-15T00:00:00,shipped,257.24
866d1d4e-7252-49e6-9830-a9757b2d0a9e,f48a9bdc7d38b43bba4082517ea1bc07,2026-06-08T00:00:00,delivered,270.01
a94793fa-bf5c-4c92-8a8c-c48001870fa3,944a3eacbae592a23be282b9858d78b6,2026-06-26T00:00:00,delivered,1731.58
ed9fcdc3-40aa-46df-9e5b-e11eab43c2fa,d33eeadf54cb883e79be640f38c32cdc,2026-07-10T00:00:00,delivered,352.73
3b2943f7-d30b-47d6-8ddc-1dddb37aedd6,aa884350c48f728088dd1e84ef7e8309,2026-06-25T00:00:00,cancelled,309.44
5a700148-ca59-4671-a056-c6f5bde9be38,22c05efd13a78e3d82eca52589e0313c,2026-05-31T00:00:00,delivered,468.31
ca72d28e-f0f2-428d-99fd-1890ee8b1fb9,68d8acf19d02fb3b95c8954d31d75448,2026-04-25T00:00:00,delivered,580.42
4805f4c9-ffb2-4770-ad1b-b8b9a0775083,5a3ee05d197e24b7bafaac3e2cbc7e55,2026-07-13T00:00:00,delivered,725.78
bfca6cd0-4aa9-43b0-a613-bb1e9eea7816,6b3e85b566abefbb24c346a5c2faf23f,2026-06-29T00:00:00,delayed,319.63
94e2c82f-0948-4f31-a91a-b94bc767b6eb,72739f22a5493890de8cc7f5a1105a1a,2026-07-12T00:00:00,delivered,110.85
45ca4e4d-2c4d-401a-ab12-712d6361bf4b,f26327ec6541f1c2aa119fd0d02a351d,2026-06-13T00:00:00,delivered,421.83
ffc93039-a093-4353-96a8-826ea3b1e3f1,a012820fbbced38a03331716e231e0ba,2026-07-04T00:00:00,delivered,177.88
26cfec6b-acdb-4955-9063-e8f810bb6670,317a5bc8cf58c4401e221c74d7a51982,2026-06-30T00:00:00,cancelled,534.8
c0dc9701-93dc-451e-a13a-916ebb77debb,fc25f71bab94146446884fc523121d48,2026-06-28T00:00:00,delivered,150.99
42635f6c-cef0-4845-aef8-5b2bd1954b83,efd2f4f6a5ebfff07943a4a1c80dcf9b,2026-07-14T00:00:00,delivered,811.71
d1f4ab06-cd5f-4f54-9b7a-151bfabc0414,755bdc2822a8f01cfcec19ae4dcaae66,2026-07-15T00:00:00,cancelled,494.53
14e38424-3cf0-4437-a949-aa65cf29915e,ceb8b329e744b3e8982e6f9d51269ed3,2026-07-09T00:00:00,delivered,339.68
4d60315f-34a9-4d1f-9e89-466dcb2a2219,7e8ace5e83e019d284a1cf0108b57f94,2026-07-07T00:00:00,delivered,783.81
f5f18d2a-a1fe-4509-803a-8e44d1301c44,825ace36a4828de05694b8047f6dd905,2026-07-14T00:00:00,delivered,266.98
724e41c3-288c-45dc-90b8-6883c7dc2f70,9a376ff06ccaae65a04b1b1c5535fc75,2026-07-01T00:00:00,delivered,909.46
2ab99a5e-bca7-4b2f-bf5e-e66cebda58ad,526760f3b7255a26c8a93a96dfaee4a3,2026-06-12T00:00:00,delayed,113.33
b6b40450-0fe5-4922-aa8c-e63990a6b544,09f54e88196d12eba479017f13f0e237,2026-06-24T00:00:00,delivered,175.6
da072ce2-5d7e-4cb1-aa4b-47aee368669b,9f735d60e4d6d3ec348d7bbdb550eb43,2026-07-02T00:00:00,delivered,671.68
b0b46aee-e03f-4fff-a226-1b079dea7c38,690f1daf39d150896d05b876490b6fc5,2026-05-20T00:00:00,delayed,447.11
a3461fc6-8669-4a95-8a64-05a3e278699f,a776fa09b1b0a5b40d46bc4c9b91906d,2026-07-09T00:00:00,shipped,672.44
2c03dc76-22b0-4dd1-b938-f31ca93b8d18,8da4f8884cb807a1a95dce688436b0ba,2026-07-08T00:00:00,delivered,589.75
71e70a76-158d-4813-abbe-a5f820cd968a,226c621e6babfecac4e9e776382c77aa,2025-12-12T00:00:00,delivered,1033.67
2cf2487d-13fe-474a-a282-c46286a13fa5,c98cc8ac7311ad123e723f5caef4c1e3,2026-07-13T00:00:00,shipped,217.57
62d18a9b-0f70-4d63-b178-8aaaf8ab9fc7,000ec5bff359e1c0ad76a81a45cb598f,2026-06-20T00:00:00,delivered,504.49
2a50933a-0041-4a7f-ab6b-212d67805448,5a3ee05d197e24b7bafaac3e2cbc7e55,2026-07-07T00:00:00,delivered,145.97
434c065f-fe1f-4283-9f62-e9a972833d9f,b89e8adcd81b4e77d1d67eed240eb456,2026-06-22T00:00:00,delivered,223.44
c148761e-2f55-4ed6-8fe2-0bf88e809bc8,3e3048f4f31ca9a28f05279f3554c715,2026-07-03T00:00:00,shipped,460.63
fc3c733d-12da-4795-bf28-1788d5edc58e,c1c7632732a487b1221e7bfb627c575f,2026-05-04T00:00:00,returned,328.98
614d1d6f-94cb-4e58-9020-a466700df7e1,474dc55152d9636a4f660ca32374afcc,2026-07-14T00:00:00,delivered,2193.03
27a7e34e-21e6-4494-b635-2bde1d75cdf0,18e3d276253780b44b5b7bf83f6785ec,2026-05-12T00:00:00,delivered,435.42
395bb3ef-f5f6-41e0-a275-fb85db2473f6,423829fedd48d538a2e70c875c52967f,2026-07-15T00:00:00,delivered,3153.5
cdb70138-e9c0-4adc-8414-d3f6c1197402,81332bd0a95775e25469d45e070b8e65,2026-06-17T00:00:00,delivered,356.85
76513ae1-f1fd-4301-a2f4-37453bc6c3af,67fcfe4915b93624867d350b8191ff7b,2026-07-10T00:00:00,delivered,86.56
6e50ef29-e240-4414-b341-3ddba249f27e,ad91c910f921bc5d7b7cb140cd0d2c2a,2026-07-06T00:00:00,delivered,441.86
98aa9b80-b0fc-4f16-8241-36a2f11afc76,b49d79cdef655bb4cdf8223390c20524,2026-07-17T00:00:00,delivered,2446.25
893aa681-b08f-4b5b-b378-df04bf616f7e,fbb86959dcb4972a76d8432c59c7288f,2025-10-25T00:00:00,delivered,43.43
e6d12aff-250c-4352-b238-6bce6b895f7c,a124666e823bbd5fb77a72afc8c1360c,2026-06-21T00:00:00,delivered,350.62
16e8c782-1b87-45b9-95df-50c2167a4f5a,0d77d20b2c7c92602b0c4ec4fe5997af,2026-07-09T00:00:00,delivered,460.51
3a10ae5c-4154-441b-b5bf-5d81c6422bcd,5a3ee05d197e24b7bafaac3e2cbc7e55,2026-06-25T00:00:00,delivered,1428.08
a12b0a33-6273-404b-8355-cd5dd7c88cf5,6b0c568efa39d9923961096ab40d3ed9,2026-06-17T00:00:00,delivered,1023.42
c6ce3baf-224a-40f0-898f-e36f090679cb,8c8b21e9534948db376200dd8de97c98,2026-05-13T00:00:00,delivered,1033.65
2cc2f2da-e26f-4a25-984b-0cde9fc022a3,6b4317e342a438c1285889fda1eac3fa,2026-07-17T00:00:00,shipped,19.2
42ad172b-8578-421a-adff-823d98f31e11,d3b1ea21e85de5679eb875b8a3a9dd4c,2026-07-17T00:00:00,delivered,303.15
fe2b1861-152b-456d-bad2-a56c894ae981,ea59601b04db675d7d502dd6a8bf0ae2,2026-07-01T00:00:00,delivered,88.83
2485e476-6cf0-4bf6-9c5f-67753efe5f8f,e6925d3e39cebd0f699008b248e58361,2026-06-25T00:00:00,delayed,194.57
50a940c2-c44f-4a8d-b0b7-8255a077db5d,058199325498b546a39e5652a04dbbcc,2026-07-06T00:00:00,shipped,598.98
7c7733c7-e068-4eb0-8c28-e9293cc9a0b6,38e31fda99a5fb901d27134d18d36c75,2026-07-02T00:00:00,shipped,196.27
f3205080-e71d-4fe6-8894-9dd5706ef5fa,5a3ee05d197e24b7bafaac3e2cbc7e55,2026-06-20T00:00:00,delivered,492.24
632b7301-612b-4d7d-9db0-e91bc6eb6975,310fe886bbd2131a2f0976ed616e60a8,2026-07-13T00:00:00,delivered,412.92
1b8fb9ac-a2ac-46a3-b014-3e9581e247c8,4f463757edb0250ec353ab6f3610cf34,2026-06-26T00:00:00,delivered,80.01
7245e450-1e57-4a7c-8ef6-9f8d9b35cf70,a012820fbbced38a03331716e231e0ba,2026-06-28T00:00:00,delivered,1026.24
234d9e26-1fb4-43bb-918d-c312f6cb48b1,825ace36a4828de05694b8047f6dd905,2026-06-24T00:00:00,delivered,367.95
38991f31-6d4a-42fc-b687-586fb51dbf5b,873b6512a80d4ccc7ec1ad735ab81a81,2026-07-06T00:00:00,delivered,141.54
7862db0b-c861-446a-b021-50bd52315386,8d11f32a56d967b7e09d3a5ed6cf9991,2026-06-21T00:00:00,delivered,2365.49
c3ce4220-5cdb-4f4c-ace5-1674f697a880,39583d496cc15d47bfea1d9808e9406c,2026-06-06T00:00:00,shipped,454.04
31422c28-cf0c-425b-b787-8f6fdeb9633e,816a9d13b0b4a4c4b7c1015ba08deff1,2026-06-07T00:00:00,delivered,73.5
d5884045-734e-4522-ae5f-7c2420a7f6b7,5a3ee05d197e24b7bafaac3e2cbc7e55,2026-07-13T00:00:00,delivered,479.55
845b190d-d373-40f0-a164-d81b5cf74ea2,43fcee98a4442ab2f299df637f8e2413,2026-07-07T00:00:00,delivered,366.67
a56a1d33-bf00-4e7e-9199-3ddd9b3da4d4,f99fa0c7b369bde9c53edc9e6f6c4a58,2026-06-28T00:00:00,delivered,408.13
edaa9668-4520-4606-9257-26dc8a3fedf8,a012820fbbced38a03331716e231e0ba,2026-07-04T00:00:00,delivered,260.89
185684c4-9c1e-45e7-8c83-24d14a2cc2a8,8de2a640697fdc751bf88a16ae07591d,2026-07-12T00:00:00,delivered,694.63
595cd6b3-3d71-4d0b-a3a4-502fbf68898c,f7c7677be77763b1b2cf982a5e67fa61,2026-07-06T00:00:00,delivered,573.08
b09f7482-09dd-454b-bccb-3f4ba4d28041,f0fe4ee68e4a03068e981e6481bb9e1e,2026-07-02T00:00:00,cancelled,367.05
9339cb0c-08e3-4c01-ba92-fc183cb6b887,0788a5e2db8d16e610407f3ee826b813,2026-07-04T00:00:00,delivered,215.42
dc471a92-6337-4d1d-8b48-1638507f5690,2e61eefc516ee26837d29fd3d76530fa,2026-02-22T00:00:00,cancelled,755.89
545e0755-0393-45ef-9899-3b25219d36aa,6d3f61e35d0422fd8cae65b1798784be,2026-06-30T00:00:00,cancelled,645.71
c5e2ea75-ce38-4ff2-8811-ef2fbd62ce99,d647ac91ff870deee189d7cd0cbf2380,2026-06-20T00:00:00,delivered,982.73
0255e0bd-28a0-4794-9827-a8e61791d950,243bf34f2f9c8c7b941e3ad4783a4b10,2026-06-29T00:00:00,delivered,205.27
2e46cb10-a1ab-4562-b152-5ff9447763ea,7eaa86786b5955ab188db287f4726d79,2026-07-05T00:00:00,delayed,50.79
9e9cc7e8-7f52-442c-b196-d6a7bf62bbb4,243bf34f2f9c8c7b941e3ad4783a4b10,2026-06-27T00:00:00,delivered,684.83
97191f32-e3af-4e6d-bd14-382bfe442816,dcdaced133f33e9651ddfe73b2350156,2025-10-23T00:00:00,delivered,785.06
d4e36126-4bfd-4428-ac50-cebd8687d9cb,5a3ee05d197e24b7bafaac3e2cbc7e55,2026-07-11T00:00:00,delayed,518.97
8b12f596-67c0-4ed0-8011-f52aefc861e0,111206009c4b4cfb6463a53cf3043ab2,2026-07-16T00:00:00,delivered,610.77
6565c315-d929-4763-94b8-3ee9e1ee1c3f,74a79b917483257286bedb2355c729f8,2026-05-02T00:00:00,delayed,1846.0
aa5d88c2-16c6-4e37-885f-febefb21bc98,a012820fbbced38a03331716e231e0ba,2026-07-05T00:00:00,delivered,214.98
b16e30ae-ae75-4514-813b-ce87f1215b93,f52a8a57228f8fc586dc65983d39904b,2026-06-22T00:00:00,delivered,227.01
31d60858-f784-4cdc-870e-29a08c584cf1,97dc91f9e896442f6ac9650bb2a9b594,2026-06-10T00:00:00,shipped,1177.71
8e61da64-d9ea-4ba5-9c27-52ae6dbb3977,5a3ee05d197e24b7bafaac3e2cbc7e55,2026-06-29T00:00:00,returned,78.03
a8a576ea-e929-4738-a23b-197cbd8897cb,a012820fbbced38a03331716e231e0ba,2026-07-11T00:00:00,shipped,1781.72
9e828eca-4b5c-42c6-8375-727b6a9ae717,d3882d7abd0c66064d740d7ed04dd1ef,2026-07-16T00:00:00,delivered,388.47
14c5a6a5-105b-4d89-97e7-97cef946d61b,316d6ccdf24ac783b5e4ccdff8506af9,2026-07-10T00:00:00,delivered,464.62
5b0d84be-ff75-4df6-a81f-3472e85f0a2c,5a4a5f760f4e24691ad78a7f84bbe608,2026-07-04T00:00:00,cancelled,690.16
7b455008-f632-4086-9915-0d16887fc336,00e984e99fdfd52943156d2d7eb4a5e6,2026-07-08T00:00:00,returned,261.98
a247a684-711d-44a9-999b-4294f330da79,39583d496cc15d47bfea1d9808e9406c,2026-06-06T00:00:00,delivered,112.61
d06806e1-fee9-42aa-a67c-7eacee67dcdf,f2b73529bb775e473cdeb67d991cc985,2026-06-06T00:00:00,delivered,228.95
f83a82fc-3d80-4e66-bcaa-6b4af2c2d074,db94b7a9542eb59e1d8d0e7191013354,2026-06-29T00:00:00,returned,337.36
93cf3d7d-96c3-4eb2-a4ff-757e0fb9c53f,5a3ee05d197e24b7bafaac3e2cbc7e55,2026-07-16T00:00:00,delivered,445.43
6ce197be-7605-4b6b-955a-e116d2fa23e0,23c130edd9a7adeb635bb365f7478154,2026-07-17T00:00:00,delivered,920.91
5b77f757-961f-4370-9fd2-35fc8942ecc4,d3e1706bd9290ddbfd20fc30fa7224b0,2026-06-29T00:00:00,delivered,261.45
04a2b9e9-7f91-42c6-9c37-80710afd8744,f0fe4ee68e4a03068e981e6481bb9e1e,2026-06-28T00:00:00,returned,799.45
caf9d775-a2f1-47a4-a3fd-fd02b03dfe79,6202c5845cda18b2540b7e0c3883840c,2026-07-02T00:00:00,delivered,52.98
7de1c607-98e9-404b-a768-9caa20e658a3,38e31fda99a5fb901d27134d18d36c75,2026-06-25T00:00:00,delivered,336.64
3d5ac780-0a60-4e6e-b932-336af13c2c9b,717aa48025662fcf27ddebbecc5f782b,2026-06-10T00:00:00,shipped,686.92
25fdfb99-e068-44e4-b668-745b67c3427d,ff3e14860e32acc535aea6a5402d531c,2026-07-01T00:00:00,delayed,562.78
c31d7b36-ce6e-4d1b-bd5d-c233d7f4965c,1be0b0b172e10ad52bef0d454965c053,2026-06-24T00:00:00,delivered,344.49
2ded2864-666c-45b1-a62a-ddbe4a0b00da,cf5c7635240dca5beb6f7e5e7d9a08d6,2026-07-08T00:00:00,returned,737.39
65751c5b-07b3-4580-8a1a-146f902a0e68,97dc91f9e896442f6ac9650bb2a9b594,2026-06-26T00:00:00,delivered,1068.81
5882662a-c1b5-4dea-968e-32620cec7c35,699003f10173022740145aa4aaeaccd5,2026-07-02T00:00:00,returned,96.43
32562a39-536c-41e2-8a2c-4431d98b990f,6b0c568efa39d9923961096ab40d3ed9,2026-06-19T00:00:00,delivered,101.19
0d05644f-b7fb-43e4-a22b-a30f0af7b181,d55417a83a73d1702b43988e63f0731a,2026-06-19T00:00:00,delivered,327.3
db499743-77a3-4bc9-a2db-a63814815ad0,cf01f9dc838bee15dc892d87f879fa7d,2026-07-11T00:00:00,returned,229.43
f1d9372a-46d7-4d70-812f-86b76aecf33f,5b45f3493929fcecf1bacf1a1c4a4801,2026-07-10T00:00:00,cancelled,339.66
a378bac6-3cb9-4774-b2c0-e6d608c6ef86,caf8cfa0ac3ff60facda076545837647,2026-06-25T00:00:00,delivered,317.48
1e75b10a-f8de-41d7-9dfe-0fff4150ea27,5a3ee05d197e24b7bafaac3e2cbc7e55,2026-07-14T00:00:00,delayed,891.16
48ad7da3-d59f-4cac-aa7d-f7c654298fba,d3b1ea21e85de5679eb875b8a3a9dd4c,2026-07-07T00:00:00,delivered,1315.7
5e908740-77c2-4b3f-bd71-9505ddb572de,8c8b21e9534948db376200dd8de97c98,2026-05-26T00:00:00,delivered,740.66
3063cf4e-c0be-48dc-9478-19c8a2fe96d5,f7c7677be77763b1b2cf982a5e67fa61,2026-07-12T00:00:00,returned,131.95
67997eb2-ff31-4385-acd4-87c8a45d3e3c,5a3ee05d197e24b7bafaac3e2cbc7e55,2026-06-23T00:00:00,delivered,446.99
08bc3f65-f875-492b-bbf4-dcc94a122bef,7f75745b4c2e50fbe27640c3949d0769,2026-07-15T00:00:00,delivered,1023.4
7cea62e4-8fb1-4898-b595-ff183095ab32,5a3ee05d197e24b7bafaac3e2cbc7e55,2026-07-10T00:00:00,delivered,1052.67
b512eed8-f6a4-4352-9a1c-56974da9cff6,5a3ee05d197e24b7bafaac3e2cbc7e55,2026-06-22T00:00:00,delivered,500.87
5b9c132a-2323-4f76-bc1e-227dfae71244,0ee46c6eaf5a0a46aecad04306ae65e2,2026-07-10T00:00:00,delivered,247.0
51fa5edf-e1e5-4cfd-bea1-e883904a8c76,5a3ee05d197e24b7bafaac3e2cbc7e55,2026-06-21T00:00:00,delivered,323.92
90eefd37-0289-467d-a593-524492f01c14,0019e8c501c85848ac0966d45226fa1d,2026-07-03T00:00:00,delivered,613.28
68ca88a1-d9b0-4459-bb06-a841d528b2c4,32fb60e2ce6a1f62eeccbc2d33046072,2026-07-13T00:00:00,returned,1623.1
b5a41ce2-200c-49af-b1f1-27e2f3f24f88,9bb17125558a326bc9db37d5ba89cbff,2026-07-14T00:00:00,returned,397.82
52e58d32-2f90-4ab4-8fd8-07b4400fb433,bdf7458b78fc3a9cc62e71cb779d0452,2026-06-27T00:00:00,shipped,80.77
90b4db17-6f3e-4676-954b-37d9061679df,0e58d0234d25ec72a22396e55e223959,2026-05-12T00:00:00,returned,188.37
9030a138-ccef-4c98-aa4d-ab75872c0a4c,00e984e99fdfd52943156d2d7eb4a5e6,2026-07-10T00:00:00,delivered,531.64
f89238ab-d8a7-41ae-a2f2-fbfedcf50e60,104ae9a43b6e639f45bd5e3bc19210f3,2026-07-09T00:00:00,delivered,86.91
06a123ec-2433-49fb-9a15-28248dcbe5ed,10b7ec8d59e18192862f78be58cd3458,2026-06-30T00:00:00,cancelled,43.54
c1de2491-c761-4b0b-a4bf-4c7ec2e86415,312f3a7159f8ae9a13199d7fbc53d1c7,2026-07-08T00:00:00,delivered,593.42
d34b459e-7e36-47ba-a4f9-d159c7f57c0e,929de36edcb645b07f26d1871120a9ab,2026-05-09T00:00:00,delivered,191.35
9f386011-cba7-4af5-8300-576766a9738b,035f60af6e7d7f78470e9443be08d339,2026-06-15T00:00:00,delayed,337.04
f90b1df4-1272-4a5f-b7d2-eca80a4fc546,c76b9b7efd2e02d6c8627bf5ad450622,2026-06-26T00:00:00,delivered,1347.22
133eea25-672e-44bb-b52c-7b9a2c865a55,abb30df339614118b0728ba40e31780e,2026-07-11T00:00:00,delivered,95.93
954ff699-164f-4902-a4d0-625b298e7399,c8dbfbb4a47a215d79659c927e786a58,2026-06-30T00:00:00,delivered,558.47
70d2126b-dbc2-4fdb-acd5-80101b2d0173,212b273eed006f96498ccd8e91427e42,2026-07-09T00:00:00,delivered,473.04
7d51c832-6b60-4bf8-99d4-0ee470bab6c1,18e362d58b54666925aacfd86ff84213,2026-07-07T00:00:00,delivered,189.78
20eba648-8f87-4184-a7b0-69b6d2a73c65,6056d31a9cf9cf98ea9de7ef86cf4f5d,2026-06-28T00:00:00,cancelled,323.81
dc4e16af-0936-4301-ba4e-1caa8cb1a871,bb50112c998293f45f49f49704165768,2026-06-26T00:00:00,shipped,400.73
10737198-2a65-42d9-9de3-1c803b7a1545,8c8fccc50566baaed602e3775d9d5665,2026-07-11T00:00:00,delivered,510.88
bbccff00-b271-4023-82aa-5856ea24da71,4f6d635ff2fd4e30ff5369a7b943eb22,2026-04-24T00:00:00,shipped,791.2
da7a01e0-fcb6-413b-807f-06b46bc4cd1f,7c64114d404c93f2c4305a9f2e7dc3eb,2026-07-01T00:00:00,delivered,277.72
0f4f25d9-049b-4862-afd7-0f7276be15c8,39d7ce28dfadb187458ae98f1e7e3857,2026-07-16T00:00:00,delivered,276.97
db52ced7-282b-4afb-a354-cb0381510d51,e94f497b64b4c843216126feedb1dfae,2026-07-15T00:00:00,delivered,215.95
ec4e10d1-a9f4-46ef-82d4-7781eee85ec9,3ff45f223bb4d6fc772a38ad5a7b1b33,2026-02-07T00:00:00,delivered,158.36
4dc13919-163f-4c5d-8846-386d420434b9,86ee190a174409391a427eed6f5e2728,2026-04-15T00:00:00,delivered,17.62
12c83a1c-a811-4c25-87ae-5544459aca4d,cecd5e9d39fddb69384c1c31bdfac666,2026-07-16T00:00:00,delayed,555.48
6d169ab5-101a-4811-832d-3871eb6cc360,6d06583742c138d70b952a6f5f4fd62c,2026-05-16T00:00:00,delivered,154.68
f8851919-fa80-473b-9326-52047db500fe,9a8ae5697c81ca094e4bc087022d89d9,2026-05-05T00:00:00,shipped,359.42
322d12b3-8397-4989-a2d3-af7c5dccf777,f820eddce0a5ff03e1e40168b5ddb0ec,2026-06-12T00:00:00,delivered,240.08
b054556e-01ab-402a-a02c-70584ad0f509,4c93744516667ad3b8f1fb645a3116a4,2026-06-06T00:00:00,cancelled,431.44
45f4f08a-464f-4fce-a6f0-845eb6b8a1d8,5a3ee05d197e24b7bafaac3e2cbc7e55,2026-07-11T00:00:00,delivered,515.82
ac74c037-a593-49ae-b1d0-79c9392f80ac,8de2a640697fdc751bf88a16ae07591d,2026-07-17T00:00:00,delivered,260.8
e5ba560c-cab6-4995-b1b4-4616c64624fb,5a3ee05d197e24b7bafaac3e2cbc7e55,2026-07-17T00:00:00,delivered,312.07
3a276e95-e62e-4ffb-b0be-962340bb204d,8bcf4dc0342b8295df1d7bc9fa4d250d,2026-07-15T00:00:00,delivered,233.42
30de08df-1a09-4940-acf2-ac3e1e6f6b1a,5a3ee05d197e24b7bafaac3e2cbc7e55,2026-07-08T00:00:00,returned,462.49
c0d3fc89-0f63-441a-bf7c-7a550a8b5141,70a242b52ee3d0640c6d7f5ee237651b,2026-06-16T00:00:00,delivered,553.98
b8cb2105-3b47-4fbe-9cbd-9b7e96a06d79,b6e99561fe6f34a55b0b7da92f8ed775,2026-06-08T00:00:00,delivered,97.78
af749d9a-41a7-4579-bb2a-2a26119ed2d4,cb296f03ccd21cfcb3ba0778c4f3b7d9,2026-07-01T00:00:00,delivered,480.94
6e938049-d658-403b-9a81-2ac02e38fe5b,08995ff3d56d1423655c3b21cebe06bd,2026-07-03T00:00:00,cancelled,1296.52
bce567c9-a95c-4de1-9aea-240026eb25b1,1293c51162aeb8fcc29d498ea820f6b5,2026-07-06T00:00:00,shipped,549.8
4eba8a73-9e61-498f-80f1-023cf8ad8fd8,1964f2b215ebb68671d893438e974b0c,2026-07-02T00:00:00,delivered,956.18
1d07ee55-fbfd-4037-9ddf-ffb8fdf73218,f8945c1122a948f727f6cc5f56f02532,2026-02-19T00:00:00,delivered,121.39
024768ad-981d-4211-803d-ec895035fda4,7f4adf7903f4d02c527585c4d0f65c2e,2026-07-15T00:00:00,returned,2858.06
af1e0f72-61bd-4acf-a1a3-65c0d3ee3893,494c6658198b47787205a06421bb9403,2026-07-12T00:00:00,delivered,577.48
288a4bc6-c28c-471f-979f-1c59361ea08a,e94f497b64b4c843216126feedb1dfae,2026-07-01T00:00:00,cancelled,1121.7
eb5fcc28-e936-4bf1-80bf-f162114b1f52,dc77e5e1396c807043f506f794d8fd1e,2025-09-30T00:00:00,cancelled,304.09
c69de4da-b6ae-45b5-b587-20467b70c733,e607ede0e63436308660236f5a52da5e,2026-05-28T00:00:00,shipped,679.3
81d3ecf8-0bc0-4f3b-a4d3-269bf6b36334,684fda5905aa430123c7b293106a337b,2026-07-11T00:00:00,delivered,513.96
4f6b63c2-47c2-483f-a121-6f42f6c0bf2b,77528332d8d9e9a13c03da164e28040f,2026-07-08T00:00:00,delivered,265.33
727c9aad-1c0d-4658-a647-f8f67023f69b,1c0ad53bbac159e9a38bcb2ddc56afe2,2026-07-16T00:00:00,delivered,282.66
a5c24f26-1ce6-4267-aa10-4cbb0fe68afe,5331278432c1d2f87ce463412a344d1e,2026-06-25T00:00:00,delivered,351.45
60c95879-081b-49ad-a988-cef8f37f6575,fddb0443caca83884ff3d7e44a9bcbdd,2026-07-16T00:00:00,cancelled,772.16
aa509bb3-3f4f-4d13-957a-faf22c71d190,9065001c21c6240da6fa642651772e60,2026-06-30T00:00:00,delivered,199.32
c4ac7981-56ab-4157-95b5-81c72da7bddb,5a3ee05d197e24b7bafaac3e2cbc7e55,2026-06-26T00:00:00,returned,746.12
32b1fc02-db0c-40ad-a69d-2842d0f7d1d5,5a3ee05d197e24b7bafaac3e2cbc7e55,2026-06-20T00:00:00,shipped,953.11
00e41d55-b63c-41fb-a1c7-bdec019aecb3,2c77113623e849d30d75a10480b57108,2026-01-28T00:00:00,shipped,466.41
33f70eeb-962e-4e55-8e8e-ae846621adcb,35e8b4c2a64acb75f3bf063d82a8478b,2026-06-27T00:00:00,delivered,214.98
0dc470be-4375-4b7b-aef5-1e2ab91a0ec3,59150cde6405fb8f31f6dd1882d15754,2026-06-21T00:00:00,delivered,1787.55
d5f3e722-bafd-4a60-aabe-4d02a37b28a5,467bf79ce2396e5892760388eae4fcce,2026-04-22T00:00:00,delivered,295.45
5ed6a69c-a6d7-47da-8f30-87e86a1127c5,d8e40a4b16990a6fd1095feae46aa1af,2026-06-17T00:00:00,delivered,71.96
7a3398da-6599-48ae-b00d-00903c535bcd,864e517a3d25387ba522277812310dff,2026-07-09T00:00:00,cancelled,579.74
7282ac57-7ae9-4f9f-8257-7f97dff4f5cd,6a7ee8caad3b24acd1400d10ec62bf64,2026-06-22T00:00:00,delivered,341.25
b09dbb36-3e56-493f-98db-4dc593fdfb54,5a3ee05d197e24b7bafaac3e2cbc7e55,2026-06-21T00:00:00,delivered,2768.72
14250a2c-7be3-411b-815d-0379f360c519,23c130edd9a7adeb635bb365f7478154,2026-06-22T00:00:00,shipped,763.84
175d9ebb-0adb-4e58-b5b2-3ba78aad41db,5a3ee05d197e24b7bafaac3e2cbc7e55,2026-07-02T00:00:00,delivered,282.77
0354d05e-8def-4482-b357-ed397bf7136d,470a8f2e1dc7b277e4625f23039c6f84,2026-06-10T00:00:00,delivered,537.91
b2a2cecc-95a3-4607-99d4-d188c803501c,d1ec84ece21390313fe8dd6457dd6ecb,2026-07-13T00:00:00,delivered,336.48
39d34115-4adf-4029-9d72-1c67ff94bc7f,b55c4cbaa102fdce0375bc2a92ed4bf8,2026-07-13T00:00:00,delivered,335.28
497c9649-a15d-494e-a3bb-d98f1b57bcfe,be2cff6c84f1683300337ecd499992e0,2026-01-10T00:00:00,delivered,709.35
c9bf3fc1-6787-4871-956c-14ff46fbce2c,13c50fe55067ed2a26e2f85810326e50,2026-06-17T00:00:00,delivered,762.37
fd32a16e-1c2a-457d-89fc-1bd8f2142de4,9cea402fce863ec4bee5af27306e213d,2026-03-07T00:00:00,delivered,2742.4
8b4826b0-1648-4d2e-b872-9f11a658627e,67626c49069bdf05ff127d59a6649948,2026-07-10T00:00:00,returned,323.5
00878055-8e18-49d3-b88f-dd84b5e9f883,744fcfb3939c1c57f16cb00f263c3929,2026-06-16T00:00:00,delivered,365.27
e182e810-57e3-438c-9adf-6b436721d9a4,744fcfb3939c1c57f16cb00f263c3929,2026-06-21T00:00:00,delivered,379.14
50c65ad1-05d4-4a96-a868-ff7a6b5f54be,317a5bc8cf58c4401e221c74d7a51982,2026-07-02T00:00:00,cancelled,383.12
4c23fe68-f25f-4269-a410-e0f457eaa85b,fc25f71bab94146446884fc523121d48,2026-07-01T00:00:00,delivered,543.17
76361371-ab53-4318-a466-b84063105144,f75da962fb4ddac1569e90c21803c455,2026-06-30T00:00:00,delivered,456.59
003426d6-7582-456e-8068-0645ca69875c,3c34090736785a45dd8cbf536ad289c4,2026-07-15T00:00:00,delivered,133.85
4b124da3-6e82-408b-a032-4e9973efdb37,340152332a04149987a705602615f0d0,2026-06-21T00:00:00,shipped,200.47
4efda064-f66d-426a-960d-25c9727f26be,8dffa3165d189110cdbe104f7f948f1f,2026-07-03T00:00:00,returned,52.41
590176d0-4bef-475d-8ff1-78d52addba22,39c94711f67eef8b333eec08e1b96762,2026-06-29T00:00:00,delivered,85.94
952be538-1dfa-48ba-ac50-e6c583fea14b,a8bf8a5a3f01ec3bab15b75fb1920205,2026-07-02T00:00:00,delivered,736.08
2fbdfabd-77e6-4ab3-b812-d0baeab10704,2e5b5e44efa832c60072aeb33027cd65,2026-06-29T00:00:00,delivered,200.15
861ee91c-0248-4a51-aa71-56faf6de6324,f9cf4bd5f758bdbcb0f8397c6bd49d3c,2026-06-22T00:00:00,delivered,145.36
6388af1c-ef74-4a57-bc13-ade4c5e6175c,2408917d65de5653f636d4ba42d45b4b,2026-06-28T00:00:00,delivered,507.81
70863534-372f-4fd2-b19e-96a4ae927a90,5a3ee05d197e24b7bafaac3e2cbc7e55,2026-07-13T00:00:00,shipped,291.39
771fd576-f3f8-4633-9444-1960cdd862e0,5a3ee05d197e24b7bafaac3e2cbc7e55,2026-07-09T00:00:00,cancelled,96.75
6a5fd92c-7fa4-470f-90d5-29c044ab23bb,54fccbde5e005f2dbc6ad8d5473c9ac7,2026-06-03T00:00:00,cancelled,171.39
9cb09263-7f97-4b6e-918f-0a3749b7779c,5a3ee05d197e24b7bafaac3e2cbc7e55,2026-06-23T00:00:00,delivered,434.03
e21c7bea-9b54-4237-b190-180b863ba8d2,027ef1dce56b52802c3d35cd5beda928,2026-05-02T00:00:00,delivered,382.19
74d600bf-b5ce-476b-acdd-caa8502eed24,2561161bc52cafa1be6e80ed9c92c9ea,2026-07-04T00:00:00,delivered,439.8
0648e950-814d-4ae9-befc-1bb846b45a94,5a3ee05d197e24b7bafaac3e2cbc7e55,2026-07-10T00:00:00,delivered,699.17
e4a31ab7-f0e3-45a1-a178-5143f1f156f6,a40fd948c7052f309fbbb0c6e3d0999d,2026-06-26T00:00:00,delivered,322.25
b4f92761-3a73-41cf-98ff-cd14f8f6f2fd,273fff5a1d5e0ffc35f76b3fe3fb2516,2026-07-01T00:00:00,shipped,169.2
2f41412d-86d3-406e-ba4c-572c7d42defe,0b48151c4ac827afeee06ce2d77cc343,2026-07-02T00:00:00,shipped,980.07
cd073736-78e8-477c-9e8a-f4da34bdaa4e,6d9ccbd8cc7ce34491c34c7ce5d03767,2026-07-04T00:00:00,delivered,339.12
6dbd36c6-ea9f-4b05-b447-83a0dafbb4ff,c7b748bd163c5b69c546cc17f5d740ab,2026-06-27T00:00:00,cancelled,37.31
d9573982-0f6f-425e-9e53-016cb19984b0,38e31fda99a5fb901d27134d18d36c75,2026-06-28T00:00:00,delivered,670.0
ba2fd303-ffc6-4eaf-b519-56febbe335fd,cd79b407828f02fdbba457111c38e4c4,2026-07-07T00:00:00,delivered,252.06
79166194-206d-402c-a7e7-cfc543aeeb48,e92cf8004da0ba60863ad7d5bd816f5c,2026-06-07T00:00:00,delivered,478.63
7c7d2c58-fddb-4315-b702-16dfaebf1ae7,fc25f71bab94146446884fc523121d48,2026-06-25T00:00:00,delivered,450.69
daf7116b-96d2-4da2-ba92-5171539a4c43,4394cce7a16aac93ea8f2c18124b1f92,2026-07-01T00:00:00,delivered,148.66
7ee1d10d-2db1-4034-bbff-1ad48256a6a3,1145616de76e14f4e7fd5452c2be149c,2026-07-10T00:00:00,returned,1702.57
0d98fb28-1620-4e11-a26f-809fe3687c85,57f374ff5fea84f3570619a1425a6b43,2026-06-30T00:00:00,delayed,36.53
1faa1664-b0f5-4b3d-a7f7-25eec9a66862,5a3ee05d197e24b7bafaac3e2cbc7e55,2026-07-17T00:00:00,delivered,369.73
d8decb93-c9d4-4b76-b1c4-2dd626e338cb,937f16b584dd395ce455ef468322b27f,2024-09-02T00:00:00,delivered,247.08
cd039c77-c10a-4c7d-bafc-0412c2023505,fc0a613c6b9b23d3720b4f8878e1210d,2026-06-22T00:00:00,cancelled,485.83
5288950b-c85d-4146-92dc-692f650ca3cf,6056d31a9cf9cf98ea9de7ef86cf4f5d,2026-06-25T00:00:00,cancelled,170.08
593c28c4-1be2-41fc-88d0-df022f00afdf,50aef30dabc7aca975dbdec85dcb848f,2026-07-15T00:00:00,delivered,717.18
4ff5c75f-0224-4966-b4ba-c51a33e9600c,aa60cdc29dfb37e9388bdd20aa4d7a61,2026-06-15T00:00:00,delivered,558.13
3171a192-5a15-47e4-af67-a8b0b5396d24,591ae038dcf527c45333bf204224b7f5,2026-07-09T00:00:00,delivered,234.75
67bb4fc5-6130-4568-8f25-78c061bf430a,5a3ee05d197e24b7bafaac3e2cbc7e55,2026-06-26T00:00:00,delivered,1508.38
aa7aeb77-4243-4046-9cc3-540e66a4a0a3,54fccbde5e005f2dbc6ad8d5473c9ac7,2026-05-17T00:00:00,delivered,117.98
a6c1fe90-f695-4028-8137-8b4ebb10f6b7,4c93744516667ad3b8f1fb645a3116a4,2026-07-10T00:00:00,delivered,407.87
2ceee8ca-e7f2-4040-b00f-f7fee18195c3,0b48151c4ac827afeee06ce2d77cc343,2026-06-23T00:00:00,delivered,307.47
62f9b734-1dc8-4384-ba87-a4eb74c8e90b,e021e698833bdeb89dfef3acb2e91f37,2026-06-18T00:00:00,delivered,458.76
b078fa5d-b89b-47c2-bebe-4fc1b9ab9031,9316f45a5da8403a5938bd6069b1a4a7,2026-07-09T00:00:00,shipped,702.59
82342511-d066-4dbf-9aeb-e11777300add,3c34090736785a45dd8cbf536ad289c4,2026-07-03T00:00:00,delivered,142.34
5334a191-2924-4b28-ac57-b5fafa0e9537,0b48151c4ac827afeee06ce2d77cc343,2026-07-17T00:00:00,delivered,273.5
caf3d9f5-b601-47f6-ac5e-b5dd669eb00d,cee8e1f2b6da0d4a835a0341f3d109f6,2026-04-13T00:00:00,delivered,699.25
820bb837-5c6e-4cd2-8437-d112a5c60947,3fc63a1cff1beeaf62fff26f695de143,2026-07-03T00:00:00,delivered,1141.27
879c93b9-5ce1-49ad-b995-ca805327ecbe,5a3ee05d197e24b7bafaac3e2cbc7e55,2026-06-29T00:00:00,delivered,496.27
04e673de-8723-4cbe-b7c7-2bfc7c3c4cce,18e3d276253780b44b5b7bf83f6785ec,2026-04-21T00:00:00,delayed,239.71
c900f3a8-8d2b-4cae-8b4a-c0c153fb56f1,b81208443af1b894742a304cf0f86b9b,2026-07-09T00:00:00,delivered,780.69
ace867a9-0dbb-4fa5-9711-b7408c3b977c,05c567475380140907b9ca53ba1dcfeb,2026-06-25T00:00:00,delivered,177.93
c6d18eb7-7019-446c-aa2c-079d919e079c,378c06babf08c70f32e748ac24ea33e0,2025-11-07T00:00:00,delivered,522.5
9cb46aaf-1062-49d1-a5f4-13ba06fbad81,468d559ef2dcd2bea6d8db78959fb90f,2026-07-08T00:00:00,delivered,236.29
e998a694-7806-4902-9c50-847593005f73,304bdb7650773fcfe7b1d364cb05b490,2024-07-02T00:00:00,delivered,976.15
829b8ba0-1146-4588-ade8-03befe543b33,0d4393a1abe4dca62098942cc50ba744,2026-07-07T00:00:00,delivered,505.53
e4cd8e63-f39b-42e5-83a7-b46bbea8887d,50353cb3dff3aa5646fabd41e30572da,2026-06-30T00:00:00,delivered,1514.73
7ca464cd-f5bf-4273-ab97-1ee2e62cc0ac,ed1b6f66996abfab57c0affd00805578,2026-04-15T00:00:00,delivered,23.57
5276b85e-f642-4893-a8ea-a05f5e0a6997,0062adafa3846d9f372d8f1bde591b24,2026-07-07T00:00:00,delivered,1475.49
a3e01697-abf5-4850-8b40-7574608ca11e,5a3ee05d197e24b7bafaac3e2cbc7e55,2026-06-26T00:00:00,returned,2010.75
65246591-cddf-4960-8068-6eb0f397e3a6,f14a94df58861cb1811f48b40271884e,2026-06-15T00:00:00,delivered,316.35
812d6b77-9aa1-4769-96e4-e20f48a2467f,70f326d437e44cf69da00c9169b74fb3,2026-07-04T00:00:00,returned,239.9
243a35c8-824f-4344-a22c-74837e3b6094,196276c2651ca4783688aa741b72d540,2026-07-13T00:00:00,delayed,1201.88
b9b5e61d-092c-4a73-92ea-37760d9c9175,0b48151c4ac827afeee06ce2d77cc343,2026-07-16T00:00:00,delivered,175.47
5e97266a-5c5c-413a-94e4-cac6a21893da,4c592d97ec529a019883285afe424187,2026-07-12T00:00:00,delivered,463.29
f29a45b3-f51f-4079-a65d-a63e60af26b8,40b1c1468c27787235deb9bf979fd51d,2026-07-10T00:00:00,delivered,678.06
0bedb75d-cad6-4ece-9f6b-18497be5c2f4,e079b18794454de9d2be5c12b4392294,2025-08-15T00:00:00,delivered,1030.4
380aabe5-3662-41a1-afe8-a5df589a525c,04baa28903e22974e6213e632b09c193,2026-04-03T00:00:00,delivered,147.49
57a01a05-4848-457c-b489-625f44ca9008,4626d9d18722ef09665317afb9666980,2026-07-02T00:00:00,delivered,645.28
6b34be1f-bfc0-4b46-be00-783a5cf2322a,7c64114d404c93f2c4305a9f2e7dc3eb,2026-07-04T00:00:00,delivered,453.92
80d7a6ac-94b8-4cd9-b33c-1cb421886d78,78c5f76b60a3a2588635aadc70e34df7,2026-07-12T00:00:00,delayed,2109.7
452b7506-5d1d-408a-803a-9b5e491f05a7,f51f170e51593c5e550ef7ae616f1517,2026-06-21T00:00:00,delivered,489.49
68f14b40-98f3-4ae7-aa98-a69a28db3019,3d63d3e85947d64c59f9d3b6f43b4027,2026-07-04T00:00:00,delivered,1028.14
49c21b2c-2874-43b5-9326-8e971ebebb5c,e3113c1f62d89d94df4fc7cb38159411,2026-07-05T00:00:00,returned,538.28
a9e4a8d5-8f09-4f56-8717-b8dbc0f5341e,fe947af6540d580b9703d0332d04f0e3,2026-06-21T00:00:00,delivered,436.41
ec3d8aa3-eddf-4969-86e9-36c9d84eeb1e,5a3ee05d197e24b7bafaac3e2cbc7e55,2026-07-04T00:00:00,delivered,1378.52
307061bd-3c17-444d-a827-b3a48a1ed8ee,d1ec84ece21390313fe8dd6457dd6ecb,2026-07-14T00:00:00,delivered,461.88
31e591a4-830d-427a-b013-75cb1713461f,e5dbefdfdf3eff75c8e6cd655f128279,2026-07-13T00:00:00,delivered,323.22
e4719cf6-5f7b-42fc-84e3-40e9e6ba38ab,6fe1eeba50adb26785158eef67c6ce38,2026-04-11T00:00:00,delivered,908.2
9ad04bdc-8d39-465d-af98-8523acfb94bd,940b5d5aac34067485a393d6c465d974,2026-07-14T00:00:00,delivered,17.36
4c4af6eb-bb74-4661-b4a5-43852a87825b,17ecbb11ad271dc15ba46b93be52062a,2026-06-27T00:00:00,delivered,230.84
9ab9fbe3-213c-4e08-9b8b-dd14797669ca,cc27b552c1d0c33dc74ab4e926b7006c,2026-07-08T00:00:00,delivered,22.57
9d8cecda-a127-4393-937e-da18d3198458,167d383796431b64c2272cc414b9633b,2026-07-15T00:00:00,shipped,237.14
72d1e846-0595-4fc3-855e-64e9bd2f5b79,b351ac91ab0ef29bae6da7fbc05959c0,2026-07-11T00:00:00,delivered,47.34
feda08f7-693c-49f9-b517-3cbe947ed760,027ef1dce56b52802c3d35cd5beda928,2026-07-04T00:00:00,delivered,837.67
5315f2c6-a33c-4b65-969d-649242cdaa23,94e6edac4fcfaba68a45fe869e6abb8a,2026-07-10T00:00:00,delivered,687.76
d1f217be-23f4-403c-9c21-a115e7b3eb21,5a3ee05d197e24b7bafaac3e2cbc7e55,2026-07-12T00:00:00,delivered,354.45
61d57e5e-cf11-4032-aafe-5fba9e35a2b1,1bbadaadd0914e2ef6bcb4098f56e7eb,2026-07-08T00:00:00,delivered,355.57
50dd969e-6c37-42b6-9f39-549c6a308685,ceb8b329e744b3e8982e6f9d51269ed3,2026-06-23T00:00:00,delayed,193.86
e95ba66b-448d-4073-9a84-bab13b438af5,463d8425827e81d905edf86f9c231eef,2026-07-15T00:00:00,delayed,168.09
a7d7ac89-6437-4e86-a1cb-ebb034ad3080,cb296f03ccd21cfcb3ba0778c4f3b7d9,2026-07-02T00:00:00,cancelled,401.68
fe3fbb19-8271-40cc-9e6c-9f18f3c3799b,5a3ee05d197e24b7bafaac3e2cbc7e55,2026-07-12T00:00:00,delivered,111.7
bf514b90-d08a-4587-91a2-fe8185c6d397,05d814587e80f2e2846c144d4fb511bc,2026-06-27T00:00:00,delivered,142.34
40ef32f4-b772-480d-9663-ed95b60d9809,c107527184a9e9f426fc5a3e89cfb7e1,2026-06-08T00:00:00,delivered,777.98
978cc2fa-a521-4ce9-8265-b90d55678bb2,a6f2e4a9ff6fdb7626039136dee62c4b,2026-07-05T00:00:00,delivered,283.66
d8e08126-5afd-41ed-bc92-a898fa39267c,ea2fa8b8e775b4d4ebfdd1e828fde92e,2026-06-28T00:00:00,shipped,616.37
142ba8f4-554d-413f-af40-e419ced9a3e5,75ecead8782ef6730e1f7e51f7052f75,2026-07-02T00:00:00,shipped,125.57
7b9cce08-4d4c-4d74-ae03-1912a755ad50,a8397e4402779864503796dd87fdbedc,2026-07-07T00:00:00,delayed,258.55
e8124eaf-0507-468e-b1f5-86a7edd65150,0b48151c4ac827afeee06ce2d77cc343,2026-07-14T00:00:00,delivered,425.14
b88a0b20-b098-46d0-9315-e4bc7e12f62d,5a3ee05d197e24b7bafaac3e2cbc7e55,2026-06-20T00:00:00,delivered,147.82
2d607b30-9b7f-4106-b88b-5573aaeaaa21,313a1411e58266af71ecec9da279ad12,2026-06-23T00:00:00,delivered,309.9
45039e29-0494-44cc-be88-7dda317bf430,58e1140fb8f15f1a010d01a34bfbf77d,2026-07-07T00:00:00,delivered,102.52
f84ad34e-fe3c-4fc2-b4cf-6808cbb31aa1,4c93744516667ad3b8f1fb645a3116a4,2026-06-29T00:00:00,delivered,387.66
a1d79aef-7d87-4e5a-b00b-76d366d9172f,22c05efd13a78e3d82eca52589e0313c,2026-06-19T00:00:00,delivered,567.24
527274f3-5a75-4537-a91d-3fa4cd98e873,cc438a8c7120027da70eafaf8c3727f8,2026-07-13T00:00:00,delivered,126.23
28fd409e-93ae-41a6-84da-686de3c3b5b0,c1c7632732a487b1221e7bfb627c575f,2026-07-13T00:00:00,delivered,555.95
bdc1e941-061a-47de-9a46-7bbf3616a153,5a3ee05d197e24b7bafaac3e2cbc7e55,2026-07-14T00:00:00,delivered,332.88
d3a05ac3-5358-4037-a7d4-1d54b22b457e,07df139093b720d6512c49da2980e3ee,2026-07-14T00:00:00,delivered,492.72
39605bd4-f298-4cb1-b192-b96b09f6678b,6fe1eeba50adb26785158eef67c6ce38,2026-03-31T00:00:00,delayed,666.88
498b2e58-d010-412f-9f2f-e826257de7d2,d85547cd859833520b311b4458a14c1c,2026-06-12T00:00:00,delayed,776.74
209c24c3-058e-41ad-b26a-43c41a49fc22,fc25f71bab94146446884fc523121d48,2026-06-27T00:00:00,delivered,2756.45
17f7853d-75bb-4b9b-8f0c-33fc19c7478d,af891fdabc40f3e11c5813f876b5257f,2026-06-25T00:00:00,returned,90.0
29ff2e65-7083-4ab1-b122-40a9cd3b2d6f,bdaae7d0dda6bb655f833ebdceaf178e,2026-06-03T00:00:00,delivered,217.59
fc3abfc3-97aa-47ff-99a8-eed838939d38,1b2d658aff066cc4c104cd74093101b6,2026-07-12T00:00:00,shipped,658.5
c827b54f-ca69-4244-b529-827785b4384b,01ca0680cddb7f4c71e3235f08cd16a2,2026-07-02T00:00:00,delivered,604.84
64b21b45-2979-475b-8b06-bccab46cd14c,a4813c3f53f0652da225d8410cc615a0,2026-07-09T00:00:00,cancelled,311.14
96434d39-b7c2-49c7-a802-900ef37978cb,07df139093b720d6512c49da2980e3ee,2026-07-05T00:00:00,delivered,111.1
a871e742-79d3-4c4e-b2c8-e1c1f2b547e5,1145616de76e14f4e7fd5452c2be149c,2026-06-28T00:00:00,delivered,54.25
fe6d4151-c1d9-44d2-86a0-ef8a71010cde,000ec5bff359e1c0ad76a81a45cb598f,2026-06-27T00:00:00,delivered,193.51
7d20bc08-7ea2-429d-8eb1-6f61a964d667,264f33eb52366d6efeae97a7de43a1e6,2026-07-12T00:00:00,delivered,209.13
e44dfe3e-eae4-4ffc-b45f-102afde3426a,a1d02d8e96f1691603036bfcad4df844,2026-07-06T00:00:00,cancelled,257.86
6fbcac29-3634-434b-a39d-a5db82efe37b,0567862a60d6b41efcb7f0e4d20aac8f,2026-07-16T00:00:00,cancelled,440.09
d8729a26-33fd-4fc1-97e0-ed465c0835a3,39d16e1ef9c58bb82e54cf87906c185d,2026-07-05T00:00:00,returned,452.82
c1d50eff-7962-42cc-b068-a25e14a844ae,e6925d3e39cebd0f699008b248e58361,2026-07-15T00:00:00,delivered,352.5
8cef4ed6-063a-4037-aefb-48c1a0445d60,33f86281d5203b278e32070d4a02592e,2024-08-30T00:00:00,delivered,428.91
aadbfc43-464e-4508-8ef6-2ce83eb53ff6,ea8c130ad7f684ae458672c78e0dfd00,2026-03-19T00:00:00,returned,154.74
cd5d6d27-17e4-4ff4-bff3-e76e543288e0,94b731a41867b47c3856e324840c4c99,2026-07-08T00:00:00,delivered,259.27
9534f05b-fb94-4452-ae5f-fea5f6d2a70e,63df651d5e8adb6a0e4baeb66a0eea37,2026-07-09T00:00:00,delayed,759.46
939859a9-9778-42ea-8267-61a20bdd0b9f,34c6f984b590bbfe3d4d6c76007c0b1c,2026-06-22T00:00:00,delivered,148.41
b6a24455-1cf2-4a0f-8c73-cf4c2b952509,f054e8c1cbcf5e89ddd9b615c349936b,2026-07-11T00:00:00,delivered,735.31
0cd1cae7-0775-47c5-8b10-0ecb7435cf7b,5a3ee05d197e24b7bafaac3e2cbc7e55,2026-06-30T00:00:00,returned,332.51
f7c6e45d-ea21-4067-a6ca-c4a69b1c5664,cee8e1f2b6da0d4a835a0341f3d109f6,2025-11-12T00:00:00,delayed,778.95
25d6d54d-7b67-41f4-aaf4-637120eb726c,7c5f2513d8feafd1ee95553ba1269a56,2025-08-31T00:00:00,returned,422.52
657db268-58fc-4698-8958-620d68d5c3d9,1fe7afd58ce8429c5a8d27bf8c24738f,2026-05-08T00:00:00,delivered,239.69
d33915b6-c446-49f8-98e9-1e6135e9aea9,0b48151c4ac827afeee06ce2d77cc343,2026-07-08T00:00:00,cancelled,610.03
15e2b25f-ad2f-4ad7-b479-0ec33952f3ab,0ec8a2bcaa8e0b1ca282f7baf9d89513,2026-07-15T00:00:00,shipped,494.43
82103c7f-5405-48ea-bb74-6eaab0f4929f,01ecc1f1f21f05d0736c99d92646f132,2026-07-16T00:00:00,delivered,511.3
681006c6-5fae-4921-a331-cd5a40cabd31,50353cb3dff3aa5646fabd41e30572da,2026-06-29T00:00:00,delivered,849.68
c04cc712-1ee5-4897-93a8-6f788dccee6d,2da5ee41ace2b004297ab83756b6639e,2026-07-10T00:00:00,delivered,485.87
d760b0b9-c2ae-4f6d-85d9-5904c9e626a0,5b45f3493929fcecf1bacf1a1c4a4801,2026-07-01T00:00:00,delivered,29.52
c0025711-ccfe-457e-8e61-f1432d271966,4b0cbf5ea22869c5ea269442f9b849e7,2026-05-14T00:00:00,delivered,887.26
221f9985-fa38-4f84-8fd6-3e8f3e6d5cf7,3a1e94e3308e45730624bfb5c0b3bdd3,2026-07-04T00:00:00,delivered,725.25
77f43eb4-abbd-4d6d-9956-d7b374c67882,f668170416a9f589e91a2b9dc11e1eb3,2026-07-09T00:00:00,shipped,649.72
de335949-67e1-4c44-a156-d13e92394566,e106b0bf1efc2352bda60eaeced76675,2026-05-30T00:00:00,shipped,478.92
e3429105-c763-422b-aead-eff0506d119a,913a4e0cb7fe555e6cffa875ecd58e2e,2026-06-26T00:00:00,delivered,45.19
4c168ce3-6496-4a3b-a0ce-acb5bcd6a74d,5a3ee05d197e24b7bafaac3e2cbc7e55,2026-06-29T00:00:00,delivered,890.67
2cfe5aeb-1910-485f-b618-58a1206cac8b,3fd7c033b9809fe0d4536b4ea3b1e0dd,2026-05-10T00:00:00,delivered,144.03
77141351-eadd-43ac-a22c-e2c0b2ffe89a,0f6371fc9c2e78818a6e7aa33022a506,2026-07-04T00:00:00,delivered,370.2
ef8bf191-2cbe-418e-8923-4e9e2386b92a,6df2dbb5ec4a3c72ffc716d264b4b425,2026-06-27T00:00:00,delivered,323.68
3ef5a23e-ee33-455a-b762-fc7289cd09e1,4c93744516667ad3b8f1fb645a3116a4,2026-07-01T00:00:00,delayed,748.44
f321a182-9dd2-4207-8dc8-a1617e104df0,5a3ee05d197e24b7bafaac3e2cbc7e55,2026-07-11T00:00:00,delivered,1839.06
56285953-38a4-4fb2-9666-416e6b671de3,208f290481193105f0bdc2d8f543904e,2026-06-27T00:00:00,shipped,240.39
d0df5908-bc23-4a0a-9d04-d1c503eda435,f5d3f7d6508d52291134f9cd009eb354,2026-07-14T00:00:00,delivered,672.82
1d5cafdf-7934-4a4e-86db-ed26335f5611,6e9c6c2120611104445c767b78377d21,2026-07-01T00:00:00,delivered,78.03
a75ac17d-c753-40bf-893d-4f6438c67076,5a3ee05d197e24b7bafaac3e2cbc7e55,2026-07-08T00:00:00,delivered,36.19
e699398e-6416-47c2-af74-7c4929a8d895,03f923dbcd3b3c763b22b24db6072d27,2026-07-07T00:00:00,returned,2545.62
96763d4c-3a61-405b-97b7-294a0998e4f4,f8309b834186f428f9b4072036885959,2026-06-21T00:00:00,delivered,513.89
42fdc1be-d6ae-45b4-bd7f-5857a3063ff6,d925bd95427392b209f0f2fe80c239d6,2026-07-10T00:00:00,delayed,560.61
cf2eefa8-17a1-49aa-b24f-3b9db856501b,43f0b8fa25a050c02dc18e166ed574ef,2026-07-09T00:00:00,delivered,880.26
34acc1b3-2393-4d98-8e13-af3959104835,980612b4526788a3ebb91b6e372db0af,2026-05-28T00:00:00,delivered,553.95
29ead8aa-c6bc-412d-85a2-c76f4dfaa96a,119d43da5cf2cec95289848aec20ac51,2026-07-17T00:00:00,delivered,519.83
0fdf89c3-8ce1-4387-96fb-f5af209f9b40,804eb66464db178ab95f5f4ced1f4a9a,2026-06-07T00:00:00,cancelled,660.75
01e059ce-42cb-4c1a-98a3-b4e70c9946c9,5a3ee05d197e24b7bafaac3e2cbc7e55,2026-07-10T00:00:00,delivered,765.07
5a316ff0-7319-48d7-91d4-9bfed1eabf8c,e2f1970303ff34a3af0c1d4c587f6420,2026-06-29T00:00:00,delivered,196.16
f17e4d11-e504-4979-b9b6-e7f16b2b0f46,96d97637a814355ed5e0913942533b21,2025-08-15T00:00:00,delivered,406.38
63a0f45f-2da1-4656-819e-5059496aa135,58e41c352b12a7e96c322dca803dc08f,2026-07-14T00:00:00,delivered,1615.5
21643748-abd0-4533-ad97-345f09872d06,317a5bc8cf58c4401e221c74d7a51982,2026-06-18T00:00:00,delivered,574.7
64e63203-3a9d-421e-b520-1ac549b0ba3d,ba6da4841dcbcc20caa9a57808664368,2026-07-03T00:00:00,delivered,138.88
3ac3bd85-e7b3-41ae-82f2-93c0f9209987,5a3ee05d197e24b7bafaac3e2cbc7e55,2026-07-04T00:00:00,delivered,1966.0
a430149b-b4ca-44b7-93d5-2ad9f24a34f9,5a3ee05d197e24b7bafaac3e2cbc7e55,2026-07-01T00:00:00,delivered,154.59
843fab5a-7680-40a1-bbc7-df0990ee049e,208f290481193105f0bdc2d8f543904e,2026-06-16T00:00:00,cancelled,126.23
a57719d4-fb82-454c-825e-10af491ca394,378c06babf08c70f32e748ac24ea33e0,2026-02-01T00:00:00,returned,361.64
1c80f8bd-251e-4178-a3ea-c884d70058f3,717aa48025662fcf27ddebbecc5f782b,2026-04-20T00:00:00,cancelled,246.65
d643b899-d68f-41a5-8864-a157ef71059c,3842d2de8b603bbfe941ade4da285f32,2026-07-13T00:00:00,delivered,1061.56
05377a2d-3392-473d-85df-e974096f16e6,cfbb7ce77206d860a748fed4a35a5e3a,2026-07-04T00:00:00,delivered,1970.63
b5106990-2162-4fe9-bd21-66ac1c00fbc9,f5479eed84b3486132141fe08c598b95,2026-06-09T00:00:00,cancelled,17.36
4f320980-b0c1-495d-a708-9e0a7f1bd15a,a54de86aa4370cc93031bb4e99d436b0,2026-07-03T00:00:00,delivered,98.58
c8a12dd1-a3fe-46a4-b445-c0e2f6562931,d925bd95427392b209f0f2fe80c239d6,2026-06-13T00:00:00,delivered,137.3
afaad39c-ecb1-419a-8454-ca614bd0a762,bc6839208cb211872c9e1909676cbd0a,2026-06-22T00:00:00,delivered,167.74
cdb6e594-d73f-4fb6-aba3-b3eedb6392a9,6d06583742c138d70b952a6f5f4fd62c,2026-05-29T00:00:00,delayed,346.45
ceee408b-41bc-43f6-b4c7-42c98cff4965,5f2eb40c7352bf49c3876e764133f0c2,2026-07-10T00:00:00,shipped,193.64
5355d361-5bf9-47ee-846d-674bd9c42cb0,3fc63a1cff1beeaf62fff26f695de143,2026-07-08T00:00:00,delivered,440.47
19d8fc79-bf02-4c20-8988-dbbc9356aaee,8e990907b56d2383d3a39bf0cf9a3f42,2026-06-10T00:00:00,delivered,334.72
dc361556-2857-4e85-9b06-e7eae42e075e,5922ce0b65492e91ac07ffa3b77b2cff,2026-05-31T00:00:00,delivered,386.3
33d1b75f-4c4d-4010-bef5-dc4abf5067d8,788d87eeb999019a75d8ba69017398b7,2026-06-06T00:00:00,delivered,884.78
391b154d-2d63-411f-a1d2-16d754659775,87a7c3090f96d9da963125a0d7f8193a,2026-07-11T00:00:00,delivered,219.15
ec66798e-c3c8-493a-8c54-90592403c0fd,5a3ee05d197e24b7bafaac3e2cbc7e55,2026-07-12T00:00:00,delivered,502.24
3f01d7ea-9a89-4ea7-939f-f7b3689d4099,5a3ee05d197e24b7bafaac3e2cbc7e55,2026-06-28T00:00:00,delivered,649.5
50c3788b-3431-4c81-8a27-a5925f814a56,243bf34f2f9c8c7b941e3ad4783a4b10,2026-07-16T00:00:00,delivered,163.5
885f1b38-3d7e-469b-89d8-ec922686a7ca,5a3ee05d197e24b7bafaac3e2cbc7e55,2026-06-19T00:00:00,delayed,420.8
5996db7a-dea2-43ed-bed2-0eeeb639ba93,be2cff6c84f1683300337ecd499992e0,2026-01-06T00:00:00,delivered,183.6
fe9388c5-a1d3-4bbb-9574-eba36de86b12,f7c7677be77763b1b2cf982a5e67fa61,2026-07-07T00:00:00,delivered,515.91
56de0855-cd36-4050-aabe-caf313c81f16,58ee10603291fb595e840bea6f400d41,2026-04-11T00:00:00,cancelled,190.34
d581eedd-1482-4ca9-94c6-7fde43cbacbf,b9fe8c4b5fbad9389aa5f425561a2786,2026-07-13T00:00:00,delivered,188.46
424a0271-f371-4c52-a084-1464cbca3f23,82375c4c18f30b5a9a5ff8da6dd206d4,2026-06-28T00:00:00,delayed,158.12
af6747a4-4011-444a-b1b6-f2e323b8e56f,5a3ee05d197e24b7bafaac3e2cbc7e55,2026-07-14T00:00:00,delivered,263.36
1ea7bc55-52fd-42cb-8acf-34a64a7c1b6d,dc643b60537f44f35b2f91610ea64153,2026-06-16T00:00:00,delivered,534.74
e7aa9bde-e4d8-47ea-9729-813ce7609033,cff66352965782fb7a921a07600f271f,2026-07-10T00:00:00,delivered,220.34
9a0e1469-a7d2-44f3-8b6b-f82b88674cbd,0f13e3bb90bbd8912d57145479ce4839,2026-07-01T00:00:00,delivered,296.47
00e73ca9-7888-4719-aef2-1a9a356d016d,b193a594e0171de03f8d3ba14722a7b9,2026-06-08T00:00:00,delivered,617.9
1598f504-a592-4749-a206-6c3191b587ef,e9dc105c3da1d2c71a3540f37385d3f7,2026-07-01T00:00:00,delivered,432.78
7d4ed542-397f-4f1a-9fc5-9f12c27c3b35,5a3ee05d197e24b7bafaac3e2cbc7e55,2026-07-03T00:00:00,delivered,157.12
8a3c46d2-758f-4702-8148-bafb1d846729,5a3ee05d197e24b7bafaac3e2cbc7e55,2026-07-14T00:00:00,delivered,333.97
b86beef4-d327-4572-8625-ef018fae5d0c,0b48151c4ac827afeee06ce2d77cc343,2026-07-15T00:00:00,delivered,596.46
5da6ed98-1360-493f-8c38-957c89c38118,f0697e6813b23d285c3b3c8c50002fc0,2026-07-11T00:00:00,delivered,688.0
15a006ef-5ded-4df7-aba3-c82753d34340,e8af6532230712b51ceb46072be610d4,2026-07-14T00:00:00,delivered,2470.52
eac3bcd1-47e4-4000-98df-2f0fd0e71078,f7c7677be77763b1b2cf982a5e67fa61,2026-07-13T00:00:00,delivered,901.66
981e15a4-cc4b-479e-8fef-d54fb1caa3db,0b48151c4ac827afeee06ce2d77cc343,2026-07-14T00:00:00,returned,298.53
71a448ec-8637-4840-b30f-7ac7afb79ed7,0b48151c4ac827afeee06ce2d77cc343,2026-07-06T00:00:00,returned,189.25
afeb35d1-b26f-46eb-a9ca-0344138c6b32,961efa774ea7c0d0a4514295647e78d5,2026-05-19T00:00:00,delivered,2091.37
a94446b1-c2df-4f72-9678-c4bbcef06d73,6056d31a9cf9cf98ea9de7ef86cf4f5d,2026-07-04T00:00:00,delivered,399.83
5af20cc2-7dde-42d5-a2f5-99a56e244c15,1da2a3343d3e10a969375849ac5b7f1f,2026-05-10T00:00:00,delivered,57.3
a75c74b0-37be-47a9-95e5-41009b7c8acb,cfbb7ce77206d860a748fed4a35a5e3a,2026-06-26T00:00:00,delivered,429.73
b11dd67f-93a9-43ce-b2b3-c1a63e4146b0,0b7604941dd811e84ae22ca3b90a49ff,2026-07-03T00:00:00,delayed,571.49
e37def99-465d-4202-85b6-87cb3195f1f6,5a3ee05d197e24b7bafaac3e2cbc7e55,2026-07-05T00:00:00,delivered,145.36
14823e36-68d6-4804-90ed-85c1bc82a482,e527d87e5717a8e1432c67e902a56a9b,2026-06-27T00:00:00,returned,1649.5
06363d7b-2048-49b8-8687-d6e45e668bab,e021e698833bdeb89dfef3acb2e91f37,2026-06-18T00:00:00,delivered,407.37
74ab58e8-000e-42bf-b00f-6f80e6d86a95,e5eff1e54c132bef74c934de830a14ae,2026-05-26T00:00:00,shipped,94.39
a81ac220-2535-42eb-8212-f8291d1e8e7a,5a3ee05d197e24b7bafaac3e2cbc7e55,2026-06-26T00:00:00,returned,615.76
0f21287c-32d8-4f5c-a4a9-f21b75b46c03,30a8328a39c99665deea9fe8954e8339,2026-05-05T00:00:00,cancelled,1184.57
ce6c0c79-0e41-43a2-a410-81b20399f760,22c05efd13a78e3d82eca52589e0313c,2026-07-14T00:00:00,shipped,330.17
6a1bec25-9273-4e2a-aec1-9bceb550f8eb,8e323c75fdec6658ed2933b3f2ecc33a,2026-07-11T00:00:00,delivered,459.12
3f504262-40d5-44f4-92be-eeed8315935e,a50c1032c3f5635519c65a8cc84c6171,2026-05-21T00:00:00,delivered,918.03
ff856c6e-7d62-47d3-808f-e0862159ba53,0b48151c4ac827afeee06ce2d77cc343,2026-07-12T00:00:00,delivered,283.3
385387ee-f1ee-439e-9f1a-8f3ce1553859,50aef30dabc7aca975dbdec85dcb848f,2026-07-08T00:00:00,delivered,536.21
bc21d8c5-0aa9-4887-a3d6-c5fb9c1d7cd0,860251114960c25499acca49949b1f12,2026-06-14T00:00:00,delivered,312.25
416429bb-f430-4e22-8453-b91b714aea63,4f2942851db2a70c008b54fd9e970fa6,2026-06-12T00:00:00,delivered,648.68
275d94af-7d21-402f-8b98-bde6ac817c61,5a3ee05d197e24b7bafaac3e2cbc7e55,2026-07-05T00:00:00,delivered,495.22
0b964d65-945e-4ec1-b7c2-88d16d88e12f,0b48151c4ac827afeee06ce2d77cc343,2026-06-23T00:00:00,delivered,334.3
df613262-c198-451e-b1ca-89ccffe0a432,4f2942851db2a70c008b54fd9e970fa6,2026-06-10T00:00:00,shipped,107.61
0c30e322-678a-4ec9-b76e-26d8f67611c3,5a3ee05d197e24b7bafaac3e2cbc7e55,2026-07-13T00:00:00,delivered,1030.96
ae9110d5-9f6f-4201-8c57-0395531b0343,eee056a1664b2f91466c96a455ceea8b,2026-07-05T00:00:00,delivered,255.24
d09caa72-3cbb-4e12-94ac-ecadf814524e,9f16fd7755d607cff890d9af2f212340,2026-06-20T00:00:00,delayed,305.73
7c2ac406-f458-460e-ac49-c344926edf70,c0fcd6e2e07097e1461b44aabb0c3306,2026-06-30T00:00:00,shipped,366.06
70cb1499-60b0-45da-9ea6-05c666262be7,a1d02d8e96f1691603036bfcad4df844,2026-06-13T00:00:00,delivered,138.85
c578ffb6-e3ba-4a33-bf27-fd0204617383,daeb283b71a3cc8f49c2c878bb86e15f,2026-06-20T00:00:00,delivered,413.05
725d9355-dd78-42a9-bd8b-1c228383f588,cc117a146f6e56e036afcedbd420c0e6,2026-06-25T00:00:00,delivered,318.61
48df5bb7-c4c3-4087-a773-7b580790e9b8,3f9d987156fddc08ef77f52d1a15c073,2026-07-05T00:00:00,delivered,596.38
9604a02e-9153-4683-b94e-84214de57d06,f1bb87ce3b511f772f77765bd3fcef6a,2026-07-17T00:00:00,delivered,235.63
56ef7ddf-1bea-4f8e-afdc-e2f607a28f6d,e94f497b64b4c843216126feedb1dfae,2026-07-01T00:00:00,delivered,369.85
69fe2dfa-6c88-4329-95b3-00725dbe73c9,184997aab6012d21021017a525de5206,2026-07-15T00:00:00,delivered,436.21
54801c26-b9db-4d48-b716-2f68d6706084,578a719055f199cc37fc781c943a51dd,2026-07-05T00:00:00,delayed,449.25
c3e45b86-4105-4d5f-ac70-8540b9c73511,8ee330dd325716db048bf014601e3fa9,2026-07-07T00:00:00,delivered,6.33
b4a88466-8fd8-447c-bca5-9386f5ab599c,5a3ee05d197e24b7bafaac3e2cbc7e55,2026-07-06T00:00:00,delivered,718.84
a3e285dd-b37f-40a6-bb70-e9af7eed0729,ef94ab37c9e865083fb1916862c23fd2,2026-07-17T00:00:00,delivered,83.75
a7299a61-035b-44ca-b9ec-85ecf5342bd4,3fd7c033b9809fe0d4536b4ea3b1e0dd,2026-06-23T00:00:00,delayed,245.23
8c7a3b4c-f416-4bec-b3ff-bbe4969f2266,59150cde6405fb8f31f6dd1882d15754,2026-06-28T00:00:00,delivered,633.55
acb4304a-1a8b-4d64-92d5-d8cbbd59c08a,30cdd9eea2b6192b8fa65c9ff5e59acc,2026-06-21T00:00:00,delayed,1583.68
be4147ec-d807-4220-b7c4-fee386c02c1a,b99ad02f5d0dce8edaed40e36fd4d71e,2026-05-27T00:00:00,returned,152.98
45546b30-16a3-4087-869d-6e94e7d9a4de,3fc63a1cff1beeaf62fff26f695de143,2026-07-08T00:00:00,shipped,355.84
3daedd59-9823-4ed8-b3d0-205d4b2433b6,bb4a329975df85aa69684e124f0b48b1,2026-06-19T00:00:00,delivered,215.82
6b93052e-adcc-4c97-b1f0-fc5503548c66,035b9e2e22e07827ab0ca933ad55f89a,2026-07-17T00:00:00,delivered,272.99
098120bd-3670-46a0-835b-886f9f8f6277,55caae104bb0aefc6d44031e49373db4,2026-06-15T00:00:00,shipped,240.46
048ae954-de72-4dd7-82b1-d3db008ed44f,fc25f71bab94146446884fc523121d48,2026-07-12T00:00:00,delivered,8.85
5fdf3e33-bb14-438b-9cf9-ebc60aa4d81e,5a3ee05d197e24b7bafaac3e2cbc7e55,2026-07-12T00:00:00,shipped,33.96
502746ca-e516-4ba7-8f68-4057080ac417,0c7f5da7d9d33d16ddc25dfafcc513ce,2026-03-23T00:00:00,delivered,1848.33
8984dc86-5709-4ddb-9a4e-1e0765bdd806,c95ec87a7dc2647f779aed4452ccf819,2026-04-10T00:00:00,delivered,265.24
d8cbde47-0d41-46da-ae4d-d0d99673fd02,17edcf1332227a04be5ee81262f0757e,2026-07-15T00:00:00,delivered,572.55
a4fad22b-bf96-4866-9fd0-969010913d94,c1c2fffe3d49911803df2e157bee7aa0,2026-06-16T00:00:00,delivered,545.99
fa8a338e-fd9d-4c86-974b-ecaceada0012,0dd47ea03f3e61825df9e2bc94c292f1,2026-07-09T00:00:00,delivered,1457.78
694f5946-3063-4de4-bbe4-abff488609d1,daddad443c8d1bd86fa6ea8395e69e82,2026-06-29T00:00:00,delivered,718.94
32ee0daf-75f0-4f52-9809-037ca0b1d113,5a3ee05d197e24b7bafaac3e2cbc7e55,2026-07-07T00:00:00,delivered,52.97
7374a674-a02b-4693-ad2b-ba8ca78361d2,0b48151c4ac827afeee06ce2d77cc343,2026-07-08T00:00:00,delivered,419.34
b1dc1cb6-54a6-4231-a491-1f55090c86c9,a61f05883cecf76583e22f4283e3c015,2026-06-25T00:00:00,delivered,1129.82
c084012f-4c6e-44f0-8523-9ccdaf0b260d,f51f170e51593c5e550ef7ae616f1517,2026-06-14T00:00:00,delivered,994.93
91229150-2cb2-4c59-a220-75cb985471a1,0788a5e2db8d16e610407f3ee826b813,2026-06-27T00:00:00,returned,1195.19
793ec128-de8a-4fcb-be58-4cea8b15a010,52b8fc428690f8974a3d3ff3a162f7b7,2026-06-30T00:00:00,delivered,783.31
4c5429eb-7526-4826-a8e0-5f025e26088e,fc25f71bab94146446884fc523121d48,2026-07-08T00:00:00,delivered,277.53
652d6af4-aa84-4d71-9b51-b0e7718519b2,aa884350c48f728088dd1e84ef7e8309,2026-07-06T00:00:00,returned,582.83
c3d8ae71-2050-4bd2-93fd-ed12bc4c6be8,f0fe4ee68e4a03068e981e6481bb9e1e,2026-07-16T00:00:00,delivered,416.05
60f80fd0-48ea-4706-81ef-59049b1eb074,00e984e99fdfd52943156d2d7eb4a5e6,2026-07-04T00:00:00,delayed,238.15
a2587400-d308-47de-b392-617dcb0b9f0d,ff80f08b2a6a87e84a28bda4613f99bf,2026-07-11T00:00:00,delivered,726.51
d64cf81c-0ef7-4b05-be1a-32ff2de5fa84,50aef30dabc7aca975dbdec85dcb848f,2026-07-05T00:00:00,delivered,668.73
6ee28b16-7014-4423-b36f-836d2e08a998,f14a94df58861cb1811f48b40271884e,2026-06-18T00:00:00,returned,261.02
4796f01c-9790-4d01-b76e-475ecbd136e2,98d073c472d6309957c0ee7999c8804f,2026-06-19T00:00:00,delivered,347.59
e3523ec1-65a9-4f11-b5e4-5d2253c83f11,7c9b935f3b97a9c5ef678418932ae8e8,2026-06-26T00:00:00,delayed,871.58
a450cc07-1b79-49ed-9475-dc68ccdc7384,5a3ee05d197e24b7bafaac3e2cbc7e55,2026-06-24T00:00:00,delivered,455.9
73558483-b556-4e75-9564-c96218ac4dd7,5a3ee05d197e24b7bafaac3e2cbc7e55,2026-07-12T00:00:00,delivered,372.8
f1102cd6-4a83-4aec-b157-434fa88d9188,d0a9421d1143535e463a15d18fcddf90,2026-06-12T00:00:00,delivered,431.79
cebc2b26-bc83-48bb-9369-a716254dd95a,4b0cbf5ea22869c5ea269442f9b849e7,2026-06-09T00:00:00,delivered,474.01
0656a148-9cd6-4b48-b083-f47a025aaea2,788d87eeb999019a75d8ba69017398b7,2026-06-05T00:00:00,returned,575.58
dae7cccd-7de8-454f-bed9-6f6049b5817e,016a5760b723a3a0bcb4b294d4bc6b45,2026-06-22T00:00:00,shipped,356.68
d13ca190-9346-4fa1-bfad-e2169a27dc4c,d1ec84ece21390313fe8dd6457dd6ecb,2026-07-04T00:00:00,delivered,829.17
580bccb3-2814-4b76-aa36-19cd2e4debfd,17d7f3a57687a59fdf418ccc22adc301,2026-05-06T00:00:00,delivered,444.1
23b88c26-60d7-4a09-900d-2326a26b1928,62de6068da9506dca753598fcfbdcd16,2026-06-29T00:00:00,delivered,102.29
db479aa0-2f85-4aad-9652-ad5db91aeecf,6ac6902b78ed854e42f75c8e25234e8c,2026-07-17T00:00:00,delivered,1499.31
611da485-55a3-423b-80c3-729f0b58a93a,e8bab621313ad2a3c0ce8e3a023ff9bb,2026-07-09T00:00:00,delivered,205.59
c57301f2-fd1d-4bb7-a96a-937065b56d53,0788a5e2db8d16e610407f3ee826b813,2026-06-27T00:00:00,delivered,416.09
6f0044a5-0165-4893-8953-5029dfb58cf1,d85547cd859833520b311b4458a14c1c,2026-06-25T00:00:00,delivered,254.13
6dd17786-bbbf-4be9-b472-a2e54536f46b,cb296f03ccd21cfcb3ba0778c4f3b7d9,2026-07-08T00:00:00,delivered,697.62
575d4779-ee69-4ea0-97dd-78856938f08d,f23ceb8f983987bd6b0f3bde040fdade,2026-06-29T00:00:00,delivered,113.33
7ccb3b68-c5bb-4f66-a2f5-18962c7bf147,43f0b8fa25a050c02dc18e166ed574ef,2026-07-08T00:00:00,delivered,306.47
d5aadd28-54e4-4a89-8441-87fcfb59e3ec,1098d1250d5bdf8bfc6a83f26494067c,2026-07-14T00:00:00,delivered,633.08
539189d9-8bb5-4e04-82d5-edf0ba296565,54b50d481e0c0501204f7d42446f73da,2026-05-27T00:00:00,delivered,238.23
0f271123-ec0b-4db5-b442-d22b4e0a9e68,43fcee98a4442ab2f299df637f8e2413,2026-07-08T00:00:00,shipped,340.08
af1ab143-d2e0-4d32-836e-bc7308165c41,2aa9325eab1676f4d62830f004d67a34,2026-06-11T00:00:00,delivered,157.99
14f6a508-5d10-41ce-a35a-d513eedb6d87,2b1ff9585b05c73232a93e5440697094,2026-06-12T00:00:00,delivered,80.86
cc70b960-1a4b-4a74-866e-b304e694f148,00e984e99fdfd52943156d2d7eb4a5e6,2026-06-24T00:00:00,delivered,237.97
a0f15c96-eddf-4b25-9901-7e33de1b8a37,b2e803d748d08864a69aa128447a1358,2026-06-30T00:00:00,delivered,321.45
4783b38e-c392-4227-a938-eeebb5145453,f153272ca75661659630de82f3f2084d,2026-06-30T00:00:00,delivered,37.82
2e3ff0bc-fe47-42a8-96db-c8a09adf6e3e,317a5bc8cf58c4401e221c74d7a51982,2026-07-08T00:00:00,delivered,234.67
cedafcd0-36f9-416c-a953-9339db826f03,0839b9b0df573d1b402fe8906659303a,2026-05-09T00:00:00,shipped,535.48
83cd8538-0c03-4819-9dd2-0c40510bc34d,a2346489c23a35ba85d17038fa1cb7da,2026-06-28T00:00:00,cancelled,290.58
d45c3029-40e2-401b-befd-6ae738ca0d5d,184f9811137ce4bd9fb8308cf535a857,2026-06-27T00:00:00,shipped,537.04
1a524d53-88af-4088-bd18-a2dab867582f,c8dbfbb4a47a215d79659c927e786a58,2026-07-13T00:00:00,returned,329.08
965fb93f-2f30-4760-9183-d9073dae011a,ca042e1c4a76949e979abfb74159e9ab,2026-06-17T00:00:00,delivered,1196.47
ad77c7d1-4590-4e65-802c-1e2160761672,5bcc8f0e733f747f511a810ec408fdd9,2026-06-16T00:00:00,delivered,538.6
b06df612-2219-4e2b-be73-c77855bf2429,42398dee8f2098eec5579129cc1a6f5e,2026-06-30T00:00:00,delivered,491.11
da0ecb06-a0e9-4e3e-8cfd-190edf0caee7,f988e05b9c8653f57178a723dc42cfe9,2026-06-09T00:00:00,delivered,203.4
6c9044de-a6c0-475d-aa4f-bfefa2df1561,cdbeeb59bf23bb27eba2b6a8dd4b9e09,2026-06-22T00:00:00,delivered,267.38
a618832c-cf05-4bc1-a4e2-c4405cf44a7c,56987d3e10c71d7d4e0fc479e65a35b6,2026-06-13T00:00:00,delivered,714.48
f069f076-0d11-4f79-9cb7-22065c9d5e05,717aa48025662fcf27ddebbecc5f782b,2026-04-21T00:00:00,delivered,16.77
8aa1c10e-e807-4261-a424-e0ffac95d8e3,1145616de76e14f4e7fd5452c2be149c,2026-07-03T00:00:00,delivered,508.82
6896beb3-8e7e-4bd7-9023-6cbc44b296f5,18e3d276253780b44b5b7bf83f6785ec,2026-07-13T00:00:00,delivered,692.43
a23a6069-1e52-4988-8ba3-9a1deea6bea9,0b48151c4ac827afeee06ce2d77cc343,2026-06-23T00:00:00,shipped,640.86
c9b3703e-5a78-4887-8c22-c39d7cadba14,dad5018ffc0de85eb72f72575b552784,2026-07-04T00:00:00,delayed,111.47
87ead5f7-9f61-4c89-ba4e-bbc97cf7056a,8c8fccc50566baaed602e3775d9d5665,2026-07-09T00:00:00,delivered,344.58
a77c7fd9-1e3d-414f-bb69-cf4c8fe3b270,5a3ee05d197e24b7bafaac3e2cbc7e55,2026-06-30T00:00:00,delayed,539.57
a1339800-7c5c-47d6-8cdb-f26340688303,9852ae41cc160b7df4017c45373187fc,2026-06-19T00:00:00,cancelled,590.62
a34edee7-2c14-4f98-b980-6eb2c70c8055,d3e1706bd9290ddbfd20fc30fa7224b0,2026-06-24T00:00:00,delivered,213.76
53598f29-9122-47cf-978c-c9583357c985,2057c4a178808ef5a87a40c6adf2d89c,2026-07-03T00:00:00,delivered,230.92
ca14989a-88a5-4e27-a734-0a89fd166a69,5a3ee05d197e24b7bafaac3e2cbc7e55,2026-07-14T00:00:00,delivered,313.59
eb30dff7-c6d6-4bbb-bc83-c1f5bfbb68b4,30cdd9eea2b6192b8fa65c9ff5e59acc,2026-06-20T00:00:00,delivered,366.41
ba39afac-4422-4147-a681-cd0786f6ed9b,0b48151c4ac827afeee06ce2d77cc343,2026-06-30T00:00:00,cancelled,60.0
9b438c72-374b-4060-a847-b67f0f108cda,208f290481193105f0bdc2d8f543904e,2026-07-05T00:00:00,delivered,508.21
95f2b032-46d5-4ee3-b3ee-fa5c9fc1bbf7,463093247faa080167d77f2e6d1b297d,2026-07-16T00:00:00,delivered,163.76
da35647f-d31d-4089-9607-ea0f473f1381,b6e99561fe6f34a55b0b7da92f8ed775,2026-07-01T00:00:00,delivered,81.33
3c5f93c2-7f30-46e7-bf63-83f6138f695e,5a3ee05d197e24b7bafaac3e2cbc7e55,2026-07-02T00:00:00,delivered,374.57
de7a0560-6c13-40cf-902d-d5647e85f01a,340152332a04149987a705602615f0d0,2026-07-17T00:00:00,delivered,281.06
80a87a4f-7ed8-4f16-b6c0-9fc68293654a,d3e1706bd9290ddbfd20fc30fa7224b0,2026-07-13T00:00:00,shipped,161.77
f47417f8-a510-4947-aa82-a25b75b34ace,de53649541ad2006de823720ad65ca77,2026-07-13T00:00:00,cancelled,453.56
d346c977-fda0-4598-8a1d-2bc199373911,5a3ee05d197e24b7bafaac3e2cbc7e55,2026-07-14T00:00:00,delivered,1347.49
1da0f473-37b3-4b75-996d-7a2fa76a6b66,5a3ee05d197e24b7bafaac3e2cbc7e55,2026-07-12T00:00:00,delivered,1523.25
172492e6-cf43-46c0-a138-7a4f02b3e8d3,bb4a329975df85aa69684e124f0b48b1,2026-06-25T00:00:00,delivered,38.91
f69e30f7-d9d5-436c-9729-f9930dbe7efc,60aee6970bd57744ad0435997b0a91ae,2026-06-17T00:00:00,delivered,593.98
692a87ae-3911-43af-bfef-393732db4731,df2162a9aaf73bf42e812408330969a0,2026-06-29T00:00:00,delivered,578.99
368385bb-9002-41fb-b5c9-c5ecfd3fe9a1,36f7cbc956469da1d4bdde49171d192b,2026-06-14T00:00:00,delivered,165.5
8f1e44f0-ed3b-44bc-828e-0291aa934113,07f61caa1c9e850c14e94854cec87545,2025-03-21T00:00:00,delayed,424.69
4e0adbd0-c78c-45fb-8c9d-8bbc1e40e06a,5a3ee05d197e24b7bafaac3e2cbc7e55,2026-07-10T00:00:00,returned,846.61
59f4ad95-3df1-4f6b-a1e7-941f2772c6ab,f72d1ee92d55688d07ca88506300715e,2026-07-13T00:00:00,delivered,752.28
6a9c765e-17bd-4d35-b98e-e4c1936f2fc2,94b731a41867b47c3856e324840c4c99,2026-07-02T00:00:00,delivered,1693.47
100c97ad-e440-4699-aa93-ad09267c0655,0826e933ca018e8b6d1ceaad86d82691,2026-07-11T00:00:00,shipped,434.39
8601cd56-0906-44da-bba3-aac8691c3ecc,5a3ee05d197e24b7bafaac3e2cbc7e55,2026-07-13T00:00:00,delivered,546.28
5b744a76-f5aa-4048-b369-1ca33cec2ce1,e3839dc99461bc42b5b169c5db72234e,2026-07-12T00:00:00,shipped,221.45
406320c3-b659-4420-8ddf-1af40f9b5e10,52b8fc428690f8974a3d3ff3a162f7b7,2026-07-06T00:00:00,cancelled,630.99
eb547f99-d5b6-449e-ac17-60b26bcad537,340152332a04149987a705602615f0d0,2026-07-11T00:00:00,returned,659.21
8c0cbea9-6a67-4795-8c8a-24d461102059,f4371991881a328886a134bbc99cec9e,2026-07-02T00:00:00,delivered,916.83
1248b159-adfa-49c2-86cc-d0d366defee9,9e4cec36a7f9294540b39950eade4190,2026-07-12T00:00:00,delivered,250.18
e52b8fed-24a1-4b06-851c-42a8e2e12787,6df827ed74b2b39a2b18b83ba11949c5,2026-07-17T00:00:00,delivered,1271.94
1cc1d98e-c46f-4cdf-9ddb-c42cf2c63eee,d3b1ea21e85de5679eb875b8a3a9dd4c,2026-06-26T00:00:00,delivered,368.44
45544e50-25c4-40db-ba46-3993f4114d33,755bdc2822a8f01cfcec19ae4dcaae66,2026-07-07T00:00:00,delivered,1409.21
d2d30810-9220-40dd-b5ce-2f442947a065,7d435b111211b3f34f6995914fdef980,2026-07-10T00:00:00,shipped,580.15
d856d68f-30fa-4e2c-aa55-21641505ae29,e94f497b64b4c843216126feedb1dfae,2026-07-01T00:00:00,delivered,602.06
7d1f1666-358c-463a-9990-01f1be789571,5a3ee05d197e24b7bafaac3e2cbc7e55,2026-07-12T00:00:00,shipped,231.39
964df5bc-7655-4368-a7d1-473dbb78a6de,6c3974f2a296fbcb0aa071279dbf6f24,2026-06-29T00:00:00,delivered,371.03
b175bd89-2030-4ee8-b004-a7af242cf98a,5a3ee05d197e24b7bafaac3e2cbc7e55,2026-07-13T00:00:00,delivered,517.72
2c40237a-62fa-4d3f-8d64-6c9de1634bbc,2bb655e5a68145d14491771f4a29e58f,2026-06-16T00:00:00,delivered,610.94
f884da48-012c-4afc-a5cb-ed25df581042,5a3ee05d197e24b7bafaac3e2cbc7e55,2026-07-14T00:00:00,shipped,221.17
687b8214-877c-43a9-b7b8-51f65e3050df,463093247faa080167d77f2e6d1b297d,2026-07-07T00:00:00,delivered,1467.63
03c89fb8-3b1d-413e-9766-920d8cd80a67,d3e1706bd9290ddbfd20fc30fa7224b0,2026-07-17T00:00:00,returned,797.89
91cc537b-ea2a-4e0a-b899-b3e0769e0b60,d6bb892fd2920399b89ddd97e887611e,2026-06-30T00:00:00,delivered,309.28
2c4cdeba-94be-45d8-96b0-017d6171439e,17edcf1332227a04be5ee81262f0757e,2026-06-23T00:00:00,delivered,292.94
3f375b68-69b9-4c45-808e-3bf65fbc2a31,515be97b99f6127120e5793a7cb71aef,2026-06-06T00:00:00,delivered,148.16
020405c9-fe70-4eaa-a145-1d145c1983f4,7c534bad6850d94161a9cf12e8171339,2025-11-19T00:00:00,cancelled,88.77
9deec2de-b0c1-4bfe-818a-e3030fa39db1,4f2942851db2a70c008b54fd9e970fa6,2026-07-14T00:00:00,delivered,1066.97
6a2dc8b3-40db-4b0b-a79e-267d24654ee6,5a3ee05d197e24b7bafaac3e2cbc7e55,2026-07-02T00:00:00,delivered,139.84
baeb6f67-5a71-4a1e-9a70-1b71ffa887f1,111206009c4b4cfb6463a53cf3043ab2,2026-07-08T00:00:00,shipped,317.35
768e9c7c-9166-4d16-a43b-a1bed31e14a3,d89e05e2d23c3d8247aeecd07758004b,2026-07-06T00:00:00,returned,588.15
8d7b3de2-b04b-4720-bfe6-478ff9d53da8,f23ceb8f983987bd6b0f3bde040fdade,2026-07-17T00:00:00,returned,760.06
53410a17-ace4-46f1-9c5f-32f2dd71287d,d3e1706bd9290ddbfd20fc30fa7224b0,2026-06-25T00:00:00,delivered,84.75
7fdae3d6-4938-4d9a-85cd-e13e9facaa71,6056d31a9cf9cf98ea9de7ef86cf4f5d,2026-06-29T00:00:00,delivered,156.45
bf88ff39-9fb9-45a3-abba-fb966cec7e8b,6d06583742c138d70b952a6f5f4fd62c,2026-04-18T00:00:00,cancelled,1146.83
d938ef42-2683-4ba4-9697-39cbd5249e4d,65af86340218f71a500596087e69bd10,2026-06-24T00:00:00,delivered,443.15
e4486d03-5974-4599-a27c-eee28dffd348,2a9c0f0e5f06e91c50c74baf4dc67a0f,2026-07-12T00:00:00,shipped,339.25
cdfa9d1d-4292-410f-bb8b-56ad2677a820,ce5c267bd53f4e6683c66f7cb5c5c067,2026-05-31T00:00:00,delivered,1648.22
595e0dd5-fb34-4889-acb1-13db2a85385e,c02560059691695b25e8400ac24bd126,2026-06-02T00:00:00,delivered,633.26
da3687d8-a1da-4608-99e6-b7f0d8653030,f3df2c0b7cf3814b81b37ff6273f76cd,2026-07-07T00:00:00,delivered,687.4
99ac0b2f-80f4-4e5e-99ec-2ea94e8ffd84,2472afd0e8eb035583a1aae9f577b5bd,2026-07-12T00:00:00,delivered,493.26
db85ca3b-20c7-4f65-83ff-34ddeb1c40aa,5a3ee05d197e24b7bafaac3e2cbc7e55,2026-07-03T00:00:00,returned,722.72
9c1b464b-0ac4-42c6-8514-d5fe73b65119,5a3ee05d197e24b7bafaac3e2cbc7e55,2026-07-04T00:00:00,cancelled,256.69
81eaa474-110f-42d2-827e-ba5bc0479fb1,282ebddb3e85120b1652204758fc332b,2026-07-15T00:00:00,delivered,6.72
fbc959c7-a688-40b1-80e7-0080504fb659,38e31fda99a5fb901d27134d18d36c75,2026-07-02T00:00:00,delivered,400.52
02754d6b-19f9-44dd-92db-e447f4765afa,eea69b2b4f7272b279bd2e0e9b106132,2026-07-02T00:00:00,delivered,857.28
2f37039b-d4b1-418d-82c5-c38244ad1045,cde21009d0c20492ba91c194adc13101,2026-04-08T00:00:00,delivered,625.1
9974e240-73d6-45f8-85a7-230a6c20049f,5a3ee05d197e24b7bafaac3e2cbc7e55,2026-07-16T00:00:00,delivered,1124.58
6b626a59-3b1a-4052-9fb5-c171c7472c31,7b24d0e6584ac5a21ec1256d96965500,2026-07-12T00:00:00,cancelled,1011.47
4b474a86-3231-4c0d-9f9c-6b08ccee327b,2b8649d1a9912afc25d2943a04782756,2026-07-04T00:00:00,delivered,1125.9
78e7bdcd-40db-491a-8526-2c5c81e66149,157b9d0c8b2328f814b5ee120d5e5914,2026-07-08T00:00:00,delivered,793.0
64b63a3b-c4fe-4f69-ad48-111aed7d1331,ffd2aa973e106c7d7218a960320420bd,2026-07-06T00:00:00,delayed,201.46
b778125e-0fde-43f7-8a28-93698f595e85,0b48151c4ac827afeee06ce2d77cc343,2026-07-07T00:00:00,delivered,357.8
f044b250-e350-4292-a98f-80523333c9f0,5a3ee05d197e24b7bafaac3e2cbc7e55,2026-07-17T00:00:00,delivered,212.4
e50f83b3-0941-4443-9121-955655e53b2d,f2a4f4165b72d65a5e7d10bbce13cecf,2026-01-28T00:00:00,delivered,1009.62
7ce51df6-639a-4fce-a3c1-1f98fc2b7740,a4e7c06913461ef2298e10fb4cdd2d71,2026-07-05T00:00:00,delivered,128.89
ac300053-f2e2-4462-b8ca-5139137ac41a,58ee10603291fb595e840bea6f400d41,2026-04-26T00:00:00,cancelled,256.86
1afe85b4-a35f-40ae-a1eb-dc3c9946e78e,34d93be3a57e6f8bba423d9064cda7c8,2026-06-11T00:00:00,cancelled,264.81
5dfcf363-ae22-4bf8-938b-93bdd53180d6,b6e99561fe6f34a55b0b7da92f8ed775,2026-06-06T00:00:00,shipped,76.13
7218c356-1586-44fe-a04d-885150b35372,d5b838b5c341f1957cea18610d054ac6,2026-07-04T00:00:00,delivered,89.84
188fe65c-c454-4386-a9fc-27437077412f,f054e8c1cbcf5e89ddd9b615c349936b,2026-07-17T00:00:00,shipped,260.69
8bf56166-1bfe-40c6-b6d1-c9a3fd184a71,b99ad02f5d0dce8edaed40e36fd4d71e,2026-05-25T00:00:00,delivered,198.0
bd2551d2-375d-4738-819d-cbc67d0d6f7c,28e7419981c810e071e0f6b061129fbc,2026-07-07T00:00:00,delivered,285.52
e491b9d0-8de1-4468-85a2-e7bf24c67d3d,526760f3b7255a26c8a93a96dfaee4a3,2026-06-30T00:00:00,delivered,3490.12
915d21dd-a579-4ec1-8b05-399d09d542ef,0b48151c4ac827afeee06ce2d77cc343,2026-06-24T00:00:00,delivered,159.14
b89af7bf-9066-4202-90ce-4b9f08b58533,d6d67261f2634cdf9ec293cd765c8479,2026-06-13T00:00:00,delivered,366.67
d034f6b8-a36a-4ed6-af93-67246f537f58,7bf1c59401206e31a78523077f3a1144,2026-07-15T00:00:00,delivered,280.39
63cbed0e-ddef-49f6-867d-1c1f5076f4bb,96d97637a814355ed5e0913942533b21,2024-03-23T00:00:00,delivered,164.04
58bbf811-633f-44e7-bc3e-749e5e75cf22,508cae50c5c1e72079d266a513bca9ae,2026-06-29T00:00:00,delivered,194.96
91e3cbb8-7687-49a6-8394-81976e31a994,dfbde47bde19b04d057e18b028d5b5cd,2026-06-27T00:00:00,delivered,949.78
0ca33fd0-6bd2-4403-aef4-98aa20954174,fc5e5fe0a1c88aebef8f551bc84abd9c,2026-07-08T00:00:00,delivered,570.53
104c0eba-7c4c-45cc-882d-0414a1109491,301a6d74a3eb7cd8e3508a045b8fa2e1,2026-07-14T00:00:00,delivered,529.67
bddb388e-6198-4007-8843-cd4a58c817a6,e607ede0e63436308660236f5a52da5e,2026-06-15T00:00:00,delivered,1062.59
8f02a187-7ed2-4344-89f8-8813a97273ff,45aa853a9151e2760eaf935622413c41,2026-07-06T00:00:00,delivered,1444.52
f51ca580-7f82-473c-9983-edd9638a0955,0beec065ce2d16d3a8dbb22b87cf4c43,2026-06-30T00:00:00,delivered,469.74
5e59d006-8781-4a45-b196-564c30dfb0cf,ea59601b04db675d7d502dd6a8bf0ae2,2026-07-03T00:00:00,delivered,366.85
1fe5979b-8ab6-4963-a921-7a08e544f188,55133cf96f44c834ac51d0e3b678c7a8,2026-06-17T00:00:00,shipped,170.72
850b3f2c-bca7-48ee-8fb6-d52b537535a3,437ca9feaa724197fb6f66a2b9060bed,2026-07-04T00:00:00,delivered,448.86
071f6b6d-ed26-4c2a-bb1e-b112b9e5deee,5a3ee05d197e24b7bafaac3e2cbc7e55,2026-06-28T00:00:00,shipped,328.9
dcea1e15-3015-4313-84fa-7068cd06c78f,fb1756887ae59c1b0efe8d0544d94815,2026-06-19T00:00:00,returned,264.66
5e9269fe-41f8-4693-8249-ff6956aef20a,97dc91f9e896442f6ac9650bb2a9b594,2026-06-19T00:00:00,returned,642.6
5a11b1dc-b984-45d7-86a6-a41c2789ce73,0beec065ce2d16d3a8dbb22b87cf4c43,2026-07-11T00:00:00,delivered,188.91
a60f8576-f6ca-4cb0-88e5-87117d8de08b,4be1583defacacfea129170626a62569,2026-06-19T00:00:00,delivered,166.35
05ad8130-3e99-47d0-85a3-55c338fe8d0d,1145616de76e14f4e7fd5452c2be149c,2026-06-25T00:00:00,cancelled,174.59
9e4e04d9-c75e-482b-b5ed-0682ff9ccf5b,d55e594accb5b8cd7e3c26cdd854f5bd,2026-07-04T00:00:00,delivered,212.65
53128134-23ef-4310-a752-f3e16821e266,fc25f71bab94146446884fc523121d48,2026-07-10T00:00:00,shipped,1210.54
c1b88cad-88ba-453d-a9ff-d6f159c83501,bf031ca9921548300245c13a81fdd17d,2026-07-08T00:00:00,delivered,289.25
836878c5-b24b-4f1a-877e-145b33febc39,07f1a64852859634cccf3e52125aa854,2026-07-16T00:00:00,delivered,461.97
ee51e3e0-c430-4d91-9e70-d7fd4ccfff5d,55fbb64f60861980e74c4f136f304297,2026-04-25T00:00:00,cancelled,96.85
d93d0c68-9c88-45fd-9189-3d400cc792a5,e94f497b64b4c843216126feedb1dfae,2026-07-14T00:00:00,delivered,1940.67
e2421a17-5bcf-4aa7-ba07-f19c4bf66a5b,84f30d2fd3937449dc7e0c835c281961,2026-05-16T00:00:00,delivered,128.69
ac062561-970d-4fd3-93ec-a39b0e8ae79e,5273449e12a174a67f5423126de96435,2026-07-16T00:00:00,delivered,281.06
b0de6a22-7f5d-4dda-9fa7-631f1ebc439d,acfb17c1122b06dd09ea27d6e55cd139,2026-06-22T00:00:00,delivered,424.23
1b102d56-c98a-4cef-8e45-534c384d19f7,16df396804bc71ff9a59764e3c0f490c,2026-06-30T00:00:00,delivered,357.39
3c615af1-e291-4f2a-803e-dea193f38b58,6e9c6c2120611104445c767b78377d21,2026-07-02T00:00:00,delivered,644.52
f179f5f9-155d-4104-ac9c-08ac8a641632,addec96d2e059c80c30fe6871d30d177,2026-06-12T00:00:00,delivered,207.54
378935d2-e753-4b24-b046-2f4d827fba86,5a3ee05d197e24b7bafaac3e2cbc7e55,2026-07-10T00:00:00,delayed,690.45
5ca71ad8-efae-4fff-94b5-84cac978d54f,0826e933ca018e8b6d1ceaad86d82691,2026-07-05T00:00:00,delivered,1523.11
fb0b3cb9-a602-4593-be4a-0a7e1a89348c,a012820fbbced38a03331716e231e0ba,2026-06-24T00:00:00,delivered,71.96
73190f08-994b-49f8-b086-6c9e4909bd7c,cc438a8c7120027da70eafaf8c3727f8,2026-06-30T00:00:00,returned,375.56
bc89647c-746c-4ede-8b52-c19da16a9b3c,f5956e481edfe26b2a8a8035f0ccfea8,2026-07-02T00:00:00,delivered,899.4
7db2b283-c0d9-4048-8c7e-1918c0a709fc,f72d1ee92d55688d07ca88506300715e,2026-06-27T00:00:00,delivered,238.45
076868a5-ce94-4a67-984f-5ac5c73b20e8,e607ede0e63436308660236f5a52da5e,2026-07-16T00:00:00,returned,375.44
13d4125e-8694-43f0-a814-5b89775c129c,0b48151c4ac827afeee06ce2d77cc343,2026-07-12T00:00:00,delivered,170.15
fc55974a-5200-4cca-ac31-d8860297f069,99da196553d9b67b1c762a712a8caaf6,2026-07-09T00:00:00,returned,517.58
abbcd97d-55bb-4082-aad2-5335fb46e934,ece8fc191a00edb90d32f45d67a3a178,2026-06-01T00:00:00,delivered,3077.17
8abbb710-d1cf-4438-9782-e8df1c0c48ff,49d79c76cf12065b7a08103cdba3e1b8,2026-05-05T00:00:00,delivered,1073.78
9d69ff26-d965-4c3e-856f-72f54d88934f,3edc2805e049db7e556130362bb517fc,2026-06-27T00:00:00,delivered,157.36
e0e7cba7-fc34-4e39-8bb7-c882ae7dcbed,d3a5fa065a68c1f357e6d8f4385938ee,2026-06-14T00:00:00,shipped,388.59
739934fb-710f-4d04-81e2-d1c3fc3f9ace,81f3e3289b23460a82aa60a77017d421,2026-06-25T00:00:00,cancelled,156.59
ccdc48be-6fdd-4398-b463-bd06f4f33645,f2772c6e5817727fbe9b6932ccaa438f,2026-07-06T00:00:00,delivered,240.99
7d76f583-bd74-4c2d-8068-d569f3768960,317a5bc8cf58c4401e221c74d7a51982,2026-06-28T00:00:00,delivered,1034.58
39f9733d-e8d8-406e-b06f-30df1b307f82,0b48151c4ac827afeee06ce2d77cc343,2026-07-03T00:00:00,delivered,1140.72
aec5a40a-f3e9-4b0a-b61d-3341ea6894ef,5a3ee05d197e24b7bafaac3e2cbc7e55,2026-06-27T00:00:00,delivered,78.03
c090a455-17d2-402e-9145-df148d11253b,4b384b778ebc0449d0244902bfce7beb,2026-07-11T00:00:00,delivered,829.18
23290dbe-9b31-4375-b466-4d8a284eb00d,3ed4235d521c24fec4f77d4254e070b8,2026-07-11T00:00:00,delivered,319.3
e0c90e4f-5ad2-4344-a6ef-1e957fc73540,fc25f71bab94146446884fc523121d48,2026-06-29T00:00:00,cancelled,11.27
92f85a8a-e66c-40fa-8509-f6020b55cbbf,24bb50e3ea35adf9a12adc0a440563d0,2026-07-03T00:00:00,delivered,44.26
d75b1b52-405d-4ca6-a4d1-0be6ca98e73c,97dc91f9e896442f6ac9650bb2a9b594,2026-07-13T00:00:00,delivered,270.52
dc44cca9-045f-41f2-81aa-7f234ffad2f3,38e31fda99a5fb901d27134d18d36c75,2026-07-02T00:00:00,returned,8.85
76d9e8c2-0792-4ce0-8828-018890173cf1,7cf6aa111c7b888b8f9fcc26b6fa1130,2026-07-07T00:00:00,delivered,854.53
7d028989-6d44-4896-a475-261bd244249b,5616f75d22507069b5383854a1d8c414,2026-06-26T00:00:00,delivered,200.15
a8b44444-a23c-4928-bac6-f196126274c6,7dc06f440f8107432896e33a18da3e38,2026-07-06T00:00:00,delivered,432.3
ef2f1198-024b-4245-9667-cf8da24324d5,61575c95d9e40ecb8277a9cd8ace01c8,2026-06-27T00:00:00,delivered,450.72
420cbb60-27f8-43aa-ab13-2d78692f8664,6e5dd140cba7cbcb0c66aaff5e796786,2026-07-12T00:00:00,delivered,1370.8
7866ae8a-16e5-4971-b7ec-860b3cdba612,e6925d3e39cebd0f699008b248e58361,2026-07-08T00:00:00,delivered,3039.25
db8f35fc-0567-4386-9cf8-a67b77697d6d,00e984e99fdfd52943156d2d7eb4a5e6,2026-06-26T00:00:00,cancelled,297.45
6f9dd87b-e37b-4a39-821a-3e2edf8edcba,0b48151c4ac827afeee06ce2d77cc343,2026-07-03T00:00:00,returned,510.66
beb18d89-02a6-4c06-adb3-27cc95336f91,0890bfbe7e7ce34f5ead1f48e41e5772,2026-03-02T00:00:00,delivered,121.17
c68d2f05-6714-4518-895d-5fc603ecc95c,5f906880e2ce13b655bd34d324a48ea9,2026-07-07T00:00:00,delivered,152.98
e66fa7dc-fcf2-4ed5-abd4-f136dea28f01,c4ad2cc1cab80dd3e916573b773cdfcc,2026-06-28T00:00:00,shipped,1434.84
d74544cd-e846-43fe-946c-948490f245f5,5a3ee05d197e24b7bafaac3e2cbc7e55,2026-07-09T00:00:00,shipped,239.7
977cd59d-21b4-46f0-bb80-7147944bc899,cee8e1f2b6da0d4a835a0341f3d109f6,2026-05-31T00:00:00,shipped,735.92
c77e304a-aea6-418f-9e1e-6feeb8086c13,e9dc105c3da1d2c71a3540f37385d3f7,2026-07-09T00:00:00,delivered,442.37
496433d6-4f69-43f5-95a8-7516095c5778,494c6658198b47787205a06421bb9403,2026-07-11T00:00:00,delivered,441.34
d14923d4-db1f-4c46-ac8f-f7cfdb60490a,9b61c2fdf2c0a670763b67aad64dab3d,2026-06-27T00:00:00,delivered,483.65
abe5f303-1de8-47f0-8c76-f597ec8df91b,9f67d6145893e41e7ada2e646b84f658,2026-06-19T00:00:00,delivered,1017.71
ecb91203-1c71-4314-8b3a-7e086344c5e4,0cb7f0c5d651cb95e32abfd633338af7,2026-07-14T00:00:00,delivered,611.25
03baf9d9-3e39-4612-b4c6-ba852019924a,5efeef1510d928c549c082d0ef4447ac,2026-07-13T00:00:00,delayed,578.08
7768bb6f-599b-4ef7-866d-18408de689f4,2a802e5f8676d69fbfed47ad4b9f35c9,2026-07-13T00:00:00,delivered,494.63
c84cf1d6-3f10-4915-85c8-b65e764b5a08,5a3ee05d197e24b7bafaac3e2cbc7e55,2026-07-03T00:00:00,delivered,667.47
5086f369-6b0e-41c0-b75b-7864b3fb1569,9e496be39289cedb58494ef74a1c8bb1,2026-06-24T00:00:00,returned,447.37
2350b06a-64a5-4dfa-aca8-3dfd05ebaeb6,84032c13e75382a35c99ae73156b30b9,2026-07-07T00:00:00,delivered,158.16
0e79def1-10a3-4264-a924-0f642a663799,9e066311b498f2311b3e21a6577fe238,2026-07-16T00:00:00,shipped,229.17
90dc99b2-1c25-4f46-a7f0-3cb747f57a1f,5a3ee05d197e24b7bafaac3e2cbc7e55,2026-07-05T00:00:00,delivered,764.94
2de68297-cc01-4a32-ae3b-3a4871fa7a7d,70a2aece5345a514bf960b01975aaa60,2026-06-15T00:00:00,delivered,651.27
ce53f52f-f05a-465d-b9ba-5b3e2b56ef4d,38e31fda99a5fb901d27134d18d36c75,2026-07-10T00:00:00,delayed,176.15
fd5059cf-6ba7-42a1-8a62-d27e465e60d0,65f03fbedc7e8316cd4eeef6480b681e,2026-07-17T00:00:00,delivered,417.94
8951487c-46c6-428f-9ad6-9b9d6afcef61,68ef37029e128c6e666b338276b2a47f,2026-06-26T00:00:00,delivered,58.3
831ec38f-0d97-4181-be78-8fbc5c493d22,e44a59cd3178714eaf095face6112af5,2026-07-06T00:00:00,delayed,605.68
7de26e61-785a-4227-8c6c-506f0dffef91,71f88676a49942af16839e9690b97f54,2026-07-10T00:00:00,delivered,421.5
585011cc-7446-42a2-9ceb-b9c6df6ea13d,ed2e7c127faf8aacf910fb4ecb881966,2026-06-30T00:00:00,delivered,74.12
235a066f-2d0a-4aee-8755-122a68866e1a,941590fb8aef66b3a8352fe7c691879e,2026-06-18T00:00:00,delivered,688.63
16edc385-a13b-46e2-ac89-bc0c2c80c253,97dc91f9e896442f6ac9650bb2a9b594,2026-06-19T00:00:00,delivered,73.26
3a35647a-2e64-420b-b4c3-0207bca879c8,80751f3256e9ecc03c4556904f6d72c8,2026-07-17T00:00:00,returned,191.66
2190b818-a0d2-4661-b61e-15af2448fce1,d0a9421d1143535e463a15d18fcddf90,2026-07-13T00:00:00,delivered,593.82
c0335fd5-582d-4f34-86c9-17c4a431fe3a,2e22a2c99a49984d1ef90e308770ebe4,2026-07-16T00:00:00,delivered,955.95
dc4048a5-27f8-4ae3-953e-b11552312cbe,0e0f83c35771f4b6e283a6e40bf11085,2026-06-10T00:00:00,shipped,1003.47
4e9b641a-4952-4b76-9957-79381f8b7217,470a8f2e1dc7b277e4625f23039c6f84,2026-06-11T00:00:00,delivered,187.39
28ffc533-8357-4c07-9b19-cb5f0bf049ab,6832ad9ac97f82c7c5d614fb8e632e7b,2026-07-08T00:00:00,delivered,212.5
c3292403-1f91-4793-9ff6-df7b0695141f,fd837fa3548f0e74f75081f38a34e56b,2026-07-15T00:00:00,delivered,301.86
1ffdd61f-bef9-4686-90ed-c075a58a4609,708dc8654f9d1d415d0ea6fffb898f2e,2026-07-04T00:00:00,delivered,438.62
bc427c46-cabd-41a8-8d12-360afeedca15,75ecead8782ef6730e1f7e51f7052f75,2026-07-08T00:00:00,delivered,1222.01
3284c906-a58d-4474-b7a4-8243b333fdbf,d20f34444ce44ca683d46e9da98456e1,2026-06-17T00:00:00,delivered,489.73
8824410a-c0a2-4194-90d6-72fbe9cb033a,c3d1d99aa10c2e90ceb77c2197e1ae16,2026-07-07T00:00:00,delivered,286.25
89b91c6f-4df5-474e-87c3-116ad0533426,a214e70576ced674f9ff61d283ab272e,2026-06-08T00:00:00,delivered,781.57
cfaf322f-b493-4b9c-8d8d-2d832bcbe391,5a3ee05d197e24b7bafaac3e2cbc7e55,2026-06-22T00:00:00,delivered,279.35
317f7867-2ffa-4b46-ac5f-5c648530b43b,00e984e99fdfd52943156d2d7eb4a5e6,2026-07-09T00:00:00,delivered,511.37
17fee442-821e-4c6e-a721-00704cd68ca9,929de36edcb645b07f26d1871120a9ab,2026-06-02T00:00:00,delivered,958.34
84dcfec6-8911-43b2-8445-c18ff6eb73f2,fdcf4139f50f370c91e8b8f33adde2a6,2026-06-25T00:00:00,delivered,303.72
e77f66d0-e167-4d79-8a20-6a5b18938598,5a3ee05d197e24b7bafaac3e2cbc7e55,2026-07-03T00:00:00,delivered,791.15
a26d72f0-e9d4-4d6e-83b8-45163d29c149,e9dc105c3da1d2c71a3540f37385d3f7,2026-07-03T00:00:00,delivered,295.45
e82a9425-3f5d-4d77-8ebd-f6b91cbc81be,f9b752c739b24875babd3d3207928767,2026-06-30T00:00:00,delivered,175.57
7ce0a38d-c32a-4d27-9a9e-e1d3a0cb4448,a012820fbbced38a03331716e231e0ba,2026-07-17T00:00:00,delivered,22.57
be500ab9-f585-465b-ac3a-2a995708d676,40c4c308279011b2e5b85c75579f415d,2026-07-04T00:00:00,cancelled,139.1
39134e00-3656-4fe4-a489-6820e7dd2650,b6e99561fe6f34a55b0b7da92f8ed775,2026-06-28T00:00:00,delivered,312.07
09003abe-a51c-4e4c-9b06-1a752900a42d,b4b26faae91bc1b8f9458d29bc3c200c,2026-06-05T00:00:00,delivered,120.52
fd423b7f-6b73-4a3a-8fdf-358019263516,5a3ee05d197e24b7bafaac3e2cbc7e55,2026-07-02T00:00:00,returned,345.19
9d9d3538-92e8-4d31-aae4-a2c216f8bd13,0b9ae040f85e7cc54f7c20efd637c859,2026-07-17T00:00:00,shipped,338.44
7f712a91-c2b4-4fcf-b92a-0203cfaae3a8,08b4c336c9d41a15dfd9259c6ad8c93c,2026-06-30T00:00:00,delivered,1126.28
abf09db5-6aa2-4e51-827c-d55fc4e20b46,113bdaf5255ce5a458057ebf9975befb,2026-06-19T00:00:00,delivered,518.66
b3104467-1430-4b6d-aa9e-9600d34cca1d,485fa1b8db05ed6fa0062ece4ce80d2e,2026-06-26T00:00:00,delivered,302.5
92e22596-035d-4b3c-af80-19cd184d1afe,99e41e69b60bd63edd83935499523063,2026-07-17T00:00:00,delivered,674.18
75b842a1-92c0-4425-9b24-e7950dd4c820,2d2f795be3c86374ae2ffecaac3c4013,2025-12-24T00:00:00,delayed,290.1
a3313557-7937-4a01-b69f-cce422ec90ce,f9b752c739b24875babd3d3207928767,2026-06-20T00:00:00,delivered,139.72
0cf75ecf-5435-4484-87c7-1fbd2659b8a8,0b48151c4ac827afeee06ce2d77cc343,2026-07-15T00:00:00,delivered,1539.37
a8f3db25-527b-4af2-a5c0-7084d4d226f3,a356a8567cf4cd5ce32a18e6e7fcabc8,2026-07-02T00:00:00,delivered,529.95
b6750df3-2f3b-4097-8b8c-d4f69904f2ef,89e3027de49c3012858cfeb7f5a34f59,2026-07-10T00:00:00,delivered,177.63
997b1549-1eb0-4083-ace0-0a2e93544f33,17ecbb11ad271dc15ba46b93be52062a,2026-06-15T00:00:00,shipped,103.87
ab551408-2ded-4750-883e-2ccd7d875ed7,90753e87d6102e8136a26f7c2e02b35f,2026-06-22T00:00:00,delivered,232.37
d71d3355-a920-4d90-9340-8b343e55da1a,54fccbde5e005f2dbc6ad8d5473c9ac7,2026-05-28T00:00:00,delivered,145.51
72419881-60d3-483e-8cfe-41be7e8f7376,e527d87e5717a8e1432c67e902a56a9b,2026-06-29T00:00:00,delivered,623.95
98be530d-1fc7-4e4b-9beb-3798e8bc4d82,41d92d0cb5f7f9ec270a722ff8fef153,2026-05-26T00:00:00,cancelled,763.17
a4ba97d5-63d7-4012-a87e-50a43cb57cb2,8b87de30e17e4685d7e61af6029a8d1d,2026-07-13T00:00:00,returned,155.26
a4e1c67c-0b1e-435d-9354-3c4e146a01b5,5a3ee05d197e24b7bafaac3e2cbc7e55,2026-06-19T00:00:00,delivered,142.28
c6f39da5-46d5-4f87-9f54-759840af7d34,b0b94079598f018f9e72e9698aefef33,2026-07-01T00:00:00,cancelled,1132.55
94fc0b48-8591-41aa-9ae2-a026f42a03fd,39e2788db03e5eaeb2935a7e479682c6,2026-06-13T00:00:00,shipped,307.45
0096a7a2-e8d9-4cd2-9c36-f2647b44c797,5a3ee05d197e24b7bafaac3e2cbc7e55,2026-06-19T00:00:00,shipped,534.62
5ab2044b-5422-408e-8df7-c685277eefc1,7c64114d404c93f2c4305a9f2e7dc3eb,2026-05-26T00:00:00,delivered,195.23
30f35148-0210-498e-922a-daeeed1c84c3,cc117a146f6e56e036afcedbd420c0e6,2026-06-25T00:00:00,delivered,205.16
3877f441-c39b-4592-8c73-608700306504,97dc91f9e896442f6ac9650bb2a9b594,2026-06-15T00:00:00,shipped,367.11
702e763b-363b-4312-a59b-3352118803ad,5a3ee05d197e24b7bafaac3e2cbc7e55,2026-07-14T00:00:00,shipped,2049.84
e188910e-163d-405f-89ec-89e41c3b8292,0b48151c4ac827afeee06ce2d77cc343,2026-07-01T00:00:00,delivered,93.81
045814b6-697f-49bc-afbf-8bbfacca21b1,00e984e99fdfd52943156d2d7eb4a5e6,2026-07-05T00:00:00,shipped,105.44
42c19397-717d-461d-a73e-3bea681064f2,2a2eeca87e56515b095e26141f95a2ce,2026-06-22T00:00:00,delivered,740.25
8d926fa0-d985-44ab-a51e-6afe7cef5b00,5a3ee05d197e24b7bafaac3e2cbc7e55,2026-07-15T00:00:00,cancelled,83.36
e5978765-5ca0-4fdd-86e6-de8cc209ceaf,be2cff6c84f1683300337ecd499992e0,2026-07-16T00:00:00,delivered,368.35
bfe22e75-2d0f-430e-ad5a-1207244e1142,d9b9b04147bb5cf5c5cd8c114b3cca35,2026-06-26T00:00:00,delivered,209.58
e5bb1e6a-fa6d-4edd-9b89-534c17c8bc28,a66e716d02b556bd6a57ee40c8a610ef,2026-07-10T00:00:00,delivered,43.22
c27643d2-e39a-4ced-aa0d-f29dc9b6e401,c7b7d8934b4a3ce51288162d4f7a1399,2026-06-21T00:00:00,delivered,1050.76
3ef98c8c-9df7-4921-a051-03f56c1f83c6,035b9e2e22e07827ab0ca933ad55f89a,2026-07-12T00:00:00,delivered,421.87
d9b06a12-ad9a-4e1f-93e9-2e9a56ccee09,4be1583defacacfea129170626a62569,2026-06-25T00:00:00,delivered,217.14
2110380e-30b3-488b-a372-f4e5df08335f,5a3ee05d197e24b7bafaac3e2cbc7e55,2026-07-07T00:00:00,delivered,2088.38
97aacbb5-f973-4189-8942-a9afee2dad26,80042d5c5e74c4cd745d8c8832f1b506,2026-07-02T00:00:00,delivered,207.13
0363e506-4d60-4e9c-bfd1-99aefe277448,0b48151c4ac827afeee06ce2d77cc343,2026-06-24T00:00:00,delivered,465.39
66342ee3-b0ce-47d2-8a3c-092824daedcb,e640111298500f5006fac7f416d7637f,2026-05-29T00:00:00,delayed,591.81
31822621-a243-4da2-8462-1516a198661d,6a4a6b6ca4705fbb205db9348233410c,2026-07-11T00:00:00,delivered,175.47
5f8a6b50-7f4d-4614-be6e-0fdb7336ab96,4563a5506935785f8c7e94005595cb53,2026-06-27T00:00:00,delayed,212.09
34cf237e-bccd-431b-863a-b0d97c81d231,5a3ee05d197e24b7bafaac3e2cbc7e55,2026-07-07T00:00:00,delivered,664.21
7a61704b-4e2d-4f3e-816d-bab315cd1021,67626c49069bdf05ff127d59a6649948,2026-06-23T00:00:00,shipped,2312.03
c6214dc7-f639-4e5a-a88f-c595e6d92fa6,b55c4cbaa102fdce0375bc2a92ed4bf8,2026-06-29T00:00:00,delivered,439.96
bc50b4df-775d-48e8-b5e4-9b0e13ef349c,4f8959e75186c78246b83bfb4219e419,2026-05-25T00:00:00,delayed,778.18
1be9d9ce-0034-45ec-aa9c-ff9620da38c4,2e5b5e44efa832c60072aeb33027cd65,2026-07-17T00:00:00,delivered,923.09
52bd9601-d20c-4fff-bf03-e31a4492b75b,34c6f984b590bbfe3d4d6c76007c0b1c,2026-06-02T00:00:00,shipped,222.02
417b09a7-8901-4f94-9650-45e1c6dc6a5a,1fe7afd58ce8429c5a8d27bf8c24738f,2026-06-09T00:00:00,delivered,450.79
d6f110c4-8bf1-4938-8b40-1ce677b2e4be,58e41c352b12a7e96c322dca803dc08f,2026-06-21T00:00:00,delivered,344.12
2a12f459-e881-48fd-9d76-968fb29cda81,5a3ee05d197e24b7bafaac3e2cbc7e55,2026-07-13T00:00:00,returned,101.33
815ab594-91ba-43fc-92b2-7109de155932,6995203f8a5ddbd2fad3a9df1e099a51,2026-06-02T00:00:00,returned,82.89
315fc3c5-c550-47d4-94ef-1e0af5ed7289,5a3ee05d197e24b7bafaac3e2cbc7e55,2026-07-17T00:00:00,delivered,508.83
8ffd4541-9292-4bc7-b828-58e812aae1a8,9f51f38ab4c123b449203a821414c3ef,2026-06-30T00:00:00,delivered,98.7
2c46bfe7-0b78-46a0-9ba6-71f796211fa6,13ac6da47fef1b17b16f511e03b57918,2026-06-27T00:00:00,delivered,2272.17
c0b7f9e8-10d3-4bd9-8132-20bcda09c0c4,5a3ee05d197e24b7bafaac3e2cbc7e55,2026-07-16T00:00:00,delayed,138.88
23c8b04f-7013-4fc7-842f-6f73b195ee12,ed20342b0e962655501a9a62f29e9a3c,2026-04-19T00:00:00,delivered,767.38
63c672e0-51d3-4680-bea8-66a5763329de,ad076f69fe41e2f2e356025bf2751920,2026-06-26T00:00:00,delivered,815.93
62eb21c7-c7b3-4309-9712-354782647a03,0087c31081ea8d160baa06bf4ad4d76f,2026-07-16T00:00:00,delivered,152.43
bfd7882a-13dd-47b4-a5c3-2dbf7fabcdb6,9e066311b498f2311b3e21a6577fe238,2026-06-27T00:00:00,shipped,703.1
1a092c9e-90c3-4516-a56d-41fe485904e1,3b460ededc4c23cb9eae28c706b3a310,2026-07-02T00:00:00,delivered,559.44
808dca8e-beb6-445f-bb2d-14ea6ba5e7dc,5a3ee05d197e24b7bafaac3e2cbc7e55,2026-06-30T00:00:00,delivered,395.46
45aeb57e-908a-4cc4-bcac-6f92c18642ee,0087c31081ea8d160baa06bf4ad4d76f,2026-07-11T00:00:00,delivered,974.56
70e2d2db-6592-45e2-889f-eb3be0b84ecb,c1a83a518dec21a938b5ca2a66e47ef0,2026-07-13T00:00:00,delivered,285.01
6bbb45af-915e-4bfc-a2bf-9d96ab398bfb,4b0cbf5ea22869c5ea269442f9b849e7,2026-05-19T00:00:00,delivered,54.1
8302a44e-fa9a-4f23-9641-8c7267e93cce,d3b1ea21e85de5679eb875b8a3a9dd4c,2026-06-21T00:00:00,delivered,430.81
4e831ef1-18dd-4639-ac1d-1520779b0ef7,561e71dc2bf45afd3c2c7130bed4e370,2026-05-23T00:00:00,delivered,656.77
6b934525-006b-44bf-8fc7-020908f9de6d,340152332a04149987a705602615f0d0,2026-07-09T00:00:00,delivered,488.62
45faff1d-683d-48d9-b5fb-f703e34b0454,b4a9706266706041c10bac3e7ec4316a,2026-07-01T00:00:00,delivered,558.57
e5681886-a59c-4db8-93bd-37ea1c0a1567,2561161bc52cafa1be6e80ed9c92c9ea,2026-07-07T00:00:00,delivered,1571.25
feb7d157-e859-4e9a-8831-810f56252bf4,144b9f1cf244df05e042b5262ecf97d1,2026-06-29T00:00:00,shipped,445.8
cabbd864-da73-4f72-b1f7-e8366770fe4f,93bf5d4e752358fa9ea738ebf793cb79,2026-06-15T00:00:00,shipped,301.07
f74bdf37-ee9f-4974-8441-ccf6c69a19dd,b310264264a53605778ac08833bd5514,2026-06-25T00:00:00,delivered,556.11
2f10b057-436f-4676-ac52-e22c24c7f7a1,3e8f3e58aafa9bb38d7b2ace611ff6af,2026-07-17T00:00:00,delivered,367.07
bede6215-fa19-42dc-b8a1-7661e993c7b4,4914496b4e80679b99277e6a337715b7,2026-03-15T00:00:00,returned,306.54
ceb62566-8093-4104-b3e9-a8d3c24c7333,6056d31a9cf9cf98ea9de7ef86cf4f5d,2026-06-25T00:00:00,delivered,302.4
1ba60993-ae77-433e-b85c-c5797fcb7434,a72a2d4e19868dba726c0e6f49198c7e,2026-06-25T00:00:00,delivered,511.79
a1026ddc-e890-4ab4-88b1-ff2ae3a66ee1,643b807a55c5add3c91379b31f50d206,2023-05-11T00:00:00,shipped,257.3
bd50c922-cf0a-4922-ac9d-9ce977363cbe,01ecc1f1f21f05d0736c99d92646f132,2026-07-04T00:00:00,returned,1387.51
ffada1c6-046a-4b83-aab6-08b345157362,5863a84c48e166291a930a8fd88f92aa,2026-07-10T00:00:00,delivered,352.63
e77cf9d3-cd82-4dfa-829d-58703f59e553,2699b1bdee690329303fb2c0aada1c1b,2026-07-10T00:00:00,delivered,33.32
93d6a243-2f3d-43c6-a0e2-748f222ba05a,f054e8c1cbcf5e89ddd9b615c349936b,2026-06-08T00:00:00,delivered,381.52
74191814-e691-4812-8f73-c653d9384aff,58e41c352b12a7e96c322dca803dc08f,2026-06-27T00:00:00,delivered,2558.81
6612df5a-b6e2-42c4-879d-901234d64ad3,cecd5e9d39fddb69384c1c31bdfac666,2026-07-12T00:00:00,delivered,930.65
6cf5678b-70d9-4625-adb0-256bac132843,5a3ee05d197e24b7bafaac3e2cbc7e55,2026-07-09T00:00:00,shipped,307.74
211098e8-9273-4e29-9044-e16ff5455d4f,96b1c916f245f2462efcde3fce04bc3e,2026-04-26T00:00:00,delayed,2426.7
bf094690-0760-4023-8e4f-010c08f86468,3341514b8049f4a268e4188fb0211d34,2026-07-06T00:00:00,delayed,439.46
609f94f2-0346-40b5-9b34-d1e1ef436d52,239eca76b80e32a2d564284842d7ba44,2026-07-06T00:00:00,shipped,264.45
7f9dfe79-662e-482b-9b05-e927eb01afcb,701ada356e78d72bfd5b279280762b79,2026-07-16T00:00:00,shipped,1255.91
240a5b92-e0bc-4c26-a7de-04d3b5f84e59,684fda5905aa430123c7b293106a337b,2026-07-01T00:00:00,delivered,615.54
0ba8073e-ddc2-4663-876f-d2d04d4145e6,8e0275b5c7fb6f05e312a1079a674410,2026-07-17T00:00:00,delivered,189.26
4e82cda4-f1b9-456e-80db-c746d9f39a78,0b48151c4ac827afeee06ce2d77cc343,2026-07-16T00:00:00,delivered,17.36
3cd52793-d5df-4766-ba0f-88dd1ac80103,5efebfd4cc8bc54a199c512d3bb1c6a4,2026-07-04T00:00:00,delivered,497.71
019bf6a0-cee8-43cd-a9e1-ae0a6c08d243,5a3ee05d197e24b7bafaac3e2cbc7e55,2026-07-14T00:00:00,shipped,57.3
a66fbc9d-4b51-43b3-a6b1-9769fae01d6f,4b0cbf5ea22869c5ea269442f9b849e7,2026-05-20T00:00:00,delayed,360.54
e409ab71-b02b-4d1c-a32f-5daf499a398f,f988e05b9c8653f57178a723dc42cfe9,2026-05-13T00:00:00,returned,248.04
45671a83-ba3e-4f9c-a8ce-a47d41a397c5,3c34090736785a45dd8cbf536ad289c4,2026-07-15T00:00:00,delayed,351.36
49e2ff51-8dbe-4df6-a535-b874a601738d,a40096fc0a3862e9e12bc55b5f8e6ab2,2026-07-04T00:00:00,shipped,1092.81
1fa59ba5-95ca-414c-927e-868304c2ade2,01726e5d6a88d1a8dffd9578872ce54e,2026-07-16T00:00:00,shipped,50.34
ff4e9420-d552-4948-80ba-305f67f2dce5,99e41e69b60bd63edd83935499523063,2026-07-09T00:00:00,delivered,302.26
0c6437f8-e350-4aa4-91f2-8f3e7c540eb1,5a3ee05d197e24b7bafaac3e2cbc7e55,2026-07-01T00:00:00,delivered,73.83
c550d230-1a08-4c1c-a8f7-43411fa23f1a,513f44fd9ef4992cdf77e9b60dd986af,2026-07-17T00:00:00,delivered,237.98
e8d0a723-3e7c-466e-bd9b-67ec7906b2a5,f4371991881a328886a134bbc99cec9e,2026-07-11T00:00:00,delivered,10.52
c178de22-19d6-4d96-83ca-06012b478f8a,4cbdc0f2029c78a012c400623a82e55f,2026-06-24T00:00:00,delivered,116.33
eafdd4d7-fbd3-451b-90e9-bf43e1393e14,5a3ee05d197e24b7bafaac3e2cbc7e55,2026-06-24T00:00:00,shipped,340.64
213d9a40-5d9e-4d84-9738-2adf05c1ef23,65333bf484bb685082b70adc3e154aeb,2025-12-10T00:00:00,delivered,112.57
285ac092-3232-45c7-86be-164f05dfc0f4,5a3ee05d197e24b7bafaac3e2cbc7e55,2026-06-24T00:00:00,delivered,222.1
0a304ba8-365d-4bb4-a227-4c095fd2cfd6,97dc91f9e896442f6ac9650bb2a9b594,2026-06-22T00:00:00,delivered,166.23
488d7590-2800-435e-848b-827ff51d58c2,8c8b21e9534948db376200dd8de97c98,2026-06-22T00:00:00,delivered,550.08
972787d8-064b-4b69-9cb7-b980495a206f,caf8cfa0ac3ff60facda076545837647,2026-06-27T00:00:00,delivered,1268.89
cbf368a1-2982-430e-9b49-caef3fff30a4,f0b5a265570e4f0518db6f9dccdbd1e0,2026-07-16T00:00:00,delivered,411.15
e4991227-3de8-47e9-9de2-c612f0c5e224,340152332a04149987a705602615f0d0,2026-07-11T00:00:00,shipped,233.83
74f9a093-906e-49bf-86e8-f24d2c5ca6e7,d85547cd859833520b311b4458a14c1c,2026-06-30T00:00:00,shipped,872.84
eee3ad76-d4a0-4506-86e7-4d2dc355d28d,f5479eed84b3486132141fe08c598b95,2026-06-10T00:00:00,delivered,96.77
f0775d52-5d3c-4f6a-9700-93fa1dbdc66c,f054e8c1cbcf5e89ddd9b615c349936b,2026-07-01T00:00:00,delivered,696.11
8bf92d9f-a30b-491c-99bb-a7c9308ce51a,0dd47ea03f3e61825df9e2bc94c292f1,2026-07-10T00:00:00,shipped,1122.54
1de99895-985e-40c6-91b1-65cfef5a2f47,f00acae66459f1828fc1feba2c759fa0,2026-07-01T00:00:00,returned,478.05
ac6fffab-372c-456e-9681-bab401f8135f,9751244bd65fd1f1166ab7f3e10a31ab,2026-06-24T00:00:00,cancelled,303.14
ebaae632-f021-4f51-9c1e-9fcb52513026,8c2e1b595fa98d5f22cb089e0e70d9cc,2026-07-09T00:00:00,delivered,7.79
6843d34d-0997-411c-94a0-59e36a5837c0,be2cff6c84f1683300337ecd499992e0,2026-06-09T00:00:00,delivered,29.28
ad80b8ab-0d51-4e25-a7d2-b9a6eb0eea95,f152faf30f85d9b5784cc9a72611a810,2026-06-29T00:00:00,delivered,61.95
2199e4a4-ae04-430b-b239-02b922ef0595,55fbb64f60861980e74c4f136f304297,2026-07-02T00:00:00,shipped,359.76
9330ecef-833c-47f2-a24c-fa75079a3a2b,05c567475380140907b9ca53ba1dcfeb,2026-06-12T00:00:00,delayed,1415.45
edcf293a-b1d3-4a3c-bfc2-b2f943e77201,27f610da50d98eb94f1f0745606bc9f1,2026-07-10T00:00:00,delivered,470.93
49c84178-716d-4413-9492-ee10d496f187,96b1c916f245f2462efcde3fce04bc3e,2026-07-07T00:00:00,delivered,199.63
9d7f6daf-71a4-429a-8970-6f76b290a7b3,727939c2b657e1ef6b6559b8e151e15d,2026-05-17T00:00:00,cancelled,704.32
c9acc3bb-990f-435c-81dd-3c9690c946ea,2da15ef83ce8831c824aa43f2af3eff1,2026-07-09T00:00:00,returned,2320.0
ddbda16c-4798-4249-b636-582e44b1b722,708dc8654f9d1d415d0ea6fffb898f2e,2026-07-12T00:00:00,delivered,312.55
bd9aacae-5959-48fb-a70c-b1a0ec6c420e,5a3ee05d197e24b7bafaac3e2cbc7e55,2026-07-08T00:00:00,shipped,1883.14
0198d699-4fb8-4356-a11d-fa58e1e51d0b,a2346489c23a35ba85d17038fa1cb7da,2026-06-29T00:00:00,delivered,522.43
cc0c034a-400e-4838-9fe9-2566a7f986f5,7c5f2513d8feafd1ee95553ba1269a56,2026-06-02T00:00:00,delivered,831.87
9998ccc5-42af-498b-8a88-be6fe3d52fe9,38e31fda99a5fb901d27134d18d36c75,2026-07-09T00:00:00,delivered,355.98
06c7ee7e-d3b6-4626-a635-3e4884bde10b,0b48151c4ac827afeee06ce2d77cc343,2026-06-29T00:00:00,delivered,301.29
a5a5f434-d0a7-468f-8be5-d61fa4913db0,0228e299d1cabeaf9be64b5ccd784c97,2026-05-06T00:00:00,delayed,729.04
f0e1cc13-9d47-4da4-b3d0-5b14200f0d21,be2cff6c84f1683300337ecd499992e0,2025-12-04T00:00:00,delivered,759.05
4ff9ca81-542f-4bf8-acbf-da1573866ee2,88baa2a0a13e63c2e2b3ebc09595e4c8,2026-07-10T00:00:00,delivered,109.55
7e34165e-d02b-4d75-bed9-2180758b273a,5a3ee05d197e24b7bafaac3e2cbc7e55,2026-07-11T00:00:00,returned,1505.48
f07a94fa-50f6-4e16-98e3-dc6e083312a2,bfb447864c8ce1e6b093d723792a60f8,2026-07-13T00:00:00,delivered,140.55
dad11fe2-bd2f-4360-8788-c21d5304bca8,5a3ee05d197e24b7bafaac3e2cbc7e55,2026-06-27T00:00:00,delivered,1006.11
b3a73c3d-957c-498c-8d9b-c8b751031835,5a3ee05d197e24b7bafaac3e2cbc7e55,2026-07-17T00:00:00,cancelled,50.34
9b11800d-8c65-40c3-8ab1-c2f80c0a62f2,378c06babf08c70f32e748ac24ea33e0,2026-03-24T00:00:00,delivered,1804.19
c883fffb-eb5b-4b93-98ca-3a71ca365443,3be2432d88955b7cc6e9cb71d9d1931e,2026-07-02T00:00:00,returned,257.32
3f5187a3-f2b5-43c7-94af-c3a97767979f,da5541262d0f00a6d57572f3aa1af41a,2026-07-05T00:00:00,delivered,567.79
bb3631a8-0bfb-4718-9979-67ba640c99a3,f6139ab3e9e9100d5210dc8467c38663,2026-06-24T00:00:00,delivered,191.97
f28ee7fc-a1c6-47eb-af74-ce86a5c01c3a,296d0b2c6acccdf4d6727b20e1f9f4a2,2026-06-24T00:00:00,delivered,2703.12
8ac03de2-93fc-4d07-9a59-1ab53e952447,cabd63ea066284b36b128a865fb15e2a,2026-07-05T00:00:00,cancelled,306.05
d395bb88-fa44-4306-af4b-944001ea1629,0b48151c4ac827afeee06ce2d77cc343,2026-07-03T00:00:00,returned,694.89
68fff91f-4980-48fa-8aad-5bb819c93f6d,5a3ee05d197e24b7bafaac3e2cbc7e55,2026-07-07T00:00:00,cancelled,190.76
8f162671-04ef-4b3a-ae93-8d6016edd4a1,a6bf63037fb9e3064d1f8fa4224df32d,2026-07-02T00:00:00,shipped,207.69
ad78d5e2-3034-4ef1-9a7e-7c95eab76413,6056d31a9cf9cf98ea9de7ef86cf4f5d,2026-07-15T00:00:00,delivered,502.67
9f2b2312-f925-48cb-a3c9-eaeb171cbc4a,7779fdf670bfe673e064b9aa5447674e,2026-04-18T00:00:00,delivered,750.53
bd2fe2bc-286d-46e6-a9cd-4961411588e1,0228e299d1cabeaf9be64b5ccd784c97,2026-05-23T00:00:00,delivered,322.94
eef507c5-1eee-444b-9229-e748040e8445,caf8cfa0ac3ff60facda076545837647,2026-06-13T00:00:00,delivered,206.39
48fe46f4-76c1-4a7b-b0be-25975d59a5fe,11ad985b033c153deec8400ea60810d3,2026-06-23T00:00:00,shipped,691.6
bf7f4eba-3e89-4337-99c9-82cad3fe8167,01ecc1f1f21f05d0736c99d92646f132,2026-07-10T00:00:00,delivered,1239.6
d5b3ff83-af4b-405d-a11f-e3cb30d682d7,0b48151c4ac827afeee06ce2d77cc343,2026-06-27T00:00:00,delivered,334.2
5824e148-301d-4201-ad6b-7c63f1a3cee2,43fcee98a4442ab2f299df637f8e2413,2026-07-07T00:00:00,delivered,609.42
acec51cd-1db9-40a4-9be6-8702b56a4991,13ac6da47fef1b17b16f511e03b57918,2026-07-08T00:00:00,delivered,934.22
112d6b8c-7894-4692-b55a-bb1225b37578,c0b8f06358c17e08e149768d1568b639,2026-06-20T00:00:00,shipped,186.03
6dc9fbff-e6a5-4665-b3c6-fef4eb1b8ee6,a6f2e4a9ff6fdb7626039136dee62c4b,2026-07-09T00:00:00,delivered,356.71
7cf45e57-ebe3-4aa8-8c45-eef5c4a0add1,5a3ee05d197e24b7bafaac3e2cbc7e55,2026-07-09T00:00:00,delivered,1393.35
898fd0d9-30bd-4298-8ec0-42af130b4c99,6056d31a9cf9cf98ea9de7ef86cf4f5d,2026-07-12T00:00:00,returned,567.8
ca59a482-2ca0-46bc-bd9c-87d6ca6c903e,5a3ee05d197e24b7bafaac3e2cbc7e55,2026-06-28T00:00:00,delivered,366.94
892cfe42-7ae4-4f0d-84ee-2c9f87ecda48,33f86281d5203b278e32070d4a02592e,2025-08-11T00:00:00,delivered,109.97
2754bc5c-d625-4f8e-8b27-d4b7da8d9136,7d2829c2222be0a081bcf2d4d3d540a5,2026-06-25T00:00:00,delivered,859.85
6a2fe277-e31c-43a4-984b-2e4f9f6ef881,71f88676a49942af16839e9690b97f54,2026-07-02T00:00:00,delivered,607.42
3c54a8b3-5f2c-4f24-81d4-91690adb435e,c0fcd6e2e07097e1461b44aabb0c3306,2026-07-02T00:00:00,delivered,495.43
d1b58a1c-9d59-4851-b492-ce866d00364e,f14a94df58861cb1811f48b40271884e,2026-05-27T00:00:00,delivered,382.96
d5339285-f103-40e6-9a28-e2ab02637d69,2b6082a140c439e2df870c85b0aa5e88,2026-06-28T00:00:00,delivered,793.19
a174bd75-bcc0-4ca4-adfd-274846ae7fdf,83e8281db92841314f911511c67f6e20,2026-06-29T00:00:00,delivered,329.11
4b52f257-c1bf-47a3-94ad-c34f68a7422d,a43149b43ab4253753f89fb6909d1371,2026-06-28T00:00:00,delivered,189.41
6f2775ff-4dc1-4b33-9827-5feab99d150c,5a3ee05d197e24b7bafaac3e2cbc7e55,2026-07-09T00:00:00,delivered,567.41
9adb12ec-26fe-437f-af96-1fe615b1bbc3,cbddc85ed8c77a56bc0ba0cfbf057242,2026-06-13T00:00:00,returned,122.14
e46c7a1d-2ae0-4b10-b7b4-dce58b5038df,40c222fdf42ca7cb872bb2c4ebf06f93,2026-06-26T00:00:00,delivered,40.58
e442ef59-d7a0-40b5-92aa-45b29a60578b,208f290481193105f0bdc2d8f543904e,2026-06-23T00:00:00,delivered,438.33
77ea1096-c1d8-41ed-a0aa-fe1be968d8ee,caf8cfa0ac3ff60facda076545837647,2026-07-03T00:00:00,delivered,222.12
20033f11-b3aa-451c-903b-87ccf0eb7788,312f3a7159f8ae9a13199d7fbc53d1c7,2026-07-17T00:00:00,delivered,144.11
de8f64ef-3d53-4838-ab76-5c2f9427133b,57378b07a6c91c06c139bfff05a246ab,2026-06-23T00:00:00,delayed,755.2
f9188a89-bdd6-4743-9db1-12aa5f085190,5e21109503a635f7ad93db18a7ee4a21,2026-06-30T00:00:00,shipped,645.09
a1b8d1f8-1905-4051-80db-af203acab778,a012820fbbced38a03331716e231e0ba,2026-06-23T00:00:00,delivered,231.71
1d85e9ee-68d3-469a-9f0c-6b0b6f2de5bd,c1a83a518dec21a938b5ca2a66e47ef0,2026-07-08T00:00:00,delivered,262.73
375776fa-a0a5-4e92-a950-87081095bea7,ed1b6f66996abfab57c0affd00805578,2026-05-29T00:00:00,delivered,275.28
63fa7b82-7591-406a-9d1f-56e3e5f34d98,a012820fbbced38a03331716e231e0ba,2026-07-07T00:00:00,cancelled,486.26
594b91c7-2aba-4a20-a764-9bfba5ef716f,c4727b31f6dae15654a8a097c91abe75,2026-07-01T00:00:00,delivered,280.94
987ce247-5003-46cf-818b-acc464c3561c,5a3ee05d197e24b7bafaac3e2cbc7e55,2026-06-27T00:00:00,returned,559.35
0ba84043-35ba-4679-b992-f4206ff7e002,97dc91f9e896442f6ac9650bb2a9b594,2026-06-21T00:00:00,delivered,195.41
e5920c78-7929-49d0-8adb-b30fe3c71581,14debbd298c3b01daa32cef625668068,2026-06-28T00:00:00,delivered,592.16
a5cb3e7b-b2c6-413e-af89-1fd9dc0b1542,be2cff6c84f1683300337ecd499992e0,2026-06-28T00:00:00,delivered,1595.25
98f51037-6a71-49d5-bc2f-5a0c94df34f2,07f1a64852859634cccf3e52125aa854,2026-06-20T00:00:00,delivered,380.86
28bc338c-891d-4576-873e-8d8b2f316be1,c0fcd6e2e07097e1461b44aabb0c3306,2026-07-11T00:00:00,shipped,475.69
feb74a63-08d4-44b0-a7fb-7c0328029349,804eb66464db178ab95f5f4ced1f4a9a,2026-06-14T00:00:00,delivered,747.28
e8bbb8c5-9d80-44d4-825c-8d750e23bcbe,00e984e99fdfd52943156d2d7eb4a5e6,2026-07-14T00:00:00,returned,391.7
6f00102d-4f5c-49ea-9a20-eef86cfbe3f0,25c92a3613e1f6a804252e7ec51b2037,2026-07-05T00:00:00,delivered,129.06
15b1b77a-bfd6-4ab9-a159-351f8eb9001a,8dffa3165d189110cdbe104f7f948f1f,2026-06-05T00:00:00,delivered,407.82
be5db16f-067f-40d6-aa9f-c5494dbc68f5,6995203f8a5ddbd2fad3a9df1e099a51,2026-05-28T00:00:00,delivered,363.12
600eec78-cd4e-4a39-8477-c963c7330324,f054e8c1cbcf5e89ddd9b615c349936b,2026-06-26T00:00:00,delivered,45.53
455d309d-d36e-4857-96e4-f2732a91ff12,ee301c76bd2b939da9740c6f5eb280c6,2026-07-12T00:00:00,delivered,159.53
d25a7c8d-8af3-4e04-b187-ce695d347996,5a3ee05d197e24b7bafaac3e2cbc7e55,2026-06-22T00:00:00,returned,233.1
b0dc2956-7a6e-4249-b462-f940ba49a24e,30cdd9eea2b6192b8fa65c9ff5e59acc,2026-06-16T00:00:00,delivered,435.86
2a77e7e5-8426-4c99-b2ce-0b1754a83eb8,5a3ee05d197e24b7bafaac3e2cbc7e55,2026-07-12T00:00:00,delivered,457.43
7dc0b67c-bf8e-4757-b6c4-9f1f660c1dd3,7d435b111211b3f34f6995914fdef980,2026-07-02T00:00:00,delivered,620.5
0f9bbf68-4fd3-474f-b8c6-ca8feaa0bd92,57b2a98a409812fe9618067b6b8ebe4f,2026-07-14T00:00:00,delivered,430.47
3e8c31a3-d30e-479d-98c5-79afd0a2e04d,929de36edcb645b07f26d1871120a9ab,2026-07-17T00:00:00,delivered,454.83
81a99406-7447-4030-bfc0-aaf3c387ba58,a046d29175845b313e52f2dff96cc050,2026-02-04T00:00:00,returned,465.11
2621e625-d873-4f02-99c4-97060886d7cb,5a3ee05d197e24b7bafaac3e2cbc7e55,2026-07-15T00:00:00,delivered,625.88
85b834c9-393b-411c-99d8-c49fcb905208,00e984e99fdfd52943156d2d7eb4a5e6,2026-07-02T00:00:00,delivered,6.72
361a666e-a7d4-4dbb-bfbd-53976475ee67,dcdaced133f33e9651ddfe73b2350156,2026-06-07T00:00:00,delivered,747.43
d038eda0-0717-47b1-988a-b82d6c14d14e,42398dee8f2098eec5579129cc1a6f5e,2026-06-19T00:00:00,delayed,554.74
5b52185b-ae56-4d10-8cc4-7c335b9a05f8,04a710ba27c70647fb2a4ffc6fe48e43,2026-07-17T00:00:00,delivered,1533.7
69092204-4724-44ff-9cbc-ae5678dc1525,14debbd298c3b01daa32cef625668068,2026-07-03T00:00:00,delivered,1253.88
53de3fa3-e02d-49c0-b38a-39ff0694fd42,32c050ea3af0bf160de1209adfb922eb,2026-06-26T00:00:00,cancelled,1825.62
2f07a9ef-10d3-48b1-a794-ca554eae820b,0beec065ce2d16d3a8dbb22b87cf4c43,2026-07-08T00:00:00,delivered,114.64
1eccf8b4-0c0d-46d8-9e29-cad19c6ca1ef,55584b2bdf6ec728549eced086ec8694,2026-06-10T00:00:00,shipped,1172.78
8bf7e305-23c6-430c-974b-db9247c87453,e5dbefdfdf3eff75c8e6cd655f128279,2026-07-01T00:00:00,delivered,271.56
75ada3df-ca51-4fa8-aa32-7e0021e102fe,5a3ee05d197e24b7bafaac3e2cbc7e55,2026-07-04T00:00:00,returned,145.14
56738efe-4168-419a-8889-5aaa4f5d3eb3,b57bae12fea3467502bf32351c47144b,2026-07-03T00:00:00,delivered,188.96
8f029663-5064-4f67-aff6-d5e0ea4dd91d,39104edef5e46d7b8c61848cc95e6d97,2026-07-01T00:00:00,delivered,62.56
2a25f311-48cf-40ca-8e5a-7c9722915b47,f7c7677be77763b1b2cf982a5e67fa61,2026-06-29T00:00:00,delivered,1135.62
3c1b0c5b-cec3-48d6-b62c-af2b739e8ff3,5a3ee05d197e24b7bafaac3e2cbc7e55,2026-06-23T00:00:00,delivered,1087.55
920abe05-d66a-497b-983c-bc9b8c4d1051,11ad985b033c153deec8400ea60810d3,2026-06-28T00:00:00,delivered,475.26
6ba10ffd-f436-476f-9356-049f081c47eb,04a710ba27c70647fb2a4ffc6fe48e43,2026-07-08T00:00:00,delivered,1158.61
f1bdb5ab-5e99-4879-96de-4dc671c49269,38e31fda99a5fb901d27134d18d36c75,2026-07-15T00:00:00,delayed,570.95
b1db4425-2cbd-4a9d-b258-47930e108560,5a3ee05d197e24b7bafaac3e2cbc7e55,2026-07-12T00:00:00,delivered,1289.88
acff5974-9202-4bed-9506-4e3c9070ff2e,04baa28903e22974e6213e632b09c193,2026-07-08T00:00:00,delivered,314.83
651dd661-f830-455d-b0a2-98a76bcc948c,d9f68ddf6447c3192acfef75203bf30f,2026-06-24T00:00:00,delivered,478.1
0f486a6d-4b84-4aa6-9994-ea57ac3f3fba,4b0cbf5ea22869c5ea269442f9b849e7,2026-06-29T00:00:00,delivered,1376.95
f05b609f-61e9-4627-85d4-11102a601db9,cdc5b7e1bd2027fc820fab4bf76dff04,2026-07-14T00:00:00,delivered,3305.85
bd9dfe47-c4f8-494b-8511-4fb54530b78a,7bf1c59401206e31a78523077f3a1144,2026-07-07T00:00:00,delivered,558.45
03139687-1517-4554-ae4c-623d0efc47d7,f12cfa9263ca5dd51027f902d1d05321,2026-07-13T00:00:00,cancelled,501.53
97587015-6ca3-4b3b-b163-cb76980cab94,317a5bc8cf58c4401e221c74d7a51982,2026-07-01T00:00:00,shipped,1459.69
55445973-971c-427a-b31f-9a7929ae5be0,c2d0d46bbdebdc3160671251b42d5d5b,2026-06-13T00:00:00,shipped,145.01
951a875b-350d-4fd2-b1d6-d58522601709,e021e698833bdeb89dfef3acb2e91f37,2026-07-12T00:00:00,cancelled,317.7
34ed19cf-9d60-445b-a07c-1565b55bb52b,d0658aae129bbf2d62a72fb809308a8d,2026-07-09T00:00:00,delivered,906.91
94ec994e-9320-49c7-b7bd-09631c08ce4d,42398dee8f2098eec5579129cc1a6f5e,2026-06-15T00:00:00,delivered,462.31
ecd39ac5-a8f8-4786-b91f-52db5439f568,bec4565233c872dc005b32e9616669d1,2026-04-27T00:00:00,delivered,328.21
7e6e8c8d-b9c6-4624-bf68-70c53b741008,7a380cb5434e6b6b5b37d45bb99dbe8a,2026-06-29T00:00:00,delivered,122.83
6321cd81-b8e6-422a-ab55-bfeb227f71f2,208f290481193105f0bdc2d8f543904e,2026-06-19T00:00:00,delivered,1277.49
1910f64b-6d9b-4b8c-a17c-3663f7d99b61,5a3ee05d197e24b7bafaac3e2cbc7e55,2026-07-12T00:00:00,delivered,391.95
99c39d5c-a962-4c10-8a25-442b5fe291fd,e640111298500f5006fac7f416d7637f,2026-05-28T00:00:00,delivered,122.09
74f927cb-d988-4698-b083-2a328bcabdc3,848eabba326848e8125cb53af4720eb5,2026-06-30T00:00:00,delivered,387.86
d58ffb25-4acc-427b-96dd-fe144d61ef63,9460af1d681311224e08f4e6e00bf644,2026-04-23T00:00:00,delivered,411.95
6d58d6d9-f2cc-497b-8256-a15e51e8f620,fb1756887ae59c1b0efe8d0544d94815,2026-06-21T00:00:00,shipped,730.31
4cabbc62-35b2-48af-b50c-de68e7a9ee5d,ed62ab8aab76f4d4efc4344ba5ef3a6d,2026-07-04T00:00:00,shipped,215.81
e9716e69-1abb-4b68-bad0-6f9511cc0117,34c6f984b590bbfe3d4d6c76007c0b1c,2026-07-07T00:00:00,delivered,137.3
18695ba1-5be3-4820-819c-e98f98e5f3a8,a37a685913f2c2d8ae96bc8b2f25ec7d,2026-07-08T00:00:00,cancelled,1061.98
2119f4c0-a0b8-4fbe-aee6-3990aa0cf021,db94b7a9542eb59e1d8d0e7191013354,2026-07-16T00:00:00,delivered,1161.27
f9f3a9f8-77b3-4438-b358-e1da074e7cd4,9a8809085c8feb9360f282fba0a6d87e,2026-07-03T00:00:00,delivered,357.08
c8330b44-e06a-4707-8001-85dc40f60e7a,cc31282a9d20caa9b70e578d1d5a7062,2026-07-12T00:00:00,returned,453.61
4f24799e-a569-4493-8f78-0b04c1cb2086,825ace36a4828de05694b8047f6dd905,2026-07-15T00:00:00,delivered,503.92
1c387097-cca7-46cc-aef8-6de687850549,2a2eeca87e56515b095e26141f95a2ce,2026-06-11T00:00:00,delivered,199.51
8ddde927-7b94-4ece-a5b9-61a63185a1d0,d3a5fa065a68c1f357e6d8f4385938ee,2026-05-01T00:00:00,delivered,600.28
0efa62e0-8623-467d-b71f-e394fa9d2ab1,b778de6d690edae39654f4444e081771,2026-07-02T00:00:00,delivered,1624.28
d68014e9-5ed9-4dc9-b212-bdebf6bdb586,e94f497b64b4c843216126feedb1dfae,2026-07-14T00:00:00,delivered,402.13
5e43787c-1d9c-4c82-aa7d-f9cf861d787c,d3b1ea21e85de5679eb875b8a3a9dd4c,2026-07-17T00:00:00,shipped,504.81
f28f80d4-a93c-47ba-a5fa-9c211ab144e5,4ddeefbdd502268d9c7223d31452481c,2026-07-16T00:00:00,delivered,298.11
d4e39adb-b654-4f30-8354-98b981e1a61a,ad2cbd768be693c2a51c4d9fc3209400,2025-02-21T00:00:00,delivered,249.77
8cf69c84-49fa-4148-8fd8-8be368c6e04b,e94f497b64b4c843216126feedb1dfae,2026-07-02T00:00:00,cancelled,598.29
c2c11049-fa33-4bac-ad2f-05c398f819df,a8654e2af5da6bb72f52c22b164855e1,2026-06-05T00:00:00,cancelled,332.26
0703c82c-a5db-49c4-9666-28b963970f1b,f72d1ee92d55688d07ca88506300715e,2026-07-06T00:00:00,delayed,49.79
92df6bef-6f0a-4e07-854d-6edeca7d9827,a806f4bac8089496de66aa3f1d640155,2026-06-29T00:00:00,delivered,88.58
043aef12-7e74-494d-a00e-5eb93e6d6df9,f14a94df58861cb1811f48b40271884e,2026-06-20T00:00:00,returned,327.01
67776f38-77ee-4632-b91f-abc4841a4eed,5a3ee05d197e24b7bafaac3e2cbc7e55,2026-07-11T00:00:00,returned,389.24
2a474593-c41c-419e-b373-bc06e114857a,4f8959e75186c78246b83bfb4219e419,2026-05-01T00:00:00,delivered,518.26
ee223903-0005-4b35-91c4-3d2b678ad40a,9b61c2fdf2c0a670763b67aad64dab3d,2026-07-14T00:00:00,delivered,533.02
7482ede5-445f-4cf4-ba2b-af9a94f9763a,5a3ee05d197e24b7bafaac3e2cbc7e55,2026-06-21T00:00:00,shipped,399.85
d43a0a84-7573-41a0-8b63-69ed9ba94d37,33f86281d5203b278e32070d4a02592e,2023-07-01T00:00:00,delivered,222.86
fc321187-69e0-475c-a310-39d1d6e6a691,3e6fd6b2f0d499456a6a6820a40f2d79,2026-07-17T00:00:00,cancelled,425.68
d505587f-589a-459f-af17-d02eea6af5a0,d89e05e2d23c3d8247aeecd07758004b,2026-07-01T00:00:00,delivered,882.63
9983293a-0b80-4e7c-b240-fb4aff66284d,5a3ee05d197e24b7bafaac3e2cbc7e55,2026-07-02T00:00:00,shipped,453.09
de5d4e16-4acd-4426-bdc6-a77bc6cf3ae8,b5e391181709e5196275b01b8e6e9d73,2026-06-06T00:00:00,delayed,429.81
e9efd11d-6351-4c08-95be-64839250f18c,c4854939d499d4786a9273c855fa6b77,2026-07-02T00:00:00,delivered,414.3
79685a1a-6569-457e-af1d-988df2ee288b,b41219e27b06fa15f910c4442b1457a8,2026-06-24T00:00:00,delivered,1274.12
36d9e38a-411d-4090-a448-4db100d95cbf,5a3ee05d197e24b7bafaac3e2cbc7e55,2026-07-17T00:00:00,returned,190.03
f4f41958-f65f-4561-a6a4-1c6a6246a85a,51c3c1f2163c5e5a546e0478cbe00c57,2026-07-03T00:00:00,cancelled,710.47
abb78f30-71f1-4e54-b9c9-d4e83aa7502f,27aedee05bc8e9bcc4da2bae37fd4d78,2026-06-26T00:00:00,delivered,282.61
fbd0471d-0004-4441-8e3a-332c32674266,0019e8c501c85848ac0966d45226fa1d,2026-04-24T00:00:00,delivered,929.34
7b271368-e1e6-44e8-abda-fd45b6591080,9bbfdf9f7f65b58481e1ed110a2eed46,2026-06-02T00:00:00,delivered,9.98
fa5a4839-9cbf-4eaf-a8df-fd3090bfc202,9d317acb1c32146e752981044c0ea5bd,2026-07-15T00:00:00,delivered,1172.92
edaf2002-1d42-4304-9941-698b49dcd0dc,5a3ee05d197e24b7bafaac3e2cbc7e55,2026-07-04T00:00:00,delivered,206.85
6202076c-3802-4e4c-8ed9-5b5d83fa1d4b,a6287dcde3fcf9870d4254398a407d27,2026-04-22T00:00:00,cancelled,239.55
fd6c5032-ef5c-4665-8993-c66717842ee2,208ed8bf578938c97d49b3429358a424,2026-07-08T00:00:00,delivered,842.4
a5737696-4979-42f3-95fd-4fe8a339595f,2aa9325eab1676f4d62830f004d67a34,2026-06-10T00:00:00,delivered,148.96
9554b0b7-2ba6-4e50-8a93-5d8d9ed49a2a,04c5ad73047074972e9a1c744c3b4bf8,2026-07-09T00:00:00,delivered,273.58
5254c199-c26a-4111-b2e4-9ddd94e38924,5a3ee05d197e24b7bafaac3e2cbc7e55,2026-06-27T00:00:00,cancelled,122.84
bcceb7c0-a5e3-4fb4-89de-35cbbeaff96c,e5d46317b6efaf96ecc28f78ac4ba3bc,2026-06-26T00:00:00,shipped,2039.17
caf8384d-30e6-4318-93b8-7630951e6784,1098d1250d5bdf8bfc6a83f26494067c,2026-07-08T00:00:00,delivered,372.12
d4f1f917-1865-46c4-87ab-6876f2c127fd,42398dee8f2098eec5579129cc1a6f5e,2026-07-11T00:00:00,delivered,223.26
d1586e77-e9c0-4e4f-855f-6d6936c445dc,51c498c80f4afd96c234f0b6795f2e9e,2026-06-06T00:00:00,delivered,103.39
1927150e-0b4e-4c93-8e53-4562fb861ee4,df2162a9aaf73bf42e812408330969a0,2026-06-03T00:00:00,delivered,831.61
625ce52a-9b44-40bb-9b2b-226701cdb3cf,366cf7b3ba178d11f5a988d4f8c2f2c2,2026-06-15T00:00:00,cancelled,49.88
fcd2f47a-1ddb-4dc5-a036-9230a505c46a,c98371c8c628fe00729bc01622b9009b,2026-06-21T00:00:00,delivered,288.36
1ea0dc6c-f929-4cd3-b03e-211fbed34062,6b05110cdbb6841273fdb6718c9f58ea,2026-06-19T00:00:00,shipped,1150.99
e9732c39-dc0a-4df1-b645-ad83ee0bfe75,f7c7677be77763b1b2cf982a5e67fa61,2026-07-10T00:00:00,delivered,236.69
8a7d549c-f1d0-468e-8754-6d5d489288ad,8fd232dc0c1648e549e2811728f6076d,2026-06-26T00:00:00,delivered,127.31
91367e08-3fa3-4050-8dff-0a127ad60b06,62049cfbc68cd893920204de3b5c057d,2026-07-06T00:00:00,returned,516.52
e40fbace-e6fa-4b35-8af5-27791c36d033,dc77e5e1396c807043f506f794d8fd1e,2025-07-17T00:00:00,delivered,180.35
c62db72a-147d-4a39-9c7b-726a89dcd96e,d83533715a8843e3a26adf36d889e9b7,2026-06-15T00:00:00,delivered,592.55
1fae7e7d-5aa4-424d-adb2-deb5c70f1a05,918dc87cd72cd9f6ed4bd442ed785235,2026-07-05T00:00:00,delivered,1406.25
fad420ff-0832-4bbf-95b0-bd52dda708cd,eb3704b505516a05c0fea2e8cca4de56,2026-07-09T00:00:00,delivered,171.0
702df48e-345e-4b10-bacd-faf83617fe68,527c6fbbe85cdf78ff1645e0a71e266f,2026-06-19T00:00:00,delivered,283.73
3f0a3a20-de36-4d0d-97d0-cdfcf3a55eef,0b48151c4ac827afeee06ce2d77cc343,2026-07-13T00:00:00,delayed,1861.81
7edac2ef-7e35-49ad-bee7-3b4a36efd984,c645339c7f927e64c0cbe6079255fc7a,2026-06-25T00:00:00,returned,580.21
1d62c4ec-4d70-4e5b-bf17-5a09c07b066c,e021e698833bdeb89dfef3acb2e91f37,2026-07-04T00:00:00,delivered,556.96
0535b73b-74e4-4384-9b81-2a1928c124d0,0dd47ea03f3e61825df9e2bc94c292f1,2026-07-16T00:00:00,delivered,498.52
5a74ddc5-30c5-4265-b8fc-b4263b40600e,5a3ee05d197e24b7bafaac3e2cbc7e55,2026-06-23T00:00:00,delivered,1473.87
27a9cfb7-9d58-452d-a53d-e96bc5931e1f,5a3ee05d197e24b7bafaac3e2cbc7e55,2026-06-25T00:00:00,delivered,1173.68
61fea66a-0497-4e55-8e17-4bf2484c808c,5de4cf8eaf33d8453e6bd998d714ebce,2026-06-26T00:00:00,delivered,699.55
f3dc1558-35b4-4958-ac11-197b6ae34740,7e8ace5e83e019d284a1cf0108b57f94,2026-06-01T00:00:00,delivered,456.1
0b8e3c95-103e-4fbe-91f1-f3c41fe508df,e94f497b64b4c843216126feedb1dfae,2026-06-26T00:00:00,delivered,898.84
5933484a-51ca-4423-bf43-87f73e636da1,5a3ee05d197e24b7bafaac3e2cbc7e55,2026-06-27T00:00:00,delivered,53.04
fc9443c1-c2f1-498c-b523-40a17ac83210,1004c2882ad356c7e8532c14f1b08e63,2026-06-27T00:00:00,delivered,777.14
5f567d2f-a9e4-4c85-982d-813d9a4ea0f2,a8397e4402779864503796dd87fdbedc,2026-07-03T00:00:00,delivered,373.73
7ea771f1-49a0-44d3-89d3-c842f2df7ad4,5a3ee05d197e24b7bafaac3e2cbc7e55,2026-06-29T00:00:00,delivered,371.06
48f16552-e305-4883-883b-abef8b81dff4,46799d0831910f2c477c49a994961510,2026-06-23T00:00:00,shipped,175.82
31bbea52-7abd-4f22-8ad6-619ccaab647b,fc25f71bab94146446884fc523121d48,2026-07-16T00:00:00,delivered,316.43
26ae2c4d-bfad-4699-866b-ead3e0565b66,43fcee98a4442ab2f299df637f8e2413,2026-07-14T00:00:00,delivered,465.29
d791abdd-c601-49bd-89fc-7a34f960bc6c,a012820fbbced38a03331716e231e0ba,2026-07-16T00:00:00,delivered,373.92
b879e4de-aa2b-4a72-9b45-9acf967a6692,5a3ee05d197e24b7bafaac3e2cbc7e55,2026-07-02T00:00:00,delivered,493.67
41aaa4df-f46d-4ad4-95ce-a385b18f2635,337691bc9242e1d53d521ed78a12ab8d,2026-06-18T00:00:00,delivered,424.5
e2f94516-a4bd-4e2e-8eaa-fd9e9ba43bca,0b48151c4ac827afeee06ce2d77cc343,2026-06-28T00:00:00,delivered,307.95
1a1e95b5-1cbd-47d3-8f70-0a65e78b7bd7,d647ac91ff870deee189d7cd0cbf2380,2026-06-18T00:00:00,delivered,163.39
e666e097-d409-4aa3-8bb4-a4d62a69505f,5a3ee05d197e24b7bafaac3e2cbc7e55,2026-07-13T00:00:00,cancelled,197.53
d5902526-13f0-4f75-8682-9fe6dee932cc,d3e1706bd9290ddbfd20fc30fa7224b0,2026-07-02T00:00:00,delivered,2618.02
03748070-89ec-4c66-b3d7-3235c90ed244,5a3ee05d197e24b7bafaac3e2cbc7e55,2026-06-23T00:00:00,cancelled,397.48
844e4840-f307-4b62-aa19-d5578305705f,49d79c76cf12065b7a08103cdba3e1b8,2026-04-22T00:00:00,delivered,17.62
3e71adc1-1891-448a-8e21-113d8b6368d7,f2a4f4165b72d65a5e7d10bbce13cecf,2025-12-30T00:00:00,delivered,308.88
3ecab1fe-29d1-4b28-8dc8-0a1cde97d7f5,c85df1c6ef6f7bb605e1c49d34f172ee,2026-07-04T00:00:00,delivered,473.56
f67a66b8-1102-41d6-8b27-ab7564474c9c,fdcf4139f50f370c91e8b8f33adde2a6,2026-06-22T00:00:00,delivered,1950.79
7571405b-87b2-438f-b8e3-68753ecec189,5a3ee05d197e24b7bafaac3e2cbc7e55,2026-07-10T00:00:00,delivered,698.57
b1d98300-8d46-4eaa-86f7-d8b384912666,0788a5e2db8d16e610407f3ee826b813,2026-07-07T00:00:00,delivered,572.97
92fe995e-6058-42a0-9dd6-835c7826ed9a,5a3ee05d197e24b7bafaac3e2cbc7e55,2026-07-02T00:00:00,delivered,374.28
f190dbf2-e066-43ff-99f7-6653f86d45fe,fc25f71bab94146446884fc523121d48,2026-07-12T00:00:00,returned,15.85
1e226900-c668-4a6a-af8c-7c3b23f6f345,05c567475380140907b9ca53ba1dcfeb,2026-07-05T00:00:00,delivered,2504.65
a1653b73-33cc-4fc5-9e3c-5b0e1161f1dc,95b4b60a728bff942c8bd59a43effa33,2026-06-14T00:00:00,delivered,181.28
19a5de92-391a-419f-9d4a-152d37d0cd46,24058044dcbcb7313582db0305dbe7f4,2026-05-07T00:00:00,delivered,448.5
169f431d-6ac8-4d80-a047-d30b6492e106,1717cd357c7bbb3158e701005cf8e50b,2026-07-10T00:00:00,cancelled,159.52
7a5df62b-bd97-4c70-82d2-b741e56f1c3e,9164cd45afebaec2d61200f8f51fee45,2026-06-25T00:00:00,delivered,8.35
b4592e24-62b7-468b-8146-16d26409e1e7,184f9811137ce4bd9fb8308cf535a857,2026-06-25T00:00:00,cancelled,108.37
755ab312-01ee-4dc2-b213-8bc0403d0f0b,caf8cfa0ac3ff60facda076545837647,2026-07-01T00:00:00,delayed,749.39
5f8c039e-9efb-43de-9075-e14b46b5edba,30de122d775af047eb43340af4ba6159,2026-06-26T00:00:00,delivered,271.92
f4bdf409-fba2-4533-9835-8afa6bd9290a,4105645a2e9d4e2452957b11df3a2a04,2026-06-29T00:00:00,delivered,1934.51
3db3f271-2830-491d-be10-4d2f979cff51,5a3ee05d197e24b7bafaac3e2cbc7e55,2026-07-07T00:00:00,cancelled,605.05
ce5d8870-70db-4ff7-b8b9-25f03a291044,f153272ca75661659630de82f3f2084d,2026-07-10T00:00:00,delayed,255.78
658f2514-cf46-4790-bf0a-3d197bcb5ccc,9e4cec36a7f9294540b39950eade4190,2026-06-27T00:00:00,returned,662.31
b43af3f4-effd-4d16-b748-3f75e2bb36a2,09da3efea7f5ac0b094ea9c0106472bc,2026-06-29T00:00:00,delivered,331.66
03a9f9dd-0c64-4fcc-bd34-c8511f004b9d,afa1462306ce1941adc5524ab4198909,2026-06-18T00:00:00,delivered,241.33
9f557f98-dc36-4749-81c8-96c37788a608,317a5bc8cf58c4401e221c74d7a51982,2026-07-01T00:00:00,shipped,1192.05
be3d6e3b-5f96-425e-9d89-bd4538f5a8a1,5a3ee05d197e24b7bafaac3e2cbc7e55,2026-07-15T00:00:00,delivered,133.26
0435b15b-4613-4298-91ca-6c9d770172d4,744fcfb3939c1c57f16cb00f263c3929,2026-07-06T00:00:00,delivered,249.64
c0312c29-3fb2-4c22-b45f-87de85414215,c9cc1db7d87ab8d292dca31e5f1d6d01,2026-06-29T00:00:00,delivered,124.19
7cc8a8f1-12f2-4c01-a08d-25e1ee243832,cde21009d0c20492ba91c194adc13101,2026-04-06T00:00:00,delivered,353.58
780d1460-93b4-4222-af80-797545fb811c,99e41e69b60bd63edd83935499523063,2026-07-07T00:00:00,delivered,784.02
1dc30700-bfd8-488a-aa9c-b24274ff52c4,df2162a9aaf73bf42e812408330969a0,2026-05-29T00:00:00,delivered,500.01
557427b1-422e-4224-90bf-c856d09c8819,ce590a0c44295fc160eca2f1791f37e9,2026-06-27T00:00:00,delivered,439.37
e0f41f21-0b3c-412b-a4c6-36d95a3d4c8b,3159faae98c743546432be5a500179a1,2026-07-09T00:00:00,delivered,754.35
563ab445-0d8d-453e-9a7a-bd001005fe73,463093247faa080167d77f2e6d1b297d,2026-07-03T00:00:00,shipped,2465.6
3bdc1836-ba1e-451a-8cf2-8c11741c40b8,684fda5905aa430123c7b293106a337b,2026-07-03T00:00:00,returned,665.69
d920864e-96a8-489d-8d59-21463cfab2fb,7d2829c2222be0a081bcf2d4d3d540a5,2026-07-02T00:00:00,shipped,414.5
b512b0eb-b019-41bb-844a-93f0ce1292ab,e6925d3e39cebd0f699008b248e58361,2026-07-14T00:00:00,delivered,221.6
a1cdbc2d-5c3a-4a88-90af-d3dcec8213b9,f7c7677be77763b1b2cf982a5e67fa61,2026-06-22T00:00:00,delivered,998.16
d09d7329-759d-4bcd-8ce1-778cf004eb08,0b48151c4ac827afeee06ce2d77cc343,2026-07-13T00:00:00,delivered,640.71
890bb737-54f8-42fd-bbbe-842d2513c5d2,f054e8c1cbcf5e89ddd9b615c349936b,2026-07-17T00:00:00,shipped,774.48
f2028ace-5718-4372-a1b0-b121158aad60,61657cd378eabeaa8ec89a448432357d,2026-06-05T00:00:00,delivered,202.93
cef5119a-7ccb-4e8b-99dd-6e5c149d0bf7,50aef30dabc7aca975dbdec85dcb848f,2026-07-03T00:00:00,cancelled,297.3
63c11cf6-bc51-4e3d-b988-ec8cb0c3c472,00e984e99fdfd52943156d2d7eb4a5e6,2026-06-20T00:00:00,returned,123.1
f540ddfa-fa95-4c62-9955-e204d09bf888,5abaf8290581633718e3ad75f2400643,2026-01-06T00:00:00,returned,31.6
fce506bc-5b3f-44f7-97bc-ba714f813a78,f0fe4ee68e4a03068e981e6481bb9e1e,2026-06-26T00:00:00,delivered,766.02
970aabc9-46b1-4574-9f71-7f7b19eb75ae,56a3ba5c3703252753c2391b9ad3bafb,2026-06-27T00:00:00,delivered,92.61
b247e16f-11be-4f33-b479-cb65ad7b9f14,d20f34444ce44ca683d46e9da98456e1,2026-06-13T00:00:00,delivered,161.43
ee88c853-dfde-4f4d-b56b-739c9354dda8,00e984e99fdfd52943156d2d7eb4a5e6,2026-07-07T00:00:00,delivered,407.52
285d8c61-69f0-4682-ae06-e75d4566df3f,2ad3e8ebee7119e3be506709cf52c2e7,2026-06-28T00:00:00,delivered,645.14
1da12436-1c5b-476c-8dac-a2c9092ad6f6,5a3ee05d197e24b7bafaac3e2cbc7e55,2026-06-29T00:00:00,delivered,472.82
32c7fdeb-38c8-4ec9-afc4-e123a3480d06,5980f546cbb6a7df45ccae926feea7d0,2026-06-19T00:00:00,delivered,1755.1
df6767ce-fe60-4d0c-b21f-4cd9b1e06087,80042d5c5e74c4cd745d8c8832f1b506,2026-06-27T00:00:00,cancelled,512.51
cc6fc8b0-02c1-4fab-ae48-0a820fe4eb49,18aef158fe07c1e9ca8e1a5e3b7b723a,2026-07-01T00:00:00,delivered,179.05
a98fc58d-c324-417c-82d0-729d90a308f3,f14a94df58861cb1811f48b40271884e,2026-06-20T00:00:00,delivered,1605.6
f1d8c196-250b-4e0a-90ff-be8b81567e20,7c64114d404c93f2c4305a9f2e7dc3eb,2026-05-11T00:00:00,delivered,429.81
8f9f25d1-9874-4dac-8942-a6d18ec03b14,340152332a04149987a705602615f0d0,2026-07-04T00:00:00,delivered,170.29
a4a9cb24-369a-43f4-9ab1-f4717a603b3d,313a1411e58266af71ecec9da279ad12,2026-07-09T00:00:00,delivered,617.12
96f1b41a-6e37-4cc8-81f6-b3bcb204f002,01ecc1f1f21f05d0736c99d92646f132,2026-07-17T00:00:00,returned,1326.4
97063d49-5017-4c6c-bba8-6adaf633f453,5a3ee05d197e24b7bafaac3e2cbc7e55,2026-07-13T00:00:00,delivered,148.66
43d9221b-130a-4ea9-be12-7fb3d3524186,717aa48025662fcf27ddebbecc5f782b,2026-06-26T00:00:00,cancelled,207.13
8f171d35-71b8-4133-a001-f3e28d265998,e308f9114426577f05baf25b11250386,2026-07-06T00:00:00,delivered,840.2
c87615f4-bcbe-469e-9471-b3eba090e6fd,dc643b60537f44f35b2f91610ea64153,2026-06-16T00:00:00,delivered,735.19
aa13796e-b46b-4e2a-9caf-10d46ff2599c,1fe7afd58ce8429c5a8d27bf8c24738f,2026-05-11T00:00:00,delayed,148.66
6ded0495-1ef1-4561-9411-a986fb2c2e9e,494c6658198b47787205a06421bb9403,2026-07-04T00:00:00,delivered,76.56
0ea1fce4-a77f-4625-adf6-1a41f1be2e86,d4543db8eab4055b35da5c716ed19c70,2026-06-30T00:00:00,delivered,271.07
30492624-e811-438f-a38f-36653b2a916e,e8b52a437e134cf2dcb5dbb93b29d0d5,2026-06-20T00:00:00,delivered,457.78
13b2ba5a-6713-4ccf-b30c-0ebcc913a37d,55133cf96f44c834ac51d0e3b678c7a8,2026-06-29T00:00:00,delivered,715.23
91184305-ee1b-4856-84b1-bdd61414bfb3,5a3ee05d197e24b7bafaac3e2cbc7e55,2026-06-23T00:00:00,delivered,83.75
fd77d5c2-8bdd-433d-9aa9-eff6ab133287,a012820fbbced38a03331716e231e0ba,2026-07-10T00:00:00,delayed,505.95
b28dfa6e-bff1-4b41-8de7-48c005ee81c9,fbb86959dcb4972a76d8432c59c7288f,2026-04-30T00:00:00,delivered,314.17
cf091342-fe87-4f16-b91e-cd90708a3e29,8c8b21e9534948db376200dd8de97c98,2026-06-05T00:00:00,shipped,102.57
433969e6-9773-47a3-a4fb-6be7bfa1c823,6202c5845cda18b2540b7e0c3883840c,2026-06-24T00:00:00,delivered,261.92
dfb0f081-07e8-4009-ab4b-d1349aa99de6,980612b4526788a3ebb91b6e372db0af,2026-07-01T00:00:00,delivered,2205.22
be05a2d5-bb62-4065-9318-5fd6dc5ce95c,755bdc2822a8f01cfcec19ae4dcaae66,2026-06-30T00:00:00,delivered,182.93
7443c73b-3b44-451f-8d2d-6f89df5ec30c,f054e8c1cbcf5e89ddd9b615c349936b,2026-06-29T00:00:00,shipped,418.31
475d7616-ba76-43d1-85d4-df6c95d96ef0,5a3ee05d197e24b7bafaac3e2cbc7e55,2026-07-02T00:00:00,delayed,768.25
12b1943d-921c-421b-a9b8-54419f1f372f,011784926e81122b1abd0210b5888c22,2026-06-13T00:00:00,delivered,246.17
ee79b177-ab93-48a1-9eb9-29097981ae29,4394cce7a16aac93ea8f2c18124b1f92,2026-06-27T00:00:00,delivered,2182.85
93f1958a-ef40-4234-9f1d-9ab3e6ead625,0b48151c4ac827afeee06ce2d77cc343,2026-07-05T00:00:00,delivered,429.18
f69293f2-f686-4110-bf31-795cfc49df04,5b45f3493929fcecf1bacf1a1c4a4801,2026-07-08T00:00:00,delivered,601.22
d58c706a-6ecc-4e35-8f17-a277962b624a,10b7ec8d59e18192862f78be58cd3458,2026-07-11T00:00:00,delivered,28.02
0d0ce2f8-0de0-43b2-9cd4-80fb9924d34a,40c4c308279011b2e5b85c75579f415d,2026-07-10T00:00:00,delivered,415.13
16250839-e09b-46b6-b293-d06858ecf841,8479ef9838c9bca6f1ad143f1c0404f9,2026-07-06T00:00:00,cancelled,407.54
73235573-b307-4238-8dd9-37744a45cb26,17edcf1332227a04be5ee81262f0757e,2026-07-01T00:00:00,delivered,17.62
b9e3a2d2-79c6-4a92-8c23-1b23daa891e8,708dc8654f9d1d415d0ea6fffb898f2e,2026-06-26T00:00:00,delivered,201.61
679edfd4-4ccc-47f7-b797-d75d0bb1411a,18e362d58b54666925aacfd86ff84213,2026-07-01T00:00:00,cancelled,724.11
a67c7aa7-b3a2-4186-9dd4-19422188510f,e2083012443da79cfafc6b423fa64a75,2026-04-20T00:00:00,delivered,979.05
a9d201b2-df08-4f63-9082-5f934fe80a1f,5a3ee05d197e24b7bafaac3e2cbc7e55,2026-07-03T00:00:00,delayed,424.17
076805fd-5ee9-4846-9b0d-9e63485e03fa,c38ea92aa01ad97a67b5fdc061846fc4,2026-07-03T00:00:00,shipped,117.98
3b281af0-dd75-4c57-87e9-90e2fc76f33b,179b7afa741e910646e438f3e480b4b4,2026-05-20T00:00:00,delivered,1558.06
6ac1b4b9-10d3-4436-9345-c4424fb09792,e527d87e5717a8e1432c67e902a56a9b,2026-07-10T00:00:00,delivered,921.73
54fda2ec-58d2-4c00-90f3-f640e658b440,5a3ee05d197e24b7bafaac3e2cbc7e55,2026-07-14T00:00:00,delivered,137.25
8af264d9-4c5b-423b-80ad-6cf0e925890a,f0fe4ee68e4a03068e981e6481bb9e1e,2026-07-14T00:00:00,delivered,1186.83
a45113d6-3fa9-4cf2-bbeb-ac07781e92cb,6f20c62564607bddca39c54e9ca5af9b,2026-05-31T00:00:00,delivered,250.4
b116108f-a620-4bac-906f-b84e863e14a3,8d97ec3fada2f08485838b53e2d70bcd,2026-06-14T00:00:00,returned,178.04
84f4db34-3f56-4c2f-8ea1-ef8c5a05b518,a43149b43ab4253753f89fb6909d1371,2026-07-11T00:00:00,delivered,24.63
60516b0a-824d-49a9-ae3f-3a678bbed63b,4b0cbf5ea22869c5ea269442f9b849e7,2026-05-22T00:00:00,delayed,310.74
f502a2b0-43a4-4e19-82a2-49636ab21fcf,470a8f2e1dc7b277e4625f23039c6f84,2026-07-08T00:00:00,delivered,469.09
da032c58-0e38-4808-891f-a1de66a8190c,b8c927d19fa13d8669e620e03902bf68,2026-06-03T00:00:00,delivered,1211.93
abdb2f99-358f-45fc-965c-88144847c4c7,0788a5e2db8d16e610407f3ee826b813,2026-07-13T00:00:00,delivered,36.66
80e5980d-6096-4e68-9af1-17688a9e3ad2,a214e70576ced674f9ff61d283ab272e,2026-06-12T00:00:00,shipped,488.48
c20e4d15-bd6c-4020-a5f5-731c7765e209,b33f678a7299da3b06beb4438a8d6908,2026-06-15T00:00:00,shipped,965.36
a1243588-824a-4d24-bb96-818bb794814a,5a3ee05d197e24b7bafaac3e2cbc7e55,2026-07-07T00:00:00,delivered,332.28
55dc2bfb-42de-4340-8b7d-d8f4faa36600,3104479007b9d538df0c9c2afe2caa1b,2025-11-07T00:00:00,delivered,295.13
7aa52a6e-fba5-4401-a615-8b05fc0a472d,455c4cf9166818b1739c900a57433aba,2026-07-13T00:00:00,returned,337.54
87a58a60-edd7-49f1-94a0-8dbe8859f40a,0b48151c4ac827afeee06ce2d77cc343,2026-07-13T00:00:00,delivered,576.56
79d1be90-4095-4898-8786-aded04ea5984,803c9b252709beca97a308a9197371ff,2026-07-15T00:00:00,delivered,336.74
a3162c25-fe28-4050-bfe2-deb25f6a2d40,b5553bcd30cc28e403933b0295b9f245,2026-07-15T00:00:00,delivered,1277.15
e3f3ef17-4203-4824-9ab4-909839cdf57c,f00acae66459f1828fc1feba2c759fa0,2026-07-07T00:00:00,delivered,613.14
4ed409dc-6e2a-4ac6-a22c-0b0ae2329110,84f30d2fd3937449dc7e0c835c281961,2026-07-07T00:00:00,delivered,1254.29
63b716dc-f312-46f2-b2b7-7e048dab5dcd,ca19a17e381182923b66007a351574b7,2026-04-07T00:00:00,cancelled,550.07
bf78e5ba-036a-4451-8ff5-50c401f9cc7d,daeb283b71a3cc8f49c2c878bb86e15f,2026-07-14T00:00:00,cancelled,449.65
3634ef71-eac3-48aa-aba3-6458957b8612,99e41e69b60bd63edd83935499523063,2026-06-27T00:00:00,delivered,2552.6
89c23088-f883-43f3-b7b2-8ad354d9a844,9553802042571deac62d5789ed18a241,2026-06-16T00:00:00,delayed,518.89
b4df8fa3-ae4f-4209-8a81-cc35b207c462,5a3ee05d197e24b7bafaac3e2cbc7e55,2026-06-19T00:00:00,cancelled,250.01
30c3d5f3-393e-41a5-9f2c-17311bae91ba,0b48151c4ac827afeee06ce2d77cc343,2026-07-05T00:00:00,delivered,531.85
fa63671f-b6bd-4e2f-964b-cacc8fb8b8cd,463d8425827e81d905edf86f9c231eef,2026-06-11T00:00:00,delivered,374.06
74c2902d-0267-472b-9835-3db4f47a2ed0,f2cb4abe193595fe70e9c380e488004c,2026-06-26T00:00:00,delayed,517.69
51528712-9149-44cf-8de4-c683ceecf709,da5541262d0f00a6d57572f3aa1af41a,2026-07-10T00:00:00,delivered,906.63
58e11a5b-764f-4444-8dd4-a51316e121d2,e25ecad4f206325588f4b913642377eb,2026-04-22T00:00:00,delivered,224.22
13e89be2-16fe-481d-86b4-d46a6227bec3,ef0103e9602d12594d19c2b666219bc1,2026-06-17T00:00:00,delivered,224.91
d5fb9536-6b41-47c7-aa82-21d7e1400a2f,71200e5ed443c22e1df3cfe1e053c07c,2026-06-25T00:00:00,delivered,426.77
4c4e690e-5fb1-4a66-be5d-946d8a992772,f9cf4bd5f758bdbcb0f8397c6bd49d3c,2026-07-17T00:00:00,shipped,37.12
05a4e609-0e61-4318-93ec-4e588fd76d68,5a3ee05d197e24b7bafaac3e2cbc7e55,2026-06-20T00:00:00,cancelled,316.25
41db7c70-98a1-4e21-9de0-71df98f73bcf,5beb6ddd92a5f785780c5a7a08e9bca4,2026-06-28T00:00:00,delivered,778.65
d10144a6-d915-4d06-a052-3d3edc8844c0,acd046ff2c7ad6d4b091883063c93ff6,2026-04-13T00:00:00,delivered,533.45
751a74c2-d3a9-4d21-ac83-f13ee3cdaa8c,5a3ee05d197e24b7bafaac3e2cbc7e55,2026-06-21T00:00:00,delivered,488.32
4eb271f1-cf18-4f19-863d-ec8d67c81940,11cd4821f3f646fae625b1f043fb5ec3,2026-07-03T00:00:00,cancelled,405.34
c88f8c57-967e-49af-8851-01cad1e3090e,6dd5be3b2a4f4f7fe09e81590896fa0e,2026-07-05T00:00:00,delivered,73.5
658fccb6-f35e-4664-a21b-3bc7258251e6,56987d3e10c71d7d4e0fc479e65a35b6,2026-05-23T00:00:00,delivered,177.64
af5ee0a2-87e4-4d79-adb2-57dd95056129,0b48151c4ac827afeee06ce2d77cc343,2026-06-30T00:00:00,shipped,322.24
e52b7ef6-e72f-48f7-89c0-745bd5dd9b75,58ee10603291fb595e840bea6f400d41,2026-06-17T00:00:00,delivered,378.92
d1992c0a-8f88-4606-b89d-93142f74b07c,a84b054411cab9cef6857aeaa4763426,2026-06-24T00:00:00,delivered,826.75
350f87d2-8fa0-4fc1-b5b9-2bfe95158dbe,5a3ee05d197e24b7bafaac3e2cbc7e55,2026-06-28T00:00:00,returned,41.41
2762054b-0215-4d32-be21-e34e8a679b92,d3a5fa065a68c1f357e6d8f4385938ee,2026-05-17T00:00:00,returned,250.28
9a9e8b12-4ab8-4d44-8e5e-0773db96b70d,4be1583defacacfea129170626a62569,2026-07-15T00:00:00,delivered,543.47
95914286-fee9-4d36-bd0a-0c7a1f63c629,65333bf484bb685082b70adc3e154aeb,2026-05-06T00:00:00,delivered,225.68
649e5701-1bfc-4935-8b9b-87f91d2cfd27,c4727b31f6dae15654a8a097c91abe75,2026-07-08T00:00:00,delivered,413.53
b58876e1-f7b4-4ce6-9396-adaaeac69c21,5a3ee05d197e24b7bafaac3e2cbc7e55,2026-07-03T00:00:00,returned,87.62
1a872c28-54e0-4113-b7e3-42f1e690ebfa,f054e8c1cbcf5e89ddd9b615c349936b,2026-06-17T00:00:00,delivered,77.9
4dcae407-a74a-424c-a2c1-5f250720bf38,a012820fbbced38a03331716e231e0ba,2026-07-02T00:00:00,shipped,425.74
581e9072-8fd1-4cfb-83db-70907347d32b,6ce73016161f051b4267667a28bb417e,2026-04-27T00:00:00,delivered,7.79
54ae17cd-9ae8-4c55-86e6-c2392cd71b6f,caf8cfa0ac3ff60facda076545837647,2026-06-12T00:00:00,cancelled,960.67
54217d99-9dab-40f3-b721-139ebd53d8c4,e235442a956c524e6c141141171f5801,2026-06-12T00:00:00,delivered,581.33
e9055799-5afe-4c67-8018-573200f41c83,60e25dc38171becdb0abd13aac4ece3f,2026-06-10T00:00:00,delivered,318.46
f3476580-d8bb-4c34-867c-9164fd6c5fc8,f7c7677be77763b1b2cf982a5e67fa61,2026-07-16T00:00:00,delayed,170.29
e35c99f6-f6d7-474f-bc4b-4832c25307ab,5a3ee05d197e24b7bafaac3e2cbc7e55,2026-06-21T00:00:00,delivered,415.68
39315621-2e57-4cc7-8c29-f82fb06fbc4b,8c8b21e9534948db376200dd8de97c98,2026-06-02T00:00:00,cancelled,70.71
b8c89294-d3cb-47b8-a5b7-b081ca6637d3,4b0cbf5ea22869c5ea269442f9b849e7,2026-05-14T00:00:00,shipped,75.08
9b3bd33d-8ef0-4f59-8c03-24a3701ab2ab,4be1583defacacfea129170626a62569,2026-06-16T00:00:00,cancelled,2283.63
86f319fc-ec8d-4057-a171-667922f8af4b,1c7fae8db20821423f3155642caad457,2026-07-01T00:00:00,returned,29.84
400884bc-c6c9-45de-af4c-33fe68d6a75f,97dc91f9e896442f6ac9650bb2a9b594,2026-07-12T00:00:00,delivered,289.0
21694d26-c534-4118-9da8-099bcd8072f2,3e7093ecfc2d4fda791cc93d9e18c3ad,2026-06-25T00:00:00,delivered,689.72
da8ae6b0-aa74-4a30-82e6-e934b362cee9,4c93744516667ad3b8f1fb645a3116a4,2026-06-29T00:00:00,delivered,1349.24
3d03cf13-ef31-4b4b-879e-3aa10aaf9280,873b6512a80d4ccc7ec1ad735ab81a81,2026-06-13T00:00:00,delayed,1572.42
f47ffc22-c34d-4e44-9d9e-a6f50b0597a3,6e9c6c2120611104445c767b78377d21,2026-06-11T00:00:00,delivered,263.88
020c05b8-6762-4444-bdfa-b3bf4a8eb4e2,af982647bad6ee3e3a748ff4721e6644,2026-06-29T00:00:00,delivered,1094.09
de76ae3e-5cae-4c30-a3df-ed4037b7ffa1,196276c2651ca4783688aa741b72d540,2026-07-10T00:00:00,delivered,222.1
1188d62e-2850-4ec2-ab56-8e2f161da1c9,1573fa36d8bf101af8300e86e78fecbf,2026-07-08T00:00:00,delivered,2256.2
9e54f3c3-12bf-4067-a8db-84b36cd02a31,c38ea92aa01ad97a67b5fdc061846fc4,2026-06-29T00:00:00,delivered,128.28
29ff932e-efe8-44b4-9f92-b2860747c723,7b0cae22ae2b6cf88163a50600da4ee2,2026-07-02T00:00:00,returned,2014.45
a450b89c-4506-4986-98be-34794ff35bf6,55133cf96f44c834ac51d0e3b678c7a8,2026-06-24T00:00:00,delivered,360.34
b4e5ecd8-a1fa-40d0-945c-4488bd6cee79,55954d0157e12e3284be75bcf04dc088,2026-07-06T00:00:00,delivered,112.2
eb695346-690d-4da1-b631-7bc886831315,f52a8a57228f8fc586dc65983d39904b,2026-06-04T00:00:00,delivered,872.12
e5aea4a8-dabe-4a35-9608-7e56beaf7ff6,6a3b483e9b2d95ff255471067c0f7203,2026-07-10T00:00:00,shipped,198.26
df3d34b4-6414-42b4-8c24-13c6097e4753,cae8622d51b654fcfad25446ef0197ce,2026-04-18T00:00:00,delivered,424.65
104a39a9-0ee9-4e1f-b97c-5924326f4ce0,39d16e1ef9c58bb82e54cf87906c185d,2026-06-01T00:00:00,returned,352.53
ab72fb78-fda3-4de9-ab80-e40d502e14f7,3ff874206f1d7d1e3ffe12bc9c88c27c,2026-07-02T00:00:00,delayed,390.48
955d250b-1b3d-49b6-b21f-968a9a743dd7,8ee330dd325716db048bf014601e3fa9,2026-07-01T00:00:00,delivered,444.6
cf965157-6866-424c-b0cd-42b176632844,6f65f19c2dcfcab8b76b2fafb5b840e1,2026-07-13T00:00:00,delivered,435.89
11a3374a-298b-4edf-bea1-e7f67e41bc8d,3842d2de8b603bbfe941ade4da285f32,2026-06-30T00:00:00,delivered,702.71
56fd59c4-a308-42ac-b094-539b8e2b4ef5,0b48151c4ac827afeee06ce2d77cc343,2026-06-26T00:00:00,delivered,1931.47
fb1c886a-619a-43b2-a939-558ea571d6e0,0b48151c4ac827afeee06ce2d77cc343,2026-07-02T00:00:00,delivered,210.62
50bf3987-f763-4e51-8bf6-b2733a758b72,97dc91f9e896442f6ac9650bb2a9b594,2026-07-08T00:00:00,delivered,355.4
a9e72db2-707c-4372-81de-3f7477cf33e7,c1a83a518dec21a938b5ca2a66e47ef0,2026-07-03T00:00:00,delivered,661.59
88c29e83-fb4a-491d-a2a4-32578f7e96dc,5a3ee05d197e24b7bafaac3e2cbc7e55,2026-07-12T00:00:00,delivered,71.61
8a694646-3f4a-40fc-9c1e-cbe418e14636,2561161bc52cafa1be6e80ed9c92c9ea,2026-07-10T00:00:00,cancelled,130.57
3c588e90-ba24-4604-9e72-603542a2c4e9,bcecc0dacf83b048a31ed8e3c3d928b2,2026-06-28T00:00:00,delayed,122.56
69e21391-b8be-48e9-b881-6d413797b5c0,318a8173e6ffb6811284913d9e25bae9,2026-06-30T00:00:00,delivered,145.42
33c703dc-c172-4916-94b1-2ce4fb7cb1ed,9caf7fce45f197ace0ef67476d5f0b94,2026-06-17T00:00:00,delivered,291.85
9182fd48-cc37-4c4e-9a22-83e27a96f3ff,587b326ba3bf8aa4d3e50fb1f38ea79f,2026-07-16T00:00:00,delivered,515.12
bccb36a3-bd6e-4937-8d66-027ad4b9b46e,6a8486027bddd6ae08e53aac48efb2a6,2026-06-05T00:00:00,delivered,1169.72
662d89c6-0f38-477b-abd6-300250b21833,50353cb3dff3aa5646fabd41e30572da,2026-07-17T00:00:00,shipped,122.11
71c75c66-4f38-4435-8fba-8a90cc0b12b4,f34cd7fd85a1f8baff886edf09567be3,2026-07-17T00:00:00,shipped,255.27
609d4021-1910-43ea-b0cf-b4394c281b11,5a3ee05d197e24b7bafaac3e2cbc7e55,2026-07-09T00:00:00,delivered,319.14
1fa94bf5-26bc-4343-8a1b-66a8b9d7bf30,8f1b15e134107b88557c55167040c6b3,2026-07-16T00:00:00,delayed,378.27
4132334b-a91b-4e36-a455-6e1a86ac3234,4b0cbf5ea22869c5ea269442f9b849e7,2026-05-30T00:00:00,shipped,479.48
d9a06144-b13d-4cc8-9abf-8d797a5df3c3,afa1462306ce1941adc5524ab4198909,2026-07-16T00:00:00,delivered,29.52
5f0d051c-2c27-477b-829c-c87bc1d6fc8e,f9acaaf53948041869bb52c7eb1e116c,2025-11-24T00:00:00,returned,27.88
ea85e5d9-6f93-48b7-b90f-b150a04f0230,61575c95d9e40ecb8277a9cd8ace01c8,2026-07-09T00:00:00,delivered,1749.52
16570326-4ac0-4a2b-8c89-9af8dd7f135d,2e5b5e44efa832c60072aeb33027cd65,2026-07-16T00:00:00,delivered,507.72
0566128c-b16a-4d36-8c3f-b0d345df8bcd,5a3ee05d197e24b7bafaac3e2cbc7e55,2026-06-29T00:00:00,delivered,598.1
de94e203-7746-499a-a25b-c397dc39de95,42bd11eab7631f93159c55cb7289c8c2,2026-07-17T00:00:00,shipped,593.79
01fc35ac-1b22-44b8-b00e-d7a738f607c9,a6f2e4a9ff6fdb7626039136dee62c4b,2026-05-27T00:00:00,delivered,395.08
4091502d-e302-4ad5-93f0-5a7d347deeaf,e640111298500f5006fac7f416d7637f,2026-06-16T00:00:00,delivered,379.51
3a8bb3a5-4e08-4afb-b93a-ec3714631d75,00e984e99fdfd52943156d2d7eb4a5e6,2026-07-04T00:00:00,delivered,147.94
31c99f5d-62e3-4ffa-8c04-3b17b92c540e,7247db1739364b45ac4fcd830ffeabab,2026-07-17T00:00:00,delivered,885.52
b45e35eb-f317-4f79-bb08-e379a633157c,c1986731c9187570bab707969f420963,2026-06-23T00:00:00,delivered,194.54
6d6f0d99-f7c8-4a85-8dde-db6caca4142c,80751f3256e9ecc03c4556904f6d72c8,2026-05-30T00:00:00,delivered,273.81
9204caec-b43b-4468-aecd-e9edc8991eeb,bcaedda052fc72c42f55dd7c28b4b38e,2026-07-16T00:00:00,cancelled,621.97
66d328c2-e967-4d81-a16d-1c2c1d34c8cd,5a3ee05d197e24b7bafaac3e2cbc7e55,2026-06-29T00:00:00,delayed,390.29
c833bef5-81f9-4564-bb65-66031fd4e5d0,1098d1250d5bdf8bfc6a83f26494067c,2026-06-26T00:00:00,delivered,780.02
384438f3-0520-45e8-91cc-aa1e9e370038,95b4b60a728bff942c8bd59a43effa33,2026-06-16T00:00:00,delivered,812.11
32de2bb5-51ba-4f52-ba21-796602cea7b2,483686d2c2ea82359b6aa0bb2b20829a,2026-07-05T00:00:00,delivered,438.12
adc1474c-f09d-4981-b7e0-e360836b0cb7,0beec065ce2d16d3a8dbb22b87cf4c43,2026-07-11T00:00:00,delivered,33.28
962c14d1-e000-4286-b6b5-7f713bef1d44,196276c2651ca4783688aa741b72d540,2026-06-29T00:00:00,returned,892.95
90497008-cd54-43ed-8488-d6c15c38c285,467bf79ce2396e5892760388eae4fcce,2026-07-07T00:00:00,delivered,723.76
de73f6d8-2dd8-48f1-8d1f-43f10e60b5d3,476044a045850de49b672f57aee54b5d,2026-07-08T00:00:00,delivered,57.86
b6c6dad0-b6b5-4761-bc99-5191c1d7c5a3,272d474dde8221c368c57511d9150215,2026-07-14T00:00:00,delivered,158.17
dbd68af9-f058-4ad8-ab8e-df6aa56819e3,340152332a04149987a705602615f0d0,2026-07-06T00:00:00,delivered,620.08
776ea40b-31c2-4bf8-9e2c-beb32b793278,d06273369ff5483c3f75f49d621eccbe,2026-06-01T00:00:00,delayed,1352.59
14f6ea13-61e5-44a8-acfe-3a311b828d62,255db56b61e0c9227afd094f0a2f1aa5,2026-07-01T00:00:00,delayed,94.33
85598c43-228f-4a41-9144-61cda8ebdd47,fe947af6540d580b9703d0332d04f0e3,2026-07-09T00:00:00,returned,885.23
92b13bc1-21ba-4ab7-90a4-733f91a0d2d0,9553802042571deac62d5789ed18a241,2026-04-24T00:00:00,delivered,40.23
264b83b1-b66d-4cf2-a9b2-4c6755c44c9e,634f09f6075fe9032e6c19609ffe995a,2026-07-03T00:00:00,delivered,316.81
39a513ec-db7b-45a1-95cf-eb16ecf304f2,7e8ace5e83e019d284a1cf0108b57f94,2026-07-01T00:00:00,shipped,319.61
8e1ed0e6-db3a-49ea-a215-6ec1b6c932e3,04baa28903e22974e6213e632b09c193,2026-02-18T00:00:00,cancelled,215.82
757bcb5c-ada5-4f21-b455-999522e278e3,688f41aa35d278c66448d8c443304f51,2025-11-26T00:00:00,delivered,427.26
7c378bcd-0d1c-403c-a2c9-489539f33455,58e1140fb8f15f1a010d01a34bfbf77d,2026-07-06T00:00:00,returned,244.77
1d3fd640-f7c1-4816-aafe-8e92844280e1,c1c2fffe3d49911803df2e157bee7aa0,2026-04-30T00:00:00,shipped,236.81
9aaeb1a2-ce5b-4e08-a1e7-edf36c7e9d75,49d79c76cf12065b7a08103cdba3e1b8,2026-01-06T00:00:00,returned,41.41
26578fe4-7525-40e1-bb63-600651509122,9a8ae5697c81ca094e4bc087022d89d9,2026-05-12T00:00:00,delivered,778.59
e3b884b2-d51b-4a16-b905-6d9b01f4e576,579bed8121f490a9c8068ba6071edb3b,2026-07-11T00:00:00,shipped,516.37
a3d06ac5-4353-445c-8816-87b7dcb7bd8e,4ebfd10a85099b098816cbbca0604b59,2026-06-28T00:00:00,delivered,562.52
fb6aa82c-a9aa-4f28-a1ee-a4dbee218084,5a3ee05d197e24b7bafaac3e2cbc7e55,2026-06-19T00:00:00,delivered,134.86
12f9ebff-2b22-48bf-88a4-ee5e247ccb15,e6925d3e39cebd0f699008b248e58361,2026-06-01T00:00:00,delayed,1109.98
d1819fc9-03d0-4ee1-9721-a5297b6d7c45,317a5bc8cf58c4401e221c74d7a51982,2026-07-17T00:00:00,delivered,441.86
9eee5d0d-06c3-4448-9d10-a8c8f4d7c08a,b4249aba7b44861b7fc54bda9d7c62f6,2026-06-25T00:00:00,delivered,195.23
73db2197-f634-48df-bd80-2eb07203b9ac,5a3ee05d197e24b7bafaac3e2cbc7e55,2026-07-10T00:00:00,delivered,291.64
f1c9efd9-f6da-460b-b1e7-d8449e1c7665,5a3ee05d197e24b7bafaac3e2cbc7e55,2026-07-10T00:00:00,returned,188.02
46baabca-1cac-4623-b48b-de98d1fb9ef3,3971f4c7f3c96fef10932785e1093510,2026-07-06T00:00:00,returned,208.24
5f67a04e-b1dc-4d25-9434-ff1ca52e3e68,5a3ee05d197e24b7bafaac3e2cbc7e55,2026-07-05T00:00:00,delivered,277.18
5467db1a-2a05-41d2-82f4-d398179aeeed,8625b708ec6cc8afaf5d676fafc4f37e,2026-07-17T00:00:00,delayed,197.9
ae05b84c-53f3-469b-b29a-4dbdc58450c1,6995203f8a5ddbd2fad3a9df1e099a51,2026-06-10T00:00:00,delivered,2981.45
4539bbb8-1ffc-42d5-9b36-5b9e900c5d81,00e984e99fdfd52943156d2d7eb4a5e6,2026-07-17T00:00:00,delivered,491.84
e6b1a62f-0f3e-4f4c-ba80-21a5f0a61fce,5a3ee05d197e24b7bafaac3e2cbc7e55,2026-07-12T00:00:00,delivered,2776.93
6efc3c9d-9658-4d88-9472-70990cd24810,fdcf4139f50f370c91e8b8f33adde2a6,2026-07-01T00:00:00,delivered,151.0
06721412-e8e6-40d5-b086-ff2578e8a8c2,e1eb483ba2db6d6845f4b546e32c646c,2026-06-10T00:00:00,delivered,537.49
760891ab-1bc6-4a25-8b7f-91ee1437a7f6,91b06e7f118797fea3e4fdf5b9432d7d,2026-06-09T00:00:00,delivered,513.5
a3692001-9a93-48f0-aed5-fccb1ac4dad8,0f13e3bb90bbd8912d57145479ce4839,2026-07-07T00:00:00,delayed,1095.11
4799a85d-ba4b-449c-967a-62ef7468b177,1098d1250d5bdf8bfc6a83f26494067c,2026-06-25T00:00:00,delayed,281.48
91524878-404d-453d-a3ff-3f8b8812d9a7,423ddcb7c0603e732d87bcc5c87eab9c,2026-07-03T00:00:00,delivered,432.99
f48d9f8e-277d-41f7-8abf-58a805f8cfd3,c85df1c6ef6f7bb605e1c49d34f172ee,2026-07-05T00:00:00,returned,317.72
450a8fdd-68a8-472d-a2b9-ff5f360678bf,5a3ee05d197e24b7bafaac3e2cbc7e55,2026-07-14T00:00:00,delivered,793.68
dcafecd9-d19d-4b81-a914-23713f0de26a,8dfbc9064378d19ac99a21ac353072d7,2026-06-27T00:00:00,cancelled,175.15
72db7118-eb5c-4f2f-9662-4f95e5e390ab,5ef5f96d508fff087a06648c19201333,2026-07-17T00:00:00,delivered,414.63
60292108-4875-4e5a-aa65-1a2a01e8d9e5,6ad430c5fac5e72b42f74af4ad7e98f3,2026-06-15T00:00:00,delivered,341.31
96c44306-e3bf-4c7f-8045-c4a5b280c5fc,c76b9b7efd2e02d6c8627bf5ad450622,2026-07-05T00:00:00,delivered,408.19
300dc5e0-b0ed-40d0-98d2-945b2d1da3ca,0b48151c4ac827afeee06ce2d77cc343,2026-07-03T00:00:00,delivered,189.68
648537ee-13f9-49b4-96ba-03f5dfd15eab,edf55e0391148600e839275491f147e5,2026-06-18T00:00:00,delivered,221.07
f1f5d364-49d7-4354-ab93-408ac15a766a,5a3ee05d197e24b7bafaac3e2cbc7e55,2026-06-28T00:00:00,delivered,16.16
2486e659-1dc9-4110-8204-d188490acae5,89d9a5f6c5538b8fe797f4f5b6769008,2026-06-23T00:00:00,shipped,391.48
8c91bced-7af7-4dc4-9639-3dc3988090d2,508cae50c5c1e72079d266a513bca9ae,2026-07-15T00:00:00,delivered,714.14
099e5bf3-3177-4168-a4f3-3032608f0d22,f2ee0221f86c32532028f6be7f94f07b,2026-06-30T00:00:00,delivered,59.62
d8e34344-e38a-4712-96b4-61e116bfb72d,b134d1fbe77d00a8e0a4ce9d855ea927,2026-07-02T00:00:00,delivered,454.92
d8e39b29-4f96-46ca-8d59-d1032ac173e2,77a63731fc358f68a5ce26211fc340a8,2026-06-25T00:00:00,delayed,298.66
f430f404-c144-4864-bf55-29086b971235,f14a94df58861cb1811f48b40271884e,2026-05-20T00:00:00,shipped,1369.14
996e8f81-4d94-47ff-aaaa-68e2e7ae9ce0,82b2b6a27479a25369741ff265a19a49,2026-07-12T00:00:00,delayed,389.73
9c8b2f0f-3cba-4106-b479-3eaba073ee0c,70e15e657d597f3c096fb696e815018f,2026-07-17T00:00:00,cancelled,78.85
9140f0de-fc46-49ac-87df-66b635dec5b1,99e36749c5c84dc56b13138caac13b55,2026-06-27T00:00:00,delivered,369.61
05c7c7ca-45d5-444e-82c3-2d2cd02c52dd,029800f459300049c50c59dcc4244e44,2026-07-07T00:00:00,delayed,115.05
0f5b1c88-37c0-4cf3-be85-a6fe1dd888bd,634f09f6075fe9032e6c19609ffe995a,2026-06-17T00:00:00,delivered,331.67
2dac3fbb-3183-4b94-af95-1f7783e4065b,a31afd5504f618a4cd9f19a215db2705,2026-07-05T00:00:00,delivered,64.16
f7c1e222-94d7-4d5c-a9dd-73f5f880e126,38e31fda99a5fb901d27134d18d36c75,2026-07-01T00:00:00,returned,955.71
017349a8-278b-49ae-be87-5ac6e25dbbe5,2ee1f65b4197b8eb29826c06b876ba67,2026-03-08T00:00:00,delivered,333.36
f041d942-3b9b-4ac0-957b-80e33179689c,84b0bf771f3b14f21e6dd37e2fe2eee6,2026-07-14T00:00:00,delivered,280.64
0398a5d0-6055-4f14-89e3-46ebe3a3672b,5a3ee05d197e24b7bafaac3e2cbc7e55,2026-06-22T00:00:00,delivered,149.22
349f889c-2c3d-432a-9dcd-a955b2bcaa20,75a9e81466dbc644796740cc49bfe8d3,2026-06-26T00:00:00,delivered,424.52
47d33dde-bf62-4c95-9cf5-d6640c234f01,5a3ee05d197e24b7bafaac3e2cbc7e55,2026-06-25T00:00:00,delivered,186.03
215674cd-4b0c-40e3-9934-98d97afbecac,a2f51f628955d9668200728005209afd,2026-07-04T00:00:00,delivered,824.26
af345aaa-aa1c-45f2-aa9a-379b2fa18d6e,a0f3a0c053ba7501b10fb72e038bcc1b,2026-06-12T00:00:00,delivered,902.37
6226aa14-f82d-4b5e-a3c8-9f0568149542,5a3ee05d197e24b7bafaac3e2cbc7e55,2026-07-01T00:00:00,delivered,912.45
63766e42-e6b0-4293-a117-77d600016d45,4b0cbf5ea22869c5ea269442f9b849e7,2026-07-15T00:00:00,delivered,440.66
28892a42-b037-482f-a908-c288e9737808,0b48151c4ac827afeee06ce2d77cc343,2026-06-27T00:00:00,delivered,544.4
7d76c154-3bbe-4dba-9d06-3a1377f47404,dbfd0ee98fac0d9b4f109a2aaed48093,2026-06-20T00:00:00,delivered,188.46
0d8930bf-905b-4f57-8ecf-839dd83c31a0,a012820fbbced38a03331716e231e0ba,2026-07-04T00:00:00,delivered,419.13
3aef965c-f50d-44e6-a418-12aa6e027d1b,5a3ee05d197e24b7bafaac3e2cbc7e55,2026-06-21T00:00:00,delivered,6.72
b1088b1e-7bc1-46ac-8f11-a542ff677fae,42398dee8f2098eec5579129cc1a6f5e,2026-07-02T00:00:00,cancelled,1640.23
994f949a-13a0-4743-b137-2658e983c6d6,5a3ee05d197e24b7bafaac3e2cbc7e55,2026-07-13T00:00:00,returned,1343.12
a76e7459-9528-479b-b44a-36e1dcfdba24,b621cb89890e2b002aada225e7c5eaf5,2026-07-03T00:00:00,delivered,407.16
31d27e4b-015b-42bf-b0ac-685b93ca4164,08995ff3d56d1423655c3b21cebe06bd,2026-06-22T00:00:00,delayed,103.39
248aa6e9-e171-422d-b845-7217da55ffc1,5a3ee05d197e24b7bafaac3e2cbc7e55,2026-07-16T00:00:00,delivered,269.53
460826d4-c883-48bb-8f6f-95ef18486d4e,8c2e1b595fa98d5f22cb089e0e70d9cc,2026-07-01T00:00:00,delivered,240.03
4068d5a9-ad18-47dd-8fc3-fccdbf337822,de5b15b5269883dea3cf95f30cf7fece,2026-06-12T00:00:00,delivered,134.13
9aca8fc5-2353-4a4a-8ddf-45bfaedd714d,ebec19ef82a1e635967cd50a037d41d7,2026-06-25T00:00:00,delivered,618.5
6a819f0b-4e06-41fa-a86e-e863d0fb5c7b,e15bbe8fc7504d0075b5835a1b306ada,2026-06-04T00:00:00,delivered,427.48
58676c18-4675-4fe4-930d-86213329db4d,6d06583742c138d70b952a6f5f4fd62c,2026-05-25T00:00:00,delivered,2344.28
bed1fc8a-6189-40ff-b47e-56e6adcb8e36,ba6da4841dcbcc20caa9a57808664368,2026-06-17T00:00:00,shipped,1794.7
60617396-e290-47f5-ab22-c0458cea8f14,5a3ee05d197e24b7bafaac3e2cbc7e55,2026-07-14T00:00:00,shipped,2629.05
4c885d7d-104a-4ce4-ace2-93d247936891,c88a78ffee02f40ceeb314786550b716,2026-07-10T00:00:00,delivered,319.38
22a851bd-ac78-472f-83d1-91de7f337eca,9852ae41cc160b7df4017c45373187fc,2026-07-04T00:00:00,cancelled,137.17
4e81264b-92b4-40fe-a291-8892d1d56bde,5a3ee05d197e24b7bafaac3e2cbc7e55,2026-07-01T00:00:00,delivered,518.93
1ee2b226-69d5-4c94-bf1d-adf6906749b2,30cdd9eea2b6192b8fa65c9ff5e59acc,2026-07-10T00:00:00,delivered,72.16
02b9d771-6384-414b-aa57-661778be13c2,d9b9b04147bb5cf5c5cd8c114b3cca35,2026-07-08T00:00:00,returned,438.38
5556805a-ef2b-4d77-a69a-19c6c954990a,caf8cfa0ac3ff60facda076545837647,2026-06-27T00:00:00,delivered,285.36
3c4b3d6c-57a3-4423-9a4e-f2db86cd9852,3d5ee12ffbcb44147038950c94c9e78d,2026-06-28T00:00:00,returned,172.08
0e4c3b16-655c-46c2-81c8-6e50ddc41eac,db977788293a64073047f4afca1d4b0e,2026-04-29T00:00:00,cancelled,545.75
86d46ff9-8702-4428-b57c-aa9a969fe444,5a3ee05d197e24b7bafaac3e2cbc7e55,2026-06-25T00:00:00,delivered,1039.5
cd68c3f9-94e4-478d-97ca-49e2bc30ac2b,0b48151c4ac827afeee06ce2d77cc343,2026-07-02T00:00:00,cancelled,616.83
38e173b6-f727-4877-9640-b70f875ab5cd,5a3ee05d197e24b7bafaac3e2cbc7e55,2026-07-06T00:00:00,returned,17.36
b5dc57f6-df94-4b8b-b5a3-cd68696fe7b2,97dc91f9e896442f6ac9650bb2a9b594,2026-06-20T00:00:00,delivered,1622.84
c1e2f6ad-66b7-415d-871d-f370f05b801f,273fff5a1d5e0ffc35f76b3fe3fb2516,2026-07-06T00:00:00,delivered,573.8
4498c7e6-3292-4cad-b12a-0359c67ca5e8,b134d1fbe77d00a8e0a4ce9d855ea927,2026-06-26T00:00:00,cancelled,585.29
4eda2530-c663-41a0-91c4-714cc4164f3f,068bf1b6ad5389ef7fd0b25926059be9,2026-06-19T00:00:00,shipped,370.38
4d7331bb-ebe2-4f76-8f96-e36b8db8db64,caf8cfa0ac3ff60facda076545837647,2026-06-08T00:00:00,delivered,314.34
59e7f464-b707-436d-9b06-5d85f1a53a97,f52a8a57228f8fc586dc65983d39904b,2026-05-24T00:00:00,delivered,861.04
6ac3da06-7f1d-46cd-9268-e09983a61c37,c3ae72f7fe12701be16e17345697d359,2026-07-15T00:00:00,delivered,1310.62
969768b5-c6eb-4636-ba81-1e456b1ddb5f,a7657330b1c135f3acd420326e335b2c,2026-06-07T00:00:00,delivered,341.12
c616848a-4aed-4b0d-878e-5317ae95ce00,c85df1c6ef6f7bb605e1c49d34f172ee,2026-07-11T00:00:00,delivered,413.85
883a413e-4251-470a-bcbc-26c2b4d507ba,0b48151c4ac827afeee06ce2d77cc343,2026-06-27T00:00:00,delivered,1242.49
be79e0cb-95f8-4cd7-8a76-7606eb06c966,ad91c910f921bc5d7b7cb140cd0d2c2a,2026-07-15T00:00:00,delivered,904.74
03def591-d9f2-446f-b8d0-a571fd21e04a,7b436cdf595907b9b0b142e8177c0072,2026-06-19T00:00:00,delivered,308.4
1b6ee8fc-b1c3-4811-a3b6-2c95ee07763f,5a3ee05d197e24b7bafaac3e2cbc7e55,2026-07-14T00:00:00,delivered,308.05
c316afaa-ce53-43a5-8fcb-166d64a5c73a,02a6a137ef7fe2414c9e14fc4d060790,2026-07-15T00:00:00,delivered,668.48
f22e3d62-927e-45b3-b3b7-b85c01fdbe2c,8f3dca4306d5a89e4ae2c65c110603a2,2026-06-27T00:00:00,delivered,937.89
a4ebb667-408b-4e5c-86d8-6294d1fc34af,63fe99fa23473a7340917d48f548ccd7,2026-07-16T00:00:00,delivered,107.17
e6298538-3f7c-4143-b999-f70fade0b85a,f054e8c1cbcf5e89ddd9b615c349936b,2026-07-10T00:00:00,delivered,119.43
c859b0c7-ef5f-4c65-995b-a1af1d8caad4,8d9399ba84c5c3b8d7952f8700845209,2026-02-27T00:00:00,delivered,1050.85
a7b5025b-4af0-49a8-b5c5-67873a755249,6d9ccbd8cc7ce34491c34c7ce5d03767,2026-07-10T00:00:00,delivered,837.82
38449291-8d85-4b42-852d-f8dc0e43e9f6,1717cd357c7bbb3158e701005cf8e50b,2026-07-09T00:00:00,delivered,638.31
7d42f0ee-86e5-47e0-aec1-4e81dc04d7df,dd8c586651f9232e473ad86cf89c143f,2026-06-29T00:00:00,delivered,546.93
dfe0376e-4f2b-40b9-91db-c818cf84833d,5a3ee05d197e24b7bafaac3e2cbc7e55,2026-07-14T00:00:00,delayed,640.09
18da1b6b-17db-45e5-96b5-16f52937a16f,01ecc1f1f21f05d0736c99d92646f132,2026-07-11T00:00:00,delivered,590.97
56027bf3-e06a-4b89-912b-06cdebb32b31,afa2d112b99f01c2f052f0dfec88726c,2026-05-24T00:00:00,returned,381.3
f929af80-4a28-4e83-8fc6-6dbf5562340a,147375750bdc81b55b75dc08daf84c8a,2026-06-30T00:00:00,shipped,522.93
51a2e758-af4f-4eeb-a051-c5b4bbd1100d,eea69b2b4f7272b279bd2e0e9b106132,2026-07-12T00:00:00,delivered,1051.74
a1d900e5-a033-41b5-96db-08469261340c,058199325498b546a39e5652a04dbbcc,2026-07-01T00:00:00,returned,210.25
dc1e0dd2-1820-4c28-9813-dfdbf3480b72,57378b07a6c91c06c139bfff05a246ab,2026-07-13T00:00:00,delivered,280.27
011ac7d5-e722-436c-90d9-8fa8fae2c1db,ef94ab37c9e865083fb1916862c23fd2,2026-06-02T00:00:00,delayed,561.82
81f8267c-b1dc-4a75-9368-a5348bd88be9,18e3d276253780b44b5b7bf83f6785ec,2026-04-22T00:00:00,delivered,357.48
adcfefb2-3874-445d-bf32-33c47844dc98,eb9414e9c56dacd436c2b7a274b34983,2026-07-17T00:00:00,delivered,306.32
386859ab-7599-4232-8080-56f68b74f92e,5a3ee05d197e24b7bafaac3e2cbc7e55,2026-07-07T00:00:00,delivered,137.39
5c2f2f53-138d-4358-9702-337ce225e6ac,03f05c2a180d57b7451f87cb4864ba53,2026-07-08T00:00:00,delivered,236.84
3bb7c12b-fda5-41cc-b83f-99639d4bfe25,6140e284b4e76e928d4cefbf30df1e01,2026-06-10T00:00:00,delivered,366.18
5681acf2-7b02-41a5-98bf-f639258f7a60,717aa48025662fcf27ddebbecc5f782b,2026-07-03T00:00:00,shipped,490.99
9927f605-9ff8-4fb5-b802-9a6133d78d90,fc25f71bab94146446884fc523121d48,2026-06-24T00:00:00,shipped,877.33
bdd91f0e-f821-4a50-a5db-48197583365d,83ec837051b48b7b5bd1c090ade0b5ef,2026-07-05T00:00:00,delivered,325.05
9cd999b8-7c66-4ee1-a39c-977df35ca3bd,e486555873e1947a1de7b1ff1e8c3554,2026-07-10T00:00:00,delivered,911.95
10fa65ab-1dc3-43de-bc06-8b1afa998241,49d79c76cf12065b7a08103cdba3e1b8,2026-07-16T00:00:00,delivered,135.4
167a53ee-49dc-49ee-ab52-5a11193c6413,29c059c81f62aa098e896ddd7fbc5c32,2026-06-15T00:00:00,delivered,3340.12
4f5c9c82-d597-417c-85fe-898659cf9029,dabfb46e557987c1797d05a1b387cfd3,2026-07-11T00:00:00,delivered,12.12
816bb3c0-b67a-45af-8fe4-7fda0f53a5ab,5a3ee05d197e24b7bafaac3e2cbc7e55,2026-06-29T00:00:00,delayed,1850.53
ce50e519-52c5-4327-8845-3c9ba74f9d2d,799ed9d9a1712679681fb6bb70a8b638,2026-06-29T00:00:00,returned,408.72
9b3910f3-cdef-4698-9e21-3a05b2c34421,dfbde47bde19b04d057e18b028d5b5cd,2026-07-17T00:00:00,delivered,460.95
e43a5fb5-2ecc-4313-aa11-d57ad0421ac8,5a3ee05d197e24b7bafaac3e2cbc7e55,2026-07-15T00:00:00,cancelled,214.72
3ecde658-3b86-40bd-a7ff-f829b7eb8bf0,3e6fd6b2f0d499456a6a6820a40f2d79,2026-06-28T00:00:00,delivered,472.5
2c656c1b-a78f-48ae-9742-ef7824d1962b,0f13e3bb90bbd8912d57145479ce4839,2026-06-30T00:00:00,delivered,239.65
c6276be3-690b-49ff-9ee1-e9861777b31b,f75da962fb4ddac1569e90c21803c455,2026-07-01T00:00:00,delivered,631.2
5e4d4b31-bb87-4d02-8412-9f7706104dda,6995203f8a5ddbd2fad3a9df1e099a51,2026-06-12T00:00:00,shipped,142.07
9f1423e8-8677-46d7-b54f-dc79dbe7de89,92d6a6df2cf2d6e2fa89dc1d28164c98,2026-04-25T00:00:00,delivered,1109.87
2d48781a-8d5c-4281-b9bf-50e13566ce81,517b7fc61e9aa8194ad8f298c015e97d,2026-07-12T00:00:00,cancelled,366.59
207f6d0d-0c9c-4567-b38f-74879d094de7,d73d940f6fc13f3e9bdafaf100690c55,2026-07-08T00:00:00,delivered,1327.27
09cbded0-8abc-4842-83c4-d773a8ca9fd2,b8b3c435a58aebd788a477bed8342910,2026-07-07T00:00:00,delivered,219.62
4abf81a8-488d-4fcc-8138-aaea66d683b4,7c64114d404c93f2c4305a9f2e7dc3eb,2026-05-12T00:00:00,cancelled,730.89
694b4a8d-f44e-48f4-8d23-ce40704aeb2d,8de2a640697fdc751bf88a16ae07591d,2026-06-28T00:00:00,cancelled,319.1
60646063-754f-4780-b118-ccaf84639657,c8dbfbb4a47a215d79659c927e786a58,2026-06-13T00:00:00,shipped,109.03
ee441673-c322-4ef3-9399-23e936117649,be2cff6c84f1683300337ecd499992e0,2026-04-01T00:00:00,delivered,150.8
bbebc28a-7f8a-40a6-a362-271a32133b5d,3fc63a1cff1beeaf62fff26f695de143,2026-07-04T00:00:00,delivered,713.15
12987ed6-ddb8-48ca-b7ae-1ef535b9cb53,5acf34561af0200eb8fe2307fdb126e6,2026-06-26T00:00:00,delivered,454.15
4dd63a08-3f5e-41c5-9f07-606b9da8c3d6,5a3ee05d197e24b7bafaac3e2cbc7e55,2026-07-09T00:00:00,delivered,346.44
06338b90-9401-4261-9ca6-a13706d9c570,5a3ee05d197e24b7bafaac3e2cbc7e55,2026-07-16T00:00:00,delayed,666.48
e4f6c3a9-6103-4390-ad69-62a378f89129,84b0bf771f3b14f21e6dd37e2fe2eee6,2026-06-26T00:00:00,delivered,372.25
45a19925-8bda-433d-93b1-d194509e489b,6ac37d07d28f224d58ca5c8d595e91c9,2026-07-17T00:00:00,delivered,712.57
438572d1-1196-4204-80ff-bb3e4c42e0a2,e69a2237d79485b1bf4c1b4dca757b4c,2026-04-15T00:00:00,cancelled,149.24
5b8de969-f5a2-4550-b64b-e43261c36803,df85489b24646779960c73a7c2f8acbf,2026-06-26T00:00:00,shipped,148.35
0fa099bb-0dbc-4fcb-9c16-401598d538a9,5a3ee05d197e24b7bafaac3e2cbc7e55,2026-07-10T00:00:00,returned,502.5
ec947785-2ae0-402f-941a-d8052f0d97c3,94b731a41867b47c3856e324840c4c99,2026-06-11T00:00:00,delivered,1330.09
46fc04b8-f3ee-45f5-aaac-beaa0106923e,f845965c44b627242d3fe2ff76fcb908,2026-06-28T00:00:00,cancelled,211.21
86614290-4e36-4404-81cc-b203c16312aa,5a3ee05d197e24b7bafaac3e2cbc7e55,2026-06-30T00:00:00,delivered,1200.47
8eb25ad4-3f32-4e46-ae3e-fdb557b78435,00e984e99fdfd52943156d2d7eb4a5e6,2026-07-03T00:00:00,delivered,1533.91
89378f8c-2c13-4073-9aff-70c8c7d245bb,1fe7afd58ce8429c5a8d27bf8c24738f,2026-04-26T00:00:00,delivered,450.13
129e13c7-950c-4e8e-a0e3-4a7a81a2cc70,4b0cbf5ea22869c5ea269442f9b849e7,2026-07-08T00:00:00,delivered,240.94
42d45a5e-0224-4a01-9daf-b2bf00dbf139,957bf068749b802595d8b336214f7ca2,2026-06-07T00:00:00,shipped,281.25
138d1a1b-1daa-4d4b-91c4-acf5a178246e,a37a685913f2c2d8ae96bc8b2f25ec7d,2026-07-17T00:00:00,delayed,444.29
76bab0a3-1252-4b0c-bb2e-2ea2f86d4cc1,0b48151c4ac827afeee06ce2d77cc343,2026-07-16T00:00:00,delivered,326.89
c494c40a-848d-4420-88e3-f91b2f95150b,2a802e5f8676d69fbfed47ad4b9f35c9,2026-06-23T00:00:00,delivered,1325.49
b465450e-e947-4243-86e4-e0ffe57f5d37,804eb66464db178ab95f5f4ced1f4a9a,2026-05-15T00:00:00,delivered,177.38
4250a664-83a2-4454-8e30-515bb7bda229,720ac6417c01c1815e7e6e898a549f90,2026-06-06T00:00:00,delivered,764.33
e7cf70ee-5006-4d29-b667-cd8c5cea49f0,84032c13e75382a35c99ae73156b30b9,2026-06-27T00:00:00,delivered,1553.26
eaba5fb8-7808-43fe-be7c-e7e581834b15,21f748a16f4e1688a9014eb3ee6fa325,2026-06-17T00:00:00,delivered,52.14
a5d81002-4f02-4177-8e54-48f2e6fa5d16,0f13e3bb90bbd8912d57145479ce4839,2026-06-28T00:00:00,delivered,527.92
b1384c32-2e7f-452a-95ac-323143b8e34b,21a2d9dc71459dbd3dad219cb9681964,2026-07-09T00:00:00,delayed,409.19
46e14d14-6325-4882-953d-7357862e6e80,3c702760fe3c149207ea8a3dc56f7d44,2026-06-05T00:00:00,delivered,983.58
98f6599f-7d6a-4059-aced-67004813fe5e,f7c7677be77763b1b2cf982a5e67fa61,2026-07-15T00:00:00,delivered,289.82
67d64938-c5f4-40d2-b4f7-e9a437f8e318,3341514b8049f4a268e4188fb0211d34,2026-07-11T00:00:00,delivered,570.46
0fdae5de-014e-4944-8709-4c2fbb4f2e85,b4249aba7b44861b7fc54bda9d7c62f6,2026-07-15T00:00:00,delivered,1675.01
dbaa09ed-7287-4b5e-9a3d-f470d5e9a5cb,25f24493ded5ebebc26a69b5db344e35,2026-06-27T00:00:00,delivered,222.9
2e723a88-f30b-4650-947c-d53099da6d58,53ce59821e6c5041654f61c58e99bcc2,2026-07-09T00:00:00,delivered,125.52
65198ca6-6b82-424f-b643-3ffd85a2ff8e,5a3ee05d197e24b7bafaac3e2cbc7e55,2026-06-21T00:00:00,returned,2180.57
8f1d3da6-0739-4e2a-ab23-aabd5f225179,3fd7c033b9809fe0d4536b4ea3b1e0dd,2026-05-04T00:00:00,delivered,340.62
905eb9cf-837f-4389-864b-ef46960cd5c2,2a9c0f0e5f06e91c50c74baf4dc67a0f,2026-06-24T00:00:00,delivered,2298.38
7d8f7ff8-70be-4af6-a1b9-a93d965f849f,bb50112c998293f45f49f49704165768,2026-06-30T00:00:00,delivered,424.05
23f1d5bc-b58b-4e12-b941-b2e22322d0d6,c107527184a9e9f426fc5a3e89cfb7e1,2026-07-09T00:00:00,delivered,9.32
926164f1-6d5c-4851-bdd0-c990f9fbc281,5a3ee05d197e24b7bafaac3e2cbc7e55,2026-07-14T00:00:00,delivered,314.11
836d7da9-84dc-4aea-8ff5-55121e5a1366,d83533715a8843e3a26adf36d889e9b7,2026-07-06T00:00:00,delayed,911.28
619691e1-142e-4095-b1bb-2f3d83f5a8c7,e1429df8d7fcb85252834ee1552ea20c,2026-07-03T00:00:00,delayed,232.84
42471ca6-a560-44e8-94c6-de44ad04ece6,0d086121374abc7682c5ec5bc50373b6,2026-06-27T00:00:00,delivered,252.94
e6f032a2-73c0-4f1d-bd5b-5417072f9c57,50aef30dabc7aca975dbdec85dcb848f,2026-07-01T00:00:00,delivered,1191.52
7a8981f6-e67f-4bab-8652-08ef29d6de17,cff66352965782fb7a921a07600f271f,2026-06-10T00:00:00,delivered,388.7
979dde25-37ee-4096-9bba-173b4b978f33,6f65f19c2dcfcab8b76b2fafb5b840e1,2026-07-16T00:00:00,delivered,1716.42
8eee10e4-5b28-4e54-b0f9-dd482463354f,33f86281d5203b278e32070d4a02592e,2026-05-10T00:00:00,delivered,75.98
102afceb-8b98-4764-8ff2-a2e33760e53f,f153272ca75661659630de82f3f2084d,2026-07-13T00:00:00,returned,252.9
277ffdfd-2ff4-4bc3-9cb1-44505428cd83,0b48151c4ac827afeee06ce2d77cc343,2026-07-09T00:00:00,delivered,60.22
4ac91d8c-373e-45dd-b3a5-14f8069236ac,a806f4bac8089496de66aa3f1d640155,2026-06-02T00:00:00,delivered,17.36
8cab3cc6-cc47-493a-b0e9-5c0d0cbbd3b2,eb3704b505516a05c0fea2e8cca4de56,2026-07-06T00:00:00,cancelled,706.46
fcbfd918-c012-4fe6-832e-00abe31f3ab8,fdcf4139f50f370c91e8b8f33adde2a6,2026-07-12T00:00:00,delivered,151.37
64c5c1df-da1c-4c5b-9cc4-e527606d28d4,f52a8a57228f8fc586dc65983d39904b,2026-06-18T00:00:00,delivered,857.88
314e9e66-2db5-4eb5-b493-044b66048467,5a3ee05d197e24b7bafaac3e2cbc7e55,2026-07-04T00:00:00,delivered,311.22
33451296-de71-4dfa-b310-32435679ea6b,4cbdc0f2029c78a012c400623a82e55f,2026-06-28T00:00:00,delivered,738.25
377c9f06-0f52-4658-8aa1-e2684e753329,b157c176c3fe04914fde33f2dc8b878a,2026-06-27T00:00:00,delivered,56.67
9fe14d13-c4b5-474a-a4d4-196106b0ad9f,a012820fbbced38a03331716e231e0ba,2026-06-23T00:00:00,delivered,122.94
8837b224-27f7-471d-9323-d531fa5cb73e,55fbb64f60861980e74c4f136f304297,2026-05-07T00:00:00,delivered,1091.3
2ee29114-3c14-411d-b870-590eee41b884,661bcc412eb64f26a12a5c0c46cbb449,2026-06-30T00:00:00,delivered,1380.23
d339416a-7142-48d4-878f-eb40e742c4b9,f52a8a57228f8fc586dc65983d39904b,2026-06-04T00:00:00,delivered,372.38
bd31355f-5410-4f93-882d-612b7bca166a,29bbf509bf085413d69208f1547f76e0,2026-07-13T00:00:00,delivered,436.12
d98ce05f-e7cf-44f1-9eb9-1e0db503e113,92780b513694a69ad78065593f467900,2026-07-17T00:00:00,delivered,1601.59
33b806fd-ccaa-42d0-89f6-220fd6273100,4914496b4e80679b99277e6a337715b7,2025-08-10T00:00:00,delivered,352.42
789596bc-fed7-4aa6-aa99-2f45821df677,c4854939d499d4786a9273c855fa6b77,2026-07-16T00:00:00,delivered,736.18
fdca91c6-d7c6-4147-8c7f-5e9d8aa76bd5,2ca4b9fcb8898c11d3134b26790e3e45,2026-07-13T00:00:00,delivered,1849.22
b575656b-7cd9-4ffa-a919-b2f84d6d7f65,2767ebe1fedf70562aa588a37a23080a,2026-07-17T00:00:00,delivered,426.17
d65c2287-1e8a-4fdd-9d62-4758de7b76dd,54fccbde5e005f2dbc6ad8d5473c9ac7,2026-07-05T00:00:00,delivered,394.14
e80d3246-26f6-425a-8a18-6d99f8a3db5a,96d97637a814355ed5e0913942533b21,2025-08-11T00:00:00,delivered,730.32
bb88820e-ebe1-43cb-835e-c7c82f160557,12ae9d27e5e84221c11f93fd2d2656bb,2026-06-06T00:00:00,delivered,891.78
ace7fb58-4ad4-4dd8-8dde-64e450fd96a3,caf8cfa0ac3ff60facda076545837647,2026-06-14T00:00:00,delivered,1130.22
3dc561b8-e080-40b6-8db1-0a5691e5d390,273d136f7121c493a5c994c4838fa350,2026-05-16T00:00:00,delivered,629.19
86d4b665-0e24-465f-88f3-dc6b9ce38a0d,ae5df8e33ea496f14db277c8b8e77281,2026-07-02T00:00:00,delivered,436.06
35077b06-e257-4d8a-9efe-78365fcfff67,39618678c9395910a7d675df2b0af941,2026-07-08T00:00:00,delivered,1626.4
ed27048a-cd8f-4670-9e25-ce9e5508b7ea,470a8f2e1dc7b277e4625f23039c6f84,2026-06-22T00:00:00,delivered,1730.96
62ed5db9-da49-4a91-b054-a8a85ad3842c,d89a7bdab6223178b3a684e006474485,2026-07-17T00:00:00,delivered,185.35
e96efed4-e786-43d6-8a87-dedbf76cdddd,5a3ee05d197e24b7bafaac3e2cbc7e55,2026-07-03T00:00:00,delivered,394.7
4fc5f212-1de3-4d7b-8a92-308dd1ba4711,5a3ee05d197e24b7bafaac3e2cbc7e55,2026-07-01T00:00:00,delayed,129.82
ad1ab28f-4628-43b8-8108-b7e0f1c37334,e527d87e5717a8e1432c67e902a56a9b,2026-07-15T00:00:00,returned,888.68
c192ffdb-08f5-4660-896d-f5d142345fad,7b6d07dac0a2c373d749142e920ae356,2026-05-23T00:00:00,delivered,194.54
a479a0e8-6883-433f-bbca-de0d81e5c7b0,fd837fa3548f0e74f75081f38a34e56b,2026-07-09T00:00:00,cancelled,1879.09
3cc96746-454b-4ec1-a12e-645508dcd00e,3f43c86453d02badf9c09a8149b620d3,2026-05-18T00:00:00,returned,121.9
8d3a575a-0fd2-40f3-880e-dafcdda19d7d,b3bbe51a0caf36d05239cdb5124a2421,2026-07-05T00:00:00,delivered,251.81
6bcae2c2-823b-427c-ac29-3e25db0288aa,040641ad9a73250e1362678a81db1b9b,2026-07-12T00:00:00,delivered,504.02
6cf7f4e1-9659-4cb8-802f-6cd21551cc19,6056d31a9cf9cf98ea9de7ef86cf4f5d,2026-07-13T00:00:00,delivered,413.29
446e97ad-717f-47f6-806d-cdf340b1d61a,7556f182460418cf30957e6ce377c674,2026-07-16T00:00:00,shipped,600.36
444c26db-ecf0-45d1-8c54-34819d781784,ceb8b329e744b3e8982e6f9d51269ed3,2026-07-09T00:00:00,returned,267.35
cde62b9f-7117-4026-8f76-6518b5646513,4b0cbf5ea22869c5ea269442f9b849e7,2026-05-24T00:00:00,delivered,1056.87
4f774097-f911-440f-b2bb-0def6b75f221,a806f4bac8089496de66aa3f1d640155,2026-05-29T00:00:00,delivered,633.6
86b95f49-1084-4a30-ad8e-336b041ce0fb,5a3ee05d197e24b7bafaac3e2cbc7e55,2026-07-15T00:00:00,delivered,163.29
fc31ad94-f6e2-4138-b04e-a18861fe9825,759d68713a15c3b9a52b377694b94efd,2026-06-15T00:00:00,delivered,687.66
28e6361c-8b38-4590-b6b1-08c4017a67a4,827bfe48960ca0dde2edc174b2311277,2026-07-17T00:00:00,delivered,1168.08
3b47107e-006a-4265-a1eb-ae3d8980240a,7be63f0ed4d9c76ed55844021da8d5e5,2026-06-24T00:00:00,returned,245.09
45a3c6dc-ca19-4f30-9af4-b74d48126acf,a96d5cfa0d3181817e2b946f921ea021,2026-06-01T00:00:00,delivered,109.12
94a5f958-a5e6-4d7e-a017-6a7a68cd75dd,99e41e69b60bd63edd83935499523063,2026-06-26T00:00:00,delivered,1526.94
af1d0711-f654-4682-a823-50b4fb398a0a,df2162a9aaf73bf42e812408330969a0,2026-04-13T00:00:00,delivered,758.57
2aac0d51-b0b0-4391-8c8a-892f6525aa21,f054e8c1cbcf5e89ddd9b615c349936b,2026-06-15T00:00:00,delivered,374.94
d2213dbd-b765-4116-b833-10610d3115e9,f988e05b9c8653f57178a723dc42cfe9,2026-05-29T00:00:00,shipped,212.56
7672cb1c-dc84-4052-9727-65140ff7b25a,5a3ee05d197e24b7bafaac3e2cbc7e55,2026-06-19T00:00:00,delivered,1067.66
15b05ca6-5fbe-45ad-8d7b-5de215806b82,4bbaf6f7a10a7e26a8777aa5cb6d5864,2026-06-29T00:00:00,delayed,315.95
6b234bf7-68aa-4c98-9e44-9b86fb763f22,9d85c39a38a86ed13978803d7560c612,2026-03-12T00:00:00,delivered,176.27
01ad06a9-366b-4bb8-a234-ffca81805c6a,016a5760b723a3a0bcb4b294d4bc6b45,2026-05-25T00:00:00,delivered,360.11
99ab3179-d3fc-4426-9123-02fb045ded2a,470a8f2e1dc7b277e4625f23039c6f84,2026-06-05T00:00:00,delivered,878.94
0435e439-857a-4bd2-885e-800a5fe1766f,56636fd22de1a315b8a50d45cf94d859,2026-06-28T00:00:00,delivered,1456.89
23bb8c69-e4fb-4b2f-a610-63dca294fdb3,5a3ee05d197e24b7bafaac3e2cbc7e55,2026-07-16T00:00:00,returned,591.4
df769da0-1eca-44f8-9a4a-23d43384ad3b,cb296f03ccd21cfcb3ba0778c4f3b7d9,2026-07-10T00:00:00,delivered,1362.21
aff42147-91ed-4429-be05-9f4b34469d61,5a3ee05d197e24b7bafaac3e2cbc7e55,2026-06-25T00:00:00,delivered,48.51
0e8b1d07-cb7e-4a38-afe8-54589a103a65,345ecd01c38d18a9036ed96c73b8d066,2026-07-16T00:00:00,delivered,149.96
9c6468f9-7273-4444-ba20-779096499abf,76b029c87118a29f2e3de420f5ec2fa2,2026-03-28T00:00:00,delivered,280.03
05a72564-cf81-43d2-a1d6-ae856da4d86a,b7b162291adff744d6f3c6450557ffee,2026-07-09T00:00:00,delivered,915.88
c920a381-026b-4457-9e98-bab6dee18b70,ce5c267bd53f4e6683c66f7cb5c5c067,2026-06-15T00:00:00,shipped,570.5
652a722b-6b94-42e9-8760-9ab08bf02a1e,4f463757edb0250ec353ab6f3610cf34,2026-06-30T00:00:00,shipped,276.52
886514d0-6200-47a0-906b-524fa6d8095e,40febde16f4718a5def537786473b0be,2026-07-08T00:00:00,cancelled,781.62
60f96207-5a12-43bd-bf63-1dad89061d4a,bf031ca9921548300245c13a81fdd17d,2026-07-01T00:00:00,delivered,517.22
f96a141a-6ecb-48c8-96c9-10068afe18ee,ae5df8e33ea496f14db277c8b8e77281,2026-06-27T00:00:00,shipped,1490.71
d3b6ca91-890e-4ddf-b343-3713889d1684,9f67d6145893e41e7ada2e646b84f658,2026-05-17T00:00:00,shipped,562.61
8288179e-18ff-4395-827e-74affc7a6d2f,a1b27fb279cf1f20c233f6f8c7d468ff,2026-06-03T00:00:00,delivered,1204.6
e9f503ea-d259-4b63-bad1-6afb56c3a4a1,a6f2e4a9ff6fdb7626039136dee62c4b,2026-07-16T00:00:00,cancelled,166.62
968d9060-ab42-4a24-9c68-52fa075c3465,3be2432d88955b7cc6e9cb71d9d1931e,2026-07-12T00:00:00,delayed,109.77
d3712ef7-0a53-4826-aa10-a4cba4a939b7,9072b46e3b68961565477d90b24092e9,2026-07-12T00:00:00,delivered,914.71
0507e9d3-5643-4112-8fb1-7fc1bb623eea,e94f497b64b4c843216126feedb1dfae,2026-07-07T00:00:00,shipped,773.3
dd2bc154-59a4-4e38-838e-30a06eb3cdfb,4be1583defacacfea129170626a62569,2026-07-03T00:00:00,delivered,528.26
73892493-3a1d-41e5-ae53-55b4adb260a5,282ebddb3e85120b1652204758fc332b,2026-06-27T00:00:00,returned,698.48
e3700ee6-8cd5-40f9-a050-8c1e952e82c6,04c5ad73047074972e9a1c744c3b4bf8,2026-07-15T00:00:00,delivered,436.03
9fb17349-9795-49f9-b046-fb64554db3ff,d3b1ea21e85de5679eb875b8a3a9dd4c,2026-07-13T00:00:00,delivered,369.79
510d431f-8cf0-4134-9c87-7176617466f6,2ee1f65b4197b8eb29826c06b876ba67,2026-07-03T00:00:00,delayed,223.73
c51fb5f3-53ba-474c-97b3-2ee127025003,0d77d20b2c7c92602b0c4ec4fe5997af,2026-07-11T00:00:00,delayed,971.5
1a19d8a8-18a3-4699-ad11-005b6b44e77d,5a3ee05d197e24b7bafaac3e2cbc7e55,2026-07-01T00:00:00,delivered,345.58
20685788-b64a-46ad-ab68-518b3001f39e,5a3ee05d197e24b7bafaac3e2cbc7e55,2026-06-20T00:00:00,cancelled,359.76
d7f949dd-edab-460f-9103-0a7b78875ff7,ef94ab37c9e865083fb1916862c23fd2,2026-05-22T00:00:00,delivered,376.03
0b4754c2-9b7a-4519-a19a-0fc59787e2a4,c8dbfbb4a47a215d79659c927e786a58,2026-06-18T00:00:00,delivered,557.9
303bb709-f4cb-4059-8cec-6b28b095ada8,463d8425827e81d905edf86f9c231eef,2026-06-21T00:00:00,delivered,945.08
8a84c85d-fee7-434f-a2dd-d69eaf7113f9,0b48151c4ac827afeee06ce2d77cc343,2026-07-06T00:00:00,returned,265.25
6ae5d056-fb06-4ce5-bad9-161b5aa9be41,790352c18a7b36b50eb483aa9eba0a43,2026-02-02T00:00:00,shipped,1762.85
e7c32f82-9ada-48f9-97bb-a03afeaddef4,49823ffcaa3d1b5b5e95aebc40ca0c9b,2026-07-02T00:00:00,delivered,158.18
7af234eb-04a1-4455-8949-49e65e30a54b,212c759d8c4f2d4d9d6fd4c7de0afbb3,2026-07-12T00:00:00,delivered,259.31
742abc83-0616-41fb-8df4-713a5d1e1be5,80751f3256e9ecc03c4556904f6d72c8,2026-07-05T00:00:00,shipped,217.09
cfdafb8b-8536-4ae5-8abf-3310dc06c415,54c7b4f48fb9e911bf328bf9884ca61d,2026-07-16T00:00:00,delivered,187.07
d4ff5099-57cf-499d-a9b8-48a14dccdca8,60c9aac573e07a0ac0a9678f43ac25e1,2026-05-20T00:00:00,shipped,158.5
959462ac-b82f-4a01-b8b2-4f6eb49ea184,4bbaf6f7a10a7e26a8777aa5cb6d5864,2026-06-25T00:00:00,returned,563.03
c4d0f39e-e32e-4af8-b451-9f12a559be5e,5a3ee05d197e24b7bafaac3e2cbc7e55,2026-06-29T00:00:00,returned,484.81
839307ca-d2c7-40bd-b691-0110428f813d,5a3ee05d197e24b7bafaac3e2cbc7e55,2026-07-14T00:00:00,delivered,570.39
25c278bb-aa8b-47ac-9281-3f5d3d194139,17ecbb11ad271dc15ba46b93be52062a,2026-07-09T00:00:00,delivered,71.96
8a7252fe-96e4-4a83-8a8e-f06ce9b0a007,e9dc105c3da1d2c71a3540f37385d3f7,2026-06-29T00:00:00,delivered,121.01
20d25cc1-c35c-4d9f-bc43-0b08e38d9f3d,d0e87d00021530383c16452a39a393ba,2026-06-27T00:00:00,delivered,1477.97
e8e9b10b-1488-44bc-9196-098d392f491f,ceb8b329e744b3e8982e6f9d51269ed3,2026-07-01T00:00:00,delivered,580.03
3a624933-e970-485a-b81d-cd93714bb262,95b4b60a728bff942c8bd59a43effa33,2026-06-21T00:00:00,delivered,403.24
4868de52-b97e-49ec-b46d-299b896433d6,755bdc2822a8f01cfcec19ae4dcaae66,2026-07-10T00:00:00,delivered,541.24
db680652-e580-42d9-a976-619409f1e3b8,80751f3256e9ecc03c4556904f6d72c8,2026-06-29T00:00:00,delivered,343.16
586206d1-95dd-4b67-be39-cf96e6f6e17a,8533fef411165ea5df3fe583670a76cf,2026-07-17T00:00:00,cancelled,524.58
9c5412a1-323d-4a9d-aa75-6741553ad279,4700fb5c5be4d27d6bed7cb5185e6c48,2026-07-08T00:00:00,delivered,118.03
82cb4090-f2a0-4d2a-95be-fb3a2c4e6930,36c2e404800b055e0ebeb26c96e23fd0,2025-02-26T00:00:00,delivered,254.54
b4496de8-d24e-4c1d-9ac7-014e287abe60,f1731fa7ae810577598d2d31a1888b4f,2026-07-16T00:00:00,delivered,381.88
add19f3c-a207-4003-8b4d-55e2014846ab,e94f497b64b4c843216126feedb1dfae,2026-07-15T00:00:00,delivered,113.41
1b461017-4dba-4829-ac97-7df328126fb3,5a3ee05d197e24b7bafaac3e2cbc7e55,2026-07-06T00:00:00,delivered,420.46
bae6a854-f893-44ec-86c7-19d4dbfd2683,17edcf1332227a04be5ee81262f0757e,2026-06-26T00:00:00,delivered,2877.57
ad48896c-9123-4a19-a967-ba3a4247beb4,16d778764561c820ab02b6ea12796b14,2026-06-02T00:00:00,delivered,160.94
3da0e0dd-aba3-45d9-9499-70c295819bcc,6c56bc412d285dc4211c29a964a7837b,2026-07-07T00:00:00,delivered,457.33
762b31b0-a0f8-46cf-8aea-ad556cd803c8,0fa3dfc9b8012e55a6e11db4d8a82c4b,2026-04-13T00:00:00,delivered,141.67
5b3b7aea-475f-465f-9cb6-5742eda1a6ff,2b8649d1a9912afc25d2943a04782756,2026-07-10T00:00:00,delivered,212.51
093f8007-f0d9-40a2-a6b8-b0f200e4b343,95b4b60a728bff942c8bd59a43effa33,2026-07-12T00:00:00,returned,12.29
fa19e039-486f-4e3b-b7b9-e3b53ec99cca,e94f497b64b4c843216126feedb1dfae,2026-06-26T00:00:00,delivered,547.62
0de1b06e-cb6e-44d2-bf34-d9f642800f15,5a6012519d0cf9a2103bd2170a81b833,2026-06-18T00:00:00,cancelled,459.31
9d638986-4465-45f1-ac71-03100d0c1882,84f30d2fd3937449dc7e0c835c281961,2026-02-01T00:00:00,shipped,1784.72
14b56525-4afa-4429-b11c-3f4fb2227686,55fbb64f60861980e74c4f136f304297,2026-06-09T00:00:00,delivered,923.01
4323c257-75f5-4c4f-bc0f-b87e4df43928,774efd8e5cc822162e0af7311d81f5c1,2026-06-07T00:00:00,delivered,533.11
768d5a31-891c-455d-944d-5e445cac05a2,6e046f72846b475feea9265ae8447835,2026-07-14T00:00:00,delayed,12.89
08c7c6a6-fa1c-4e37-9765-5095df6a155b,0ee46c6eaf5a0a46aecad04306ae65e2,2026-04-26T00:00:00,delivered,226.36
67c26737-e198-4ad2-928f-8aa973c2268b,1717cd357c7bbb3158e701005cf8e50b,2026-07-12T00:00:00,shipped,1143.23
b551d88b-068d-4add-ba4f-a62b2f1974c1,07df139093b720d6512c49da2980e3ee,2026-06-19T00:00:00,delivered,770.61
8c4bdabc-7daf-4b6a-b87f-3bf58ed4a437,cc31282a9d20caa9b70e578d1d5a7062,2026-05-20T00:00:00,delayed,536.12
60b03e83-0d18-498d-9c29-c32fc9409f64,8dfbc9064378d19ac99a21ac353072d7,2026-07-07T00:00:00,delivered,1129.74
d982cfb5-4225-47c3-bfe9-ab5637c4796f,470a8f2e1dc7b277e4625f23039c6f84,2026-07-11T00:00:00,delivered,762.68
b7182884-c1e3-44c4-add5-407b9db6a114,317a5bc8cf58c4401e221c74d7a51982,2026-07-02T00:00:00,shipped,171.61
891307cd-71ea-4053-9a14-d5e3272355e6,89e3027de49c3012858cfeb7f5a34f59,2026-07-04T00:00:00,shipped,643.33
e2025a74-4df0-4b4f-be88-f81685887759,ea8c130ad7f684ae458672c78e0dfd00,2026-05-20T00:00:00,delivered,142.07
b14ce245-2818-4ba8-b18c-e23392de9765,5a3ee05d197e24b7bafaac3e2cbc7e55,2026-07-11T00:00:00,delivered,645.17
dfddc4ce-4f32-44de-bc34-5ca46e3bfa6e,5a3ee05d197e24b7bafaac3e2cbc7e55,2026-07-05T00:00:00,delayed,927.23
3a1c2e27-1a60-40b4-842a-f9357f4f001f,17ecbb11ad271dc15ba46b93be52062a,2026-06-25T00:00:00,delivered,1259.21
f1044c99-34ae-4049-9649-fc19b50347ae,2f7597687aeb6a542aa308ee8618fc72,2026-06-01T00:00:00,delivered,1119.98
492de523-a6e2-44e4-bb80-87085e282ef1,e1a5b21153987479299c92d5c8b1ee1a,2026-06-10T00:00:00,delivered,439.2
9d186392-e0d0-48e8-909e-cf9ae45f6942,ae5df8e33ea496f14db277c8b8e77281,2026-06-27T00:00:00,delivered,834.46
69be6730-e5a5-49d7-9477-f654b399fda8,f644ca019b90461d729d1d07fecef6bb,2026-07-10T00:00:00,delivered,508.69
12d1cf2c-9b7b-4215-90af-05e296d18381,a5d3aa4d29649db999b3877b8961b64b,2026-04-28T00:00:00,shipped,270.78
fcb0a055-2d60-4e80-a8c3-ed7e0001288e,0788a5e2db8d16e610407f3ee826b813,2026-06-26T00:00:00,returned,726.28
49dcedc2-702b-4882-9f8d-5be7c5836551,f9cf4bd5f758bdbcb0f8397c6bd49d3c,2026-06-29T00:00:00,shipped,360.08
08d73d14-37d3-43f8-95d4-42b7df87ab96,17ecbb11ad271dc15ba46b93be52062a,2026-06-22T00:00:00,shipped,407.57
83eca312-772f-42e5-bd65-4457fb3b593d,92d6a6df2cf2d6e2fa89dc1d28164c98,2026-04-09T00:00:00,delivered,576.55
b057e743-f56a-4672-8b79-1166ec0b2faa,cb3766a52eaee82451ef56d6f12b9fb0,2026-04-12T00:00:00,delivered,534.58
1dad2908-175b-45f3-be21-1c2e728e026c,4b0cbf5ea22869c5ea269442f9b849e7,2026-05-26T00:00:00,delivered,116.47
aa5bf2f0-0eed-4877-9ae1-46ba81c721a0,0b48151c4ac827afeee06ce2d77cc343,2026-07-01T00:00:00,delivered,2457.72
3303f982-ad13-4999-ad5e-abdb5ae24a9b,5a3ee05d197e24b7bafaac3e2cbc7e55,2026-06-23T00:00:00,shipped,498.28
57458092-ca16-48ab-a4a2-ca5b2a580e35,f2d2d51b7f7b0c2eae23c90e8c3d1c1f,2026-07-16T00:00:00,shipped,257.14
42d6fa96-bb42-461d-a96d-956377dcb509,f7c7677be77763b1b2cf982a5e67fa61,2026-07-07T00:00:00,cancelled,491.09
811506ab-5d54-4a0b-be90-92761d48e3a9,5a3ee05d197e24b7bafaac3e2cbc7e55,2026-06-28T00:00:00,delivered,327.44
5d58369c-b9b5-4f21-b308-227fc63e94aa,dd8c586651f9232e473ad86cf89c143f,2026-07-06T00:00:00,delayed,511.52
37baa4c0-7c78-42e8-aa4a-7380cacdd4c7,55fbb64f60861980e74c4f136f304297,2026-05-05T00:00:00,delivered,342.95
d3c42709-0091-4b95-a0e1-96ea723a3780,67626c49069bdf05ff127d59a6649948,2026-06-19T00:00:00,delayed,187.26
598ef0c1-2552-4f80-8097-6bfff2d3c782,0d8f0706c0d71cb8f6d957dad3023fc2,2026-06-17T00:00:00,delivered,246.75
4962998e-93b9-459b-9c6b-ab10991d9bea,1600e56406cd89032fefb96f79ffeef9,2026-07-14T00:00:00,delayed,439.91
9034a0aa-fec3-4479-b422-bae81d6f1c45,483686d2c2ea82359b6aa0bb2b20829a,2026-07-15T00:00:00,delivered,923.4
247f661e-e530-4e82-b4a6-4256fbec6090,ca042e1c4a76949e979abfb74159e9ab,2026-06-24T00:00:00,delivered,708.86
bccabbda-cab0-43ab-8c90-bdd4e768013f,5212c50e79fe1349b9894f6508b401d8,2026-07-13T00:00:00,returned,28.09
a4d499d9-50c5-4a84-89da-1aa55af9e35a,6f65f19c2dcfcab8b76b2fafb5b840e1,2026-06-27T00:00:00,delayed,417.03
283909dd-4476-4790-9c60-72c9d6cf08a7,39104edef5e46d7b8c61848cc95e6d97,2026-07-15T00:00:00,delivered,1255.62
b99c688c-22b5-4e6d-aba2-93543c6a81ed,5a3ee05d197e24b7bafaac3e2cbc7e55,2026-07-15T00:00:00,shipped,169.19
c5730b3a-3d35-454c-8a06-ac8b7172264b,5a3ee05d197e24b7bafaac3e2cbc7e55,2026-07-14T00:00:00,delivered,69.37
95a9eee9-77f7-4027-8ae5-f0608a4f045c,587b326ba3bf8aa4d3e50fb1f38ea79f,2026-07-05T00:00:00,delivered,457.31
dd0d10ca-9828-4f60-862d-6460a43a3643,07df139093b720d6512c49da2980e3ee,2026-06-10T00:00:00,delivered,190.11
1e6adb22-626c-404a-a4bf-f224691c3823,9553802042571deac62d5789ed18a241,2026-05-10T00:00:00,returned,835.32
f3365e3c-ce04-4f54-bdec-377489e878aa,fd837fa3548f0e74f75081f38a34e56b,2026-06-22T00:00:00,delivered,1052.15
12879d1b-7b5d-438a-a9c1-3b81d5f8e790,84da12896f5cde5ebcb0c8bc0f35e26e,2026-06-30T00:00:00,delivered,199.27
1377da39-4816-4c1a-93f0-983981b0c118,5a3ee05d197e24b7bafaac3e2cbc7e55,2026-07-17T00:00:00,delivered,818.34
aae7765e-3d78-4434-b95e-193625210fbd,ca042e1c4a76949e979abfb74159e9ab,2026-06-30T00:00:00,delivered,365.57
2446d682-3ef6-466d-8e09-7ea57ec8eca2,43fcee98a4442ab2f299df637f8e2413,2026-07-07T00:00:00,delivered,1325.2
9643b1c6-006d-4077-85b4-2c7f4937df54,8de2a640697fdc751bf88a16ae07591d,2026-07-08T00:00:00,delivered,82.23
77ef82c7-39d9-4777-8833-ed780b481883,54c7b4f48fb9e911bf328bf9884ca61d,2026-06-24T00:00:00,delivered,2612.55
397eeb2f-8f31-494f-9d9a-dcbd1ba16ea1,e94f497b64b4c843216126feedb1dfae,2026-07-02T00:00:00,delivered,1050.13
3d6ccc91-6cee-4d9e-82d7-b4b216466dab,fc25f71bab94146446884fc523121d48,2026-06-25T00:00:00,delivered,111.16
02e2907a-c009-4564-b379-b659b400f261,9f169df18e7618371e862cb1c181fdc6,2026-07-05T00:00:00,delivered,259.56
39af32a7-dda7-4b61-b36c-069e260509b1,9d85c39a38a86ed13978803d7560c612,2023-07-25T00:00:00,delivered,773.07
c1729bbb-4c16-4d47-865c-fd6fc51624d3,a5844ba4bfc8d0cc61d13027c7e63bcc,2026-06-11T00:00:00,delivered,11.66
87af78f7-25cb-4283-89f5-49d3de23e6aa,d3e1706bd9290ddbfd20fc30fa7224b0,2026-06-24T00:00:00,delayed,190.91
6640a3c7-4ea4-4f56-a70d-14dd3c9216d6,08995ff3d56d1423655c3b21cebe06bd,2026-07-14T00:00:00,delivered,1008.62
bf9b5651-b2ae-4fed-99d2-d37a95d134f4,1145616de76e14f4e7fd5452c2be149c,2026-07-03T00:00:00,delivered,557.27
9523d095-4883-45c0-8abe-3f4aa8bab1ba,c6d5793d0b594c9c3599c407f62458d6,2026-06-11T00:00:00,shipped,199.69
7136b1a2-ba02-4810-85e7-0141104f1be0,84b0bf771f3b14f21e6dd37e2fe2eee6,2026-06-24T00:00:00,returned,214.7
38705025-e4e0-4a1c-8a88-072fed4d2c8d,587b326ba3bf8aa4d3e50fb1f38ea79f,2026-07-16T00:00:00,delivered,337.57
1cf15aa0-e104-4b18-817c-84de35c9a858,717aa48025662fcf27ddebbecc5f782b,2026-05-02T00:00:00,shipped,1060.45
9d1d50ca-ab17-4b0b-aa1c-7fdc7534f7d4,3da7750bf3c1dbd724624a60a9f5942b,2026-06-18T00:00:00,delivered,423.64
66b0bcbe-331c-4a6a-8217-491d53fb6735,4cbdc0f2029c78a012c400623a82e55f,2026-06-22T00:00:00,shipped,555.31
a9cc2553-0aae-445d-a5be-14d53452035d,fdcf4139f50f370c91e8b8f33adde2a6,2026-06-22T00:00:00,cancelled,209.28
36bacfd2-7175-43ef-8173-47763d73479f,e719553726c32083e14d368222557f1b,2025-09-20T00:00:00,delivered,422.9
82b5edee-5845-42a0-8795-6945f034d9f1,0b48151c4ac827afeee06ce2d77cc343,2026-07-14T00:00:00,cancelled,188.43
d31a59b4-001a-4459-8bfd-0c9ee9d5fd30,84b0bf771f3b14f21e6dd37e2fe2eee6,2026-07-15T00:00:00,delivered,524.83
4215aa5a-c259-45d6-a5d1-e98e8b8ee4ef,f75da962fb4ddac1569e90c21803c455,2026-06-30T00:00:00,returned,1460.39
f785d20a-d0d3-47cd-b618-d4e656fc4a26,1098d1250d5bdf8bfc6a83f26494067c,2026-07-16T00:00:00,delivered,2219.88
d108cc2e-c39d-4b9a-800d-7796f8e1fe8a,d55417a83a73d1702b43988e63f0731a,2026-06-16T00:00:00,delivered,287.37
c3aebe27-bb2e-4068-a80e-6ec9233daaff,423ddcb7c0603e732d87bcc5c87eab9c,2026-06-26T00:00:00,cancelled,1199.05
28fbd46c-7501-4e4d-827b-877c0162cb10,b351ac91ab0ef29bae6da7fbc05959c0,2026-07-13T00:00:00,delivered,148.83
1ce8658f-52cc-4820-a888-d68544addd3c,0b48151c4ac827afeee06ce2d77cc343,2026-06-26T00:00:00,delivered,753.18
97b9e78a-1083-409b-9814-64e4c9426432,f14a94df58861cb1811f48b40271884e,2026-06-07T00:00:00,delivered,360.51
c9735432-9739-4c15-9876-64518ff70aa9,961efa774ea7c0d0a4514295647e78d5,2026-05-16T00:00:00,delivered,166.75
a4e509d4-2e39-42f1-8714-358f843d7e2d,c420ec10595dfc16830afdc6233f8916,2026-07-02T00:00:00,delivered,41.57
c0bb0224-b66a-4e54-8d75-63a2c715ee8b,d885b619cb2e462ccc493b70faea10c5,2026-04-20T00:00:00,delayed,1143.76
9c237bed-9c08-47d9-907a-9f6c358a34a4,8912b89ef23a547c94ffc09574c01357,2026-06-25T00:00:00,delivered,693.91
ffc18011-5c88-4b2d-b5df-b1b9b0289870,701ada356e78d72bfd5b279280762b79,2026-06-26T00:00:00,delivered,378.49
7a9b5582-1ec3-4811-adfe-ae7f3d652d44,8ee330dd325716db048bf014601e3fa9,2026-07-05T00:00:00,delayed,82.33
4c5d5a66-161e-4870-8b01-88e0c96fecc6,4e17943c8edf2f66d70f0e97b81aaf17,2026-06-13T00:00:00,delivered,532.97
5ededb63-e051-4df0-a05b-f3692bc820f5,996d5fb8a5736b0fea622c72fc1026c7,2026-06-15T00:00:00,delivered,631.21
0ea6d1b5-a284-4eb0-aa67-1bb6474f190e,5a3ee05d197e24b7bafaac3e2cbc7e55,2026-06-22T00:00:00,delivered,338.19
53e4133a-dd05-4dd3-a9d0-ec1e1a25b5e0,1098d1250d5bdf8bfc6a83f26494067c,2026-07-06T00:00:00,delivered,376.11
87e25d51-850b-40cf-956b-99f74ba042e7,c1a83a518dec21a938b5ca2a66e47ef0,2026-07-11T00:00:00,shipped,496.67
f3bb92ee-4053-4f91-9db8-26f2a813d7e0,5a3ee05d197e24b7bafaac3e2cbc7e55,2026-07-13T00:00:00,delivered,198.74
dce84fe4-0085-46a7-b46f-03a8b4d0f482,5a3ee05d197e24b7bafaac3e2cbc7e55,2026-07-15T00:00:00,returned,16.16
6c97181e-e5b6-4fe9-9e81-f55b8b44d4e3,668dc9fde9d42de2f1ac1ddaa7823694,2026-06-27T00:00:00,delivered,71.23
bcfe8cbe-07e7-495f-81a2-2a900ae5a1b0,8c8b21e9534948db376200dd8de97c98,2026-05-14T00:00:00,shipped,451.43
a5a047d1-d6a9-46cb-9668-b000a349bf34,310fe886bbd2131a2f0976ed616e60a8,2026-06-26T00:00:00,delivered,2729.86
e2ff0334-ffda-4696-a279-8f1fa6a9fba2,8faaed9a13b8c78f9e4a589fecc2748c,2026-07-14T00:00:00,delivered,739.93
571748c5-a62c-4569-8347-4010b7c7a943,5087845f6069d27bee996581f74be8c9,2026-07-06T00:00:00,returned,218.52
2517515d-3ae7-428c-a9bb-43a8dd733e08,643b807a55c5add3c91379b31f50d206,2025-07-25T00:00:00,delayed,1229.37
23c1efd4-ca78-4a62-8554-d2efe2a045d8,94b39aa1097125d918d16bbe14331074,2026-06-27T00:00:00,delivered,509.45
c2fd96a4-264d-4a44-a847-78ce070dc063,b2e803d748d08864a69aa128447a1358,2026-07-11T00:00:00,delivered,133.31
838a7666-6043-47be-8546-ef88bcf72483,e2f3d2f1536b4b6917e6acfa7d50dd1d,2026-06-18T00:00:00,delivered,1079.1
cac8eaae-9e6b-4f1f-9a2c-537dd99098f5,5a3ee05d197e24b7bafaac3e2cbc7e55,2026-07-06T00:00:00,cancelled,735.55
f32c0419-a062-47fe-be91-fdc2f813c135,23c130edd9a7adeb635bb365f7478154,2026-06-24T00:00:00,delayed,368.1
cd480e46-1a1c-4408-9cc6-85a3a0e01025,0ee46c6eaf5a0a46aecad04306ae65e2,2026-07-09T00:00:00,delivered,791.14
8becb786-c6e8-4115-85bf-a38568bab7de,70f326d437e44cf69da00c9169b74fb3,2026-07-15T00:00:00,delivered,1152.08
35557c6c-eea0-416d-9bcb-a79700c0ee19,6056d31a9cf9cf98ea9de7ef86cf4f5d,2026-06-28T00:00:00,delivered,1930.75
7e461f02-ab88-47c0-bcdb-e67a24f178b0,8106dda85e61ac65b597178f5eb9ee99,2026-06-11T00:00:00,delivered,1817.88
c03829f9-3f74-4590-a4f3-f81925623d7f,0890bfbe7e7ce34f5ead1f48e41e5772,2026-04-17T00:00:00,delivered,858.42
b23b3fda-d403-40f5-9816-7f54c8eaed7d,ecc8e39e03d252a504520ec827882930,2026-07-03T00:00:00,delivered,561.43
f8d4ef92-da9a-4e5c-a0be-908e2f6a6795,ac4d728ffba33afd47b701d5f679a123,2026-06-20T00:00:00,cancelled,494.2
c3eb5808-e73c-4c59-92ee-ec9e341f2e7f,5a3ee05d197e24b7bafaac3e2cbc7e55,2026-06-22T00:00:00,delivered,403.19
afabdf05-383e-488c-8d8f-0e5d366290ce,f5de43d4ead76e9519babb3d6189ea5b,2026-07-12T00:00:00,returned,603.77
e23e340b-cb31-4863-972a-b0344d2963c0,7a6156ef7451bb5f25556d7332d1cf77,2026-07-15T00:00:00,delivered,347.05
f9b688d8-8ca0-4800-9a63-af584dfd07e8,5a3ee05d197e24b7bafaac3e2cbc7e55,2026-07-10T00:00:00,delivered,448.48
fc3dc7cd-b88d-4d4e-88c7-2f13c239a117,0b48151c4ac827afeee06ce2d77cc343,2026-06-30T00:00:00,delivered,385.73
0df2baf2-516b-4dcf-b910-4361cc1cacab,a0defeb4e8b47e1db2149cbe93d68609,2026-06-05T00:00:00,delivered,1234.33
b0886a6a-d18a-4348-afa7-1fbe8e0d4227,3f10bb8c1f2cbbbaee66cb7b8aade13a,2024-12-11T00:00:00,delivered,229.37
ef58030a-d816-42cd-928b-a1add2cf347a,89e3027de49c3012858cfeb7f5a34f59,2026-06-24T00:00:00,delivered,16.76
1b9485e3-3139-462f-bad7-3663d0afec84,5a3ee05d197e24b7bafaac3e2cbc7e55,2026-06-25T00:00:00,delivered,665.49
201bf7fd-321c-4da6-9ea2-7cb79a77a1e7,483686d2c2ea82359b6aa0bb2b20829a,2026-07-13T00:00:00,delivered,484.09
666a7cd2-6620-43bf-9bf3-8b3fefabfc66,6056d31a9cf9cf98ea9de7ef86cf4f5d,2026-07-05T00:00:00,delivered,1507.83
59ccc6e2-cd7c-4441-b8a6-7d97e837a3e8,b0cb09eb848eddd6485a6a38e5a2f134,2026-06-17T00:00:00,delivered,3312.2
544a6150-a440-4caf-b6cb-fd88c32fe4a8,7afc4a1c2af2ac4a2b4fd9fe63037bfe,2026-07-07T00:00:00,returned,226.57
83ccc454-cf40-4946-90b0-410aaf782abe,6056d31a9cf9cf98ea9de7ef86cf4f5d,2026-06-26T00:00:00,delivered,152.87
2fcafe72-4a26-4ba6-8c89-c21abe2006b4,34f0b37e89f9ef4768bdd233630f9b62,2026-03-31T00:00:00,shipped,177.23
e7b22e07-b519-4dcf-b7ec-b9ff26a089ac,7f3a72e8f988c6e735ba118d54f47458,2026-07-05T00:00:00,cancelled,1064.52
dd526867-ea02-4f12-9286-9a708182161c,4329781165a441a91f38a4c583cf5131,2026-07-14T00:00:00,cancelled,160.28
fb282e8e-e9d2-40f2-b7fb-19ffb5e9d202,51e96af5f0314b37ecdc524b4c44c06a,2026-07-08T00:00:00,shipped,154.66
dd3d9065-2b90-4542-880a-6b24e657a15c,7d435b111211b3f34f6995914fdef980,2026-07-04T00:00:00,delivered,459.49
c09e84ad-367f-4353-9727-538d9b4d6879,0b48151c4ac827afeee06ce2d77cc343,2026-07-11T00:00:00,shipped,619.29
524f9e5c-0545-497e-b4b9-598c53d56bfb,ff80f08b2a6a87e84a28bda4613f99bf,2026-07-14T00:00:00,shipped,301.95
dc72e7df-bf16-408e-9bba-fd6cac183cc3,51c8ddf321ee68b8d49ccafa8f4cfa50,2026-06-29T00:00:00,delivered,372.31
afcb0d70-6bc7-4238-808f-fa5ba61d0745,f14a94df58861cb1811f48b40271884e,2026-06-26T00:00:00,delivered,203.46
b4a386be-d39f-401e-8f4c-4bd446480300,cef0911b797ebfa3b9fa952b9932a65c,2026-07-02T00:00:00,returned,267.73
ced22a42-9f3f-4be1-9219-8c07f54ff72a,70a252703c9e9801d4f69aa10f583a41,2026-07-15T00:00:00,delayed,315.43
f3e2aecf-7629-40f0-a5c5-407f67f17a95,06cb9de4265f5e18327a1e4608a1c85c,2026-06-28T00:00:00,delivered,460.61
99fe4321-3b0a-4f39-8645-2f378081db5c,701ada356e78d72bfd5b279280762b79,2026-07-01T00:00:00,delivered,1382.07
64514d41-14dd-4b5b-b9d4-fa7d3c92a7f9,13ac6da47fef1b17b16f511e03b57918,2026-07-11T00:00:00,delivered,317.92
1a223c44-1c5e-41a7-aab8-ec548f4feb04,89be91f6d069773a65226b2773313752,2026-06-24T00:00:00,delivered,1297.75
42d1cd53-1adb-4fe5-a4a4-6782555e580b,058199325498b546a39e5652a04dbbcc,2026-07-10T00:00:00,delivered,708.84
e3e98697-6ca9-439d-84e0-889858c34f0e,5a3ee05d197e24b7bafaac3e2cbc7e55,2026-06-21T00:00:00,delivered,201.74
c0d75ff3-0711-47af-bcb8-6fa617b753f9,82b2b6a27479a25369741ff265a19a49,2026-06-19T00:00:00,delivered,261.45
19408766-0cf5-499e-9213-027af61565ab,56987d3e10c71d7d4e0fc479e65a35b6,2026-06-17T00:00:00,delivered,250.4
64e65f79-0d09-4e0f-bac2-e4533f9f5dac,afa1462306ce1941adc5524ab4198909,2026-07-01T00:00:00,delayed,365.71
798f845b-f1ae-4673-996c-0f3fb4c13239,18e3d276253780b44b5b7bf83f6785ec,2026-05-12T00:00:00,delivered,157.88
2f62fade-0a68-4f60-933a-54d3cbd942cb,961efa774ea7c0d0a4514295647e78d5,2026-06-27T00:00:00,delivered,122.11
7d7dd2cd-6c0d-48bb-bfd6-114e08d19c9f,5a3ee05d197e24b7bafaac3e2cbc7e55,2026-06-30T00:00:00,delivered,332.82
30ab4fd2-4a91-4c43-8a42-319975f25545,cb296f03ccd21cfcb3ba0778c4f3b7d9,2026-06-26T00:00:00,returned,379.89
23a36fa7-f8f9-4afd-9b2c-bf6ef2d5f0a6,8961b4ca2c5aceb7a78ea72c6e0c840a,2026-07-17T00:00:00,returned,607.44
be418f0c-caf4-4d6e-9f26-3cafc56e218c,f14a94df58861cb1811f48b40271884e,2026-06-11T00:00:00,delivered,257.28
ef3f1cca-1c36-4ec1-8b4a-4abde75ef4cb,c1c2fffe3d49911803df2e157bee7aa0,2026-07-15T00:00:00,delivered,371.65
59079109-9dae-4c5e-9be5-4cc713b972a3,13ac6da47fef1b17b16f511e03b57918,2026-07-15T00:00:00,delivered,842.35
b415ac78-1a73-4f05-bb20-270061ea81f5,485fa1b8db05ed6fa0062ece4ce80d2e,2026-06-24T00:00:00,returned,189.54
561eed57-c18b-438c-9732-5270136e52ba,caf8cfa0ac3ff60facda076545837647,2026-07-10T00:00:00,delayed,29.52
0872f38c-4861-4ba8-a1b4-d13bb0fbf00b,5a3ee05d197e24b7bafaac3e2cbc7e55,2026-07-08T00:00:00,delivered,1110.78
db460fea-fef1-4c89-9d30-5f57d7da30ad,5a3ee05d197e24b7bafaac3e2cbc7e55,2026-07-08T00:00:00,delivered,814.0
f343dc4f-3634-485c-92bc-7cf257f446ca,7e8ace5e83e019d284a1cf0108b57f94,2026-06-03T00:00:00,shipped,2476.07
bca5f77b-b9ea-4220-b15c-9c1210ae57f2,5a3ee05d197e24b7bafaac3e2cbc7e55,2026-07-08T00:00:00,delivered,788.82
0110b0c4-c544-4e5e-84fe-0999ce6473e3,68238c59076a730633bd2e71a08bdf95,2026-05-31T00:00:00,delivered,793.7
08709678-2d1b-4bf5-9c1e-6b0b7cece2c7,aef59fd9f7310b6ea1600876c510024f,2026-07-03T00:00:00,delivered,1288.38
a674a919-0db0-485a-93f8-f5724cd40f5f,5a3ee05d197e24b7bafaac3e2cbc7e55,2026-06-20T00:00:00,delivered,159.64
f2f33775-ae4a-488b-b6ab-9d8cba6d4a30,239eca76b80e32a2d564284842d7ba44,2026-07-07T00:00:00,delivered,2753.35
8b049375-9802-438f-a975-a7166829e438,ba66b6edd0756a62cb11be4d4655ed32,2026-06-24T00:00:00,delivered,421.67
2d82d1d1-3458-47c5-bba9-0dbc7b5a9637,717aa48025662fcf27ddebbecc5f782b,2026-03-17T00:00:00,delayed,186.03
e14b205d-30a1-4340-ba57-b5db94d9ac5e,5a3ee05d197e24b7bafaac3e2cbc7e55,2026-06-20T00:00:00,delivered,886.85
b60153d3-b80a-40c0-ba05-7ce310819892,04baa28903e22974e6213e632b09c193,2026-04-27T00:00:00,delivered,2056.73
528e5de5-26cc-4afc-99f7-9292890f442c,1e3d5ec055904eea7d4e95d60a1ad2cf,2026-06-11T00:00:00,delivered,207.81
c3e9bc43-e172-468c-a3f0-b3c590fca1d6,3f9d987156fddc08ef77f52d1a15c073,2026-07-16T00:00:00,delivered,1328.88
fc841291-4e05-467b-a9e4-9ecf033b2c2f,2e22a2c99a49984d1ef90e308770ebe4,2026-07-07T00:00:00,returned,340.11
3efae4ee-5469-4423-b0d2-0331cbfd2e13,4cc24e44f98ce556d647948ae2d27cc9,2026-07-11T00:00:00,delivered,577.67
7074449e-25c1-4636-8914-85bc45fc2380,de1d1dd6e8c55cf4f5110ceb372c02a6,2026-06-29T00:00:00,returned,351.85
753ad9c2-ae4c-485a-8ba4-b46822b6787a,6e9c6c2120611104445c767b78377d21,2026-05-29T00:00:00,delivered,233.19
2530dad3-78f0-477b-bb49-3965bbda7cc5,9dbb05f5577e862337b93feb8f358839,2026-04-06T00:00:00,delivered,443.94
04ed0d41-8ff1-471e-836e-4f74a5cb6f07,a806f4bac8089496de66aa3f1d640155,2026-05-09T00:00:00,delivered,437.1
059a0706-ff35-49af-8665-5a5033a24622,b6e99561fe6f34a55b0b7da92f8ed775,2026-06-23T00:00:00,shipped,974.5
8344d9d0-85ed-4477-ba53-7759595a3090,508cae50c5c1e72079d266a513bca9ae,2026-07-15T00:00:00,delivered,253.09
dd6e9d72-7604-43d8-a36d-3409d59f9809,eee056a1664b2f91466c96a455ceea8b,2026-06-27T00:00:00,cancelled,4.33
e98a0745-1b56-4983-9fe2-766b0db2ae49,a2b8841410cf77619574d311cd06fd5e,2025-12-27T00:00:00,delivered,291.07
d000ecdf-ebfc-415d-8e39-1e821191c064,6ac6902b78ed854e42f75c8e25234e8c,2026-06-10T00:00:00,delivered,4.24
6b6cd890-daa8-4797-9dab-8e46a4db8616,4a362420541051d3d4055a777681ccbe,2026-07-07T00:00:00,delivered,366.75
4dfa2ec6-5667-48a2-97ad-ace69af8b953,9c0096673baf55453a50073f12d1a37f,2026-07-08T00:00:00,delayed,326.54
40a8c0d1-924b-4252-866b-be2afe02ed3b,4cbdc0f2029c78a012c400623a82e55f,2026-07-01T00:00:00,returned,1537.62
4ca1a927-ce03-436d-aeee-622b44dc60d2,b6e99561fe6f34a55b0b7da92f8ed775,2026-06-10T00:00:00,shipped,600.39
cff4dee9-c6b1-4929-9f42-bce8eb036fae,f054e8c1cbcf5e89ddd9b615c349936b,2026-07-13T00:00:00,delivered,588.03
4d84c496-c51c-46cc-ac04-84c1fe414fbe,95363f351776a3f8a43145c79a046053,2026-06-29T00:00:00,delivered,212.09
f042386f-3384-4d44-ae55-c62a1168ed40,637c2caca17c2bf9fe41e50a6fcec9ed,2026-06-27T00:00:00,delivered,479.65
ca9d196b-620e-4d51-9edc-b121a64144d0,aef59fd9f7310b6ea1600876c510024f,2026-06-25T00:00:00,delivered,142.67
b40cf3ea-de5d-4ffe-a1c2-8349a955ae49,918dc87cd72cd9f6ed4bd442ed785235,2026-07-09T00:00:00,shipped,466.21
f7b7befa-0e97-461d-8b56-9e2dd6f63b5c,515be97b99f6127120e5793a7cb71aef,2026-05-30T00:00:00,delivered,259.08
2801bb17-2896-4c82-81b1-45414ccdb521,0c17f9ac28cbd7323f0f4043e9db5907,2026-06-14T00:00:00,delivered,303.01
10a206f9-f20d-41aa-848e-ad5f4c35c383,ac4d728ffba33afd47b701d5f679a123,2026-06-24T00:00:00,delivered,527.53
5c9beeb4-970e-4573-8765-4fbe730a2ce3,d73d940f6fc13f3e9bdafaf100690c55,2026-07-12T00:00:00,delivered,584.23
5894e203-9d1f-4af7-a925-40793bccdd4e,a57e52701c9a09efd6d58268f8f2edcc,2026-06-17T00:00:00,cancelled,454.17
03e51858-8bf5-4e7d-9236-c85c0887382f,5a3ee05d197e24b7bafaac3e2cbc7e55,2026-07-11T00:00:00,delivered,242.13
8fde0752-1f54-4ade-8c85-9679ace80401,61575c95d9e40ecb8277a9cd8ace01c8,2026-06-28T00:00:00,delivered,869.75
5d46d012-7171-4fdb-82ff-afc2900d9331,5a3ee05d197e24b7bafaac3e2cbc7e55,2026-07-12T00:00:00,delivered,128.6
31d0b86d-7a23-4e65-9127-bf6280ffdaf5,7e8ace5e83e019d284a1cf0108b57f94,2026-06-18T00:00:00,delivered,35.79
5dda5e45-5d4d-4fdb-a342-0b1f7c33afeb,796af4fac93296428070925a8a78aaa1,2026-07-14T00:00:00,shipped,278.48
3626c04d-c176-4a35-b3b9-d5d1c37d7021,82e96a74eeb99b61395a1403630fe437,2026-07-12T00:00:00,returned,2219.49
434333d2-669f-4729-9930-3b4bf8348443,0b48151c4ac827afeee06ce2d77cc343,2026-07-11T00:00:00,cancelled,370.39
2d0ec024-05dc-4fb6-aeaf-91803a302d2c,0b48151c4ac827afeee06ce2d77cc343,2026-07-10T00:00:00,delivered,293.75
66493ecf-4633-4a97-bdab-e7edee719e50,6e9c6c2120611104445c767b78377d21,2026-07-07T00:00:00,delivered,65.84
2f5f148f-c979-4a93-8c57-2e15ee7be9df,5a3ee05d197e24b7bafaac3e2cbc7e55,2026-07-04T00:00:00,delivered,100.87
ee09b3b8-1d86-4890-a224-23ca0b895296,312f3a7159f8ae9a13199d7fbc53d1c7,2026-07-02T00:00:00,delivered,382.99
edd6ddd5-434a-4bfd-91f0-c7f049e56e11,7982a126838b4905453367b0dacf075c,2026-07-05T00:00:00,delivered,625.76
5dca5bb9-75d9-4576-85b0-3347f6cd4ac1,0dd47ea03f3e61825df9e2bc94c292f1,2026-07-16T00:00:00,delivered,246.34
4f74cffa-73b6-4a0b-bcef-2a83c77b77b7,5a3ee05d197e24b7bafaac3e2cbc7e55,2026-07-09T00:00:00,returned,712.86
b0d47038-85ce-4e58-93e7-68b4441ba871,fc25f71bab94146446884fc523121d48,2026-07-01T00:00:00,delivered,61.49
abc38508-9739-4a7b-8c5c-c5cf1763b561,13ac6da47fef1b17b16f511e03b57918,2026-07-04T00:00:00,delivered,239.97
f33d4500-5ad8-4307-a150-43d3d4b8be41,b8b3c435a58aebd788a477bed8342910,2026-07-09T00:00:00,delivered,1698.4
875cad0e-d4a2-410d-b8f7-2e48121b2ac9,a99021699fda65c2b84a3fb596a4c32b,2026-05-03T00:00:00,delivered,425.52
622cde2c-8a89-47b0-9197-0154ed27742b,29f61e71b90b55a988f45a66bb91bfb7,2026-06-14T00:00:00,delivered,475.16
edbc6188-519c-4afb-b898-79d373217ed9,07df139093b720d6512c49da2980e3ee,2026-06-09T00:00:00,delivered,457.95
6e90fbdb-833c-4f50-8474-afb462679dbd,3420ecc1371e17140c73a1dd148b7390,2026-06-29T00:00:00,delivered,166.77
57dcfafa-2f01-4f1c-9e9f-0694357d25d2,8a6fcdcd69b688d63ab6f124a8a94925,2026-07-09T00:00:00,delivered,170.29
4723059c-bb6f-44dd-b1ea-c684567bf352,27891f64aa89e1e7a933b2862b583ee4,2026-07-08T00:00:00,cancelled,1368.14
fe303caf-8707-4844-b4c2-5e8d534cedf9,a806f4bac8089496de66aa3f1d640155,2026-05-10T00:00:00,delivered,971.07
0045d677-61f2-4047-a1fe-a3c526b4b791,62049cfbc68cd893920204de3b5c057d,2026-06-26T00:00:00,returned,1582.95
cdf0af80-53ba-4c78-aeb6-ea832efc9ae3,578d5e6d37a20bbf631183feedfe2dea,2026-07-01T00:00:00,delivered,207.81
f4545662-1bdb-4814-b43f-222aa14f717d,4f463757edb0250ec353ab6f3610cf34,2026-07-04T00:00:00,delivered,553.74
ab1e0b37-c382-44ee-b24d-968ebf8b2313,0b48151c4ac827afeee06ce2d77cc343,2026-07-02T00:00:00,delivered,388.07
22da3dab-2607-4a75-bd6c-04507082a10a,5a3ee05d197e24b7bafaac3e2cbc7e55,2026-06-23T00:00:00,returned,137.59
9d488349-2b86-413f-acd7-b0c5047a4860,848eabba326848e8125cb53af4720eb5,2026-06-27T00:00:00,returned,1006.77
1474b155-23a8-4516-959a-6d686369946a,4dbc9e60ee79f8547f8a3fe7f3d02fd1,2026-06-28T00:00:00,cancelled,1215.6
973f4577-a261-4048-9bc6-33e09dd47de4,801b53359d2880a9bff63574103fb74c,2026-06-24T00:00:00,delivered,320.17
fde27c97-aecf-4232-b802-39b23ebd3866,06f627751c6010c4c1efa16a711b2764,2026-04-27T00:00:00,delivered,337.62
e3162c7c-eb5a-4edf-b3af-f1cc116fbded,5a3ee05d197e24b7bafaac3e2cbc7e55,2026-06-25T00:00:00,delivered,152.87
8e11c127-3284-4936-8c47-c3f3a2ce6c35,00e984e99fdfd52943156d2d7eb4a5e6,2026-06-25T00:00:00,delayed,437.86
40318d33-c566-4491-959b-d9f91e1f28fe,684fda5905aa430123c7b293106a337b,2026-07-05T00:00:00,delivered,348.46
2d814491-354d-4c62-92b5-71f00807ac64,a37a685913f2c2d8ae96bc8b2f25ec7d,2026-06-26T00:00:00,delayed,330.73
afd6bb4c-daa6-4e5c-a388-ead6d8b84819,6d3f61e35d0422fd8cae65b1798784be,2026-06-30T00:00:00,delivered,529.41
f23cd592-e9ba-48b4-b6af-45999e9bb546,8d692a436fa634e911ebb1e69bb0f481,2026-05-04T00:00:00,delivered,907.62
5624d5e9-d18e-4785-ad60-4ed7da6aef77,27b4a7740a9b118f9eed1e8c8be7822b,2026-07-04T00:00:00,returned,667.42
eb565fd4-a9d7-4930-8304-7e7dff923701,09f54e88196d12eba479017f13f0e237,2026-07-17T00:00:00,cancelled,1528.84
92a73340-fa62-4b5d-809a-1df9d74ed365,32c050ea3af0bf160de1209adfb922eb,2026-04-06T00:00:00,shipped,6.3
0a758532-2dec-4c72-bc47-537f6b3c3ec1,6a4a6b6ca4705fbb205db9348233410c,2026-06-19T00:00:00,delivered,432.54
216e917f-2ae7-4c06-87ca-a56ff2fb1e9f,f7c7677be77763b1b2cf982a5e67fa61,2026-07-10T00:00:00,delivered,176.15
7b00b1ce-91e7-4b7d-8f63-82de5ca4d504,f054e8c1cbcf5e89ddd9b615c349936b,2026-07-14T00:00:00,cancelled,156.97
d752a5df-930a-4c5a-8c78-68b7ccef68b6,ef94ab37c9e865083fb1916862c23fd2,2026-06-22T00:00:00,cancelled,1717.21
74e04d06-7cb8-4570-a736-964d01639a21,4fcc54152e34b2fb77f850f57582a2f1,2026-07-09T00:00:00,delivered,279.3
33bb009f-b561-4d10-995e-07cce97a90a4,e97109680b052ee858d93a539597bba7,2025-10-04T00:00:00,delivered,583.32
8df542e5-581b-43c4-b908-136fc5550af4,df033c6cca61206b057d843131600fc0,2026-07-03T00:00:00,delivered,450.54
a3ec18da-cd41-4dd2-b726-a8eb3d73035d,5a3ee05d197e24b7bafaac3e2cbc7e55,2026-06-24T00:00:00,delivered,65.83
fa4e74ca-e1cf-43a8-93fc-cccb35010f05,ee464d4fde64c19df72f3051c29e0803,2026-07-08T00:00:00,delivered,197.56
39b28073-6e3a-4795-afb7-14bcbe815bde,de038e601db2bbdb12a1ab691a58f7e2,2026-07-12T00:00:00,delayed,374.21
6649dde7-cd9b-45d6-9696-060e8f0376b5,5a3ee05d197e24b7bafaac3e2cbc7e55,2026-06-24T00:00:00,delivered,1308.45
02688507-e877-4d2b-9cc3-c428defc0ff2,0b48151c4ac827afeee06ce2d77cc343,2026-06-24T00:00:00,delivered,605.69
ad126d3d-fe0d-4ac7-8826-e1a3ec3ef15b,03f923dbcd3b3c763b22b24db6072d27,2026-07-08T00:00:00,delivered,124.09
7aa220d5-f8ca-4691-bf6e-547b8523d8f0,4ddeefbdd502268d9c7223d31452481c,2026-06-30T00:00:00,delivered,148.46
18186d99-70b0-4f2a-8c34-eef1aada9658,227dee340139e8c2f57bf05bcb1246f8,2026-07-01T00:00:00,delivered,724.15
952bbd82-2db4-4452-89f5-0f30c8afc3c3,f153272ca75661659630de82f3f2084d,2026-07-09T00:00:00,delivered,93.62
7d6bad14-4f8c-4a76-ab3b-77a58cd8a563,5a3ee05d197e24b7bafaac3e2cbc7e55,2026-07-15T00:00:00,delivered,416.94
9c90ca06-e81a-4627-9dfe-2f452097392e,796af4fac93296428070925a8a78aaa1,2026-07-13T00:00:00,delivered,505.64
e9d9493d-6a79-483f-90fa-0769638b33e3,5a3ee05d197e24b7bafaac3e2cbc7e55,2026-06-30T00:00:00,delivered,754.5
9faa02a4-cdb5-4f33-95a1-b25c5da6101f,082f8d0d83744f4fa435269cf705a07c,2026-07-12T00:00:00,returned,306.3
0c73afcf-d17a-44c4-84b8-aa48d39fdc97,317a5bc8cf58c4401e221c74d7a51982,2026-07-10T00:00:00,delivered,430.03
514dc0ea-3635-4ce1-a5c1-9ebaed409297,0ff6bebd4c4327455d347885e2697876,2026-07-02T00:00:00,delivered,624.83
345df7b9-4be9-47c7-b486-9f1dc3483d22,aec17cb0c9dba3200a2c49c3ef0a07dc,2026-07-07T00:00:00,cancelled,298.53
9f3a2b0a-3b78-430c-aacf-9c3dfe3bf082,ceb8b329e744b3e8982e6f9d51269ed3,2026-07-14T00:00:00,returned,352.75
481b03c4-4179-47ad-8653-8442bd751516,5a3ee05d197e24b7bafaac3e2cbc7e55,2026-06-29T00:00:00,delivered,25.59
7186a900-10dc-413b-be10-3b449651026b,c63c0b1ccd9e3a6c8ddd1a52c4ede43d,2026-06-23T00:00:00,delivered,160.28
a114adae-7df0-46be-a862-c5b3a3345d86,1fe7afd58ce8429c5a8d27bf8c24738f,2026-04-11T00:00:00,delivered,792.22
f5529f5b-ff6e-476b-ac48-6ecb33916487,5a3ee05d197e24b7bafaac3e2cbc7e55,2026-07-17T00:00:00,returned,156.68
be0f6933-ab68-46dc-84da-1c8c33f3aed3,5b45f3493929fcecf1bacf1a1c4a4801,2026-06-30T00:00:00,delivered,435.68
f664fecf-3f4f-49c4-ba6b-c5e55a11f425,5a3ee05d197e24b7bafaac3e2cbc7e55,2026-06-24T00:00:00,delivered,151.66
021f2777-926d-4d9f-8132-dbd7b3bc129e,ad076f69fe41e2f2e356025bf2751920,2026-07-05T00:00:00,delivered,1344.35
8442a602-1208-420e-9733-967bc38fe73c,b0b94079598f018f9e72e9698aefef33,2026-07-09T00:00:00,delivered,52.98
b1bf9800-f345-4ccb-ab0c-f2a1fb02f4b9,07f61caa1c9e850c14e94854cec87545,2026-02-11T00:00:00,delayed,1037.82
585b39b9-df56-42db-842c-cfade071ecc4,84b0bf771f3b14f21e6dd37e2fe2eee6,2026-07-05T00:00:00,delivered,327.01
199f7285-7181-48d0-9aa7-b5928e3a2233,3b529e86d89222d9af57ee77a108374e,2026-06-25T00:00:00,delivered,1122.14
b42a1eb9-79b8-4501-a8f5-863c892e665e,029b457bd01199c39136f89e0eddcd3a,2026-07-17T00:00:00,delivered,869.75
35b4927b-8ef3-4467-aea6-0a54c7357242,7b9fdbf39311ea24e456accef9d98b6d,2026-07-07T00:00:00,delivered,254.42
602f6e12-9d2e-4e59-acc4-bb7da2c8e43d,226c621e6babfecac4e9e776382c77aa,2026-01-20T00:00:00,delivered,359.94
e8e4c9e0-d60a-4042-a0c6-e335cc139ca4,c92ef88d3d24fe868f2f1807259faa20,2026-06-27T00:00:00,cancelled,369.01
33dd87ed-94ca-48a3-9ca1-3bf193bf8dc8,340152332a04149987a705602615f0d0,2026-06-22T00:00:00,delivered,101.19
8598b276-6615-4b22-ab64-7ee4c8fe954f,b68693bf3295ad9e895d2adce45deb7c,2026-07-12T00:00:00,shipped,123.99
d20f437c-1cd8-4da1-98d5-e9a64a1f3186,0228e299d1cabeaf9be64b5ccd784c97,2026-07-16T00:00:00,delivered,2145.75
86a68f7d-aa86-4e86-8814-5b57d3bb3f49,f4371991881a328886a134bbc99cec9e,2026-07-09T00:00:00,delivered,485.52
1f30a2f3-1c77-43c9-9460-bc2167da2823,455c4cf9166818b1739c900a57433aba,2026-07-01T00:00:00,shipped,190.75
e1026e4d-4144-4d30-b909-9354555c5cda,5a3ee05d197e24b7bafaac3e2cbc7e55,2026-07-03T00:00:00,delivered,391.04
59563d72-cec5-4305-a0ff-3c5a5dbe7989,aaf2d0137050d06ef2c8752f35c0d936,2026-07-11T00:00:00,delivered,323.05
e3f72c2a-22e9-4a71-8663-0e359b9dd48a,53dad0f86e33e3e263658b3484563365,2026-07-03T00:00:00,delivered,1769.1
16756bef-33ad-4c88-9ece-176e44167f4b,caf8cfa0ac3ff60facda076545837647,2026-07-01T00:00:00,delayed,994.14
83962f8c-08c0-4663-9e61-d7558f749d40,4a362420541051d3d4055a777681ccbe,2026-07-15T00:00:00,delivered,144.52
e8e09156-041e-4ea8-907d-6165e0a2c5fa,726c8f1821bccdbb500536a36b6804bc,2026-02-16T00:00:00,delivered,23.11
e738eb5d-e3e8-455b-8b55-d6bc5d7622f7,baa2381220d03aa74d97baf23302ddc9,2026-01-04T00:00:00,delivered,439.03
2d0450c9-bea9-45a8-9ba7-256edfcfc1d8,50aef30dabc7aca975dbdec85dcb848f,2026-07-06T00:00:00,delivered,223.25
9a74dfe2-4683-4ce0-a76d-85b039bb670d,5a3ee05d197e24b7bafaac3e2cbc7e55,2026-06-29T00:00:00,delivered,274.2
c14bad8d-597e-4f63-adf2-9ec5e6f7dbc6,1d69cad1a7af13a8f78fefc1b996a94c,2026-07-02T00:00:00,delivered,505.24
75d07119-8db9-4acd-abf9-bb284bf14c3f,4f2942851db2a70c008b54fd9e970fa6,2026-06-26T00:00:00,delivered,609.6
36786692-bec0-4799-93ae-04946d0c2b0a,caf8cfa0ac3ff60facda076545837647,2026-07-09T00:00:00,delivered,232.89
3cb9d1a2-7824-47fc-81f9-a8ae1b838840,56636fd22de1a315b8a50d45cf94d859,2026-07-17T00:00:00,delivered,537.34
cec3fdbe-8730-4a41-bf81-62efab653797,f5de43d4ead76e9519babb3d6189ea5b,2026-06-17T00:00:00,shipped,956.23
c2aa0e1d-509f-411a-aa25-16145087f3c6,264f33eb52366d6efeae97a7de43a1e6,2026-07-11T00:00:00,delivered,1380.85
16e29dce-b50c-4708-b8d8-422389979cc9,75897dfb21f53272945a344799721579,2026-07-17T00:00:00,returned,684.06
c6b09f71-25bf-4edf-b9e8-2b2ac726bc2a,d6d67261f2634cdf9ec293cd765c8479,2026-06-15T00:00:00,delivered,1652.3
99f486e2-a30c-42d3-a450-9cc3eb5cbb28,4b0cbf5ea22869c5ea269442f9b849e7,2026-07-05T00:00:00,delivered,357.8
068753b0-89cd-4d95-925c-11ef84577578,6a7ee8caad3b24acd1400d10ec62bf64,2026-07-04T00:00:00,delivered,349.25
efb599aa-ba83-4e08-94c5-cb709afa469e,10b7ec8d59e18192862f78be58cd3458,2026-05-11T00:00:00,shipped,282.4
485e107f-00a6-4ccd-89e5-8ddc7f259c25,00e984e99fdfd52943156d2d7eb4a5e6,2026-06-21T00:00:00,shipped,861.03
2e9ec3ef-7c57-4024-8bed-9979cb8f8924,39d7ce28dfadb187458ae98f1e7e3857,2026-06-18T00:00:00,delivered,466.44
ec437cb4-b4c0-43e1-966b-42b2e1552c43,f9b57816964006c90c458a0caba0306b,2026-06-20T00:00:00,shipped,396.98
e2b5360a-3c91-44bb-b9f1-e7a3da4c348c,0b48151c4ac827afeee06ce2d77cc343,2026-07-02T00:00:00,shipped,276.4
9093e03a-9a43-4386-a969-0d562ebdffaa,f7798970018758d36b9bbf007a053e23,2026-07-10T00:00:00,delivered,170.11
732a11c8-661a-4f27-b6e1-56c8cccdc790,076efbad08f34a6316ec570ea20a0568,2026-06-26T00:00:00,delivered,987.44
a79cf13e-b8db-4de9-a119-a0b6f6f5e653,5a3ee05d197e24b7bafaac3e2cbc7e55,2026-07-06T00:00:00,delivered,621.79
d15bda1b-482e-4821-805e-e83a0b9c5c35,29ea68ebb3474676eee3322428dcb0af,2026-07-08T00:00:00,delivered,227.49
70772f7f-a4b8-41b2-ae43-e56057dcce8b,c1a83a518dec21a938b5ca2a66e47ef0,2026-07-15T00:00:00,delivered,6.33
92998b68-4554-4f5f-aa2a-1ee48086507d,9d317acb1c32146e752981044c0ea5bd,2026-06-19T00:00:00,delivered,962.86
11fd85ed-b856-4b0d-80cd-2a4a16413c7c,86ee190a174409391a427eed6f5e2728,2026-02-26T00:00:00,delivered,17.47
9150c321-326e-44c4-a193-f3a9e6a817fa,0b48151c4ac827afeee06ce2d77cc343,2026-06-26T00:00:00,delivered,314.9
7158f456-67c6-48eb-b55e-0f384861d340,5a3ee05d197e24b7bafaac3e2cbc7e55,2026-07-12T00:00:00,returned,919.61
db7f2fa2-27ef-453a-a205-8078e9f42c06,4e17943c8edf2f66d70f0e97b81aaf17,2026-06-18T00:00:00,cancelled,367.81
d0866ea4-6b85-42cb-b121-2148c89f00f5,fbb86959dcb4972a76d8432c59c7288f,2026-02-13T00:00:00,shipped,722.37
8536f0a7-4e86-4c65-9b77-fef6b5df1c12,d0a9421d1143535e463a15d18fcddf90,2026-05-31T00:00:00,delivered,265.53
a79b9851-8940-480a-bcb4-715482f755a6,037a72c77c3565c6e41ac0607c797b08,2026-07-17T00:00:00,delivered,307.05
51926cd6-b80c-4dc7-946c-bcf2cfca83f0,17eb2dcf3b6c44be06f2212d1cb555cc,2026-07-09T00:00:00,delivered,2127.79
389f9ea7-42e6-4379-b77b-07538a3711ec,caf8cfa0ac3ff60facda076545837647,2026-06-26T00:00:00,returned,1637.23
2468939b-4d2f-45d9-a496-6e4a14377705,cbc73c75d15c7292a3defd556c710b2a,2026-07-13T00:00:00,shipped,164.39
da7d033b-c428-428f-a462-7971f4361c04,8dc17b53543ee0ff19970896cfc6c750,2026-06-22T00:00:00,delivered,222.52
2ba20902-279f-4cc2-b1e9-62fccc055396,2b8649d1a9912afc25d2943a04782756,2026-07-16T00:00:00,shipped,655.67
8edb26b1-ddd4-4d4d-a397-ea98af79d84e,eee056a1664b2f91466c96a455ceea8b,2026-07-04T00:00:00,delivered,317.6
f6f49ea2-5481-47e7-bd38-24ed238b79a8,65333bf484bb685082b70adc3e154aeb,2026-03-27T00:00:00,delivered,609.35
a16527d1-a04f-4221-940b-45e3fc74e61e,6f041ad60d1b98ad6ffa085775b93041,2026-05-16T00:00:00,delivered,728.98
c10793b4-06a5-4132-95d6-8361117a1630,1098d1250d5bdf8bfc6a83f26494067c,2026-06-20T00:00:00,delivered,347.18
2f17066e-45b8-49ce-bda6-cd2033e8fd93,060e732b5b29e8181a18229c7b0b2b5e,2026-06-26T00:00:00,delivered,88.8
1d22ee3c-b0ca-4aba-83d6-8575be22a984,34c6f984b590bbfe3d4d6c76007c0b1c,2026-05-21T00:00:00,delivered,556.52
3933a3f6-db23-4e1a-a569-418b61823b22,470a8f2e1dc7b277e4625f23039c6f84,2026-06-27T00:00:00,delivered,489.5
c2b1521e-2976-49c9-8d6f-f2d16f473319,5a3ee05d197e24b7bafaac3e2cbc7e55,2026-06-21T00:00:00,delivered,1386.84
259d3ea9-5aab-44f8-be68-5522d5788608,157b9d0c8b2328f814b5ee120d5e5914,2026-06-20T00:00:00,delivered,576.17
cb914ccb-bfa5-4b9a-92e4-29e736b7c720,8d97ec3fada2f08485838b53e2d70bcd,2026-07-17T00:00:00,delivered,552.06
b31986ec-d9a2-4c64-9d8c-67f6918602a6,0b48151c4ac827afeee06ce2d77cc343,2026-06-25T00:00:00,shipped,340.23
a491f9d5-91f8-4982-bee7-c0cb34798934,5a3ee05d197e24b7bafaac3e2cbc7e55,2026-06-25T00:00:00,delivered,418.25
97d35f6c-e479-46b6-b268-aaaad99032e6,ee2bbda93ed3cbef0bfde31a62f807e7,2026-07-07T00:00:00,delivered,478.69
b631e2f4-805e-4bf9-943c-3b8ba29c597e,0b48151c4ac827afeee06ce2d77cc343,2026-07-13T00:00:00,delivered,329.77
f28d90b0-2e6e-407c-85bd-60d876f529fc,9e6890852705a77f9e1ad72395131f27,2026-07-06T00:00:00,delayed,362.02
0b514236-fb6e-48a3-81e6-41697d8501fc,5a3ee05d197e24b7bafaac3e2cbc7e55,2026-07-14T00:00:00,delivered,189.99
048d5231-9d8a-4634-b502-6d6c2b6250df,c16948c2abc51af80a151392f718e895,2026-06-13T00:00:00,shipped,1693.06
331a6e41-e689-40fd-9ca4-1e7766eef5e9,5a3ee05d197e24b7bafaac3e2cbc7e55,2026-06-25T00:00:00,delivered,505.99
6517f56f-1750-4c90-968f-a014d65d0dbc,3e3048f4f31ca9a28f05279f3554c715,2026-07-04T00:00:00,delivered,520.24
6a64c0a7-e70c-48c3-8f48-b1217b569708,24058044dcbcb7313582db0305dbe7f4,2026-04-06T00:00:00,delivered,164.99
1da52fe9-a5a2-4406-8635-1839a9644004,0f13e3bb90bbd8912d57145479ce4839,2026-07-04T00:00:00,delivered,1345.8
07258fd6-9504-4796-9bdd-09667a85f384,d3b1ea21e85de5679eb875b8a3a9dd4c,2026-07-15T00:00:00,delivered,827.81
b2bd72d4-beb1-41f2-886b-6607cf2f0c20,33f86281d5203b278e32070d4a02592e,2024-01-30T00:00:00,delivered,899.57
41cfff1b-ac58-459d-a365-fee687a94490,5a3ee05d197e24b7bafaac3e2cbc7e55,2026-07-13T00:00:00,cancelled,34.08
a888b348-c720-43ff-8689-572fdbfed42d,5a3ee05d197e24b7bafaac3e2cbc7e55,2026-06-19T00:00:00,delivered,205.8
bdd6f295-4e58-46ca-b31d-07ac97f8c18f,7c4c172f6ad96039c75d87385d74d0b8,2026-06-24T00:00:00,delivered,941.87
2495970e-aa74-4b21-84cf-ab3d6dcf293c,f14a94df58861cb1811f48b40271884e,2026-06-04T00:00:00,delivered,273.3
6375e33e-66c7-4205-8a80-ad39d9bda6c7,1fe7afd58ce8429c5a8d27bf8c24738f,2026-07-07T00:00:00,returned,717.43
2649909c-e3c7-4fa8-b370-d0102e4205b4,339f6d44a550afdaf2a4a9a29d091d16,2026-07-01T00:00:00,delivered,1070.54
99febc8a-67f9-42ab-9a47-aaaa576fcf7f,5a3ee05d197e24b7bafaac3e2cbc7e55,2026-06-21T00:00:00,delivered,317.94
550d1188-cfaa-440a-a5dc-7606ee6a58ff,79051ee5ee98c4bd6982e67e2e79dbcb,2026-05-30T00:00:00,returned,645.67
855a3010-fc06-4129-bd94-eed308ed87e8,5a3ee05d197e24b7bafaac3e2cbc7e55,2026-07-05T00:00:00,delivered,335.21
0ee30f8b-a96e-4530-a440-517e305ec35e,3ff45f223bb4d6fc772a38ad5a7b1b33,2026-05-25T00:00:00,returned,419.4
f96f6962-ff53-42ba-a016-9db3d76f885f,5a3ee05d197e24b7bafaac3e2cbc7e55,2026-06-21T00:00:00,returned,396.71
839d8c2f-520e-4475-a9ce-335e330b4c59,5a3ee05d197e24b7bafaac3e2cbc7e55,2026-07-07T00:00:00,delivered,660.43
c01fb0d9-9b25-4f15-857a-51e9535343b0,01ecc1f1f21f05d0736c99d92646f132,2026-07-05T00:00:00,delayed,92.99
85db130a-150e-41e7-8e0a-6df64656c884,36f7cbc956469da1d4bdde49171d192b,2026-07-14T00:00:00,delivered,459.41
18bab140-ae23-4a16-ae1d-a666e0e37351,5a3ee05d197e24b7bafaac3e2cbc7e55,2026-07-17T00:00:00,returned,272.05
6a11a054-e25f-4633-906f-c1ff247f0420,546ed56ed469aa89580be8bb1b51a6fc,2026-07-04T00:00:00,delivered,266.78
42c79d97-b41d-4eac-a23c-947e99bc05fa,38e31fda99a5fb901d27134d18d36c75,2026-07-06T00:00:00,delivered,1123.57
526f67e0-9722-4d11-a8b1-f11dbe2630b9,0647d94e80c8033ef27686bdb447e105,2026-07-09T00:00:00,delivered,1803.47
bfe73405-8dc9-44c3-9bf3-ed1da9ddb3a5,b5553bcd30cc28e403933b0295b9f245,2026-06-17T00:00:00,delivered,301.82
53dfd504-d8bf-43cb-a679-9f4431bab84e,2e438ed54223fcca39c725b9a3e6376f,2026-06-12T00:00:00,delivered,692.25
57ea7603-48b1-45d6-8fd3-9dae083e84d3,b55c4cbaa102fdce0375bc2a92ed4bf8,2026-07-11T00:00:00,delivered,946.89
53a5ec2e-b66a-40c3-a5c2-dcffd7451c88,0ff6bebd4c4327455d347885e2697876,2026-06-28T00:00:00,delivered,347.35
c22c4c43-86aa-41a4-8ee1-ea09aa346f8b,baa2381220d03aa74d97baf23302ddc9,2026-07-17T00:00:00,returned,1467.2
6ef52a40-8fba-4102-b3da-e80df5184728,886fa36372fc4428557e3352f37ffc55,2026-06-20T00:00:00,shipped,489.07
412d8c34-7ffa-4e6e-b0fd-5fd3d882ea0a,40b1c1468c27787235deb9bf979fd51d,2026-06-14T00:00:00,delayed,161.38
90688f66-3d06-4c33-9dd1-764f57d9579d,c8dbfbb4a47a215d79659c927e786a58,2026-07-08T00:00:00,delivered,77.4
885594de-e72f-4999-85c5-013c58f7fb0b,462bb3bbbb472504944511257137ebc8,2026-07-01T00:00:00,cancelled,526.36
899fb019-e61e-4630-bf5f-1d57723bad92,5538f4cb054b71b5525a019a47019aa0,2026-07-03T00:00:00,delivered,81.72
4c33f061-348e-4b04-b97f-492f3ab2cb41,d6d67261f2634cdf9ec293cd765c8479,2026-07-15T00:00:00,delivered,120.47
d0c0cc9d-69c7-45ef-b112-1049c0d16c14,5a3ee05d197e24b7bafaac3e2cbc7e55,2026-06-21T00:00:00,delayed,409.16
3d837230-7bf2-47bc-8789-6fa5950eeed6,49d1599dd80dedc213037342bbe43fd7,2026-05-27T00:00:00,delivered,271.54
e4165cb9-0ddd-46df-b31e-5835d21d7e95,a8397e4402779864503796dd87fdbedc,2026-07-17T00:00:00,delivered,283.12
65dad0d9-0868-4a97-894d-a443c528807c,ef2994ab5e93b358146005d4d3db4880,2026-07-01T00:00:00,delivered,1064.7
6e1f77d3-5a02-4813-bb91-c56d7c1afab6,825ace36a4828de05694b8047f6dd905,2026-07-07T00:00:00,delivered,1068.84
d9b2a307-c59b-4f2b-8225-5b4516ba4953,62de6068da9506dca753598fcfbdcd16,2026-07-16T00:00:00,returned,344.71
2b161bed-797e-41f6-900a-b10887ebf12a,c8ec36160dbdb80f55d3e944d2d3240b,2026-06-28T00:00:00,delivered,84.44
d54c1aac-5f25-4a55-8023-d304a22afcdb,97dc91f9e896442f6ac9650bb2a9b594,2026-06-22T00:00:00,delayed,197.39
61c330c2-eb23-43f0-8aab-757157a67fa4,5a3ee05d197e24b7bafaac3e2cbc7e55,2026-07-12T00:00:00,cancelled,878.98
96daaeb5-1e8e-4752-ae63-b23c0b5ad48f,317a5bc8cf58c4401e221c74d7a51982,2026-07-13T00:00:00,cancelled,967.75
9164da9f-9a2f-4f39-8733-8311d60728f0,0b48151c4ac827afeee06ce2d77cc343,2026-07-15T00:00:00,delivered,250.46
fdef0c44-19f9-4e51-983f-bfb7a11ce0eb,5a3ee05d197e24b7bafaac3e2cbc7e55,2026-07-02T00:00:00,cancelled,312.19
3ddf4116-9a40-4e3c-9a2b-5c8d5a151f03,a012820fbbced38a03331716e231e0ba,2026-06-23T00:00:00,delivered,165.74
ca353ac1-a4f3-4a8c-b463-427e4bf80d32,02f1bf7b0a3e8e4f916c2584908314e7,2026-04-29T00:00:00,delivered,454.49
ca0f0523-9fad-4c6d-ad37-1678089b6e73,c0fcd6e2e07097e1461b44aabb0c3306,2026-07-07T00:00:00,delivered,509.0
6011beb8-cb75-4501-81bd-a17d58f85432,4c93744516667ad3b8f1fb645a3116a4,2026-06-09T00:00:00,cancelled,56.83
b16bb90e-0ba3-4421-a469-f727d8fbe0e6,a8397e4402779864503796dd87fdbedc,2026-07-04T00:00:00,delivered,316.03
1a224de0-9485-4f43-aff4-16c6e22b45b0,af982647bad6ee3e3a748ff4721e6644,2026-06-29T00:00:00,cancelled,133.25
5a2c87db-89c8-4098-8668-b68bd6b0f575,b5b17698671a4c3822309b13d4f16f9e,2026-06-25T00:00:00,delivered,295.62
cae2dc32-6139-4fda-b852-909092b48e51,fb1756887ae59c1b0efe8d0544d94815,2026-06-19T00:00:00,delivered,135.07
99af5d83-4e5b-4d44-bfbc-d76bb51a603d,f4371991881a328886a134bbc99cec9e,2026-06-29T00:00:00,delivered,236.59
41902028-e43f-47c2-87bf-f7e0f75fe85f,f054e8c1cbcf5e89ddd9b615c349936b,2026-07-17T00:00:00,delivered,712.4
29f99a64-4ddb-443c-a95f-22cdff5a6526,df2162a9aaf73bf42e812408330969a0,2026-04-09T00:00:00,cancelled,2181.6
5efadba9-6c52-43d1-81b0-fd3c8cbc7488,0ff6bebd4c4327455d347885e2697876,2026-06-23T00:00:00,delivered,407.44
d5189235-2479-4a01-9889-8dd73f1c79a4,97dc91f9e896442f6ac9650bb2a9b594,2026-06-21T00:00:00,delayed,81.51
b22b641d-7697-403a-a8d3-0df6246a3690,51c79069e6b841c2dcda39aadd3180cb,2026-06-22T00:00:00,delivered,416.15
e0c5892f-4b04-4b50-ba3e-af789f2a6077,5a3ee05d197e24b7bafaac3e2cbc7e55,2026-06-19T00:00:00,delivered,116.48
99d338c6-77e2-45d7-8c88-9f13df8d00e2,18e3d276253780b44b5b7bf83f6785ec,2026-07-06T00:00:00,cancelled,223.99
5fb7b7dd-35ad-4349-a4fc-cce5436c06dd,076efbad08f34a6316ec570ea20a0568,2026-07-02T00:00:00,delivered,42.39
6c61405f-12c7-49b5-abe9-d9796c5cbb0b,59150cde6405fb8f31f6dd1882d15754,2026-06-17T00:00:00,returned,163.29
33f34b66-698e-437c-a588-bb57c8c8471a,5a3ee05d197e24b7bafaac3e2cbc7e55,2026-07-17T00:00:00,delivered,607.23
a5b02f3c-ce4a-4671-880f-f989d2d00895,5a3ee05d197e24b7bafaac3e2cbc7e55,2026-06-21T00:00:00,delivered,901.8
b380e79a-bf65-47f8-93ad-4e447bf721d7,8912b89ef23a547c94ffc09574c01357,2026-07-01T00:00:00,shipped,203.19
2e7d393d-9c69-4760-8e62-dd86e55c67f7,6b0c568efa39d9923961096ab40d3ed9,2026-07-04T00:00:00,delivered,1220.21
bb02fbd3-aba7-40d6-a5f8-5e9e5aa1104c,ea11bc07876aef08645f2c14d46b3ba7,2026-07-06T00:00:00,delivered,211.49
41921280-2813-4d80-817c-55d9302a002b,8d11f32a56d967b7e09d3a5ed6cf9991,2026-06-07T00:00:00,delivered,1193.8
f40a2f29-7e77-4caa-8c81-39dade2b02c6,f054e8c1cbcf5e89ddd9b615c349936b,2026-06-17T00:00:00,delivered,514.01
6ad7b442-f7f2-4fad-bc85-c90501111377,7b436cdf595907b9b0b142e8177c0072,2026-06-03T00:00:00,delivered,460.64
a6aa1fb2-a623-45ca-b230-b520b158420b,a8ae36a2bb6c2bbc3b5d62ede131c9ef,2026-07-16T00:00:00,delivered,570.51
119877fc-e7bf-4abf-9f8e-77386f8eb281,42669722f592114360451dba9cfb6f49,2026-06-15T00:00:00,shipped,51.52
78c37508-aae8-422d-a8f3-16f29e420993,5980f546cbb6a7df45ccae926feea7d0,2026-07-06T00:00:00,delivered,583.07
6e1f2145-d06e-46d7-ac81-837b223ed73c,0db307a3bf5f0cf05e7a62c6c3bb942d,2026-07-11T00:00:00,delivered,469.96
833b4a66-0c49-462c-ba24-d224cf729279,3fd7c033b9809fe0d4536b4ea3b1e0dd,2026-07-05T00:00:00,delivered,335.01
8ec2cf5a-7325-4e04-a373-2b3345748894,6056d31a9cf9cf98ea9de7ef86cf4f5d,2026-07-14T00:00:00,returned,1834.47
16167cdc-83a6-4879-8259-5c1167af5e45,f75da962fb4ddac1569e90c21803c455,2026-07-17T00:00:00,delivered,233.69
255a13ee-ef38-4a2f-837d-c515b5e44ca3,4cbdc0f2029c78a012c400623a82e55f,2026-07-02T00:00:00,delivered,147.71
0177d93d-f148-4412-9a7c-64b1c6d7c2d7,0f6371fc9c2e78818a6e7aa33022a506,2026-07-17T00:00:00,delivered,261.69
c37e98ab-d727-424a-bd11-585ad960644b,2b775b75afa0be08220fb73a7e68df3b,2026-07-10T00:00:00,delivered,595.24
50a3acbd-dfbc-425b-8c33-89ebea2bc317,f14a94df58861cb1811f48b40271884e,2026-06-19T00:00:00,delivered,1137.63
a8745c7f-1d54-47b6-8819-1cb07c7dcda4,60701c1e7374ef731d859ed7be31a8c8,2026-07-07T00:00:00,cancelled,728.96
bb0a8942-4e21-4f7f-9ba1-2e4882a2df09,df033c6cca61206b057d843131600fc0,2026-07-11T00:00:00,cancelled,76.13
3578bf86-759d-489f-a3e5-d5294d74f298,b3bbe51a0caf36d05239cdb5124a2421,2026-07-05T00:00:00,delivered,567.68
f88845af-be26-48c2-b0d2-0abd851defd6,273fff5a1d5e0ffc35f76b3fe3fb2516,2026-07-10T00:00:00,delivered,392.62
2e952016-0f52-422f-93d6-bb6cac6fd953,e640111298500f5006fac7f416d7637f,2026-05-29T00:00:00,delivered,891.35
e2380604-063a-4ed6-aa0f-2a76c589bd8f,a356a8567cf4cd5ce32a18e6e7fcabc8,2026-06-26T00:00:00,delivered,11.66
03964f51-9d8d-4d15-9f1b-a7faf46e156b,cb296f03ccd21cfcb3ba0778c4f3b7d9,2026-07-05T00:00:00,delivered,220.14
3c87ecd5-44d0-4e65-94ce-94eb0bd1980d,70a242b52ee3d0640c6d7f5ee237651b,2026-07-13T00:00:00,delivered,298.8
d6ab714f-48a6-48fb-8e91-33863b1637fa,a21a8c17fb2d281bb4890748efc12200,2026-07-12T00:00:00,cancelled,582.92
361f9bcd-eee7-4129-9453-e80344f97867,4b0cbf5ea22869c5ea269442f9b849e7,2026-06-24T00:00:00,delivered,90.83
4a700fd8-bde0-4203-8a17-2292e395f408,b5e5fa1268db5aa96a5062853fd1891e,2026-06-20T00:00:00,delivered,333.36
de3aa536-44b8-40d8-bae0-d0021596bc60,4e17943c8edf2f66d70f0e97b81aaf17,2026-06-01T00:00:00,delivered,922.15
a4cb66d8-831c-47b4-8f00-26d7dc81a770,5a3ee05d197e24b7bafaac3e2cbc7e55,2026-07-05T00:00:00,delayed,279.27
e9100a83-1d4d-41ab-a22b-3b7ca2c0eff8,119d43da5cf2cec95289848aec20ac51,2026-07-10T00:00:00,delivered,1109.94
7e81b22c-501d-48ab-b284-7cc7c0203b00,5b45f3493929fcecf1bacf1a1c4a4801,2026-07-04T00:00:00,delivered,1343.02
d139aea8-7167-437b-80a4-8d829f32cf07,1bb02eb35385950b5dace2632164426c,2026-06-15T00:00:00,shipped,585.53
96ec3f6a-6f23-4934-b3f6-db83c88b70b9,ef2994ab5e93b358146005d4d3db4880,2026-07-13T00:00:00,delivered,161.08
9e8d3791-5bf7-48a1-882b-9009ced77c05,f7c7677be77763b1b2cf982a5e67fa61,2026-07-13T00:00:00,delivered,333.94
869a3899-892a-40c2-b262-f1877346913e,c3166e62cdfb039707b78bcfc4828c86,2026-07-02T00:00:00,returned,496.2
fe4c384c-94cf-41f1-86b1-7e46d3a9eb8f,717aa48025662fcf27ddebbecc5f782b,2026-03-22T00:00:00,delivered,80.89
eabe8da1-ff13-47fb-9cb5-7a3925eb0050,5a3ee05d197e24b7bafaac3e2cbc7e55,2026-07-17T00:00:00,delayed,1262.75
a7d0d5ca-8e09-44be-996a-e840a1f6ca81,ffddff7cfa827d6c430ed9e373be416c,2026-07-04T00:00:00,delayed,413.23
b92cd222-aeea-4c71-b0e1-89596208fc40,00cc12a6d8b578b8ebd21ea4e2ae8b27,2025-01-05T00:00:00,delivered,244.0
4d4d6726-a118-4c51-8b13-af32faacafe3,0b48151c4ac827afeee06ce2d77cc343,2026-06-24T00:00:00,delivered,436.62
3273b2f5-16fa-48df-aeb3-fe6b8bb5a98d,2ee1f65b4197b8eb29826c06b876ba67,2026-05-09T00:00:00,delivered,292.51
ad3be7cb-5638-47cb-86f1-0476b318e370,5a3ee05d197e24b7bafaac3e2cbc7e55,2026-07-09T00:00:00,delivered,596.23
9891e6cc-7ba4-4bcb-9329-fd678746a7f2,caf8cfa0ac3ff60facda076545837647,2026-06-16T00:00:00,delivered,927.3
c98b195d-3bb1-4955-b35f-955f7d6f8e89,1098d1250d5bdf8bfc6a83f26494067c,2026-06-20T00:00:00,delivered,446.39
4d303b72-487b-4fa9-b1a5-b4d49c4112e5,606441378b517f9eeb89f9154a1c4d4f,2026-06-18T00:00:00,delivered,352.15
cf623464-4393-4ca1-81c3-605056d80bcd,1098d1250d5bdf8bfc6a83f26494067c,2026-07-06T00:00:00,delivered,551.6
67eeb4b0-3a8d-4099-9428-01306fedaaee,26a2b0baec2ef2e226f1297de4b6a86f,2026-06-30T00:00:00,delayed,209.52
480babcc-e81e-4035-9e64-1bbda0749e6c,6e9c6c2120611104445c767b78377d21,2026-06-18T00:00:00,shipped,177.38
8edb964a-e049-4982-b7b3-65fa532d6c66,5c2991dbd08bbf3cf410713c4de5a0b5,2026-07-06T00:00:00,delivered,612.52
05391e83-77aa-40fc-91ec-38179f7cd1a4,b310264264a53605778ac08833bd5514,2026-07-17T00:00:00,delivered,158.84
edd8f901-db8b-488c-ac34-0e85ad608fa2,82e96a74eeb99b61395a1403630fe437,2026-06-29T00:00:00,delivered,424.72
c6ac6b1e-c68e-48f2-b46a-b3d99746cba4,5a3ee05d197e24b7bafaac3e2cbc7e55,2026-07-05T00:00:00,delivered,405.06
5a6c7f39-caab-4aec-91f2-7140bb763d76,1b18bc689cd5f83c4c9e84c5150a07fe,2026-07-06T00:00:00,delivered,477.47
15002bdb-962e-455d-afb5-df1686b7cfcb,b4b26faae91bc1b8f9458d29bc3c200c,2026-06-06T00:00:00,delivered,328.23
07d3980d-2519-48dc-b487-6a1cd746b59a,9a855ffadc7ac38bd30515d077c31fbb,2026-07-17T00:00:00,delivered,438.87
01264946-920a-485b-8030-4f4cf1a0b023,212b273eed006f96498ccd8e91427e42,2026-07-10T00:00:00,delivered,524.59
553ae1af-e3e1-4893-9bf2-094c6b313653,2ad3e8ebee7119e3be506709cf52c2e7,2026-07-06T00:00:00,returned,417.2
a020bf6e-ae91-49c9-997f-b06b843bc1c7,e527d87e5717a8e1432c67e902a56a9b,2026-06-23T00:00:00,delivered,1469.93
35a7726c-a927-4301-ab28-c332d50f219e,df2162a9aaf73bf42e812408330969a0,2026-06-13T00:00:00,delivered,417.88
82a4dd35-b310-4702-8def-45afba2e01e6,3e7093ecfc2d4fda791cc93d9e18c3ad,2026-06-14T00:00:00,delivered,506.74
993a8103-8f0b-4d77-9a63-c22132bfde9b,f62f269f9ce7c41d20a90f70df873f42,2026-05-09T00:00:00,shipped,416.6
85789f19-226f-4066-a316-ddfe74633804,edf55e0391148600e839275491f147e5,2026-06-25T00:00:00,delivered,290.08
736fdae7-f9f7-4bc3-955f-b8ed636df4cd,4bbaf6f7a10a7e26a8777aa5cb6d5864,2026-07-06T00:00:00,delivered,2331.73
a96a841c-bca2-4130-a559-9d09d290f588,fb1756887ae59c1b0efe8d0544d94815,2026-06-26T00:00:00,delivered,319.03
227bebd9-42be-457e-a941-eb6615d65620,5a3ee05d197e24b7bafaac3e2cbc7e55,2026-07-15T00:00:00,cancelled,28.06
24c21b02-a442-47f9-8949-36898eace262,d3b1ea21e85de5679eb875b8a3a9dd4c,2026-07-10T00:00:00,delayed,230.16
bb9aa3b1-98ef-421e-a3b8-b7fb76afbe40,84b0bf771f3b14f21e6dd37e2fe2eee6,2026-07-14T00:00:00,delivered,234.14
6d7eb7c8-1078-4b93-b8a8-215a0b058350,e94f497b64b4c843216126feedb1dfae,2026-07-11T00:00:00,shipped,217.66
ef6c7136-071b-4517-9102-367b90652643,5a3ee05d197e24b7bafaac3e2cbc7e55,2026-06-22T00:00:00,delivered,177.93
218d4f95-94e6-46ac-8a72-110f5bb69370,2a802e5f8676d69fbfed47ad4b9f35c9,2026-07-01T00:00:00,delivered,348.19
e2e3893d-6aa2-4936-8199-90c5b856a633,7be63f0ed4d9c76ed55844021da8d5e5,2026-06-08T00:00:00,delivered,444.97
f519276a-9451-49b9-9b89-7a2a33639be6,f0fe4ee68e4a03068e981e6481bb9e1e,2026-07-17T00:00:00,delivered,243.19
6cc0151b-c005-414d-95d5-02d2396c9ddc,acd9aa54ba1fb6d537ea8bb1bd65eed2,2026-07-01T00:00:00,delayed,322.59
0dd3a593-1076-4cb1-ba14-12c47fd6c6ed,8f3dca4306d5a89e4ae2c65c110603a2,2026-07-10T00:00:00,delivered,114.25
fa0d0f64-ffe0-4d60-b556-7ab016c28573,796af4fac93296428070925a8a78aaa1,2026-06-26T00:00:00,returned,244.53
263bd5ae-8e87-45ab-9c02-310bee0a6856,e1a5b21153987479299c92d5c8b1ee1a,2026-06-15T00:00:00,delivered,13.57
942c047b-739d-40a5-993a-0f519d0e54c5,ceacc242acd679abeeaa2353b76b99de,2026-06-29T00:00:00,delivered,274.31
d96ff735-2f64-400a-b332-0bcdea8c3b9b,27b4a7740a9b118f9eed1e8c8be7822b,2026-07-16T00:00:00,delivered,3114.76
7cdc21f4-2403-4337-a5cf-416085963f8a,e6925d3e39cebd0f699008b248e58361,2026-07-01T00:00:00,returned,853.17
10673784-8c2f-45d9-b107-6d6fa12eb81a,f9ac86b4993a6e2a48758cb47d808712,2026-02-18T00:00:00,delivered,431.32
da41e6bb-8165-4f93-a702-9243b08f65cd,3341514b8049f4a268e4188fb0211d34,2026-07-07T00:00:00,delivered,294.94
6b495ef5-966a-463a-bf61-14d573147ad4,5a3ee05d197e24b7bafaac3e2cbc7e55,2026-06-24T00:00:00,delivered,577.94
34e755d0-1a59-4599-80b9-dccc7dab0d43,bcaedda052fc72c42f55dd7c28b4b38e,2026-04-03T00:00:00,delivered,396.04
082000d6-1ce2-44c6-b0f1-3f46e75c4c27,1145616de76e14f4e7fd5452c2be149c,2026-07-04T00:00:00,delivered,768.25
2a23fdeb-244d-475a-b312-0886a319f74e,f1d32fc4daad97978a28051b160ca25e,2026-06-30T00:00:00,delivered,280.56
f472b06d-e894-4c81-b39a-9253ee2bb475,5a3ee05d197e24b7bafaac3e2cbc7e55,2026-07-05T00:00:00,shipped,225.99
ee4fabfb-1847-47d1-aab0-72a5ebe8e3ae,5a3ee05d197e24b7bafaac3e2cbc7e55,2026-07-01T00:00:00,delivered,57.3
8583ca92-8619-4429-82bf-ebe635eecc65,f00acae66459f1828fc1feba2c759fa0,2026-06-28T00:00:00,delivered,244.01
fe04162e-01cc-414b-8229-98252aae57eb,6056d31a9cf9cf98ea9de7ef86cf4f5d,2026-06-29T00:00:00,returned,297.04
5b6a97b4-edbf-4bf5-a5d1-cb04fa710128,bc2c9d4cffdfa4609cb2f961250ba4d7,2026-06-28T00:00:00,delivered,244.2
c50ca638-c29e-4076-ada2-7cc940f59b86,2ee1f65b4197b8eb29826c06b876ba67,2026-04-24T00:00:00,delivered,1048.11
fd9f0251-efa5-462a-8d37-78672e5b3ff8,68ef37029e128c6e666b338276b2a47f,2026-06-19T00:00:00,delivered,735.74
685f40ac-427e-4941-b6f5-c3b2fc6d5a89,485fa1b8db05ed6fa0062ece4ce80d2e,2026-05-31T00:00:00,delivered,184.62
e2b37aa8-5f54-4e3c-bf38-c8c4686ee92c,f75da962fb4ddac1569e90c21803c455,2026-07-14T00:00:00,delivered,147.06
83b3e49e-4912-4836-bdb7-cfccf4a1b834,0b3ea22a9c32f9c1ef2684e5c981e9ea,2026-07-12T00:00:00,delivered,1038.29
1c7f9740-302f-4e96-b66f-56b714a849a6,0ff5b872dfd979e7d23064973ec52e5b,2026-06-29T00:00:00,returned,417.5
a06688bb-b056-42ff-985c-688a64f989a5,5a3ee05d197e24b7bafaac3e2cbc7e55,2026-07-03T00:00:00,delivered,1613.92
9a95646d-56e2-4987-b051-8c7888a16bc4,2e636fd512179efa9c6e1b1a28ac7f98,2026-01-23T00:00:00,delivered,128.73
c9e92583-7fe4-490b-b41b-c2c96e26aa71,cbddc85ed8c77a56bc0ba0cfbf057242,2026-06-14T00:00:00,returned,1567.48
96d1b539-aa39-44f1-be7a-f931612c566a,59150cde6405fb8f31f6dd1882d15754,2026-06-23T00:00:00,shipped,13.3
cc4bcf9b-3b6e-4da1-accc-599bfb41e28b,b193a594e0171de03f8d3ba14722a7b9,2026-06-26T00:00:00,delivered,498.71
9875957c-99df-4277-965d-e0d3f5186b44,5a3ee05d197e24b7bafaac3e2cbc7e55,2026-07-15T00:00:00,delivered,751.24
43cec32c-3b1b-448b-ac16-0ab1f4c502a7,661bcc412eb64f26a12a5c0c46cbb449,2026-07-10T00:00:00,delivered,1550.12
c9360b0c-ef77-45d6-800d-84a3686d1257,d3b1ea21e85de5679eb875b8a3a9dd4c,2026-07-05T00:00:00,shipped,145.76
37b99c95-fb93-4883-baca-d4b4f572915d,0fb4497f568fe7c3859c3c43d6be7277,2026-05-17T00:00:00,delayed,470.02
e41aab2d-6fc9-4d89-8087-04f31f07b913,5a3ee05d197e24b7bafaac3e2cbc7e55,2026-06-20T00:00:00,delivered,247.1
b87b0315-00d3-46e7-a175-974a176ea416,5a3ee05d197e24b7bafaac3e2cbc7e55,2026-07-05T00:00:00,delivered,193.6
e434fe13-3ba1-4252-a737-c9cd34c82cf2,3b460ededc4c23cb9eae28c706b3a310,2026-05-22T00:00:00,delivered,789.42
aef9efd3-9b9f-4fcc-a8ae-eb91ecf3fdcc,5faabfe6772088c4d906b63fa81ac63d,2026-06-23T00:00:00,returned,796.98
6d5470fd-67f8-4b9f-8d70-0e9de49d6f39,f14a94df58861cb1811f48b40271884e,2026-06-01T00:00:00,delivered,279.92
9befa45e-1459-4113-80d4-74f035cae616,63df651d5e8adb6a0e4baeb66a0eea37,2026-07-11T00:00:00,delivered,50.34
09198aae-699d-4989-baaa-be2a4cd034c2,1c3e4aa255e596013fc2b6dffc8041bd,2026-05-19T00:00:00,delivered,1434.05
5330d1eb-d54f-4ca0-9f37-14384ffb512b,bcaedda052fc72c42f55dd7c28b4b38e,2026-07-15T00:00:00,delivered,155.66
213706b4-9518-4ae3-ace6-f6c49cca8e18,bfb5363db41e6d47d3f16a1ba3e880ab,2026-04-28T00:00:00,delivered,532.33
6450eb15-0a9c-453c-9663-d65345a1ab54,fdcf4139f50f370c91e8b8f33adde2a6,2026-07-04T00:00:00,delayed,566.36
f0e11c80-a5a5-4033-88f4-06d4f5acdfa9,3d5ee12ffbcb44147038950c94c9e78d,2026-07-07T00:00:00,delivered,380.8
7c0f4b91-e252-4e7f-aec2-a86cf02be5e8,9bfa4c70f6719eaea72980d2ae88755f,2026-07-08T00:00:00,cancelled,534.28
a3a0af9c-30e3-4690-a757-0eab60075389,78b0fa5c25eb7869d20074cddfbcfa05,2026-07-10T00:00:00,delivered,685.65
1114d032-fb69-40c4-98da-b607c91881c9,fa2f184ba76dabae9b5cd4c5f711b228,2026-07-17T00:00:00,delivered,145.94
d578e6b8-67fa-468b-9ddd-f0e0d74ffaf0,f8309b834186f428f9b4072036885959,2026-06-17T00:00:00,delayed,496.35
9ddb9650-8296-49bb-ad35-383176ad9686,3fd7c033b9809fe0d4536b4ea3b1e0dd,2026-05-03T00:00:00,shipped,1061.13
981433fc-9c1c-42e7-89e9-fa770b011486,6056d31a9cf9cf98ea9de7ef86cf4f5d,2026-06-26T00:00:00,delivered,94.45
71964007-d8d6-4a1a-b1d1-ddcfcd604695,ef2994ab5e93b358146005d4d3db4880,2026-06-05T00:00:00,delivered,224.91
4693028e-f485-4cc5-aea9-b3adfe7d258e,816a9d13b0b4a4c4b7c1015ba08deff1,2026-05-11T00:00:00,shipped,409.98
bf6550ff-a9db-45bb-a59f-3cd56777b1ef,69101784d3263f0dba4bad411d3289ee,2026-04-27T00:00:00,delivered,1146.59
be9c3d1b-67eb-4067-9808-415995f7415f,60701c1e7374ef731d859ed7be31a8c8,2026-07-13T00:00:00,delivered,722.23
44a2b900-a46d-471c-8544-63bdc0d3ca1f,07df139093b720d6512c49da2980e3ee,2026-06-05T00:00:00,delivered,399.81
1215b941-9122-427e-9431-3d3e8643f2c5,46799d0831910f2c477c49a994961510,2026-06-28T00:00:00,delivered,502.66
169d6d64-3ff1-45ae-9c84-3827420fb84f,17d7f3a57687a59fdf418ccc22adc301,2026-02-21T00:00:00,delivered,484.32
82fda217-7f29-4128-893c-1f1e4bb83d19,a012820fbbced38a03331716e231e0ba,2026-07-06T00:00:00,shipped,555.17
6d9c38d7-ed3e-40ef-9878-e3bc5bfceb7e,a757d6fab4dc255079371d4673dcfac7,2026-07-03T00:00:00,shipped,371.62
47faa473-3a0e-476d-8dc1-23ab34380a88,e3a5f5e65ff3b780847f89dcc81c344b,2026-05-12T00:00:00,delivered,959.46
2d51c704-6d6a-4b37-95a7-888bc7c03497,068bf1b6ad5389ef7fd0b25926059be9,2026-06-26T00:00:00,cancelled,744.66
14f76d14-78f8-47ea-8556-db28f0aad8fd,70a8db6a5ae17c3a4e5df68bbeae451c,2026-06-29T00:00:00,delivered,398.41
467ad30b-a76a-4724-b7e8-f620a678cee5,3b54ec3e11e5befee527b120ef8b0f02,2026-06-28T00:00:00,delivered,643.53
5a681197-10a1-419a-9612-9ea93752bab1,4df9aee56fa602c72756abb22ee60b17,2026-06-22T00:00:00,delivered,215.83
68a2d81b-0bee-4a3e-82cc-c471b451f080,cecd5e9d39fddb69384c1c31bdfac666,2026-07-06T00:00:00,delivered,1488.53
3b9cbec1-b92d-4855-93e4-f83e379e1ac1,6ef326dc1bc04a8e63bce7e749279a00,2026-07-16T00:00:00,shipped,350.68
1cb9d109-2c84-44e2-a48b-963219a0cb36,c107527184a9e9f426fc5a3e89cfb7e1,2026-07-03T00:00:00,delayed,806.65
e7772075-a841-4ed1-9acb-a9c5de88d94f,3e3048f4f31ca9a28f05279f3554c715,2026-07-17T00:00:00,delivered,383.84
300c6f17-021c-44e6-9d34-3bd1b5dcafab,5a3ee05d197e24b7bafaac3e2cbc7e55,2026-06-24T00:00:00,delivered,446.89
e737165c-1800-4e6e-940f-6a74843828dc,a366793a4999f8cc135855c4dd347421,2026-06-27T00:00:00,cancelled,281.12
e971e3f0-2b41-4f54-a18b-dbf840c66fd6,5a3ee05d197e24b7bafaac3e2cbc7e55,2026-06-29T00:00:00,delivered,22.21
af2010c5-3a36-4db6-81a6-d60c3d53f596,5a3ee05d197e24b7bafaac3e2cbc7e55,2026-07-06T00:00:00,delivered,468.33
4827c5a8-9d8f-4255-a722-9e768916e293,5a3ee05d197e24b7bafaac3e2cbc7e55,2026-06-30T00:00:00,delivered,203.71
f389c675-eb1f-458d-86a1-c5ddd5870fe9,08b4c336c9d41a15dfd9259c6ad8c93c,2026-07-04T00:00:00,delivered,616.06
f7aaeef3-82e0-4b86-89b4-1876180263c5,01ca0680cddb7f4c71e3235f08cd16a2,2026-07-04T00:00:00,delivered,1985.89
2f1b5e35-dc53-4e6c-ba13-371a430cc856,dc77e5e1396c807043f506f794d8fd1e,2025-10-22T00:00:00,delivered,297.28
291e3139-9972-4ea5-9d6f-ae540af18d06,99da196553d9b67b1c762a712a8caaf6,2026-07-07T00:00:00,shipped,541.05
0c4694b1-ce76-4b2c-b237-74e40ea31201,9cea402fce863ec4bee5af27306e213d,2026-05-16T00:00:00,returned,192.01
bef407c8-4afa-4029-a8e9-18f93aee736b,694cb45ff29b603ac2acd51016770097,2026-05-29T00:00:00,delivered,244.94
739d7e27-5349-4180-9bce-992245636db6,eabd76f3506262b0db0dda1d48394a9b,2026-07-01T00:00:00,delivered,323.08
5d93ac16-bcf6-4b73-b62d-dcbbc45ccef0,8de2a640697fdc751bf88a16ae07591d,2026-06-28T00:00:00,delivered,1317.85
0a7cb65a-d806-48b6-9beb-a466cd25b83e,bfb5363db41e6d47d3f16a1ba3e880ab,2026-04-19T00:00:00,delivered,89.79
0a050b82-ad51-48c8-8fa0-4d328bf2cafd,b99ad02f5d0dce8edaed40e36fd4d71e,2026-05-31T00:00:00,returned,217.21
a54bc523-0058-40fa-83f6-084bf4100214,d3b1ea21e85de5679eb875b8a3a9dd4c,2026-07-12T00:00:00,delivered,457.56
e82de970-b15f-477b-9fba-6ba258961205,0dd47ea03f3e61825df9e2bc94c292f1,2026-07-16T00:00:00,delayed,1337.02
aa8c26b8-41f0-4a90-8f98-4889166a4aad,f7c7677be77763b1b2cf982a5e67fa61,2026-07-17T00:00:00,delivered,425.82
a3815507-7fa0-45f4-b7db-d3da2c3fef08,8a04cd485d578904eed5263be0df576c,2026-06-19T00:00:00,cancelled,344.4
85310b0c-2a27-46e8-8e2e-187ce147a612,0b48151c4ac827afeee06ce2d77cc343,2026-07-05T00:00:00,returned,409.24
42961082-08da-4f01-8c87-95b15e5d1960,5a3ee05d197e24b7bafaac3e2cbc7e55,2026-07-12T00:00:00,cancelled,479.86
4eb6f69b-b36e-4bcd-ab87-66925d87631e,8c2a5c47e0c02478c440038904724cd5,2026-07-02T00:00:00,delivered,781.66
35fac7e5-27ea-464e-bb12-e6df387c3dc0,6d9ccbd8cc7ce34491c34c7ce5d03767,2026-06-26T00:00:00,shipped,396.27
349bb976-6f0b-448b-a6cb-8f3f4018c4e8,bfb447864c8ce1e6b093d723792a60f8,2026-06-23T00:00:00,delivered,609.09
f98ce10d-3275-42be-b29b-6e1d083b0092,1964f2b215ebb68671d893438e974b0c,2026-06-05T00:00:00,delivered,188.91
8341e892-c23c-4b8a-b172-d525f701645e,58e41c352b12a7e96c322dca803dc08f,2026-05-30T00:00:00,delivered,190.27
2de74e18-c863-461c-ac89-982bcc6ea1bc,c7770d8b16c2c8d608209bd7df488678,2026-07-15T00:00:00,delivered,95.93
a97a23b8-7c79-4b90-9231-3cb23d562f6c,96e136c1e84c06e4f46fbabcbc3f918d,2026-06-06T00:00:00,delivered,73.26
81c8a33b-844f-40b9-b2f2-e0f1baaa26c7,69ac4dee02a9a4a925d3dfc7d5536d03,2026-06-29T00:00:00,delivered,426.44
d46d1312-d04a-4254-8141-fc61fb02d7e3,a012820fbbced38a03331716e231e0ba,2026-07-16T00:00:00,delivered,499.54
48555e3c-aca9-4bdf-9b8b-5930f67e6b7e,5a3ee05d197e24b7bafaac3e2cbc7e55,2026-07-16T00:00:00,delayed,1356.4
a7b7504f-93f1-4e6d-8253-430b0367e3d4,4795fb1b0d025528a80e2e9ed5b35a85,2026-07-11T00:00:00,delivered,783.15
5df4a491-68e1-454e-bbae-c64f3c477945,07df139093b720d6512c49da2980e3ee,2026-07-03T00:00:00,cancelled,1689.3
d12a1633-e725-4ad0-ac26-9929c360deb5,961efa774ea7c0d0a4514295647e78d5,2026-05-19T00:00:00,delayed,346.07
3002b292-a92a-4697-b8f8-66cd6ae34ea5,ef6b4c0581dbf34e6eb5e33e0094c445,2026-07-15T00:00:00,delivered,637.0
6dfcc37c-8777-4272-9f51-25373a81711b,8377420a8b3549f6f40dca93815ee602,2026-07-06T00:00:00,delivered,10.52
fdc52699-af0d-440f-b102-6a18a055ee22,d885b619cb2e462ccc493b70faea10c5,2026-07-02T00:00:00,delivered,324.47
433be93e-582f-46fa-b28e-05853099ccb6,5a3ee05d197e24b7bafaac3e2cbc7e55,2026-07-15T00:00:00,delivered,412.12
de312b49-65f0-4390-ac91-5504acbed250,eb3c04f545e10b9e1c89a7db0051a334,2026-06-09T00:00:00,delivered,1358.71
fd327115-6a79-43fa-9809-0fdb088c1ffa,816a9d13b0b4a4c4b7c1015ba08deff1,2026-07-14T00:00:00,delivered,173.5
f02bd9cb-3d8c-4912-b0be-bd4d02f87c4e,f1010979003575c284e304f3e48a5611,2026-05-25T00:00:00,shipped,1172.49
1d1a6d73-f9ce-4fff-815d-966a996a7426,3e6fd6b2f0d499456a6a6820a40f2d79,2026-07-03T00:00:00,delayed,677.16
0cf36fa8-186f-4bba-bf6f-d893c0aebfa4,6c3974f2a296fbcb0aa071279dbf6f24,2026-06-29T00:00:00,delivered,902.48
9c9a7673-596a-455c-a525-17be8fa6f007,04c5ad73047074972e9a1c744c3b4bf8,2026-06-21T00:00:00,shipped,439.86
5283f03b-d8e9-45e7-8f86-0e652a4638e5,378c06babf08c70f32e748ac24ea33e0,2026-03-21T00:00:00,returned,163.29
e35628cf-8004-4364-aff3-41b301aa09e3,fc25f71bab94146446884fc523121d48,2026-07-08T00:00:00,delivered,362.26
a5412101-d66a-4531-bae8-d8ee87614154,b2e803d748d08864a69aa128447a1358,2026-06-29T00:00:00,returned,597.37
351a633b-08a9-45a1-a6b4-ebc42c81aed9,40c4c308279011b2e5b85c75579f415d,2026-07-17T00:00:00,delivered,408.36
668bdbe4-ef6c-4f2e-8344-963af08a0819,08995ff3d56d1423655c3b21cebe06bd,2026-06-30T00:00:00,delivered,113.6
faa1b1d0-8320-4459-81b8-c6873e73a802,5a3ee05d197e24b7bafaac3e2cbc7e55,2026-06-23T00:00:00,delivered,1866.6
e0e016c6-ec8b-40a5-9c7c-551d9113f797,9852ae41cc160b7df4017c45373187fc,2026-06-28T00:00:00,delivered,342.96
cdb47cb6-7e67-4f5d-b90e-a9a48fcf150f,cd9b72ce79772adb2e28bdfc051bb341,2026-07-04T00:00:00,delivered,507.71
7a9cc7c1-8f64-40cc-9ca6-0252ca534004,483686d2c2ea82359b6aa0bb2b20829a,2026-06-25T00:00:00,delivered,795.77
1d435411-0286-46c2-9663-47d02ca91810,eb8367e178d144706a4ff3da62d284cb,2026-07-02T00:00:00,cancelled,1417.76
e24cac95-b393-4481-8b89-b960829aa0bd,d7381970033691cee4a1dcbe8eb52ffc,2026-04-22T00:00:00,delivered,227.0
d93f7c1b-ad4e-4767-9eca-2f9b67860680,08b4c336c9d41a15dfd9259c6ad8c93c,2026-06-29T00:00:00,delivered,405.0
86cb7c6b-bb4a-471f-b4bd-b53a94d104ef,e87cdd2fb9f1d3ff3438a9d02e454793,2026-07-10T00:00:00,delivered,58.86
5562cdfb-d60c-4b12-961c-3ee0f9978fd7,d885b619cb2e462ccc493b70faea10c5,2026-06-27T00:00:00,delivered,133.37
9c4277b9-4614-4436-a553-77395857c855,1f730c825bb084addd4914f9c2390f35,2026-07-04T00:00:00,delivered,257.06
c9f7a633-5aeb-4d2b-ab08-124d53fc1d18,34b0cd95480e55c2a701293a2b9671b3,2026-06-29T00:00:00,delivered,294.64
2ab2278c-7431-4e05-bc4a-17b451e5dc54,6056d31a9cf9cf98ea9de7ef86cf4f5d,2026-07-06T00:00:00,delivered,321.1
fb53a6c5-6abc-441d-8d2b-a8678d083e19,b6e99561fe6f34a55b0b7da92f8ed775,2026-07-14T00:00:00,delivered,1142.52
43d676a0-b751-4008-bad6-5077cb2e984a,0228e299d1cabeaf9be64b5ccd784c97,2026-05-31T00:00:00,delivered,294.47
60fb46a7-8a43-40b5-bdca-2f6b6d412cbb,d36fc675519adcbd1e824cabc25bda07,2026-06-21T00:00:00,delivered,548.41
71da7d75-9acb-439d-ba28-ced46db7bd4b,208f290481193105f0bdc2d8f543904e,2026-07-10T00:00:00,delivered,492.75
fe53c1be-3fbd-4a0b-a09b-9fcffe33e658,dd92479c2bb42ffbdc755b0b67974ac5,2026-02-05T00:00:00,delivered,892.49
7a68e949-151c-4f5b-bf75-bf412b7c34d9,6056d31a9cf9cf98ea9de7ef86cf4f5d,2026-07-09T00:00:00,delivered,137.13
9be8b4b1-1714-47de-8bea-c571d830fdd9,d395b5c9bd6e808680ac6dc64d6bfbad,2026-06-13T00:00:00,delivered,582.66
907819f4-5051-4ee2-962b-4225c6310e19,5efebfd4cc8bc54a199c512d3bb1c6a4,2026-07-13T00:00:00,delivered,800.52
6904fca7-bdc5-403c-a098-ed67a2f0b6e3,5a3ee05d197e24b7bafaac3e2cbc7e55,2026-06-21T00:00:00,delivered,177.34
5a0cbc5b-52b9-4e8f-80e6-8c4cdf5a23cc,b0d033df9e6ba67e76b3cd09ea92d506,2026-07-05T00:00:00,delivered,993.7
6ac4f90e-ed94-4987-8300-2a163fb9b3ba,7c64114d404c93f2c4305a9f2e7dc3eb,2026-06-29T00:00:00,delivered,639.92
475f7399-f5b8-4fc5-a85a-eb993135adb4,5a3ee05d197e24b7bafaac3e2cbc7e55,2026-06-27T00:00:00,delivered,148.66
09b5801b-06b7-49df-9655-90471ab365fa,5a3ee05d197e24b7bafaac3e2cbc7e55,2026-06-28T00:00:00,delivered,360.48
63bc1846-65ee-40f0-9257-260c80ae879e,cb296f03ccd21cfcb3ba0778c4f3b7d9,2026-07-05T00:00:00,delivered,154.28
37afcc59-1e0c-470a-8e00-190e7b6aabdb,a6f2e4a9ff6fdb7626039136dee62c4b,2026-07-12T00:00:00,delivered,388.5
df2ddd38-6e63-4752-a567-8e231dcd4a20,5a3ee05d197e24b7bafaac3e2cbc7e55,2026-06-19T00:00:00,delivered,182.73
b71553a0-aec9-4e73-bf2b-f58977c2d5b6,7bf5c9596fc39d41078cb46a86b23831,2026-05-24T00:00:00,delivered,317.52
49de151d-22e4-4584-9ca7-80f08fdb37ff,67fcfe4915b93624867d350b8191ff7b,2026-07-09T00:00:00,delayed,227.65
7f61ef2f-d510-4a10-854b-325214ca1864,de5f2d4aa1e29e756ca9225b1f157474,2026-05-02T00:00:00,delivered,145.01
c77eace7-50b6-47ca-9df7-9805fdd130f1,5a3ee05d197e24b7bafaac3e2cbc7e55,2026-07-16T00:00:00,delivered,221.18
09cc1d50-7b9a-44cc-a94c-c4a682e9aa7c,0b48151c4ac827afeee06ce2d77cc343,2026-07-13T00:00:00,delivered,366.02
a0dc9797-f900-4f37-898b-4c8b4d7240a8,0b48151c4ac827afeee06ce2d77cc343,2026-07-05T00:00:00,delivered,64.63
0b6feef9-704f-408d-a2bd-4331fd45f0a2,5a3ee05d197e24b7bafaac3e2cbc7e55,2026-07-12T00:00:00,delivered,232.41
c9dcaf9c-8dbf-457c-a273-3eb25c90d509,1600e56406cd89032fefb96f79ffeef9,2026-07-15T00:00:00,delivered,689.25
21240124-29c9-43d8-80b9-379f52bb0006,18e3d276253780b44b5b7bf83f6785ec,2026-06-27T00:00:00,delivered,252.51
41e0547b-84c5-487d-b842-7d96f84814da,a0defeb4e8b47e1db2149cbe93d68609,2026-07-01T00:00:00,delivered,1191.43
47eaf9c5-a1a5-48f6-ac57-7e70097f24f1,c645339c7f927e64c0cbe6079255fc7a,2026-06-20T00:00:00,delivered,29.36
ebb1a549-773b-448d-97e5-a2925871a8be,61657cd378eabeaa8ec89a448432357d,2024-01-18T00:00:00,delivered,451.88
3f1b7ac5-a8a7-43af-8951-b665aab3b0a2,cc117a146f6e56e036afcedbd420c0e6,2026-06-27T00:00:00,delivered,531.51
a16553f5-f3ff-43a6-9352-3097a33b3045,5a3ee05d197e24b7bafaac3e2cbc7e55,2026-07-06T00:00:00,returned,539.35
64a6f9d5-3f1b-4b6f-8b96-535e12c835c3,5a3ee05d197e24b7bafaac3e2cbc7e55,2026-06-30T00:00:00,delivered,532.1
85fd0aa3-ca46-4493-889c-d51a877c4679,d6d67261f2634cdf9ec293cd765c8479,2026-07-07T00:00:00,delivered,348.31
9842dc6e-9c1d-439b-896d-eaee1711f1a5,c7c92d52defccd813e462a6bd33ab16b,2026-05-30T00:00:00,delivered,4.33
87e68f24-4652-472f-ba42-b19020d67756,51c79069e6b841c2dcda39aadd3180cb,2026-06-25T00:00:00,delivered,248.13
cbab3591-ad4f-42ae-93fe-e307820b71f4,a0488912f3470a18b4c5c5dea18730df,2026-06-10T00:00:00,shipped,429.56
cb1d6455-db24-4cc5-9b33-f09f6e838def,aec17cb0c9dba3200a2c49c3ef0a07dc,2026-05-09T00:00:00,delivered,104.2
d14fa25f-2a8e-484c-8aef-764c35ca481b,3b460ededc4c23cb9eae28c706b3a310,2026-05-22T00:00:00,delivered,499.65
8145ae38-f172-45d8-bf3b-468d7c25d1ca,7556f182460418cf30957e6ce377c674,2026-07-11T00:00:00,returned,280.36
4fe958d6-9ea3-4ade-b1d5-0d90072237b0,bdaae7d0dda6bb655f833ebdceaf178e,2026-06-10T00:00:00,delayed,330.11
8d2e6e26-3854-497f-acbc-caa9b09d6caa,1964f2b215ebb68671d893438e974b0c,2026-06-30T00:00:00,delivered,446.69
b1933e96-47d2-4363-aa0e-446998f44d27,578d5e6d37a20bbf631183feedfe2dea,2026-06-23T00:00:00,delivered,273.65
0714b6bf-eccc-486a-917e-367c02ca2a83,d55e594accb5b8cd7e3c26cdd854f5bd,2026-01-15T00:00:00,delivered,815.5
4e10ceef-b8db-44ec-b2b9-5dd790c60a35,310fe886bbd2131a2f0976ed616e60a8,2026-06-12T00:00:00,returned,163.66
ce34085d-bcb5-45d6-8544-80fca9eb89f3,cd076285a12f40041b32f5ad8c98699f,2026-07-10T00:00:00,cancelled,655.15
938fea38-8b1d-43e8-ab63-4af0ac318463,57378b07a6c91c06c139bfff05a246ab,2026-07-02T00:00:00,shipped,258.51
a0d98f58-a4dc-4a69-a6fb-4ac2934a5ab1,2329e176e6fa26919d55839e0421906f,2026-06-23T00:00:00,delivered,279.06
b0a45c36-88c0-446c-a1a8-2219377e81dc,483686d2c2ea82359b6aa0bb2b20829a,2026-07-01T00:00:00,shipped,297.02
74076e84-233f-4a5a-863a-0f21a462fd98,5a3ee05d197e24b7bafaac3e2cbc7e55,2026-07-16T00:00:00,delivered,1900.7
6db03ce1-088d-43c3-b471-be17b3cc12cd,54b50d481e0c0501204f7d42446f73da,2026-07-17T00:00:00,returned,294.38
2865f00c-24c0-4c03-88c4-7c1fa302b051,2767ebe1fedf70562aa588a37a23080a,2026-07-14T00:00:00,delivered,443.04
e3da903e-bc58-4a5e-a267-063807e1a543,003e2af81ea3c72fbdd093f07724a4de,2026-06-21T00:00:00,shipped,29.52
3648ed35-5d48-46ce-825b-b9b948d37088,af891fdabc40f3e11c5813f876b5257f,2026-07-01T00:00:00,cancelled,654.02
bccca4fe-cdf1-444a-a92b-808088926694,43fcee98a4442ab2f299df637f8e2413,2026-07-17T00:00:00,delivered,284.64
3ebebcb0-fd4c-4ff1-9733-330da763ec13,5a3ee05d197e24b7bafaac3e2cbc7e55,2026-07-17T00:00:00,delivered,186.07
fe4dd8fc-091a-4673-97ed-4cab4cc8484e,4c93744516667ad3b8f1fb645a3116a4,2026-05-28T00:00:00,delivered,431.71
151cd994-24e5-47c1-8aa0-968bc0056a97,5a3ee05d197e24b7bafaac3e2cbc7e55,2026-06-30T00:00:00,delivered,836.88
4ac8aa01-3076-4aca-9593-39d2e6667efd,6e9c6c2120611104445c767b78377d21,2026-06-24T00:00:00,delivered,163.44
6986d287-8195-4d38-98a1-a5f63cc044a1,fa2b68fd80b323901db1473bb98ad68f,2026-06-28T00:00:00,delayed,569.49
117c24e7-26c4-43e8-9394-c74bbf196a47,508cae50c5c1e72079d266a513bca9ae,2026-07-11T00:00:00,delivered,1092.63
c2a8dbbe-f7c6-48d9-aef6-578c70006923,cc117a146f6e56e036afcedbd420c0e6,2026-07-04T00:00:00,delivered,311.58
