payment_id,order_id,method,amount,status,billing_country
9f1d3d01-1902-4e4f-be20-46d98848070b,956f91e9-4784-4c40-b1bd-88a5ea399628,paypal,480.46,completed,DE
39c57bd6-5109-4afe-a14c-582e8ce92e74,f51458f1-9484-445d-aedf-386ce137fcc4,credit_card,398.37,completed,DE
80fea429-4368-4f6c-af4a-88139a82e4d9,3ebef2fd-013c-480b-a35d-5fe1311ad313,paypal,310.91,completed,IN
b22b1540-2f9f-4985-b0de-9837c70294d1,1e08b93a-034e-43c3-b317-a064b6345118,credit_card,126.68,completed,GB
cef5836a-ac07-4d92-9bbf-92f48e5e1666,adc8739d-fa5d-4866-a60a-b02436f9ee3b,paypal,58.84,completed,US
d2df0178-8a07-4db4-92f9-5e43bdb86a99,a3ae8ea6-9287-4d73-a014-aff8e60c145d,credit_card,235.09,completed,GB
ae7ee4b8-61d8-48c9-8b0e-0c9dfec7fa8b,0e933b64-aca7-4e77-9e81-d5d38910bea9,debit_card,45.19,completed,NG
aa0283ac-411d-4b50-897d-c1a229b4c9da,37d7a1e1-4b7e-46e6-8e0a-11065c746784,credit_card,177.23,completed,IN
da65f824-484d-4051-8c14-e26e03453ad9,47fcf45c-a4ea-4899-9ef7-1b59c0716ffe,wallet,234.66,completed,BR
37b93db1-9885-41ed-a922-7820c609b941,69750316-bcf7-4bbc-b1c9-9ce163a75518,wallet,285.07,completed,US
a5876f5c-a5b9-4a7f-b562-6b43985cd731,5ff1940e-c98c-4a54-8b87-ca2f4a1ec5cb,debit_card,567.79,completed,NG
b0e194fc-e46e-455f-91df-9ac2a2be9ae5,efc2d16a-15bc-49a6-8033-4dbcfd199cca,debit_card,623.15,completed,GB
e7b67cb7-62de-451a-842e-b13cc78cbabc,7b69e407-67a3-4e31-b5ac-6ae4aa4905ec,credit_card,396.34,completed,GB
f9df4d77-eae6-4675-b2d9-49edafe3d743,c11c749e-c0d1-461f-a4da-21450e3aea3a,paypal,135.31,completed,IN
0a07bd97-c829-4168-9b3f-58ef51322c36,41c42586-0350-49e2-8f08-903eb40f997f,wallet,797.68,completed,US
2f7bede7-8bf7-4865-99e6-3731ccc7f2b1,3a696a2b-5ec2-42b1-9e4d-35ed449bab3e,credit_card,475.35,completed,NG
019b61d5-ec34-49fb-aad3-7aa97c85626f,995e5d26-60fa-44ea-a788-d02fbc6c9d0c,credit_card,581.61,completed,IN
6d31c5ba-e7fd-49b1-8f63-114038b63a9a,8d9a5c5a-ae3f-4ead-8f25-5f6b78fb1d44,paypal,2418.78,completed,DE
65c7fe24-a315-476b-be9c-9236fd4a7cf1,e05bab46-416b-4206-ac3f-2ab872b6db51,paypal,416.86,failed,US
e50cdca1-c0c0-4dbe-bea5-19cdaa65bc4e,9b6ca048-942f-4351-96b8-83f1553663cc,debit_card,861.94,completed,DE
ceeeba12-3ad9-46cb-9470-677c6e03e162,ca5eb88b-e638-4c49-b0b7-998d9da525d5,credit_card,337.94,failed,IN
1e8f32e2-c05b-45b1-b709-5e13d765306a,d665cb0b-511c-45b8-b7b9-d552923207c9,wallet,87.26,completed,BR
e1b075d1-8451-4088-bc7d-973ebf7f4a0f,73dfa818-f09c-4774-a28c-088142b39c76,debit_card,452.51,completed,NG
ec24225d-3f01-49fb-8d18-5160bad8f371,2628da3e-3b7f-4453-91ba-4f04a537443d,wallet,426.6,completed,NG
46a5e4ef-1359-402b-bd44-2fd55d36e3a6,a70c3ca6-8dea-41d2-bb06-5b138d9ef6a3,credit_card,525.98,completed,NG
c85c302c-193d-49e4-8113-1ad410a25855,7e09d3d8-25da-4f50-9818-814ebcb077c7,wallet,145.01,completed,BR
3d1a1c32-51c9-4655-89b8-96447d5db970,d43c974d-19b3-41c6-9124-0b64a0eebc6d,wallet,1234.52,completed,BR
82597678-14ff-483a-a574-a4b144db3d6e,f9476528-a882-4195-8b4c-a6e650ce753d,paypal,180.52,completed,GB
dbea2772-3313-4979-870b-331d5e2b26a1,2082d839-e8cf-484c-a65f-b11672fab6a6,debit_card,562.12,completed,NG
23911d69-0856-4517-9494-0cdb7499294d,0ad19805-1ebd-4534-8675-9050e6a9e852,credit_card,1350.35,completed,IN
93fb0579-cdb7-4628-85e9-cabeb6f3cd67,04e73d09-c68f-4a24-99c5-f7b9fe57a4f5,paypal,890.02,completed,US
0c874abc-541c-4074-8ec1-2a41d7de2175,2128f3e4-910c-4783-b34f-78ba4a114417,paypal,393.04,completed,IN
b2586c52-6242-4cb1-829e-6775bd5234e3,1c3df772-41d0-43d1-be38-b6228ca8bb9c,wallet,554.9,completed,BR
600dc45f-76b4-4f25-87b9-4e65beafadde,d64ed313-84f6-4f71-9a27-cf03519e3e89,paypal,1153.4,completed,BR
f5c0c87e-1456-4a4a-9fa2-06d5cdcd4002,048bb07d-8868-4e4d-9a30-4c52b8ac0602,credit_card,1520.34,completed,BR
8807d38e-ba41-4635-b3d3-5263d9ec0291,e07d0be2-0836-4964-b104-a24895a19533,debit_card,167.47,completed,US
d412a633-a1ca-4279-a6de-c766a7404030,1a418276-cf83-42ac-a1fc-7a7f53311ac0,paypal,43.46,completed,GB
a64e5350-3df4-4d40-b95b-2b2686fb3a76,7850a9d5-bb1c-4ee9-8407-b70460c00cbb,paypal,433.05,completed,IN
4fd972fc-9b90-43ab-a004-28da0b23d301,404b0955-3618-4aa9-b168-c2b4160dccb8,credit_card,458.72,completed,DE
c08a1b38-c118-4f0b-abc5-49309839f783,aa2f8dad-1dbf-49d6-b097-9b2cd0b125ab,wallet,174.43,completed,IN
28df6d46-6d87-4646-8511-ba422bebaf19,281335d1-c567-4bc1-874d-c3d9ac9daac7,wallet,1335.92,completed,DE
c5c0d845-6b06-4154-8347-f7785eedfb19,9a770981-da97-442f-ab90-58b2c01da24a,wallet,317.03,completed,US
39530b50-63e1-4b2f-8d85-84e59913e99a,39cddcbd-f4be-45d9-8eb5-f7151f12eadd,paypal,1490.36,completed,BR
38c6cad3-cffa-4191-853a-0685e46eb8f1,6f29c09e-22ff-4979-b424-721b12ca7eb2,paypal,364.66,completed,NG
f2608166-c097-4a6b-a23a-5e1cbc311f15,de27f566-d535-41d9-852b-95b584583ea1,credit_card,552.29,completed,NG
b4ceb86e-1cba-459d-b01f-e70d97f96f29,3ac43b66-47f4-477a-80da-d1e9e6fe8410,wallet,198.25,completed,US
843ac61b-32d8-4ee8-9cdc-6929b17d5570,42186e5a-469f-402f-a109-3d08082d58a7,debit_card,185.49,completed,US
9248bc43-616c-414c-b923-7298a099b7c9,6e1ba929-cc8b-4318-ae2c-11f379bdfbf1,credit_card,107.68,failed,GB
c3dce661-70f2-45b6-97bd-24e0afb89d4d,f9c7140e-c6ca-4350-956b-d530d8ad8336,debit_card,34.58,completed,US
762f5649-8918-4b3d-a0fa-500a096f576e,10f625eb-a354-486d-8eb8-618c49520872,debit_card,1498.82,completed,US
0274b2fd-021f-4697-96aa-bbfaebeffcc4,9006f92a-d37b-4d76-a5a9-fe068f1a4184,debit_card,247.85,completed,BR
b9a66650-ca1b-45a8-af71-0f168651d566,b385075f-7008-443e-a6e8-b97fd7bb6798,credit_card,567.79,completed,NG
577a997b-91f4-443b-a5a6-f15fa33dc1e1,4d1cd0ee-aad0-45b8-a8e3-b9dc3fc39f42,debit_card,553.77,completed,BR
6abdd5ac-90c2-478a-991f-f9f19a0f569b,fa82dea5-ef83-439b-8fe1-1360b898c3d1,debit_card,70.71,completed,US
636fb04d-ff74-4ecb-8d85-d6b901f9d7ec,61d53823-d124-46dd-b4ee-46f2d69a3585,paypal,1815.48,completed,US
ef00f762-da26-45b7-a2fe-238bf27d3e97,e61fd440-efa5-4e33-90c0-57dc1b62aeb0,wallet,382.19,completed,GB
82f0b118-5393-497f-9031-3aaa39c00ea3,158ab069-296a-42f9-a8b0-1c5a84222f21,credit_card,602.37,failed,US
3bf47c29-67f9-4021-aa3c-c0e08f372585,e4e6861a-324e-4dc8-8525-63060cd386b6,wallet,1509.31,completed,IN
d7bad6fe-859d-4195-a2a9-c39955b1105d,ae0c0ec6-23fe-4ae8-bfeb-4aad4ced80ff,debit_card,338.26,completed,DE
4c235eb1-59a5-4b40-9ef4-c828d0224b28,16af9290-6662-48b2-8dc9-4ed6b0b8de95,debit_card,263.68,completed,US
20e872b6-4d22-40e3-b2a9-954932030a9f,28398046-f802-4aee-aed8-f339ae67cac2,debit_card,631.67,completed,BR
c00b992e-d7bf-405b-8915-bf4cd8bc3aba,86df30b0-47d9-4966-8f3e-cb2a204f8cf8,debit_card,475.27,completed,IN
d6c893ff-f077-4980-9da8-4fa23c0902f2,cda5afd8-03d8-49db-84e9-1adb95f3b96a,wallet,262.11,completed,NG
4f5864c5-a52f-4a4d-8328-0d932b68826f,f8d0a5fc-615c-4efe-a842-c9785530a892,wallet,544.88,completed,IN
0b6a7c6c-de7f-41a1-813d-eebf106076b5,964f1cbb-52a9-4c5a-9ee9-4a22a98a5343,wallet,343.34,completed,BR
8c411819-5549-4ee4-ac11-c499769eb1fc,3dd3ba1d-16b3-419f-89c7-49cade03663f,credit_card,705.82,completed,DE
86ece175-e4b0-4ae4-8523-9e220f529ad2,6b268390-21ad-4e27-86e4-b6eaa54add32,credit_card,1479.18,completed,BR
5fae69f8-4d1d-4985-8ec2-882f62dfd8ec,6cfcb56f-a325-42cb-b4dd-3d0d8def1ccb,paypal,1360.81,completed,IN
63c30055-e374-4c62-895a-21967ef8cbc9,2b82a6e9-26fb-474a-afa6-87f9464cec88,debit_card,1205.7,completed,NG
8e03ac0d-9072-4d1f-8710-0ab9191c16d5,2bc421e0-9574-435f-b0c1-53ce4705de17,credit_card,389.26,completed,DE
0b75e603-ed2a-44b7-af37-10420f77a40e,09394fe5-a599-4810-b46d-cdebd06f944e,credit_card,271.97,completed,DE
fbd542c5-26f8-472c-a922-91e6f44b80ca,76f28934-1592-4d27-992b-afdcf8809de9,credit_card,760.62,completed,GB
53c12d68-b64a-4a5e-8b26-8a13695e706c,32e9ad73-72fa-43e3-8dae-05c7c6113f6b,paypal,680.1,completed,DE
1734f792-e4da-4bab-aad7-21dec647bd9d,57d537b1-c26e-463d-b604-ed4dccc88cf8,debit_card,1222.81,completed,DE
f3a0857a-fa09-45b0-b635-4a4071dc3cd0,59dcd13f-82d0-4d45-ae8a-ffab297cbce1,debit_card,193.95,completed,NG
8c9a81b7-8bba-43de-906a-f6f810aad110,ea6527d8-0ea0-4bd7-8a71-7798eeee61bb,debit_card,434.63,completed,DE
77bf76e4-bcae-405c-9c7b-bb5d55f8e3d9,701b4a28-67b3-468f-9457-28c29e741128,debit_card,36.82,completed,BR
b25ac70f-b495-4ddc-afa3-f799f904c2a6,e097c1a3-d66c-4475-98c1-85b6d6431ed5,paypal,392.81,completed,NG
0ecce4c8-28f3-48d5-876b-4180c48c48ab,82aee012-28f5-48c3-a197-a0e604a65c25,credit_card,225.32,completed,IN
f32e0f96-d694-4808-995e-616054686f41,7fb32a75-bb8a-4283-8e71-65159c3730df,debit_card,1899.42,completed,GB
57615652-c193-4572-854d-01b32e52cc48,9d095c69-7440-4a99-a01b-866844e5a4e5,credit_card,10.18,completed,NG
e8e4d85f-ba62-4193-a342-3cc02fd8a649,9bd812db-7737-4b0d-9c47-a89b3ee5ec4d,wallet,610.68,completed,BR
5c73166c-45e8-4a58-9759-e409e3198c23,5c6c2ce6-e436-4699-b27b-ab912fbba6a0,credit_card,373.22,completed,IN
fadd7a31-6f7b-4772-8058-87085b5f7b36,47b9a90c-967c-493a-9214-bfca95123024,paypal,197.03,completed,DE
437ddec9-dce1-4732-8c4b-e5392186b997,350b86d8-518c-446b-bc60-7d240319ed2a,paypal,526.89,completed,BR
028b33fa-bc15-43a5-9ece-276b7815dc7a,feb7fadc-4c93-4394-888d-721393c0460d,wallet,308.99,completed,US
5d195679-bcd1-4540-a847-9a11dcf60816,944ed6a1-a481-47a7-a455-b73bdc2767b4,credit_card,225.39,completed,BR
69fed3d8-cd04-4a1a-97e2-3b9d455ce669,48afa0e3-154b-45cb-8bef-cf3fb695a27b,paypal,579.75,failed,IN
8047a1cd-cfa6-4d19-bd51-3f5beb3f4ba2,d406f4fe-dc66-42a6-8ea3-9f14da0310fa,paypal,302.68,completed,US
bea15a3b-e06e-45cf-ac80-3d3d7ad1cf59,772a29a7-f8be-4778-ba57-97c66e8266b4,paypal,22.52,completed,NG
1d61d3c7-74b6-4395-a9bb-279250ac9f59,1b6caa21-7f07-4193-98db-fb581765c123,paypal,478.79,failed,GB
379f4994-0a66-44b8-a2aa-0db1380ec561,1906522f-8bbe-4b5e-b72e-fa31857ae901,credit_card,111.72,completed,DE
7af17a6e-72a7-447c-a6af-8754eb7182b7,ea48e7a1-e1d6-417e-ba81-0a8e2f041fa5,wallet,8.31,completed,BR
00668c99-94f2-49c2-8cf4-4f2a26a0fe42,003eba15-f9d4-4f12-bdd0-50af06ddf96c,debit_card,266.89,completed,GB
72c79450-fe30-4f36-af44-fbb2f9a517b6,e085ae38-7b89-4e81-b661-f8f63d3293ef,credit_card,580.62,completed,NG
df0427e9-1bc1-44b8-badf-160d52c16d6d,de3e0ef0-a957-4de2-b0e6-90aa3310b417,credit_card,1579.05,completed,BR
a8c6150a-56a3-48d7-bd13-c113169d55b7,6cd5cdff-7408-471d-b3a4-e883d2b6dcf6,paypal,937.88,completed,GB
a7656162-183e-4209-8050-5108bac9e975,e58bb4a6-21f3-4b41-ab82-adab9d2d3fd4,credit_card,156.05,completed,BR
6341e7dd-ed86-46a4-8eef-2a9cedaf080d,1bff0bcc-56bd-49e3-9b41-3c6c3fc14543,wallet,286.94,completed,GB
8184394c-35ea-43b8-9333-5a7b9835cfe9,0496804e-fd5e-437c-a58c-6028e54ba10e,credit_card,276.16,completed,GB
d0dd365d-dec2-4c94-abfb-2e44575a5664,9bd92154-9f28-4b64-a96a-1845569538a0,paypal,1288.1,completed,DE
cbe8286d-6539-46f8-884c-36d8e95e7f0e,899fd59d-e91e-45b3-8677-f9e4b53769c1,credit_card,946.1,completed,DE
0c5390d7-2467-4331-b879-9b40864714d6,4b2e8f19-5eee-45a5-badb-6685679da16a,wallet,1733.96,completed,DE
5c603892-7107-4462-884a-977335e12ddd,554f5304-5146-498a-a769-b1bd9575596b,wallet,132.96,completed,US
433f5220-fe5b-4030-9403-bb26339bc91d,a11025fb-64a9-4516-82f6-89e9c807db20,wallet,368.12,completed,DE
5dc09cc0-346b-4bc3-97b5-713688fe9107,cb1fe252-7d46-4db0-8c44-20f25d622850,debit_card,365.13,completed,US
d057c9c3-00c0-47c9-8327-14379af26bef,88a1194c-33c0-499e-8329-0f3301271237,credit_card,428.6,completed,NG
28f6663b-1ad0-4bdf-8d22-c949df1fb250,2eead6d1-bd06-4dd2-a9f9-72c43c19f875,credit_card,419.33,completed,US
7c0f6fed-2923-4cf5-9bcd-75ac11675610,4fcafece-964d-4ec7-8a73-f58ad3172751,paypal,2853.5,completed,NG
a4ed8c2b-5c44-4c4a-b58b-26c61f7dc0b9,80de79c6-ef82-4615-ba11-f885355480a5,wallet,619.51,completed,DE
42e47402-d0e1-42b0-805a-7fe65d004ac0,b725bc44-3428-40bb-a1c5-c7fc5682c481,credit_card,921.76,completed,BR
88bfa5c0-5ad3-4a12-89ab-244ea58747e5,011ae7c9-e9b0-432d-ae75-4c0c10b4c205,paypal,214.98,completed,DE
8c3d0100-12dd-4b29-a4e7-5690929cfb16,a653a39d-42ec-4bf7-baf0-f3d7b0117f5a,paypal,408.24,completed,IN
e1434220-3e03-4a24-bbbe-4deea5423fdc,f71c18db-62ff-4cac-81a3-a0464bc3980b,credit_card,597.95,completed,DE
7696f816-7d36-4eb7-9f3f-93495b09ca95,4c2b3ad6-10cd-4497-a8f8-f0246bec2526,credit_card,556.46,completed,BR
291c1974-02e9-4870-a085-6db4c925be50,01d288a9-c73c-4857-aa48-031360533f14,wallet,863.42,completed,DE
043935c4-c25c-4ff7-869f-d739f6f5b3f2,953b3d74-1872-4f7f-a7e2-03113503dc09,wallet,195.3,completed,GB
63920e46-578a-4305-85e7-0f0663f91927,7b5b1398-6755-43ba-89d3-b49cccacbfd0,wallet,294.38,completed,GB
da2940cb-9ff4-4096-b164-a66b4333ddfc,d6fa6d47-1c9e-464c-9fc7-f307e0aa22ea,paypal,647.66,completed,DE
1b4e5261-d6fa-4820-8a97-cf618c981777,becd0e6e-62a5-422e-ad2b-84f71b2ab6ce,debit_card,213.21,completed,DE
821364ee-7ecd-49a3-8048-66e836244842,8d384490-6292-48e8-b349-eb8daa7f9e91,credit_card,81.52,completed,IN
01ed1452-d733-4e74-ad9c-5a306c60b6cb,df5bdfb2-7949-46a5-9667-48f80801e4dd,credit_card,741.35,failed,GB
9c544384-9153-4329-bfa8-460c359e7f52,5b3056df-94dc-47f8-b985-d1c675e5d2ed,credit_card,2377.05,completed,BR
cfe8f918-5b30-4d98-b815-6e8cc12a7ab6,784fed6e-fe3b-4933-948e-8cdd1eebf323,paypal,359.95,completed,BR
0245725e-5355-4f5d-aa6d-77de86cf8d44,d9093254-e09c-4f0f-9b3d-5dc4c4d5d299,paypal,960.62,completed,DE
b541076e-298e-4c23-bdda-97cecba2e35f,527ee0ed-4ee0-4787-ae3f-3b6e831427b8,paypal,447.71,completed,IN
37933227-c8c2-4c9d-866a-b856f3b3c8fa,0730ac9a-0898-4fdb-a620-308724fdd3c7,paypal,404.1,completed,BR
7f6b9ef4-6e3e-417b-9e5e-8ae7e2f2896d,d286feeb-173e-452e-8256-13c65e737435,paypal,176.02,completed,GB
a86689aa-0343-4d8e-91d9-cd37ecc71dd1,7ccb208d-1d6c-4690-80cc-c7e1b7506387,wallet,1083.1,completed,NG
90786c26-7d0f-4ef5-9a48-c282237c5524,929b02e3-a052-43bf-8c98-fb81b812d0f6,paypal,1027.54,completed,DE
252b42bb-127d-4906-9074-6ef3b2345fdd,66809604-81e2-4b19-9cfd-657c7f1ac4be,paypal,259.29,completed,BR
d155475b-169c-4f4c-afa5-058a66e191cc,d6e02690-32ca-4bcb-8aca-273449d61bc5,paypal,93.99,completed,IN
115c8f78-1578-4277-97f5-bb0c309d3a21,514a2f66-bb4d-40d2-b44d-f3b36ad01ec2,debit_card,187.68,completed,US
793ff321-fad8-4dad-9534-92e8a2b7bc20,3b326dd8-270f-42ae-931e-ea671c06dfdb,credit_card,748.21,completed,DE
6d87ea88-00a9-4e0b-a11c-d5d61bd36258,2b71fdb1-ca1e-4de9-a1ae-17423381db90,wallet,16.16,completed,DE
426121c2-3599-4c09-a250-b1a06db183c6,8d5f45d6-f8f0-457c-aceb-0658fece06c9,wallet,823.0,completed,IN
3d5bca06-62a5-4f55-b049-68fcc24c4846,8c9a0ae5-f534-49fe-b0e2-addb24842e7b,paypal,367.14,failed,IN
5bd75169-db5c-4147-b3d4-53f6b8be6d7c,8ccdf321-cd5a-4c9f-99ad-a6379dd130e4,debit_card,772.14,completed,NG
41ab1a8d-5925-4c44-ae27-641c4ef7e73e,4af5ce80-bb47-4d18-b954-903c2b30f70c,wallet,634.3,completed,GB
c731d325-f6e6-4c8c-805b-dcfcaf7b8aec,f5e91296-1ff9-4519-a476-e0ff88bf1629,wallet,142.34,completed,NG
f424ddb4-40f7-45f5-a9c7-40b617450730,bbf6cda7-6e0d-4d0e-a442-393f039d6e26,paypal,101.19,completed,DE
fd7ff9e0-214c-4165-b55b-f5aa6081aea4,17bae1e3-ae91-40d5-bebd-5c0a9c007578,paypal,3022.25,completed,NG
9adff9c5-b461-4296-bd98-f3e4ffd90a08,edb302b7-c95e-4f28-9319-dd2cc488ea76,debit_card,311.47,completed,BR
562b77ea-a971-4266-9044-ef1e901a02a4,7d1c10e4-908c-4fa2-8d1b-3053288bb692,wallet,789.93,completed,DE
50722122-5672-4485-900d-043fa6c6134d,c65dfe42-07e2-4c76-aa97-c1bb0b774c60,wallet,71.23,completed,DE
3dea88db-2008-4650-8318-579d91518858,fa65a60f-3bed-4801-b9c7-3e52ce7b01d6,debit_card,621.55,completed,NG
2bb027d6-cb0f-444d-a699-60986b802b86,cae065ac-7247-4f7b-8de4-71d62259ebc2,credit_card,159.97,completed,IN
80c969db-92a3-4a6d-9aab-08dd3ecbaa42,d61b3d0a-a23f-43a9-be1e-b7cb8e75d709,paypal,289.76,completed,BR
2a9b51f9-9dbc-4f3e-89ed-0a41559b016d,17315a07-1c01-447f-8f8c-8774a3408740,wallet,251.87,completed,NG
614ae1c7-a5e5-4c0a-a6e7-4fd88f007ae9,58071794-55fa-4644-aa1a-460aad556cd8,debit_card,595.91,completed,IN
81c674d9-3804-4fae-ae02-9b4c66e40ed5,81247c69-5d4f-45df-a07f-436ac8dc45d4,debit_card,516.15,completed,IN
a2fe1f68-bbbf-4d97-a67d-496132b984a7,a3367051-5f69-4891-b64e-68ddf9f167cf,debit_card,383.22,completed,US
8ea895e0-8df5-47ac-8728-b44073738f19,30c2dbdc-763f-4649-b98b-c6ed4d9fadd5,wallet,786.39,completed,DE
8dfaaee8-99b6-4501-8f13-53477f90616f,f7f440d0-aef6-40e1-8a86-d2d91e89e69b,wallet,231.83,completed,NG
3fb204bd-ea7f-4401-a45b-b54698dcbb74,c7716d0b-f2b5-427f-af12-f3b814b1235f,wallet,1596.3,completed,GB
8db45313-abf7-4798-bce4-716124f8fba0,f2950b62-8c16-4f75-961b-17e36ce6682e,credit_card,289.06,completed,BR
f9890d83-096f-4583-a916-b508315d3ac1,ecb4e4ea-00f5-4f90-863f-ca7bd9c8b1cb,credit_card,849.04,completed,NG
a2ac8dfe-9403-4a68-a8a3-e171b1ba7c02,301aa4ec-b43b-4aa6-9372-24d19a00d925,wallet,436.97,completed,BR
bd92cd8e-daa0-4c81-b6e5-b97443cdc359,05831469-30ec-4a8b-8cd5-db546c87f686,credit_card,828.38,completed,DE
aa62392d-cf2c-4ed4-893d-25002631f244,ef8ed45e-0a7c-4b6f-ac80-42c5a1e2ec63,wallet,118.55,completed,GB
ce80d25d-ff23-4200-a6a3-59eb6611100e,c90a16eb-7b52-4d8e-b33b-204c4d5fb28e,debit_card,715.52,completed,US
757d0838-9ffd-4949-be28-014566e5abeb,c038662e-7c92-480c-adf7-56729440e8c9,debit_card,184.92,completed,DE
cf02af36-94ae-4db1-9bb9-1037f6ef662f,0d344e67-3d59-47b5-8a9c-0107ade00bf1,wallet,2221.15,completed,US
2822b1ad-210f-4172-a146-9f60563d2124,3e0711ae-04a5-46cc-8298-c511e722ab8e,wallet,2498.12,completed,IN
550aac43-e484-4054-9297-d065cbf356ee,6cd62603-9928-4b84-997c-0f73454cd15c,wallet,313.59,completed,BR
03a8fdbb-4a19-4eca-b2c6-4ab0ae782d46,a0d547db-8ccb-43da-bc9b-89de38333978,debit_card,557.12,completed,BR
34767969-1e41-42c3-9600-dc8a06d3b2b2,0507976c-6161-4c38-b699-dc5d21717485,wallet,1013.57,completed,IN
a44f422b-c726-4edc-a797-6a2bbaba423f,8a7faaef-9b4f-4468-92b7-d4becadf3af0,wallet,136.19,completed,US
551bef2e-4622-4da0-8bf9-87145d435f89,48763882-0052-4b17-82e9-3040181ce211,paypal,194.77,completed,GB
44061aa5-3431-4e94-ae93-59965ccd4ce3,132a1e35-bf19-407a-854c-84dff7e791fd,credit_card,35.61,completed,BR
a899a6ac-29a0-4887-8348-a67368c19da7,f3a3c8f8-9757-479e-bc92-46513ce4175a,credit_card,232.38,completed,NG
12f5cb28-82ca-45cf-b8d2-f3217b57c615,9a3153d6-aadb-486a-bbf0-a7e26aa5cec8,credit_card,25.88,completed,BR
86c46bc4-6693-43b3-a6e3-7b5b3786a2df,847077a8-6958-43ed-9a39-f47db9d7ed43,wallet,225.95,completed,BR
1c5c9323-aeb8-4609-9de5-ed7b3a548300,4a792446-0edb-44e7-a07a-2abaaa1a66ca,credit_card,458.19,completed,IN
b7a1073f-f0e3-46db-8d20-f9b4011f7eaf,7b07ace2-3d30-4db7-bc72-b8db76661de0,debit_card,121.93,completed,IN
a14b4207-04df-4bd2-8027-ff3131d78b8f,480ee8e4-6d91-4e3b-a72b-9bc11a65142c,paypal,859.11,completed,US
eb301f54-1c6b-4221-9f9c-0d7ecb13c60b,7fa0bfaa-4ab8-4b2b-9662-8a778e58fd7e,debit_card,22.27,completed,DE
6108bc30-4ae8-4894-aabc-949a2cf05f3a,1e30593d-9381-46e9-b0f8-a0a2a52c1ab2,paypal,220.65,completed,DE
20786ef2-b2fc-4bea-8935-a8e620f2cfe2,6f8dca1f-8927-4772-a480-bfbb8cbf9948,debit_card,588.62,completed,NG
80aa1d02-0b8b-4777-8d2a-f02ebdcfdd9a,e89c1e3a-c5b0-4424-9d94-76cdef7ea3e0,debit_card,631.26,completed,BR
18a35f90-572e-4597-89c9-d594ab30a876,01a0c139-b63f-489c-83dd-d68e044cfe20,paypal,1264.21,completed,IN
6ca1572c-8814-485a-ac17-558a9603ae8b,5d67ee55-79ca-4e94-8040-b9dc53949734,credit_card,15.95,completed,US
edb6d9a8-2a74-403f-8504-049b28becabf,abff2020-18b7-4282-940c-5dc86e999bf0,debit_card,306.43,completed,GB
87f457b0-2885-416c-834d-5da22ff9a07a,ae6a0397-809b-462a-b894-5087e81eb08f,debit_card,473.16,completed,GB
6634e41e-a4fb-46f9-b0e5-1627a9638a72,ad15888f-8588-4ac6-83a6-80c8dab0e95e,paypal,485.94,completed,NG
15fd3c1e-2f22-49e4-95dc-bcc830a7a06b,3cb079ad-d7d1-4005-9b3c-1d366e230552,wallet,550.34,completed,IN
e9c3ae92-d2c1-4f72-a14a-1fcabebc6519,1372d94a-c5dd-416d-b78b-6250ae899878,debit_card,1219.3,completed,BR
d3e2c841-81d8-4e28-b471-112cb649dc56,7a5cdb36-e305-4b17-bf43-4979e8fc9e54,paypal,416.13,completed,GB
b5e11b8f-ddce-4c50-a288-69ffe38c67b3,aa29d724-c01b-4836-a16b-8a30528d59bd,paypal,1017.76,completed,GB
116b48ae-d7fd-41fa-9997-7730d11d0cea,8e65bb5b-d6f9-4310-ae6c-b2a2ad432884,wallet,212.4,completed,DE
5db1ff7c-404c-4147-acc3-c57f593d9eb9,0892219d-3d3c-43c9-8bc4-b59c7440d288,wallet,1231.49,completed,IN
057f4923-448b-4e3f-b87c-fb55ffa04674,a4e3f18f-f71e-4631-9a27-751b9f090146,paypal,579.3,completed,NG
2f7aa914-372a-48ee-84a9-55410a6c9394,efdfc808-4582-4ed5-a4f7-fa8d2c2fd5b0,credit_card,130.03,completed,BR
4485576f-0e50-464e-baa0-74c8cc21216a,a6240fe6-9a4c-417f-8d5e-8acdc9f3a75e,credit_card,167.47,completed,GB
b1f42da9-798e-4e23-a7a1-0a579ea01366,fc0c86e1-6ba5-4a18-a00c-829850306b3e,credit_card,586.47,completed,GB
6f8ba0fa-8c56-45fc-919e-96b42c6e1066,d3c9fffb-ba00-426a-b6dc-b465ad1bd1d5,paypal,512.26,completed,IN
f5874a2a-edd7-46ae-94a5-286712a2a77f,a141648f-e207-4448-87d8-2cddf69a7e13,credit_card,243.42,completed,GB
378e6ac3-614a-4a16-89c7-a7c87c96786f,b17d5b10-0675-4785-8080-72fd276e0381,debit_card,2050.87,completed,DE
c6977aa8-e913-4325-bd0e-122d6a7bb6a7,b996d72d-6db2-4679-8871-faf2fc099bcf,wallet,303.5,completed,NG
738d44d7-3d1d-4b38-a28b-a2f0280a7a00,dd1e2084-8158-4b72-b652-96b5701b197a,paypal,295.78,completed,BR
a3419f77-cd1e-430e-9305-421588f631b3,8ba7f1e5-f7a8-46d2-95bb-8a35bb483ce5,wallet,463.87,completed,BR
7a4bbc1c-45c6-4f1c-8416-b6330333dd4a,bf1eb94a-944b-43e7-bdfc-35a6a1e86078,wallet,376.81,completed,GB
faad4314-949b-408e-b08a-d45e4a00aebf,e8bffacc-37b4-43bc-b674-8721fe380159,credit_card,451.93,completed,IN
a3bd0eb0-8d4e-469b-9d35-6e9bb307c34c,6b767320-7758-45c5-aa83-a29b693efd56,wallet,101.92,completed,GB
b671975c-8570-4a5d-8489-d18a70110fa3,70bcb8da-a53e-469f-8416-9de31dda672a,credit_card,179.11,completed,BR
76c6763b-886c-4aa8-b334-9a7681a162b1,3b35c893-5efb-400c-8e33-caa8964a1014,wallet,2471.7,completed,NG
332f53c6-b47b-4b9d-9807-5bdd124c6568,a606c3fb-82c7-4d4b-98be-09025adb1959,wallet,1152.38,completed,US
606cb6bd-51a9-42a6-b9bb-06cc2b47d95c,0d032e00-6253-45a7-87d7-0c89851fa704,paypal,585.4,completed,US
8cb616dc-08e8-4a97-9e01-d57b083242c6,8ddd8b7f-92eb-4239-a08c-23a384cf68c3,wallet,930.32,completed,IN
bba50dc5-494d-4fbc-bdd5-b10005a4905e,90099e68-b57c-402a-9d1a-4758acbae488,debit_card,512.56,completed,BR
91138b92-932e-45e0-86fb-9c4f367b9b18,25c8fa68-1afb-4532-b04a-b33203d5728f,wallet,137.13,completed,US
20caac78-5a56-47bb-92f0-81cbdc28a504,2d569836-4bc5-40db-bafe-8c6a2fdb719a,paypal,1343.9,completed,BR
aea140c4-5e60-412f-9dee-9b3c47c96002,10b2f87e-6298-4d09-8c22-524e66e586c4,wallet,128.79,completed,IN
04d94aac-6e48-48d0-9d13-d163d58a7ffc,3ff507e6-eee7-4bb3-8cfb-115fcf670dc7,debit_card,35.1,completed,IN
5ad90e98-a752-4ca8-8a34-aef0d860afce,f366975b-0060-48cd-b339-0cafb8aa2661,paypal,88.06,failed,GB
b797f6e8-a1b7-459e-8656-dabcf8c25e23,6b12f671-351f-4123-bc3e-2e81f8e002ed,wallet,294.23,completed,US
e4d8ac83-f75c-4aad-9c8d-2d3a6afe8739,9e34b659-18b1-45df-bcf1-df4b2f849f1f,credit_card,192.44,completed,IN
f4859e75-f8b0-4c74-9b1a-d4f0f4fbd1e6,cf644061-7d45-476e-8e61-01482fa48742,wallet,406.37,completed,DE
7619222c-1c1d-447c-963e-656866d21caf,a536530f-dc14-4bf6-bc76-e40e7c87cf77,credit_card,17.63,completed,GB
1718ebee-41d2-4e8d-9314-d47c61c2d14c,e4629ce1-7ddf-4ddd-b290-37b50835a61c,debit_card,2307.71,completed,BR
c6271d97-d4cd-457e-b87d-f75f58680748,4d50f0be-5d2f-4343-b83a-a3ee0006a95b,paypal,585.97,completed,BR
dfbfa59f-583e-472d-a154-8029ae94fabd,2afd3d87-c375-4baf-9106-f0f206c782a4,paypal,648.31,completed,GB
56cab86b-8c25-4b7c-a346-20cae7ebe81a,47bf72b7-6f0a-4f95-9bc1-c4cf7161ea5c,credit_card,306.82,completed,DE
5c93c98c-7e31-475b-94ad-69be731a8eab,078af958-be26-4845-b336-d85187ebd1cb,wallet,921.27,completed,BR
5a99ec08-e665-467b-a73f-9426cb8fb54f,d6be896b-ae00-49a5-a53b-1440c1746faa,credit_card,1658.7,completed,DE
8e42c8bd-78c3-4679-a487-2d9980c7d55a,e222b347-db3d-4364-920a-ae5557261c4b,paypal,571.05,completed,NG
2d0bdf0d-18da-4d2c-b3c9-619a92ed66d9,79c4f425-0587-4a77-8fb5-2a2d025e885d,wallet,842.45,completed,IN
672e5fe8-dd98-4b92-ad69-42064a5e5b53,e518ffe0-c787-4296-ad8f-2925bcf5681d,paypal,224.91,completed,NG
1194786c-3b26-4f93-b324-f61ab0fbb2b6,aa70c9cc-b795-440e-8ff8-fcd5b23ae528,credit_card,622.51,completed,NG
bfc56305-36d8-457e-9a65-6c9beffea9fa,d005f499-e03b-4c5a-885b-c03e766d0c1b,debit_card,1157.97,completed,BR
c484dc8a-30ef-4fd5-92d2-9c707e636ab5,673d8ba2-01e0-4b9e-944f-7bd2d45c07b7,debit_card,63.22,completed,IN
1bcfcb46-fdcd-4769-b3de-b8aa61f0b53e,e12f748d-cec5-4479-9208-862e03f8e855,debit_card,75.0,completed,US
d1326904-b552-45f7-8ba7-14069f9a50a0,c74ca93b-2783-4980-af2f-4fcb47eeec70,paypal,507.05,completed,DE
ec5b8c44-17f4-4987-9e43-0b9aeccf4764,395632ee-d491-4b42-a524-ccdb343999c4,credit_card,2269.67,completed,IN
5f3c4e5d-5ced-4070-81f6-c1c132a74513,50dccd17-2a97-4bdf-b10e-5a01b000a894,paypal,258.52,completed,BR
9c8c9872-a86d-434b-8d23-da61d2fd15ec,2db7e697-b1d3-4bed-9233-3bed401495a0,wallet,1060.57,completed,DE
8aba919b-7d25-4bf8-b90c-961bccf94183,01e3e296-f4c9-4362-8b97-722a593c388b,credit_card,426.33,completed,GB
be27c265-afbf-4d9e-8d67-f3d93e2048af,3d2ff2cf-1a27-4a57-b4ca-7462607b864e,credit_card,90.78,completed,BR
888e484c-7a59-4812-b8f3-cadbbc528378,4618925a-7a76-45fd-a585-978c2598b9b5,paypal,327.86,completed,US
f67e7dfc-5dfb-411f-9b29-2f3a9d5f53e6,186a84c6-66b9-4ca7-b9ab-a2af34d89ed5,debit_card,582.25,completed,DE
6e6e1f00-67bd-45f2-8e3a-b972cb05de3a,970c2a43-0f07-4906-920f-9311faad0d84,credit_card,390.89,completed,GB
1900da22-d1f6-4d52-ac9a-96a572790947,8c013578-808b-42ce-8a20-e652342938aa,debit_card,513.2,completed,GB
3f090ca3-b160-4b1f-9f0d-d78e36f990c9,3fb2ebdd-f938-4d3c-971f-7f025c78b877,paypal,165.35,completed,GB
a059de27-7cff-4a96-9502-14552d126c8e,9ae10ec1-6bf2-473e-8d40-b01ca0669fa9,wallet,789.45,completed,DE
21a50f41-d310-4771-8ce7-bccf71f99e05,eec7127f-b09e-45dc-8a0e-7b4e9032804b,paypal,447.38,completed,US
d3616e70-04d0-45ca-835a-b0f6ef0b438f,8d52fb85-003d-4386-8ebb-2e63f4f92c7b,wallet,224.91,completed,GB
660b1565-6b91-447c-8ef0-ba902681e89e,5f61fda4-5a6b-4b30-9a0a-ae2a2929c84f,paypal,37.75,failed,DE
7a7451df-8186-4c4f-863d-8aaec634e1a0,9d8ca6e5-bcac-4922-8432-880a6b516124,wallet,642.48,completed,IN
74c582da-0740-40f2-bfa8-96ad9b956f8d,0d2aa5cd-de8b-4f25-939e-893ab3e9be7f,debit_card,3173.0,completed,BR
ad223d5d-9453-4f9e-b53a-52e96d9db33a,8dd1f20d-5dd7-4e7b-98fa-83c5852dfbae,paypal,487.3,completed,NG
875f08f5-29b7-46f6-b9e7-2c749bb86490,10a6aace-4a3c-4e06-b5bc-5bac80b4fada,wallet,128.12,completed,DE
e2374fb1-8079-4aa9-ab9e-d8c331636e92,4dadcf38-13b1-43bd-ba96-f29e0b3df458,credit_card,646.26,completed,NG
a9955658-3f18-48b0-aa5b-a756b9f6f3b7,d9a4c618-1a7c-4354-a26a-10862d4d29ec,paypal,408.43,completed,DE
dfc29284-ebc8-4865-abc3-d6eef44beb92,888698d1-d7f4-4a52-b407-2f19cac0b9ad,wallet,195.82,completed,DE
d88a136d-4903-4428-9576-da6f9e1ea93e,45ea189d-c41d-4966-ae8c-577c1e276f84,wallet,624.86,completed,DE
4cdc9ff2-a0c7-46ce-aa8d-c50c510e1966,f267edd0-3f8b-4ecc-8a80-81fcdbf1a599,debit_card,379.23,completed,GB
524807a8-5d7f-428b-8e0f-2e209c2785db,66e39b25-0bfd-49f8-93cb-2648b8ae7f4f,debit_card,283.35,completed,IN
5ab6d7ed-ae63-485f-9d05-3bba201c4e5c,fe01f380-d156-481a-8c16-4ffe23b47b78,credit_card,363.88,completed,DE
a4267e9c-826f-4c8f-a964-5f2963b5223b,da0338cb-5e8c-4cba-bf3b-6d2c4cdfefee,debit_card,80.94,completed,IN
4d948c54-88d2-4392-af62-8b21ba4bcebf,e18995d8-485a-4508-8c11-2ef4f0672965,debit_card,392.44,completed,NG
c8802a26-d02f-4a1a-9c92-a06cd9e98326,0a3ca129-f459-4e20-ba9b-2709ce73e7ce,wallet,273.53,completed,US
279e0a3c-4363-4957-884c-1cd614327934,20de8061-e66f-4484-a003-8fe3c99b91e4,wallet,851.91,completed,IN
c04dce9a-7d20-4cd9-b9c2-d0b35f07c272,aba6ee7a-56c3-4f08-bb37-e46e533e08cf,credit_card,206.16,completed,NG
50a81f4a-b689-4f8d-a717-1250ba8acb3d,18af88b2-6692-436b-9620-1324d64179bd,wallet,136.02,completed,NG
b20ac0cf-42d8-4108-837e-4d97d1c0ea80,92d1492d-9630-42b0-a1ca-552392713dde,wallet,916.64,completed,DE
0bec37ce-49d1-4fbc-8205-2442046812db,eee29c8c-1d85-453a-87bf-94ef67ba0c6b,paypal,348.55,completed,IN
3e95815e-6889-4e8d-8fb3-21694d922ad6,7f778310-6d14-4d4e-8f4a-5212742db08f,debit_card,5.41,completed,DE
f6e16aad-297a-4421-88a3-3151b92837d8,c10d88cd-5732-4efd-83b6-a4c48672fa8b,wallet,2058.18,completed,NG
a8396de0-b928-4019-853b-5a681509e40c,8b8c3d51-1c09-4e2c-8358-99e2f0c4b937,debit_card,658.42,completed,NG
f9192ed3-2bb5-4c6f-8b8f-56cc3c69d732,edeb1d1f-d9bc-45d1-9454-606c02e4c810,credit_card,1200.68,completed,IN
01f05167-f64c-45ea-bcc6-93bce2980c58,730e309a-4923-4f4e-820e-e21bfb5249ce,debit_card,451.04,completed,IN
e458bdf1-e71b-4349-967e-56ce82033067,36cfcb7f-bd5d-4b54-99b6-89245c32ce62,paypal,643.81,completed,BR
e521cab9-9bc3-4510-a0bb-5fe2bb707073,785ef80d-4287-4ce5-979d-a0f9c6366b2d,wallet,477.14,completed,IN
094c7421-1e9d-4bd2-8ebb-837314147233,0427c628-4f91-41e5-b9ae-b9b1d03ef382,wallet,756.18,completed,DE
6e8e556d-c98f-4279-ab58-bd0c5e3d2128,af6bae2c-f5c0-4c40-a613-70655785da57,credit_card,2729.03,completed,BR
240e5dca-960a-4cee-950c-823a250dbe28,6d76008c-f57e-4700-82ef-0e2e4ff027bb,wallet,1186.38,completed,US
fd23e543-b2e5-46f3-97a9-cb1058f18924,e6112c37-1701-45e7-a020-aa1c0f33e827,paypal,216.18,completed,BR
3ac3ceff-4ee9-418b-981f-5b2b89138247,14ded078-297e-4204-a159-9230f982f528,credit_card,274.8,completed,GB
06ef6ba6-2b20-4607-94b9-c3fd5c4558db,788bcb1a-bbf3-4419-af45-c260a74c2382,debit_card,1241.48,completed,US
bd32500a-0ff4-4801-adfa-b2684a65c371,e7c14e29-244f-4339-95fe-3c7995cd42e4,paypal,575.36,completed,BR
4d49cd86-4044-42eb-a4d4-96a2761a7d30,ff5ccd41-eeab-4638-a909-b1f3eee0cd93,debit_card,844.88,completed,GB
97cb5704-b58e-4040-ba43-392c75f3f8eb,3528e99a-2aac-4707-bafd-9a74e2115f55,wallet,372.63,completed,BR
7f223224-acdb-420d-98f0-6f678025a4b5,4a973bcb-d93a-4db9-acc4-e713e4de63e0,debit_card,968.8,completed,BR
88e49eb5-ec39-45ba-bc51-c3957ffe4846,695a3044-6cb0-4984-aba6-91f58e71618e,debit_card,476.85,completed,GB
7605bb3b-51f3-41ed-b2b1-c5e4d9e0470f,38ec0ef6-e617-48ef-9c74-8978435e08a0,paypal,149.56,completed,US
e9991f9e-60d4-4d8f-8e24-0226768f9013,cb2d1632-a4b8-4900-a622-cd187d450665,credit_card,1754.66,completed,US
fd95f4bd-c9db-47a7-b377-d83775eb93c1,1667983b-76ff-4bd3-8212-52c5c92f3717,paypal,573.93,completed,GB
fa63fd24-66fb-4c36-9b03-c5b36ad8a72c,7a830e75-e14c-4eb7-9317-de186a642b38,debit_card,598.64,completed,US
d62e0133-cc37-4f0a-b1f2-eb1539a52bb6,5a079df9-8323-455e-8195-180854230d5d,wallet,221.65,completed,NG
040aaa95-447c-403f-a642-c2155f0cb8ef,ebe134e7-248d-4e8b-97a8-ce4112a0975a,wallet,165.87,completed,DE
15c5482e-84a7-4d3d-a4c5-128fa952a741,a37064a9-29e8-4e20-be32-814dc38b338a,credit_card,798.98,completed,IN
7feecb6d-3673-4b45-84b9-e7c87beb1277,57ecae35-b662-4298-8b55-685203a1c876,debit_card,1674.63,completed,NG
0bee7d56-1a10-4fd5-ad9c-8b121cea14ba,39acca59-8def-4f49-bc1d-1ed5bc63cf0d,wallet,201.09,completed,NG
30520559-92a6-4e37-954a-7b090e236f8b,6287c1e7-5314-4b43-8111-9b15a2f74628,paypal,311.25,completed,DE
d752bec5-ba8e-4832-86ce-456248e561b1,40bbe2f1-34e9-4d51-a2c3-79e1f303370a,debit_card,333.16,completed,NG
20d7a77c-8886-4a76-990a-bcdd342b2c1a,1d32f664-24f3-4f22-ab7e-ffed94c35c72,wallet,490.13,completed,DE
f9ffd2b5-a6c8-45e2-a045-4cf59ce5ceb0,3c1981c0-bc6d-48eb-8111-1d60c1e0c30a,wallet,409.39,completed,GB
1eb56c35-9aa9-411d-bdf1-64ccd70a8fd9,7ac75511-f943-4e06-8701-0a771c8a4520,credit_card,749.61,completed,BR
e946ab75-d22d-47e5-91f9-27805f5e39e1,29375a74-7875-404d-aa44-a2f375cd14ae,credit_card,862.07,completed,GB
63d47d8b-08ca-43fa-a30c-b76bc756f041,b5a120cc-ba4e-4d2d-b965-1016568a106d,debit_card,187.24,completed,US
24518c34-01a6-44e3-89bc-80e1d8c7584a,39877e83-2540-44b5-ae07-bbb973869e35,debit_card,936.92,completed,NG
b5caa5e5-78a3-458e-8564-5f9910a14f9e,b6c1ee34-0ac1-4b3e-82a1-864c6251876f,wallet,333.1,completed,NG
da663f1a-4ba2-4c13-b361-7a9230a9d579,361acb6d-588f-4f9b-8366-9f442ab2362a,debit_card,1579.35,completed,DE
30828e6e-4da6-428c-875c-fcddd4f48e2c,42321f7f-a451-49ce-b796-c549447576f8,credit_card,133.74,completed,US
d8c92c34-146c-4fab-9fec-72296b90fa22,5c68757a-4c4b-436b-ba21-547c975d8bd0,debit_card,1266.52,completed,NG
35c8aa56-c863-4d32-922c-24f14ca5fcb7,777454b7-e3ff-46c2-a4f3-d994c4889d52,wallet,289.39,completed,GB
f7097f40-f136-4b3d-a13c-826f0f7898b9,3b608448-2658-4314-ac06-3fc2517eb01a,credit_card,179.0,completed,BR
3819035c-681f-4855-900f-d314bc7ea193,4bcb7c15-88c0-4b80-9741-8e0c5d2e7446,debit_card,507.59,completed,DE
2f759918-64ba-430c-bf6e-d0ebc42e1194,4ba3f363-66d8-4b95-a5cb-1cefcc2a0e3b,debit_card,392.0,completed,NG
db1dc8f3-6b42-4e6d-a204-803ae8469fd7,696966b4-f2f4-42c8-9f18-b33cb0938dad,debit_card,438.92,completed,BR
84e4d35a-d916-4f08-b9f8-42457686ee70,11518d76-d79e-4551-a1c3-36db9375988d,debit_card,936.32,completed,DE
3a097ddc-1cc5-4902-b015-018e55d7c214,15413d15-8d22-45c7-aead-c3f07ba6e8eb,wallet,452.24,completed,NG
0d5057a5-664e-4c9b-867e-1c97396b22f4,47f887dc-92cf-444b-bb94-82142bd68458,debit_card,789.51,completed,IN
5983426e-5328-4ed3-b518-47aa3b546e10,5953b5ec-ccd7-4f65-a98e-026c45d49273,debit_card,225.76,completed,DE
4e762044-cff8-4943-a2a2-3088b0163e2c,96d472d4-0c89-4760-84d8-973eddeb8ad5,debit_card,1085.81,completed,NG
61151568-cc49-4bd4-a431-58c0a14e9716,7235e6de-a778-45e9-929a-dc119b163569,credit_card,256.61,completed,BR
b41f86d9-b3d1-4ea0-b58a-b398bdab9377,b60eab95-2297-40fd-bbfb-a56b9eabdf1f,paypal,81.62,completed,GB
06289eb1-0ebd-4638-9a5a-3fc56f5d307a,87b3f960-f2f1-43b6-b26a-f91d43f87f16,credit_card,687.78,completed,IN
191ccd04-b0a5-46e8-a2f2-49eefe5d1481,58c2c708-d316-4d86-9997-9bacf00cc10b,paypal,165.07,completed,BR
15b4c1e0-1ce5-4bea-bf08-4ce19ac54c25,d2b57806-3f45-4024-adf1-faf7a2de7ade,debit_card,3403.15,completed,GB
9ba24bb5-277e-4f17-a301-98e5dc5b4eed,4cb0b9d1-29a5-4b90-a762-d6d818ce18ed,wallet,1156.53,completed,NG
10a0e4be-f62b-4788-a291-493979dab43c,7ff67b1b-52cb-4c28-9648-6681baa8f712,debit_card,641.09,completed,GB
fdd7a0a0-2175-4afe-877c-5ae98bc877ba,f9977f48-7a32-42b7-8166-6053d2986234,credit_card,3226.73,completed,US
44e1414d-78c7-4da6-8b64-6963f627aef7,3df4dfc4-48db-42b2-b07d-fc04d8a237e4,wallet,96.02,completed,DE
039c17f3-1d3a-4ab8-b802-23a7496c103d,44d877d0-8730-4dbe-8658-04ffc605d533,credit_card,177.38,completed,NG
31e47d24-60b6-45bc-ad77-19542539df74,a412aae9-8305-4795-90b8-3b78c3b2afe1,debit_card,293.39,completed,IN
9a252b1b-0c79-422f-91ac-540538afe67f,e5779d77-24aa-4bcb-b8b1-22a52ad908aa,paypal,1309.12,completed,NG
e05143c9-7f61-43f1-a06b-4d5cc053921a,7eef7c1e-870d-4f38-a5da-2d221877fa2c,wallet,514.68,completed,IN
d503c6ed-5484-4e62-aa37-365fe0eae275,ef88682b-ba55-4e09-a425-a50f5961510d,credit_card,108.24,completed,BR
95b248c0-3e2c-4767-a804-c4b98c1a781e,ee7948de-3295-452a-afa1-7a45f60260c5,credit_card,265.37,completed,DE
60bcb47b-d12d-443e-9e6f-fe370e341dbb,50e08860-e727-430e-92f6-51378fb43a51,paypal,140.31,completed,IN
4cedbe4d-f104-428d-9732-eaae67d6b666,43a1fe16-d744-4ecf-a773-52d9daec2056,debit_card,761.65,completed,GB
9ac833a6-96fa-4fb6-981f-68428a899233,d84b64ac-6a09-4b8f-a3cd-224c966f5a23,paypal,522.4,completed,US
390893f6-2ea8-4bfd-bedd-8c4bf24ac7be,e051bf0e-8c5d-4a3c-ae1c-b9fe199c5a48,debit_card,1333.2,completed,GB
c9950bca-afcc-40b4-b165-ae0247815164,81b316fe-0048-41c2-b8c9-714268493128,debit_card,904.04,completed,US
8156c6a8-98b2-400f-a80f-7507d38e0429,97b2df21-23d8-4cea-858f-36535710fd6d,wallet,51.8,completed,IN
7a1bb707-be14-4c87-b72e-c0bd1de93778,32b79a8f-0891-487a-a48e-139ee5df963f,wallet,146.11,completed,IN
9ac4ee5d-9d54-4dc4-b02b-45b304f20287,863c80f0-3803-441b-a352-7f1536c2877b,paypal,261.49,completed,IN
670336d6-f8b4-400d-9d5e-b119fe821b65,ae8a4cd9-1959-41bc-93af-88263652ac5f,debit_card,1242.98,completed,IN
87413ea4-66bd-40db-8a2d-d5b876e7a941,2e7a825c-7ef3-48a1-8d92-1dcba6c8bee0,wallet,614.04,completed,IN
82e2ca47-9c5e-4467-9ff1-45da413d5e4d,ca89ecfd-cdfa-4eff-926d-ba9b1d264d04,wallet,254.92,completed,GB
6f39db99-304b-4765-bccf-59296c266189,c0723ca3-3fc8-48c2-ba83-f4fdaa11a9b2,debit_card,381.77,completed,GB
f2ab9f1c-d6a6-47a8-ac24-d6a0aa007ff0,804fa714-af23-4ab0-8768-ff6825166ba4,debit_card,244.49,completed,NG
612936ab-c4f2-43f0-9361-381a4eaaa40e,d38f947e-e2fb-4d6c-8203-826319ff92bc,paypal,430.53,completed,GB
b4651d8a-3c09-42c3-9917-88da993dc82d,8085c3fa-ee33-4a00-9111-8ed125ae245e,paypal,190.92,completed,GB
9a6a5a95-0edd-49c8-8e07-e3f5b7c704c1,4ef1fa3a-c45e-43ed-98fa-0001ed94c312,credit_card,75.08,completed,IN
46278f98-a5a3-49ec-98cf-8342d6cf8404,fb00e235-b414-4ad4-a761-ea129c50be62,wallet,454.95,completed,NG
801cd3bb-5807-45f7-8307-097745bd85c6,e5ea3174-56e8-468f-9553-4c5d3e040a92,paypal,423.64,completed,IN
9d2af028-5f93-4bf4-94d9-271c0d13a7df,9281b180-f7ad-43b9-ae7e-5af583147716,paypal,27.66,completed,GB
e6456fbd-1d8b-4143-898a-43611b56ee3d,75f034a8-4fd4-4f62-9c3c-88e1c7e44b4a,credit_card,180.36,completed,NG
5fd7da45-ca89-4105-83ca-961cc7d3005a,29fe83d3-5b96-4cc0-b44f-8c35238f61e0,paypal,296.23,completed,GB
fe8db9ec-dd5a-41f3-91ee-6e9cd4722d53,bc99682f-6484-4b27-9f02-ae7122aa5e6c,credit_card,916.48,completed,GB
43cf297b-f85e-4b3f-8afb-cd4eadea514e,c14f2b1d-b8d0-4017-90f4-15b29de9a1af,paypal,665.05,completed,NG
f5c8c67b-e183-46bc-a55d-9842ed7e3b2c,ee9bd3f5-a156-4b74-9552-aaa66c984e83,wallet,851.9,completed,IN
c5dbda1b-3e58-401f-9280-2b49564a8d77,dfa02cca-f40f-4475-944a-1e670d341151,debit_card,659.49,completed,IN
858ba24e-e645-4687-b531-3d934cfa140e,b67efcd4-2e3b-46eb-9d0f-5ef364bf3680,debit_card,348.66,completed,US
5033318e-2806-44bf-ae55-60bfaea19895,4b560457-e160-4262-b1cd-ebb10e75d6ab,credit_card,1295.31,completed,US
83248ff0-beca-4c5b-8e94-2dfc976b828c,4a0024f6-4a35-4753-a86b-8ccc5600cc37,credit_card,329.21,completed,US
0b1f8ec9-5cc2-4b99-9d17-c1ab8d37ff85,c982f21d-3df6-4f57-b1b9-c7c4ed1c8e1c,wallet,168.37,completed,IN
65385fc0-0cd2-4ff7-9e4a-5e80f70c98a6,217ae357-3569-4d43-b165-0514591cc9e1,credit_card,27.88,completed,US
6adf9466-6411-47ec-83d9-eea00e03b83f,1ed2310c-7a22-4902-bbf2-416c8cb6937a,paypal,694.72,completed,IN
b09c79e8-5555-476d-9d7d-437ab078dbaf,5b00307d-1a20-4661-a79d-894e54d0292a,paypal,57.3,completed,GB
b493a92a-f2b7-4fd1-8826-3ebcdac5b9a1,47f99b4b-60ef-4497-9fb6-12fc69cb8c7f,paypal,150.01,completed,BR
8436f956-38da-4e3d-bc0b-a74f7cc5e7ad,7cedb83e-9f16-42c0-9a8d-db5a4d555dca,paypal,2404.5,completed,NG
6baeaaa7-3044-4f54-8cb8-77ff66b00e39,a07e9fde-b028-4f87-a684-503cac615692,wallet,1193.63,completed,US
e833dd1f-ca84-4fd3-92a2-e2f3ad2d5719,2f042a2a-828c-4593-9ac9-4397c309aaa9,paypal,571.09,completed,DE
40cf1db0-80d7-4740-af4d-5f998129abc0,7ed22491-519a-416a-886a-ff774dc1a643,wallet,318.35,completed,BR
bd8149cc-b487-4211-a1ed-e2c396f2739f,e01e0ed8-8312-47ca-97ed-557d555f194a,credit_card,360.13,completed,GB
0b9d26c4-5ef1-49b3-994c-b2190a4366bd,b3129991-7ae7-4356-a7ed-a2c0b7310c78,debit_card,381.5,completed,GB
a96cbf94-f646-43df-9042-d346802d71ea,e87ec6e9-4405-4c83-9927-c69029387723,debit_card,304.26,completed,DE
431676ca-29d9-407b-9652-2b03abedcd58,4f2f55ca-2250-4996-9dd2-6483b074b4df,debit_card,196.84,completed,US
ac1edc34-15c8-4f92-9b07-da292f87bc38,fab5ab84-d5ec-4a25-be5c-2ef69c39a823,debit_card,404.59,completed,DE
ac077d82-ee1e-4032-b5c8-115b4abc3863,f7bf5d46-e812-4c21-8ffa-f44575e87692,paypal,407.71,completed,US
d951aca5-eb57-4622-b758-bb57be2a1591,4ef60822-c7ff-4576-adad-95afb3d72e46,wallet,602.43,completed,BR
5c44dfc5-7554-4600-a024-5a554a07e860,72eb7996-ef57-48fb-b4ab-0fb8055e97e0,debit_card,425.28,completed,NG
600dd47a-e1f2-4c70-a551-dfea68b6c1a5,f66374fc-e1c5-4dbe-b549-bb8aabc8c3eb,wallet,254.12,completed,IN
1460d681-a9aa-4bee-b6f1-b22a01fff090,c8ff7d7b-9eed-487a-be9e-2624b05bfe94,paypal,1753.11,completed,US
77bffec2-f32a-4d1c-88ea-d02672112aa7,ad8b7077-66e6-44b7-a2e4-0dd17dc683dc,debit_card,182.73,completed,BR
48ba883e-bd2f-48b8-b895-415a8ffffb4b,cf4ddb00-fd0b-47ff-8720-9d3356655e5c,credit_card,843.23,completed,US
f44ab0b7-369f-4367-b421-8fadc6a953de,f19aa8a3-7632-4399-b4b9-17a7d475ddab,paypal,301.16,completed,IN
eb6edf0d-7d37-4207-bdba-d328504aa359,b0c40861-d46a-4028-a9c4-4daf4ea6e2ef,wallet,399.14,completed,DE
5904dbd6-31c1-4bdd-a44a-313dfc05768b,aad2ddf8-16a4-43e2-a748-59c494f65dbe,debit_card,480.97,completed,IN
37344613-dcbd-4c95-9eae-8c9bbec66ab9,c68a41dc-8c59-4087-92ee-dc6a10243f70,wallet,992.52,completed,US
8a6cd43d-fd9a-4f10-8ee2-dc2cd4ecba71,52635e18-c2aa-44f2-bfc9-2248f1822388,credit_card,469.79,completed,US
a788e20f-cd5e-49c0-b549-6060451bf76c,e2abe95d-e890-4f1b-a705-1a507a18268e,paypal,158.18,completed,IN
9b11c7af-495e-4f0d-aebe-75d28294f9c0,1eb54a21-4500-4311-a1d0-1c614350da81,wallet,363.89,completed,GB
364f8378-92d8-45c0-85d1-ff19b34fc304,ad656320-ed0b-4d82-a0cd-6ebef80aa454,wallet,374.88,completed,DE
0de4e146-6c19-46ca-add8-f230f4b4652a,6d41724e-abd8-4006-b342-cba160f0c4a3,paypal,379.77,completed,NG
98a3769f-0f15-46b3-a1ed-d2dcded381a9,7efd4b1f-746b-4bc2-91f2-0b7511d9c814,debit_card,196.6,completed,BR
de3790f8-ebc7-4cee-8819-6ca79b74cac0,5da4fa94-5982-4d17-a3c8-77128018886e,credit_card,2665.99,completed,US
0e0e9726-6b35-4f97-83b4-9d63acd96ff7,6817cf04-c697-4c81-be30-4e25cd596592,debit_card,669.03,completed,NG
18285338-8e01-416b-ab18-748622fe0d14,21a5a4af-9e57-40b2-af1e-daa9bc92019b,debit_card,169.89,completed,GB
ffc12381-707f-4af9-aa36-ff9f4fc33955,c20e34ed-c3d8-4d63-8918-dcdf971eb31e,credit_card,188.43,completed,IN
2728f363-e6f9-4b0f-a5fc-19d18b6d9e5a,16f9d07c-6cd8-4115-a8aa-e2d53c77fd05,paypal,2555.53,completed,NG
f8929c39-1b4e-4db9-9be7-9143ab62cfe1,a379ed44-5dc6-43d0-944f-c47e7b9b06f7,debit_card,934.67,completed,IN
2e5168b9-55ad-4683-9746-43b89a7dbdf8,02ad2698-427e-447b-b56b-f992b2fabf9c,debit_card,775.28,completed,US
5c66d019-d689-43dd-9aef-ff1aaa9456ef,fb2e9525-a5bc-4d83-9f67-6e8b96914895,paypal,372.09,completed,US
3cc48402-157c-443e-b9a0-25e421026d61,648a41da-a13f-4411-bbd0-6d76d6ff524d,debit_card,400.8,completed,DE
3dc328f5-3376-47a7-a7d8-3411f1e853aa,a2eda97b-cdef-48fc-886a-5ef6e81b5275,paypal,1209.83,failed,US
b4922429-cf17-47c4-a265-18954a6c6a64,ef2bd959-8a55-4c41-9a4a-d2f37f1b021f,paypal,549.64,completed,US
2d9976f3-4e30-434e-b4e8-3dcbd7237e49,ab52b041-69eb-4001-b0cd-9f7eec97d0b8,wallet,239.77,completed,NG
49744e7e-38ec-4653-b2e7-d9261f76427a,9b985647-d56b-4d59-8f5f-796690f41495,wallet,820.2,completed,US
926c108d-eebb-4c8d-9699-dd24521ba1a9,87a745c1-3d24-448a-9397-234be67090c4,paypal,722.03,completed,DE
41d33909-4aa0-449d-8e2d-f8e49c5e99bc,29aac5fa-c8fb-49d9-87e1-aeee610d9649,wallet,538.93,completed,NG
14d15f7d-6a8b-4b0d-875b-cd13d5eb5bfb,82220b24-f822-4ea5-84d8-0578c7a903d6,wallet,334.78,completed,NG
a976cd90-3c98-4526-a8a3-60010f9007e8,f8102233-3d71-44b9-ac1c-05802a49e6ef,paypal,143.87,completed,GB
e75be3b6-3470-40fd-a5a4-23b3b3abe50b,cf87216c-0c97-480a-979e-50aa2c8704d8,credit_card,212.05,completed,BR
9a89ecef-b015-4896-98af-f9fa6d41b3c0,cb62e3aa-a86c-459c-b495-95d8d42b319e,debit_card,287.21,completed,BR
5ee58c20-27ec-4d40-8ddb-281fe7b04318,62381911-0da2-4691-adcb-c3f2eb3091e9,credit_card,367.98,failed,NG
fe1b1b93-27a0-449e-bb1d-632754ee83e8,05ba009c-1e85-4567-914f-022726d87236,wallet,142.15,completed,NG
65178ddf-befd-4e90-9ff5-64d4808bf6d5,4b9a1377-b924-4ac4-91c2-0358c2f93865,wallet,158.08,completed,GB
3affdeb4-4694-4333-8abf-619013681f4d,c24da8a5-4922-4f6c-b5d4-962eb777b5e7,credit_card,199.69,completed,US
a2212f33-2880-4b54-bab6-69209790e77e,d3e158a0-76e6-4624-8bf5-4e4ffd9620b0,debit_card,262.51,completed,DE
f59741d2-2c21-4fc8-a658-b53c9b36640d,b957d727-8b95-4b9c-af21-08d4a6b0b5bb,wallet,182.72,completed,GB
99941b27-3a21-4a9f-9c71-e68e7ccf793b,1d643a9b-8ca7-4669-b817-43720d12a762,credit_card,209.64,completed,US
f8476a80-f078-4970-b198-10748fac87bd,3dacb275-a856-41c1-94c0-94c2da446fb8,debit_card,206.37,completed,BR
4aa07720-b32e-4f05-b8d8-300aa4bacc54,7b141a44-c28c-4c19-ba6a-85dbaa2b2d5a,debit_card,73.26,completed,GB
a79dec79-c905-496d-ae4b-15511d54a427,2bba0f63-4e2e-4768-9976-b1496f789317,wallet,315.86,completed,IN
ecc7968d-aa22-4238-bed5-1cd78d9340e0,1b1f8cb9-b108-4d5d-b82a-2de96b224b65,wallet,377.97,completed,DE
2c685f89-e89c-4367-bc84-f43e8a6cc634,056978dd-b6c1-4366-af19-0dde243a59e1,credit_card,85.26,completed,DE
a14e173b-2a9e-4339-a894-c0966c6d0f9c,28ef605e-fde1-430f-a7c5-e1553c2c2ff0,paypal,1514.1,completed,DE
a5a6637b-1092-4f85-b256-8053ff413f43,e714680d-ba25-4778-a6b8-c39c559cacc9,credit_card,308.25,failed,NG
7b4e3040-9111-4718-9231-b20548e6c8ef,6fce9dc7-21ed-4ecb-8a5e-e71703b472de,debit_card,188.42,completed,US
8e603a55-9f99-494b-813f-3877ad8815cb,9ef54d73-8b05-4838-b438-4559f24f9681,paypal,63.5,completed,GB
762a397f-c281-4508-b610-c5d254b916e9,0d2ed1d3-974b-440a-9aaa-499f473cff15,wallet,691.34,completed,IN
de87e7e3-e90d-4a58-a75a-2c96285f181e,949ecbe8-171c-414b-8f32-c3ef473e0f80,credit_card,182.85,completed,BR
c88606c8-b09a-4585-82b8-85b1743b669f,8c2f320d-aac3-4723-9dcc-8ce27ccf8729,paypal,21.18,completed,GB
df1e8206-ceb0-49d1-8997-6638921f0623,6077dbd3-c7ae-4b76-998d-0b5d818d3fad,credit_card,502.51,completed,GB
c057c369-fc9a-46c9-a8f5-4b5a62cb73a6,54367d97-98a0-4984-832e-ec7143b48aba,wallet,451.17,completed,IN
adee288e-fce8-4dfa-8306-0fb9d621d6f2,a293eaa2-bad0-43e9-ba26-7fa6d82ddffa,credit_card,167.45,completed,GB
3fb6c7d2-dac0-47f2-a19a-5d198e5a96d7,052af603-f1a7-45e4-8c51-01712b64d219,debit_card,376.21,completed,BR
b0fa4312-1a2a-4899-96c3-b5bc9a007e75,c4e14d5a-8852-492a-900a-d5114cf41aa3,paypal,462.41,completed,GB
89589eaf-eb28-4d12-8267-d436d86a49de,0824790d-f9c0-4ee7-b7b3-c7ececa1274d,debit_card,748.35,completed,NG
3d6a63ef-799e-4baa-bb81-fee7ec07e956,ffa29947-f7e9-46e7-bba8-b5ebcd18dacf,credit_card,255.49,completed,GB
e09d0150-68bd-423f-8c34-9764cf16ccc6,2aaaab3d-2640-422a-bf10-80158a5b3767,paypal,280.3,completed,DE
1ae392e0-5224-4286-b13a-464509451f1a,4753d59a-1de0-4d18-b892-35f105810e56,paypal,155.3,completed,BR
423142cc-043d-47e6-b30d-15bab2cd8b60,221d1db8-80db-4acd-8a44-acbe4ba05949,credit_card,54.1,completed,DE
9ef778a1-aabd-416d-8d40-03d8c1519d73,88b27ab8-b335-4e54-acc8-50ec0afb98dc,wallet,180.85,completed,BR
df444a76-b176-4771-9726-dc358ac9ce04,bbf36b50-1929-45e1-b49a-1dcf8864088f,debit_card,292.35,completed,GB
4de06494-c0e7-4b7d-8aaf-dc5b0f9988c4,db2e9ae4-70f2-45e1-898e-ccf2bd460504,credit_card,1937.45,completed,US
ca7110b0-8e48-4715-9f36-3de01449bf03,b3508e2c-9b07-4c4a-a5fa-b7da290c8498,wallet,137.13,completed,DE
34a8d56c-b3d5-48ba-90d6-1ac2affcfdbc,49ad1536-4fe3-4c61-9a46-7922119df166,paypal,670.85,completed,NG
d2c3a9fa-a111-4021-bda3-ddebba8ec7bb,b9f4b129-bd30-432b-b0c0-f4385bd13ad1,wallet,546.08,completed,IN
ce29191e-6564-4932-a402-7420b9a75464,b24c3cae-e6cc-4261-bb90-b7650cacc2c1,credit_card,408.15,completed,BR
f372d4a6-3aed-4b25-ab8c-f334115e9240,844d910a-aae9-4203-ac14-d881bec3b6be,debit_card,520.85,completed,BR
7f202db3-6de1-4ee7-80f5-a9cd2143de6b,e57be43c-adf5-49ee-a752-d585b5a8fcf2,wallet,470.85,completed,NG
e0dbe16f-306f-49f7-8172-f54223a6f0bc,c5088ecd-e9ea-4490-a407-a4755eee62a6,wallet,502.23,completed,US
a3c4d64d-a5e2-4ff1-b9c4-4b77bdbeb8ee,2c2ddb0f-7ad4-4096-bf37-e548dd648675,credit_card,86.3,completed,IN
edfaef84-aaed-4a22-a4dd-a079dfa9c21a,c703800d-be26-4284-a613-5be7a2eab199,wallet,943.29,completed,BR
c5651da5-308b-42cc-9627-b4a4a92341ce,ba9b83a1-6d2d-4852-b95e-7a65b337b691,paypal,789.2,completed,BR
ae5c4b07-ef6d-4820-ba0a-f1a1fcee03e6,1d8251b6-b9b7-48a7-950f-fc659b3a18cc,debit_card,446.76,completed,BR
c5bd7d00-c98f-4a50-8ec6-784af779e865,ce890e03-c9c6-493f-a8d5-fa9824a46934,credit_card,1126.98,completed,US
6c3757ef-f2c3-453d-828a-cb140b90c56e,7c7945b3-7c0d-4ef8-a3d9-6576e5e9ec18,debit_card,96.18,completed,US
e3a0f142-e14b-46af-8538-6bdd06761fe1,8aafe8b9-478f-4daf-ba0f-984ffe2b4b8e,paypal,254.17,completed,IN
d5573d55-3c4a-4454-b718-837dde9d39ab,3cc45984-f235-41d0-bad3-aded11b33c6b,paypal,537.65,completed,BR
f2c05d4b-a2bf-441c-a7d4-e6b2d0e37316,67c91539-792c-43eb-ae01-0bd22365efa2,wallet,731.97,completed,BR
f30bddf0-b9c5-4e6f-9f2f-bb471eb20211,4d70f2b4-a8b2-4e65-bc2c-08e3f281ce2c,paypal,360.24,completed,DE
bd6d41b5-14aa-4166-9141-b377e4e8d772,226ae9ef-13a2-44c6-a047-796e82735b27,paypal,864.35,completed,IN
069ecae4-5c8a-4dbe-92f1-48b6112ac07f,50e6014c-75ce-4f53-8ec1-04bd82a62572,wallet,492.45,completed,US
2a980126-b8df-40dc-ae17-64f9c482130d,3bdd36b4-5393-4100-a119-f1f13bd60ee4,credit_card,309.69,completed,NG
2c452874-06af-4890-b743-cba9a64d8229,e04be455-0731-4ea0-91d9-44cefc2f72b7,wallet,428.83,completed,IN
1728f630-080b-488b-880c-efd47c513241,5118a6de-dc00-4da8-b05d-57a96129630a,credit_card,383.29,completed,IN
f6e0dee0-726c-48b6-a0c6-bc0b39760e98,8b0a6e88-b97d-4ed6-bc7a-f543fb69411a,wallet,1364.26,completed,US
bc45aa74-9801-43c7-b840-d324b0105260,862e32a6-f912-4fa2-a80a-612eeac8bb5c,credit_card,479.68,completed,DE
5e413d39-7a3c-4420-87b0-faae0f1d7704,1be83d38-c9ab-4840-8e52-2f6a12abcb35,wallet,571.95,completed,GB
2f8d1a3f-e85b-4f81-b951-9b07872f34b8,ed5ff42c-ef1b-49a7-a233-ae4825835705,wallet,326.01,completed,IN
7cd878b0-040d-4b6a-ade5-1a14fc466b5f,371e87c7-0200-498b-866c-438d2c7b9d4b,debit_card,188.74,completed,DE
92cecc8a-30cb-4ae5-ac5d-d1cbee8599cf,da58b162-93e5-4fc5-b4e1-6900cb178285,debit_card,350.49,completed,GB
18445fd6-77ee-498f-ab90-1c8eb650f1c3,542cec53-9604-47b0-a69b-3d10ca02d365,wallet,267.79,completed,DE
946e621e-2b7a-4926-904e-c2511889975d,dd50ba89-cd9c-4c3f-980b-58ddde9e20b5,credit_card,246.79,completed,US
7d3100c6-a319-4d51-a144-bd51030ff82f,5699cd44-2036-4c7b-b31d-a668a9c7c3ab,wallet,845.16,completed,US
32512ef8-1131-4b66-9e78-a781b4f54989,262f77cb-e162-434b-aea1-1cceb3076631,credit_card,125.57,completed,IN
63543780-9822-430f-9404-5175d75011cc,686e4fc6-1d38-42a9-8e9a-2d8b999d3bcc,paypal,247.07,completed,IN
c5be4f4b-afa8-494d-84ce-5243e845b3b2,fa15be2f-611b-4dd1-b0ab-83441541018c,debit_card,159.72,completed,US
d6eeb7ce-b9a7-453c-8be5-5d90e5c42dab,ce65a3ee-9f1a-4d9c-b76f-40ca3af65bdd,wallet,614.23,completed,IN
1dbebb42-6156-484a-943f-27c7e83ae489,2c07155f-0964-4ffd-b4ac-f795679186de,credit_card,319.02,completed,BR
13b764df-382a-47b6-af9a-19e3112f97ca,eebebe2c-d993-4375-9f4a-83ae86788143,paypal,129.85,completed,US
e10ecca1-de34-42f5-9bd3-37f26928fe66,63e6bf91-2045-4321-8b64-130bf32af613,paypal,411.2,completed,DE
85cea391-26d1-43d7-a1a6-1309c9d3e992,2ae3412a-ebf8-435b-a3d9-113803b1e6b5,credit_card,982.78,completed,IN
6c4f4e97-ade0-4a4f-8d69-04dc4476f90c,61810ead-68bc-439b-84ab-fba413538975,credit_card,111.1,completed,GB
c2a91585-626a-466f-8d33-8333747c3359,2e586fae-8a85-491b-ac27-4abe87e27973,paypal,476.72,completed,DE
bc9553de-965a-49bb-ad31-2c9e929e2f98,c2e16318-9ee6-4a42-9bf1-41ecc5988e6b,wallet,542.4,completed,NG
c2b7ea39-868d-45e0-a701-b8ebd457d9f1,75f770a1-1ea1-4a7e-aae9-7cdb9a1e53d3,wallet,14.17,completed,BR
a12dec79-7356-4024-b015-fa3faae39da1,5dfffb29-23b1-495e-beed-a9cc2be054c0,credit_card,369.13,completed,IN
5dfefce2-5643-476c-8623-efd50c02a561,617a2030-7339-49b5-a889-51308f455e55,credit_card,299.16,completed,IN
dbffe4f5-1207-47c7-9fdb-9fbbb569cd20,706c72a7-ca27-4677-a807-97c0d47bfe68,credit_card,306.55,completed,US
19132dbb-98d0-4837-835a-1e3d296265af,1a04da5c-ab95-43b2-9fbc-2b45365bcf6b,debit_card,340.34,completed,BR
7ec8dc55-93b9-43b8-a133-172111c66021,58d82ff4-6f02-408c-a3e1-6f008891bff4,wallet,41.41,completed,GB
c31b0004-257e-4024-b537-61ea6b140fc5,79f0a9b5-f37d-41dd-acfc-d58241acd60b,debit_card,324.12,completed,US
e7ddeffc-558a-456c-acf3-1e49f3bdc569,b6147ff4-4861-42ea-b4de-cc87d50cb723,wallet,270.91,completed,GB
b7158532-f93d-4a51-8fa2-7e9858dec2b4,22032b96-6daf-4492-8af8-4854a8a3c3c9,debit_card,1089.64,completed,NG
27da0148-ac2f-431f-bd52-ccb352edaa76,a7af121f-0e73-4daf-8c78-604b338b575b,paypal,50.34,failed,GB
39cc207b-d295-4553-a78d-777cb3884e14,9aaa2404-36d4-458b-a10e-cff5e773fbab,wallet,214.98,completed,NG
d84d49ca-6e84-46c8-917f-759666f26855,000db478-1d86-4982-82b3-c7bc8f43edf7,paypal,74.44,completed,BR
0d452517-74c5-4ad0-8125-22fd50c0b879,f9e3dcdf-2771-46dd-b337-9f30a6d43ac9,credit_card,685.75,completed,GB
147d0cff-608f-4282-82f5-d790f15c050a,c2f865e1-c693-4504-b2d0-4d05c9eb0782,paypal,406.35,completed,GB
13895a6d-cd98-4bf3-b6bc-6490148908e8,88d1f8ea-21a4-46fb-a750-bc128a2426f1,paypal,56.26,completed,IN
f05f42e7-703a-4659-ad96-887d5376bd4b,b714920c-be09-4de7-88bd-e73d8a12317c,credit_card,1474.61,completed,GB
dfbf40be-eca5-4a8e-bb1f-1aadfde97c00,28167fee-9ef7-4319-b321-71bf3767245b,paypal,84.99,completed,DE
c4594adc-a0be-4ec3-b6bd-a180691aac27,e8f74b98-0f52-4963-a3a2-d83be9638595,wallet,368.99,completed,BR
315c3e9b-c592-47ac-9457-04fe2cd020e0,b12bc6db-c66b-40cd-a82a-60cd76c8a45f,paypal,183.16,completed,BR
9286b860-57f9-465f-aaf7-b8b6d605f79c,45aaa636-c548-41d2-a2e1-89a63b5cc771,debit_card,527.2,completed,IN
5ccc3191-e0cc-4513-abee-dbedf5a3ff32,d0728259-506b-4607-9e44-9e47283fb67f,paypal,228.49,completed,GB
7c2fd754-b5b4-4bca-8bbd-c0457755b88d,e124cc08-7fa9-431e-b3bf-e2afa855b311,credit_card,1469.87,completed,US
278bd104-daba-4190-81f6-fca357d1aa08,15b37dad-ada4-4253-bca6-376161832e53,credit_card,157.63,completed,US
2d7935d2-1605-4ef9-b2ea-f015069ffc76,f48c40bd-b7c5-4ced-898a-936c6e21fb1a,wallet,689.51,completed,GB
9864f569-df2d-4306-a5b6-e035661cb1de,5c070078-fb60-4fec-94fd-ce9ca9cf9d0c,paypal,564.68,completed,NG
2b98695f-0ccc-4c48-9e23-3c7f1384a04f,09b49c78-7f87-43ce-9cbe-9d7d519a43be,wallet,1414.66,completed,BR
31b4e7c9-5fda-42ba-a4df-80051b0e60cf,c0ded064-b876-4f4b-8e8b-37b21f0b1a28,debit_card,312.69,completed,BR
5dcb57e7-54dd-4ff1-a614-173304680ff8,bb9bbff2-de65-4399-aa87-087cb714218a,debit_card,939.96,completed,DE
0314844d-4d15-48e2-be6c-78e6876d9b2f,15a6ef3b-5f0d-4d6a-93cd-fefdfe3aa98a,debit_card,586.25,failed,US
f7bd1a93-4df2-4ed6-aabf-780c8b05c8cb,c7a02788-316f-4c12-9e69-bfc97d33a34b,paypal,676.86,completed,BR
fe8dbc0c-6d8b-4053-a8a7-47c6fdbfd12a,205378ce-2551-429d-9f54-e1d0bfbc55f8,wallet,54.37,completed,NG
48ea102a-7c83-4f85-a272-3a31de2214f9,4ed67b37-f569-4f4d-821d-4261944f67e3,paypal,805.74,completed,NG
678e6a6d-8dda-4186-8533-f042c180b8af,a671c2cf-2336-4ae5-883b-2c90091f6949,wallet,490.93,completed,GB
0c9cf5d9-1f1d-4661-ad66-a96995d67c5e,dd1eace8-a60f-465c-a19f-c5a660550795,paypal,133.31,completed,US
8a7bc141-4083-497b-9876-caf9b9719873,0a73c992-93bf-49d9-98eb-91d70f378492,credit_card,348.26,completed,IN
3a34b0d4-e2e2-41bf-b183-9688ad23683d,3b138e39-1770-47fa-b43e-7268a526ffc3,wallet,125.58,completed,US
9392d52c-4919-49de-9cfb-1d16b125e297,303f9e84-789d-4400-8fc5-4338779c78c0,credit_card,525.78,completed,DE
d441cfde-3be8-4d2c-aefe-6888430fc2ed,a0162a92-382b-431c-99cc-43ed76a931b4,debit_card,930.14,completed,NG
0c6b2e08-7ed1-4738-9199-543d217c9d6b,0efae518-b873-4482-a29d-8441606e642e,credit_card,172.92,completed,DE
b3034d6f-eab4-471b-b660-70ff2de37743,6108c511-7331-4794-aa64-99011c8d3ca8,wallet,246.78,completed,IN
32212e10-38ba-4387-8ce5-f2d26bb1e322,7dc7260d-59af-4b3d-b016-3e4b5c0ad7e1,debit_card,1311.8,completed,US
d1d48bb7-6eb5-43be-b695-7aabd48ba9d2,267ce745-2029-4ad4-8dd5-23859ac95f02,debit_card,39.58,completed,NG
191fef8b-9c11-40c7-b0c3-77f8762b75f4,9477dadb-a153-4b06-8a7c-44c93e755bac,paypal,1308.16,completed,BR
f4b07bbf-f4bf-4fe5-80c8-c68aba4e5952,957cccb5-b1f6-4052-8db8-684ff83ee8ff,wallet,473.56,completed,GB
772101a0-3c58-4b16-863f-bf5d26628cf2,926bb1cf-2235-49c8-82a5-41300e321993,paypal,299.99,completed,GB
7c380e2e-1192-4ddc-b2f1-2a2bf25de76d,3705b322-cee3-432f-b314-a2d67c57e325,wallet,38.72,completed,DE
f133f1ca-368c-4793-93ec-2cd7cbd1634b,d94d8442-f7b0-4371-916b-b95f8dc5b0fa,credit_card,282.38,completed,GB
d3a7477d-e715-44da-8a9b-66e320abb5e0,839ce6dc-dcf7-46f9-a6d2-298b13fe450d,credit_card,260.82,failed,DE
b9b0440a-b681-4a80-af02-5a78fb7ff7a8,fda8fe3a-6ecf-4e98-ba97-f2da274c668b,debit_card,60.87,completed,BR
67c7fbfd-053c-43a4-af8e-f7d4fcd32aa9,ff370adb-4101-4944-8e6f-a705a3cf76b6,credit_card,458.59,completed,US
771c649b-2b7e-4c72-8d84-e418a7195ab7,d81c8a6a-c48b-45cd-8bb8-578d732af5eb,paypal,408.6,completed,GB
10123ccc-e7c0-4cb3-81d6-ac279e099771,7c517952-719d-46d4-af87-e381d1180860,wallet,598.46,completed,US
b69d22c4-f1f7-43a4-a711-159d1d97cc93,07a33c0a-7d7f-4b24-a860-f0d65dc87632,wallet,624.44,completed,IN
fa3b1a68-2890-432e-bba5-e72b24e26bc6,24fd2f1d-2338-42cc-bb03-be5c7cf6b078,wallet,874.75,completed,GB
b624f41c-0847-4c57-8883-a50d28f74df0,93c80a43-90ae-4fda-abf2-c746554ae948,debit_card,342.62,completed,BR
1a2955ea-76e0-4fd9-bac9-45a1f808c700,decf9c53-f61e-43fa-ad67-01b3da8e5a42,credit_card,562.3,completed,US
ccb2d3f1-cf46-4ad5-8f4e-3bbbd4fe7948,8f616944-dae4-41e4-af99-45a8e2e2f45c,debit_card,345.79,completed,US
6fe2d809-e039-4da0-b4ab-3e6c7e17e96c,05bcd1ed-424e-4930-aa54-620ec4ddfd64,credit_card,748.42,completed,GB
61aee46e-7e6f-488f-b868-808f739157ad,60472cd2-1553-4ccd-95c1-c50530e56560,credit_card,612.34,completed,US
58e16c32-edfe-4e09-be95-d2e9b9dc3bf6,dee47fc4-a908-433d-b946-6f0d4486b3f5,wallet,1061.98,completed,US
cdd0a190-49cc-4c58-aced-dd21eac402c8,4e10b707-24ce-4faa-b6f3-d6b7a2168153,paypal,308.46,completed,NG
a61d7eec-72ac-4c44-8865-be252723f26f,919bef02-9d84-470b-9d4a-156220bc23c6,paypal,360.88,completed,BR
69a3f4f8-ff78-45c9-8400-724f46959d03,97a2701f-9bd1-45ff-9096-b513e30cb482,wallet,446.19,failed,IN
83b43e65-2b7d-49e3-bd8f-f4fdd19f4c6a,2da01733-92d9-4967-9802-762b79ebacc0,wallet,202.24,completed,BR
ab5e87db-2f96-4c5b-ae92-33ffd1fc6d54,f5f56f8e-5a7e-48fc-b343-4f82de1a76e9,wallet,578.37,completed,BR
5b24a394-d026-48d1-9421-0706bc7dc2e8,f11e4378-be23-4bfc-a116-5fd486a08a73,debit_card,310.49,completed,GB
abe20e10-dc20-49bc-85b1-48be40cdd034,1ca01444-bc52-4440-bc98-6e243df66ea0,debit_card,762.87,completed,US
56b1a948-125c-4770-bdbf-a646151b843c,2cdba1f4-95ff-4b43-b84a-4278c21778e8,debit_card,298.0,completed,BR
ea17d623-4eb0-462d-a324-939e4b5dbaf3,428287d5-b6dc-4cea-acf7-03c6d7add797,wallet,484.7,completed,NG
2b768994-2368-49b1-aa67-918e7d0d497e,61c67e9a-94e2-4e66-8eac-d42090c533c0,debit_card,469.84,completed,DE
1891d2d8-7ed1-41d0-8c44-6ed0c5f5c4be,e978c004-0e37-4a4f-9727-8ccbec071e61,paypal,280.23,failed,DE
d312cda3-a32e-412e-b77d-863d4697ebc2,e1de16ff-b866-4484-a3d6-c1cb88b1b460,credit_card,109.77,completed,IN
263fdbe8-05a2-4e8e-8f1b-4db31255c8e3,56e45374-1e51-48ef-8226-86f47f0588b4,paypal,197.72,failed,US
b4a56626-50f6-4a4b-80f8-95ead076c2a0,7ff7b36a-3391-4c0d-a9dc-86dccc34f873,credit_card,250.8,completed,NG
2291d896-bc7f-4b47-af98-2733b9fbf84a,5a698947-fead-4706-88f8-dfde86c9aab1,debit_card,704.11,failed,NG
2337abbf-3328-4bf9-9325-3011911b8db2,b111d00c-8014-45f3-a4a6-bb203c03751a,credit_card,394.13,completed,GB
f81ec4dc-4a08-417a-b72c-070b72889e51,cd63bc83-6cd3-4e12-9271-c796d5df4597,debit_card,268.72,completed,BR
fc856495-0bd1-4183-9d21-8b592d80fb0a,a0f2052e-f6de-4f43-8393-9360248dbd2e,credit_card,533.14,completed,IN
0ff3ac00-e40d-4612-9d87-8967eb85ad05,8e9a83b6-b44f-4a2d-b1bc-0df0cc2ed31d,credit_card,1548.05,completed,BR
57a61457-5cc4-486d-8d18-aa2c7af16da1,c6153f05-fadb-40f9-87ee-30363a8c67f7,debit_card,813.76,completed,US
a8b97360-1f40-40eb-8faa-5a22a9b6a0c2,8e735c6d-ba9b-4e67-9e4c-8474c1039551,credit_card,266.84,completed,DE
6d58506a-8454-4182-910d-d19975256832,e4087985-a547-4884-a1f6-6d100b7dd846,paypal,658.54,completed,GB
837365ed-04fb-4c2a-bc87-1fb2a95e2be7,a2d9ec34-5718-4340-b3e2-312559c9a4dc,debit_card,1002.14,completed,BR
82c620ff-d3ae-49e0-9e8d-26577671c559,764cf4e7-eaa9-4899-a460-d784a794552f,paypal,406.84,completed,US
4a579f92-9808-4ee4-b5c0-a446715172e4,b563f08b-0d5a-44b8-8aea-f8178eac6816,wallet,783.78,completed,BR
853d9274-85bc-46a6-9713-a20a7b7085fc,146e8596-04cb-4a90-8969-9ccb0fc463b3,credit_card,164.14,completed,IN
847826a4-e474-4bcb-b040-6102712939d1,a0ae85df-c471-49d6-a417-ff80a63eaf60,debit_card,90.44,completed,US
6691a397-bf25-48aa-a150-dace2f595b31,93530f06-0dc7-47d7-ba85-889ac246d5cf,wallet,434.39,completed,GB
9bb67ab5-1365-4611-afd4-cdb00cd43794,9c98245f-db5a-4979-9b25-4532533c6d8c,wallet,299.64,completed,BR
c43ec022-9b76-4830-9f1c-43b4a62e321a,9f15cea4-5f33-4302-85f5-de41777d367f,credit_card,261.78,completed,US
752f6f5c-a468-47ab-b119-144b7b7f048a,e554d78e-28c1-4e20-b739-42f375cfc86f,debit_card,252.85,completed,GB
0a76a148-f038-40f9-9dfb-0ecd923a978e,1e69146c-bf6b-4c39-94e3-6656abdd7233,paypal,606.58,completed,US
d80d985b-7c2c-45b6-9984-9be5aae108c3,58f45abb-5e8e-471b-9202-28e19f04f034,wallet,836.95,completed,IN
63f605b9-8730-4558-9ac2-ac3942096f1d,2723b9f8-b61a-4b6e-9f0d-3bcd42c1b59f,credit_card,223.94,completed,IN
7ae1aa0b-eeb0-487a-9ee8-0c6a02b803a3,de65b2dc-d6c0-4527-8d1c-da0b36123261,credit_card,485.13,completed,NG
a25b99e6-8614-4be3-bbdd-87fbebd9dc11,c61722f0-ad57-4b6a-b430-e0a4e6350878,wallet,141.57,completed,IN
5c48f2b3-e01e-4c3b-9ec3-38312b6ce8d4,ff19be1d-e2d2-42a2-b528-6369a09a354c,credit_card,620.95,completed,DE
77df35bd-4ab4-4f8b-ba08-98e371ba639b,358aebc2-f11e-4b48-af06-030043e9f35b,wallet,177.38,completed,NG
706789c4-d1fb-4f40-b5bc-b8e2eb6c9f00,bbcb6ea7-1f97-4057-b210-38ae308b4203,wallet,331.7,completed,BR
99670dab-0be0-44ce-8df0-9633fa787c4a,97c36f8a-8aa4-4af7-87da-9932c9f2a8c3,credit_card,744.9,completed,IN
97c0477c-d0b4-414b-858c-57d28c18cd9b,4ce64633-679a-4c6c-8319-a692ea67fa81,paypal,283.33,completed,US
e5eee6db-b9fe-4304-a2ee-448140ff22a2,74e7e67d-e98e-4580-9251-4ebf631112e6,credit_card,1274.48,completed,DE
1967aec6-5dca-42cc-817f-406e44655638,002ece0e-a9a0-44ee-8f68-1a9ec3240510,debit_card,284.0,completed,NG
41fbf119-7533-4dc7-b771-c5eeee3dc94e,fe2fde2c-006c-449a-b4b5-27baafcd2dc8,credit_card,425.35,completed,US
18500daa-addf-4c22-8b20-391b21ddcbb4,32d7d758-e1f0-4d96-bf20-cdfb562e5f6c,paypal,432.29,completed,NG
3f0e7b4c-4b4d-41eb-ab88-a4d69cf80e02,6b5c6f1e-74df-4740-ba22-1d6b3edffacc,debit_card,176.55,completed,NG
618dc987-06d8-4702-83f2-3652beee2613,f8f53849-8875-4e44-87ce-7d7f4eaf06a3,credit_card,1007.73,completed,BR
59150ca7-0bc7-4234-adef-d0418687318c,39f8cd15-58bb-4c20-b062-eadee933c0c6,paypal,1052.89,completed,GB
f2199c6c-dce2-4204-b5ed-9d4a80894533,fea3705c-d0e2-406d-a871-67ee1d2fce29,paypal,316.45,completed,NG
339479e6-cb81-4162-8ff7-1a76531a605e,de5b4586-4e21-4e69-9c9c-ac5535325951,paypal,370.9,completed,DE
ba3d448d-670e-4466-b0a5-3060cacdcb11,7407ba36-ab40-4a31-a43f-21760f574937,credit_card,253.09,completed,NG
decad032-290c-4b7f-b248-8ca63ec0e863,569926d1-3e9a-4e2b-9b36-ba9c4e7cf529,wallet,548.0,completed,US
3acf7135-9df0-403e-a5df-f7c6fd923e41,da676c93-07d3-411f-b53c-ce40e3d1df87,wallet,275.61,completed,IN
d7f527d8-6865-4f41-a21d-ad2833d37e9d,3b6851e1-f7a9-4142-8d9b-33a8b8097cbf,paypal,246.02,completed,IN
742285e7-97aa-498d-af6a-1f6050221a0a,e7a1fde9-ca5e-42f8-b07c-6be08c9f8e8d,paypal,819.74,completed,NG
bfa9a35d-1662-4970-aff5-0f9ea41da619,ecb8a2a4-f5cb-4039-affa-1cc59545d421,paypal,761.47,completed,US
28cb14ac-e994-4ad6-a42b-10f264e80751,11b55061-d06c-49da-8bc2-3e0d73532bf2,wallet,141.62,completed,IN
628a37c3-2d3a-42d6-b209-806b4b5344fd,fd646959-4c02-451c-98c0-b68c1605d785,debit_card,228.78,failed,IN
361cf2a1-6836-4aa9-a758-6657ce6d3b29,f8b966fd-b507-4271-a531-37f4c6514405,debit_card,325.42,completed,DE
b24cc4dc-7606-4d8e-b1e1-628859b7fbaf,1cb10dc2-78b3-4032-82d3-e7a9139dfc3c,debit_card,1022.46,completed,NG
66972f46-22ba-4cfc-8c70-e672eca60d5a,4e082920-b25b-439c-8a47-ec5c52de5b45,paypal,264.57,completed,IN
9a1aaf99-ffbc-4ed1-996f-c1251d8f5e28,a72fbe64-5c45-4217-afc7-b19d5606486a,wallet,192.22,completed,DE
739d33c2-b831-4c85-b2e7-8425d586833c,72690450-42bd-4bba-948b-9798325b574e,credit_card,381.51,completed,GB
a2e80294-8201-4f8e-b2c3-a890fd084e4c,eb5e97c8-3450-4c9c-bfb3-045d93a4d1f9,wallet,139.61,completed,DE
5ce6a263-3f8e-47e9-b579-e69fa7b18c23,2f88e9f8-941b-4d8f-87af-facc0066701f,debit_card,137.64,completed,DE
eaaed4f2-3ffd-4b4f-80ae-079efc7b080a,bc188b16-b5a4-41c6-94f6-716043b5c086,wallet,509.27,completed,NG
009c0904-40d6-4ec0-9586-c09ed4865070,224ba029-8f64-47b1-a42f-05a4082b7f89,paypal,268.07,completed,NG
f41b4de3-2cfb-4705-bd08-8d3c09d08a30,3d21bc38-15a4-4512-9a8a-51a32dcafee2,debit_card,775.51,completed,BR
fe3bc794-aaeb-4152-b500-d00f6ccc5f1d,8e847f0e-0e6e-406e-9420-0d1fa8e766b5,paypal,182.73,completed,GB
b9781b72-47d6-4fd2-9c33-3717c02aaf75,33998f02-bcd3-4bd6-8f49-060d7457b65b,paypal,545.38,completed,DE
4c6f4633-8ed6-4042-9871-172d10a58cf9,19eb5467-829a-485e-9f31-510222a32c60,paypal,491.72,completed,IN
ed5d7b46-507a-442c-a0cf-79f925fae21f,2ce31d01-9fbe-4240-9454-315851e781a4,credit_card,163.15,completed,NG
9bded4f2-d4fe-4f2b-b6b2-3d0fc8376040,3199b405-5bf1-4716-ba6e-65c588c55191,paypal,218.72,completed,BR
1e56a5a2-2132-4316-ae0c-a2fa26a5e67d,22af1431-7928-420b-a0db-866b1125081d,paypal,1114.3,completed,NG
d9d64b75-f4a8-4ce8-9094-8ec9328c4765,5cea37c2-e66a-42a7-be60-a53c98734466,paypal,670.99,completed,US
0f970a88-b9ed-448f-af99-fffe00b5c9c4,def466c2-d745-4440-94cb-fe5186e50bda,wallet,913.98,completed,DE
1e00fa30-2d41-4077-b155-abcbed16ed78,00f00b13-ad2d-4ecd-ba75-7219c3e1e3e8,credit_card,423.83,completed,BR
4007ca1f-76e3-498e-9db9-bf059536e255,721c6c74-1083-4fa2-bf33-14f1b32814d3,wallet,162.94,completed,NG
2d2219f3-0baa-4370-bd9e-76f64df26e6c,bc9b733f-67c1-46a9-90e1-64d1389b69e4,debit_card,176.28,completed,GB
1c4fa184-43e2-4668-a71d-eccb550e3975,fcb39d37-1dc6-448b-ac75-577d079a7e58,paypal,398.24,completed,NG
470a065c-31a1-4cd6-b350-1534404fce21,17d61ff6-9158-435b-9217-8de1ab5d3052,wallet,1223.5,completed,NG
7acb4517-5145-4945-a1c3-3a9403e5b75d,b718487e-f481-4738-aa3f-1e1d991022d3,paypal,270.09,completed,BR
dc25dfc0-b68c-4a23-a508-b6248464a5c4,6200557b-49a6-4bb4-8495-86f20a789499,paypal,48.71,completed,IN
37faf3b3-d145-48df-aecf-31d852144fd5,27ded8ec-b117-40bb-9fe8-c022a80fa89d,wallet,881.89,completed,NG
291f3bf8-a6b5-426b-bbd4-8eb9afae80dc,52ef1c5c-0546-4326-808f-da77e7264511,paypal,311.08,completed,DE
4c1d99e0-447c-447f-8884-9e95635c2a41,11ec483d-2b1e-469b-a833-e3680f4dbc99,debit_card,163.17,completed,DE
cca71442-8421-4495-86c8-9a74287eb836,b3b356a5-7e2b-4fd4-9c6a-d81c951f4a3b,wallet,396.84,completed,GB
19ce5611-c09b-4077-9813-1e8daecf9be0,d75edf20-db0e-4bf5-9de1-0e6a6863736f,wallet,684.95,completed,US
9f85fa15-cead-40a8-94b9-bafed9843ee4,3af08b84-3070-43d2-ba25-b27193f1f1f6,paypal,298.44,completed,BR
ec57147e-f7f1-43db-b4a4-61212e874815,68b6c459-9199-4a4a-80f7-a1db8cdbc006,debit_card,2217.1,completed,BR
99e4e498-2c24-498c-b667-f6b9bb12cab8,a1b9d222-a862-4210-bd9d-91bf09537908,paypal,212.87,completed,DE
e10a3e14-5a19-4984-bdd1-a9434f5fc27e,49039560-9f30-4c93-b459-9fa5e8ca3126,paypal,486.06,completed,BR
c77cb2b1-a635-49d8-8a0a-8115d91903a4,27aa7aeb-43cd-4d10-9c87-4b63ee6b1d16,paypal,1720.43,completed,US
7221fafd-b408-4f9c-aadd-c7819d06e7a6,eef4b07a-76c7-4f21-aec1-af731c6dc03c,credit_card,652.11,completed,BR
e1e761cc-b1ea-43df-8926-335c6506cdd4,f85f8357-8883-4bb4-af55-281568cdcd09,debit_card,137.9,completed,US
efd435c8-86b9-49de-ac40-e81c1993fe70,04c89aa5-223d-4f42-9538-7d2e0431a164,wallet,72.76,completed,US
c266a74c-7ca7-4cdd-b552-ee8489f84880,af271ba4-760b-4fbc-bb62-dadb5ffb0fb7,paypal,2248.63,completed,BR
5d5e13b5-4a2f-4166-acee-40be2ac70979,67fa0ece-a8ca-4ac7-9c00-0094e7ea7693,credit_card,970.35,completed,US
59f8d2f9-f9b6-44a5-a53b-8cd376666daa,72b0e948-269a-417f-a14e-473c659d2b1b,debit_card,351.39,completed,NG
6f209b1e-16ae-459f-87a8-d7af8935633b,11585862-b1cc-4ade-bd01-7c7868fb2ab8,wallet,822.3,completed,US
4a1d513b-5129-4754-875a-f042a79ec762,6a3eb5cf-713f-4b53-9e28-ab4dca91eb1c,wallet,874.83,completed,BR
ff2246dc-43b0-4fd5-b2b4-25e62bd229c2,503d1630-9544-47d2-8c20-ea6abed49df1,paypal,157.12,completed,NG
1dc94ea4-0ddf-4261-b86b-7f4a6fc86662,e065a726-13b0-4a0c-87f8-e0181638f35a,wallet,591.53,completed,US
7f56abc0-b334-458c-a426-e51ca5c64e13,94ba1af9-95f8-427d-90ce-b202abd21531,wallet,517.05,completed,DE
47c038a5-d92c-4078-a224-723414f8a99a,dbb03dfc-84cb-4aff-bc72-747149278396,credit_card,51.9,completed,US
faab6cfb-ae3a-4fce-8322-e8f61eec93af,d4b71dfd-f6fd-4be9-892d-6f178e5f56cc,debit_card,589.45,completed,NG
3fbb55bd-9888-45db-b61b-88deb020e168,ca5cb528-0adc-4c77-b3e7-a781bd9bed14,paypal,337.51,completed,GB
35c84cfe-d8e3-471c-ad20-d57624440592,f748d42a-c5b8-468c-912f-6c5128669963,credit_card,937.05,completed,BR
6a621c01-5806-4f98-abf7-001299d9c553,0b9b19b6-49c8-48e2-a069-02b596f50feb,credit_card,320.97,completed,DE
2a67bafe-de1b-49b9-af43-46b48d72c447,c4b02683-d333-4b08-896c-f6b5088172dc,paypal,525.63,completed,NG
860a6cd8-16d1-4527-b155-098970ef3880,18f49656-0440-4730-9f64-c783316545d1,debit_card,1488.72,completed,IN
74337139-0eb6-4ff0-837d-94b68943059f,10370e26-9ee7-46e9-926e-1e5a5db0aa7a,paypal,317.68,completed,NG
e4293d68-5eee-4fa8-87c6-b8608dd4b5c9,fc13a3cd-7d2e-49ae-8ec4-557635689344,credit_card,423.78,completed,NG
48355bfb-5463-4411-b6b3-87e17c3e213b,27eebad5-fac1-4aeb-a91c-5bf1283ef0de,debit_card,396.21,completed,IN
7b193f7c-5295-4cc1-97e1-c358e1db5862,16267391-4f9e-406f-a078-76e2e9adb7aa,paypal,499.36,completed,BR
26b73b8d-08bc-4018-8e40-9699a7af7a75,672203bb-2f04-4dd0-9724-84ebda68cd77,wallet,561.33,completed,NG
39937f59-604a-47c7-83b0-92d059077ce7,55e98b3d-715c-43e2-8082-90297fb69f6d,credit_card,176.56,completed,IN
0e353c6c-9fe1-4323-ac2d-cd232652aca0,c6152a88-9e21-404f-8c0f-4950cc955707,credit_card,2387.85,completed,BR
c5b106c7-203b-4b9a-bf16-d9cb443d44ed,807ccd5a-bd30-4bf4-a60e-9e17ab9cb3e1,paypal,293.15,completed,BR
7a14ad84-d619-4cc2-9945-caafda29c27e,85a2a141-b632-4974-b801-5aec52d38e77,debit_card,255.07,completed,GB
e16fe23e-8fcd-49a1-a3fe-43b1f53d0650,2d1d5c01-66b7-4d6b-b393-73e9de007dea,credit_card,1812.05,completed,DE
1320e07f-c211-4786-b30d-7917ee5069ff,f78dcfbc-ddec-4480-a937-779fe702a591,paypal,353.21,completed,IN
36f88327-1aa1-4392-86ed-9c3d2fca77fa,6e8400a8-1e3b-4791-a5df-535c203ddb07,debit_card,5.41,completed,DE
5cf8c29c-fcbc-4294-94b9-4a9f7eb010ef,0eec2cbf-902c-4092-90a1-b729a4ba4339,debit_card,257.6,completed,DE
b2539df0-fef3-43c3-aaea-300e83915052,1e59b9b2-bec5-496f-b2ae-6933e888318f,credit_card,658.62,completed,BR
b699fb19-a457-4a6d-83e8-3328643271ed,19de6839-5ca7-4ec0-b046-ab35b574ff27,debit_card,122.09,completed,US
36ed6577-18a9-4271-a8e8-4fa3f35f5163,839ef356-8314-4c26-9544-53564570abb7,debit_card,340.61,completed,NG
2d5e7e26-ce75-4326-ad77-2743fa04e923,74428169-5ee1-479b-87ea-3997c99e757f,paypal,192.8,completed,IN
f45e5977-fadf-44aa-b332-137fe89e192e,6647ee07-fa79-4d7f-9eae-2c6429799b42,paypal,445.57,completed,DE
5d967ba3-1c0c-4f33-8c79-0178c69c69d4,bd00243d-ba33-42ed-934c-0a45d7df38c8,wallet,223.73,completed,IN
44ab0191-d473-44a2-8307-d004a433ed23,64dd6054-8419-4b1f-906f-1ab28b0c910a,credit_card,1463.2,completed,BR
fe16b8cf-9110-40b6-b0cd-6efad9b4425a,c272957d-5444-46e7-86cd-f9738d2c3aad,wallet,845.03,completed,DE
d24aa10c-5d2d-49b0-8a26-65624fe4aa14,ca3b8c97-fc72-4a64-becb-ff19aeee4399,paypal,2833.15,completed,DE
7dbbc4b3-779a-4f0f-9e8e-172d48e15687,4663d0c9-945a-42b1-9bbb-b6251748b492,paypal,508.25,completed,DE
6df85543-3bfe-4fc9-bb23-8e3d9f881563,3a5996ae-32ea-4e8f-b3db-09a566ca3a0a,wallet,118.33,completed,GB
c9d3edea-1d15-4b46-b71d-0bf948a7ae30,f6cc943e-701f-4503-85d9-10e69feff91e,wallet,67.22,completed,GB
fa809dcd-3244-4608-b911-c975c63042c2,6f515d4c-914e-4287-b976-d602ac528173,debit_card,383.77,completed,GB
8fe72f21-8a22-44fd-bdf5-f4bcc093ee2d,688538ac-3c3a-4d61-ab57-fcfccda7faac,credit_card,551.78,completed,US
89f24169-3b9e-41bd-a220-8ca59f9457cf,a26e8ecd-d343-47fe-9d32-c96a6bad6817,credit_card,2981.6,completed,NG
01574309-5380-4c53-b725-636a4a077882,6a477657-0e6c-42f9-97dc-2f5ad8503720,debit_card,144.57,completed,NG
bb41c098-d365-4da9-a3ea-45788e449125,91b14e41-13a8-4127-876d-292688ac9699,credit_card,197.94,completed,GB
5b4f59e1-21b8-468e-9a53-923c039df7e8,2922c714-104e-49f6-b8a0-1cfb00845ace,wallet,631.8,completed,NG
7f990e69-819c-4916-b0e5-cffefb975edb,2886c381-000f-49b8-a35d-9eefe37f3f60,debit_card,463.14,completed,GB
8510a47f-e5a0-440b-9c97-9c1a3148e8a4,b1ed0ec1-e4df-4238-ba2d-10a035e6adbf,wallet,354.01,completed,BR
17862733-7b15-4c86-81bf-48eaf9fbc1be,9e472eb3-ac33-41c6-b879-253fe6b15dda,credit_card,519.02,completed,DE
de108476-fff5-468f-b398-d82ba9478708,3543f95f-0182-49b8-b309-91448ddf1ae4,credit_card,115.96,completed,GB
14998b72-5217-4d63-9eed-d52105092463,a127a35c-2e01-4725-99f6-d477a4332f4a,wallet,1621.15,completed,DE
e722b1b9-d19f-4c6d-bd91-2b66ce9e6489,372615c1-07a5-47ff-8be7-cd46bcf0fd31,debit_card,182.76,completed,BR
04223479-b32f-4be7-b9a1-8a8aad480ca5,b2718ee0-cad4-470d-8cc3-ada347a8974b,paypal,288.2,completed,BR
6dd7c3a5-e714-4469-9b58-510394586426,428435b5-f743-4838-9df7-4aaace7f7c0e,debit_card,218.49,completed,BR
0873f58e-e2f5-42b9-98b1-7cbef01dc096,20ea8dda-973b-4883-90cf-5fd88187ef49,wallet,656.53,completed,BR
56f8a782-98a6-43d0-b76c-f7c59547f019,3bdacaba-a303-476b-951d-8b20da09377a,wallet,330.59,completed,GB
02b6af9f-41ef-42e5-89f0-e70e5392b67f,a6f02f5f-25a8-48fe-81e0-060726871e11,credit_card,230.24,completed,BR
ca83e15f-89d3-4286-bf89-132cbaadea08,a27ce0b3-c394-40ec-a759-a61573ecd3a8,credit_card,163.29,completed,US
34103000-aae9-439e-8786-45617e34a9ad,f9cccab7-20ec-4c8d-9192-3848b8dbdd41,debit_card,286.15,completed,GB
d6ad1158-427e-4232-aac5-01af0d2dded1,7f00b7e8-a1aa-4421-8585-c9b83f97d8ba,debit_card,422.12,completed,DE
6814e2a6-f7d2-409f-91be-18444ddd1355,e7c5147d-ea99-4d07-a6c8-664e26de427a,credit_card,478.24,completed,DE
075aea88-a8a4-40a6-a87f-52c92b36c5b6,993d8584-52c1-4c00-8a3a-88f59bf95e02,credit_card,349.01,completed,GB
7e452c39-d425-4298-acc2-7417d1529a8c,4b9c7bd8-bc87-4c08-ab0e-f85958868d42,wallet,254.56,completed,NG
22c41671-b28d-4c0a-ac1d-61812a322360,61a0fbf5-2396-495f-9335-f18d4de5bacb,wallet,223.44,completed,BR
8a518d03-a858-41d0-aa08-e7a792218f96,d1c9c791-7be0-4b5d-aaa1-71ca22d891ad,wallet,2550.95,completed,US
21426a92-d907-48a0-8916-55d340fb465c,8c7a547f-c362-4007-97a8-f4f0108d6c6c,credit_card,601.14,completed,GB
4f0e5223-6a25-472e-9a18-d433135d25fd,20fbe6c9-1901-4c63-99fe-30fc4d05c5e3,wallet,1087.97,completed,IN
3e898463-35e4-4292-9a9f-038b162708e4,20c8fe68-40cb-46d2-8bbe-dfd441c7da45,credit_card,447.47,completed,DE
7d84bf78-d291-4477-aba5-8e6d37504163,84c594b0-2e5e-4a21-8154-8b09b059a397,credit_card,882.22,completed,DE
cf429389-ca92-4d4c-bbaa-b0dfbe821b48,c4e40e09-8bae-4d7f-b9ec-03a39769a0ea,debit_card,10.82,completed,DE
306e64fa-ed36-4ea4-851b-29aa025b0ded,8840975c-7ae4-45ae-a107-9383d9991c17,paypal,271.3,completed,DE
15f58adb-549d-47bc-b4f9-7e3f1f4fabe9,5f99a6e9-2fb9-4abd-9493-b623b00964d2,wallet,1734.13,completed,GB
21006c02-fbb0-43cf-b05e-199b3a1493c3,f87bf3f9-d633-4fb7-852c-249b51d44490,debit_card,522.21,completed,US
be0e8530-1c1b-4eee-b0dd-881d47fe1907,986a6ed1-7729-48f6-a884-3eac0ff84fb7,paypal,27.65,completed,NG
7f564f4d-f414-428a-a14c-c0118f8320b4,960cfa2a-0c69-4c44-b268-f28e7bd6290e,debit_card,397.7,completed,US
d1c06a52-0530-4624-870b-1e35733d9a46,4f3e6fe4-4ca3-4947-a04c-c90c984502d6,wallet,754.78,completed,IN
e5fcbec1-6dc4-4875-94fc-150eb21fa8e4,2c6b9da7-eec7-4d12-82bd-9b3549dcaedb,credit_card,156.75,completed,NG
6e507500-9d03-4036-87a5-dd3509bc07e8,d8ae4bae-7fa2-4bb1-be90-ed91239e7c27,paypal,152.91,completed,IN
b973a50d-f759-4429-8a6f-33156fa11136,5c6ca13e-8444-4bfd-bae1-539dec65cbd4,paypal,1303.25,completed,NG
8a5d9221-c657-453d-ae2a-3fc608704bbe,066512ad-e3c2-4f9f-803b-19cd4eb14525,debit_card,168.09,completed,BR
486ad88b-5761-40cd-8879-dc760d6ef3f5,588dac8f-8a99-4796-a6e5-66987386cbc5,debit_card,528.65,completed,NG
6b825edb-03fc-4185-86f8-1af5ed207eb3,b1655bcc-be9a-47c7-b859-3b59983a0631,wallet,190.08,completed,BR
1b7c049b-2386-4f60-a789-878f0b60912f,0c681a78-feea-4ac9-a59d-aff72923b25c,wallet,109.93,completed,BR
6db35be6-ea7f-4591-94d8-8f76e20ba736,74d67060-f6fa-42e7-b1e5-58ff06275874,wallet,727.79,completed,IN
42ac6567-633d-47f9-bba6-4acaea7d7c56,90e32dde-811a-4df3-b7f9-b56ea7d04628,paypal,266.96,completed,NG
46e29238-722a-4975-bc4f-a3a5d1c0c169,4ff19a5b-5950-4e37-94aa-25b7c2bb1d5d,wallet,312.64,completed,DE
2322b62c-65ef-4b7a-96d7-fa21289d5332,d83da33d-9173-4db4-ae76-ef1fcdabe089,debit_card,616.77,completed,NG
4a3e577d-e6e9-41f1-9d62-450745a3574d,c7a5b2f1-9d9c-438a-895f-d08f355e385e,debit_card,1623.85,completed,DE
22516411-f4bd-4088-af0b-0154ba62ee1c,0f0df061-3408-4c48-aa95-9804ad58782f,wallet,1291.95,completed,IN
3dc3e6cd-428e-4cb3-804c-d7715da02872,eaef5c3a-e818-4a73-a039-952c7d413e32,wallet,558.14,completed,GB
4b5ed130-3739-4323-ac33-a2b8668d5d47,11afba3c-61a5-4414-af40-c6a33672337b,credit_card,1051.26,failed,GB
b70f5410-4251-4cf7-b91e-4cf9c6845ad2,558c1c2e-d3b1-45e3-aa55-54568977c1b7,paypal,1699.1,completed,BR
bae11f89-a43e-48a6-9b37-d1838b02be7d,5af883d2-0a37-4cd8-a6ef-abd1db8ac607,debit_card,737.45,completed,IN
d9637dd7-3b01-4015-808a-a35549ec9fcf,49cd6124-d0fe-4686-bf8e-b1b585effa7f,debit_card,1254.51,completed,US
6a6d8e5d-54c3-44d0-b532-9cf0e086fdc9,08e8a89f-e4d3-402b-ba19-0c49d8f56184,wallet,229.65,completed,IN
86afcc25-d2f4-4c6b-a985-d93cc684858c,45732465-1465-46c1-b6be-8b29c15bbcd8,paypal,479.99,completed,US
bddeffb2-e681-433f-ba01-4d3cd806d9a7,cf4f3cb9-5d68-4a51-85e5-d8d394dff991,paypal,646.63,completed,NG
4e4973d5-8ad1-4db1-9be2-b421c81db9fa,26c768fe-1420-4f00-9995-828703a281d5,credit_card,365.73,completed,DE
b17f2f4f-d603-43cb-8597-d2ad5742ed93,b869ecba-7069-40b6-930c-82a4a2eb46b9,wallet,443.27,completed,NG
942c50d9-de76-423d-b439-db52ae42cfd2,cf241f40-8844-4c5a-8fe0-f47bdc44ff68,wallet,75.29,completed,DE
5adc2566-b535-4259-b9bb-c7297a9ee59a,256d4dd2-1cec-45dc-9e87-1209a77fcb0c,paypal,230.81,completed,NG
c4f5780e-f970-456a-9f0c-b5f427ff2f66,34b9521a-bd17-4920-98b3-174a3f52bb1d,credit_card,341.29,completed,US
524876e9-9f90-42cb-b91a-5e952c83ddf0,910aa2f3-c165-4fe5-9c95-428f2ee614f5,credit_card,343.44,completed,NG
c660f02b-422b-4c7b-acad-1337f90ba34f,fe98b88f-9b28-4fe2-a86b-eb77662206ec,wallet,87.11,completed,NG
bc7723a5-c614-4404-b453-c795825fab87,b86e016d-8d9a-4117-b9fd-ca0b3e42ad19,credit_card,627.92,completed,IN
3427f6d5-c50f-46e4-bfec-b05123f6a143,7a888772-a6fc-4bb9-9afd-758ca519ee9f,wallet,411.11,completed,IN
0ca4bc2a-0ff1-474c-97fe-9175d47aaf54,ef8c9a5d-2091-4296-906b-f47da016e12e,debit_card,480.94,completed,GB
b9429751-f827-4bd4-ae5c-ee15f121e165,8e89cb26-7dca-4074-803a-557c38a64913,debit_card,411.65,completed,IN
7b83d9af-6061-4b4b-969c-1ebb8f2dd8b3,2646f270-9c03-43f9-b7ae-27c9807c3ec6,credit_card,1052.54,completed,NG
fc562186-a6b4-456d-a1e1-120d11ceebb7,acd316ae-094c-46c1-9dd6-1fb54bde60fc,credit_card,356.97,completed,BR
eaf36eea-9ef9-4fd3-9e59-4dcf42f3a6cc,352afb11-6822-427d-96c2-ebcdebf3948d,credit_card,1712.36,completed,BR
0f4212c3-75ef-4484-aa08-c7fa32653658,0666e9e9-760e-4c3c-ad27-7e53322223e4,debit_card,196.89,completed,IN
3152cec7-2f85-475e-b01d-f44d6bb48750,37e7216e-3f6d-40b6-a39b-0e583d801a60,debit_card,660.13,completed,IN
c75c73a0-dea2-4c08-a55b-0497a106376f,3389c92a-7d99-4037-9c7f-467521589f7f,debit_card,406.63,completed,IN
c468b737-8f81-4820-a01c-ff8db91b6518,e7d4b359-2302-4f4d-9b67-024eb60a649c,credit_card,19.89,completed,DE
5545f54c-3b59-4c1b-8507-d913fddb93f3,6eaf826a-cb9b-4873-9269-7a446ea3edb7,debit_card,375.08,completed,DE
bb92967e-e3b7-4cb4-b932-be7951c654bd,6619852a-3995-4b61-8e65-358cc967168a,debit_card,138.88,completed,BR
db16281c-3dc9-497c-8ddd-02eabfa83b6b,847ff19c-67f5-4f3b-ba05-6207b5f88a2b,credit_card,688.36,completed,BR
d789c634-ff42-4e2f-9945-089cda5833e1,da1844d0-51ad-4d2f-9817-d02628c9aad3,wallet,103.23,completed,IN
ec5e300c-b12f-4e02-ab46-96e9444591fa,58a91282-5835-433c-b1a4-06a584bf6538,debit_card,290.64,completed,IN
67117304-0786-4ead-8397-7c8ffadd70c8,a8d2c5a6-36db-4c08-8579-dd0665dbf73e,paypal,239.49,completed,BR
655c8f96-8956-49f7-98ff-6b45d09e60d0,5eb80e53-35ba-40cb-b4a0-826d087a7b3a,paypal,369.99,completed,US
0c92d7bf-f189-4de2-83ac-de5f7c1f8284,653f2e54-b233-47c7-9af9-e4e60d64239f,paypal,1148.5,completed,GB
70c3ae73-7f7f-4d23-97b0-4a0a10664cc6,f4bafe49-afe7-4b79-8bbf-7ede2f247d97,debit_card,1369.72,completed,BR
a2a1fbae-13c0-4552-a318-3d28a3ead67b,7dbd5e76-3252-4ee7-8128-eff274bf23bb,paypal,1280.21,failed,IN
c87a1309-4ef9-4907-9eec-a30ecaef7f58,e4d11c82-d4e5-496d-acdb-d53650bbfbaa,wallet,573.52,completed,GB
710bcedc-3c32-40ad-989f-2f83861e7c1d,ca67c605-0a73-4c41-b380-724d901f0c16,credit_card,923.71,completed,US
aab882a8-77fe-448e-9c1d-0a50de28ff21,671a842a-2f0e-4822-ba3a-1aa1dafa74af,paypal,446.89,completed,DE
40229123-b727-4c81-9e53-785f07dc6a83,12b68bfb-32c7-449f-ab52-f760e4728317,credit_card,104.49,completed,NG
10f4047f-40dc-4b73-82d3-752f8bdf2cdd,10bb8086-ef48-4008-99fa-59a13a35916f,debit_card,75.72,completed,US
55eb24b4-0e37-45f6-8466-5777d53e7ed4,ffdc7f43-653f-407d-bd30-093933d63927,credit_card,379.23,completed,BR
3e085a76-56a2-47de-93f6-e1ccd4b409d5,d0a0da07-2ba3-465c-82b5-3d8d75c766f2,paypal,498.5,completed,IN
564daaae-36a2-4109-a411-c73e85977b44,cce802e2-d377-4b0e-9f1a-988389ffa0b8,credit_card,167.45,completed,US
ef4d7297-8045-4a54-b931-ccaec14828fa,b51afcaa-b89d-4811-831f-59067dd3b324,wallet,539.0,completed,US
b80df48b-7e66-4a48-af96-963771a53433,ba21fc1f-be16-4804-90b2-cc675612320a,wallet,430.0,completed,US
774ac36b-3a20-41ac-838c-8eec98544404,bb8911f5-e738-45bb-b8c5-7c46411e752e,paypal,720.28,completed,GB
0bd9011b-c584-4625-a84f-1c585289917c,a801b6d0-b37c-4013-85e0-e9402d9cb2d4,credit_card,1386.34,completed,NG
f1533633-7f81-434d-8363-cf16e45b7097,13d5b28e-eb2f-41f9-9dee-bd14c8bf06f5,debit_card,2919.4,completed,IN
e818639b-44ff-49ff-a03a-fdc85d24a65f,5c7aa625-722e-487f-9e40-15a704bb5136,paypal,187.0,completed,IN
66bd32a2-d804-4a11-bb56-467850c74c86,d95e2132-3086-41fd-b013-c8e232e9bca3,paypal,301.71,completed,DE
621b528a-80a3-4a24-bfbf-4158532f0719,1b1f3da7-9550-46f4-9868-bba6dd26a31c,credit_card,315.12,completed,BR
eb0135ec-2059-4181-a80c-d5ddc8042f9f,dba5af9d-a6a5-4e1b-9655-a756f5d10416,debit_card,203.62,completed,US
472dc115-a746-4085-8991-0c5e7852bc0a,9fd1ff6c-16cf-44e9-909b-7185097598d3,credit_card,831.32,completed,GB
d0319cf9-357f-4918-8512-f55ef4d6685a,6a32b9d4-df8f-4899-aafa-8b6e8ef4b81d,debit_card,342.39,completed,DE
8c2cb969-65ea-4322-84be-45b138256423,8405a3c9-d3a8-48cb-b702-4eee43279f40,debit_card,480.78,completed,US
dfef3771-356e-49e5-abdd-4b939630d968,a851579e-6792-4e3a-979c-6d8664e41454,credit_card,1326.89,completed,GB
04a3034e-305d-4c26-bed9-f6e8b13c0ae9,ebf6b560-7d53-46e3-a2cf-a690ad98eaf8,credit_card,644.42,completed,BR
cd28c058-185d-4766-9545-ba38d0dd09f4,a43230e2-d4c0-4639-abce-146133598d2e,wallet,1945.75,completed,BR
0d169d1a-ba0b-4d96-a996-db6a1ffb25be,9d481ecc-0fbb-4434-afec-2d20c5e1d556,wallet,459.76,completed,GB
39af2553-4ca4-4f14-9587-9c1f748ee32f,f8585e9d-57a6-46c2-8a24-61cd15e01f43,paypal,1015.37,completed,GB
21a03e63-4339-48a8-8bf1-8ea8b88fec40,daf618a8-cbf2-448b-b01f-dcd60dad19ef,debit_card,273.33,completed,BR
4e637bc1-c394-468b-9ce8-30ff97e7ab2a,4fd7b736-7b9b-43b6-9319-2644a48497cd,credit_card,138.57,completed,BR
b23ff27f-0942-4ebc-b15a-1496b7941a70,c4a7c9c1-00ea-42c9-a40b-b6a6d5ba08d2,paypal,1089.66,completed,BR
4ab7816f-b7de-4a1b-a3fb-d721945b3a36,4008fd4a-9d7d-429b-b987-b9db03e5c24d,credit_card,981.85,completed,IN
3a56bae4-f77f-4958-8ed1-b4c097f0661d,50ec76c1-6652-4389-8d0f-d088623e4b5e,paypal,773.73,completed,IN
ddd8d3a7-15c3-4729-a9b4-a4597472692f,760469c4-5f53-43b4-9be2-773ca85f8b82,debit_card,95.93,completed,IN
da005ba9-b4a4-4719-9820-c5559695e976,a01da124-f03c-4111-984c-c5fef2ab9f3b,paypal,808.37,failed,GB
f71c607f-fe5e-49c1-b446-84b214325f15,179cb594-c56f-48ae-837f-6245586f4f1e,wallet,678.44,completed,DE
26b6862b-d635-4fb8-a402-0089e0b7d713,c665b176-e9e1-48cf-b77b-ba7748540c52,credit_card,414.88,completed,DE
23f596e3-03be-4c01-baa5-f7e136d4e790,348b8df9-9671-46b5-81c4-580edbce3e6f,wallet,88.15,completed,US
24336e6c-5fef-400b-924b-e303aa76d1bd,a7ceff4a-b405-4975-9ec0-acbd88b7e5d3,credit_card,34.63,completed,BR
ea08e411-c99e-4d5e-8a1d-e3fc2a7d823c,782bc621-7b24-4832-a312-1464b83f3cab,credit_card,531.29,completed,NG
4c6bdc90-6c5d-4f2f-9414-1776b04dc94a,5ed20442-4baf-4494-8f8b-470ac59b9ef1,debit_card,414.96,completed,US
293a8f6a-67a6-4333-ab7d-767f030f8007,7ca2c40a-8be8-4a4a-ae68-e4c8d9cf3cbb,wallet,829.37,completed,IN
8c1c8881-b70e-44ae-b5f4-a7ca4ad90970,80fed366-bc86-4b8f-b974-bff5a98f5736,credit_card,152.73,completed,DE
b8deb4c2-d028-48e2-ade7-488ae94b2d25,4f298e20-90be-4dbc-a086-3a50a68449ec,wallet,889.62,completed,DE
5daef119-65f0-417d-a805-06a1f536863c,2506d364-598f-44a6-a28d-db4927622f7f,debit_card,1108.52,completed,US
701d8db5-96f9-4160-8a09-852253d745a8,16d05bbc-387c-42e7-9971-02265fc231ed,debit_card,1279.59,completed,BR
25edb9c7-3044-43f0-bb38-9a72492ed3bd,d6255c4f-ff5e-46fd-8085-a6969517aa6c,paypal,476.92,completed,US
bdf89e26-f2d4-4099-8f86-e657e77c1351,4a2ddcbf-7c8c-4ed3-8265-0c6f04faacf6,debit_card,1988.2,completed,DE
424bf464-a156-4a67-b42f-34386e0d524e,47b94f96-8309-4a10-8ce7-573d813128ff,credit_card,25.78,completed,IN
26e2103e-f112-4a45-b913-70d053ae6763,09c344a5-09da-4cc6-98b2-022d6a2c18a9,debit_card,224.62,completed,IN
fc52c0e5-8cad-433a-a35b-5185f83c26a2,feb22020-9638-4b9f-9121-fed99a2553ba,paypal,370.61,completed,DE
0f7dc8ef-0cf4-4096-aab5-ff90b0a7b772,61479131-4f47-4a5e-b04e-9a2ca8922044,debit_card,485.7,completed,IN
9471fe91-8721-4018-80f0-fca4d44fd955,07f36952-76e5-4ded-969f-7fd415a5494e,credit_card,74.64,completed,NG
7f715808-2da1-47ba-8c22-a7ce8ef86615,2e71e105-7315-4af9-aad9-02a39fed48a7,paypal,44.24,completed,GB
dc4e5680-7697-42cf-a897-9e99fb423d37,bd71271c-d013-491b-880b-cfb1a9f2f875,debit_card,389.76,completed,DE
897da0a3-29a9-46ff-aabf-dddabb4c23a2,5119fd61-5ac0-44f7-b109-a4f100cedba2,paypal,197.48,completed,BR
f566df09-6115-4b83-8536-e64dd474e14d,d8541a36-7fe7-4500-9caf-f8dd33d08190,paypal,283.81,completed,BR
8b7b3f49-e747-4cb9-9357-bd7a731b24d0,78882046-15b8-4a0a-b1ef-451b96468e14,paypal,370.11,completed,IN
2de5b749-e31e-4262-bfc8-8d79924726cc,0330732c-68b0-4d9c-9308-c4f8fb27c965,paypal,338.54,completed,IN
44cd3f99-63e7-4a6f-8ac0-c6f84b35d313,8fcfc6ec-dfaf-45bd-a500-fd1487ebcc6b,paypal,120.02,completed,IN
c2b1e297-671e-4d0e-92e4-c868f66d8d1b,26ec9e57-6880-4e67-9d5a-135a3475d293,wallet,315.73,completed,DE
3ad1b797-d0b1-4b58-97b9-1dff607ec622,8f37c117-816b-4b73-a013-f3a4336a1922,wallet,299.91,completed,BR
aecdfe2d-624c-4a0a-8d34-59035f15de8b,544d21c2-f9bb-4c9e-aae3-885d24753e18,credit_card,60.56,completed,US
c46fad6e-b0ec-4d80-9a45-4eea11d98a24,6cda4a8d-c72d-4b2c-8b28-d5e8f4a398f6,credit_card,558.46,completed,US
a0562942-f075-4745-b2c1-869a1f0e79ef,49c14100-4d12-4165-aca9-66c7a6f04167,paypal,502.48,completed,BR
ed2953fc-3689-4251-86e6-3051ef500afd,bbaca367-cfe8-4e39-ae30-400408317533,debit_card,282.11,failed,US
ff67cb52-1125-4bde-83c0-80e0f8ab7c2d,463e56be-6ef5-4b26-8934-3cf0f33b6b57,debit_card,721.67,completed,IN
1d006e10-2f1c-42d1-8502-d9458bb92b47,c594659a-8242-46ee-bc35-0f065dbec314,wallet,693.34,completed,DE
51f92b59-954a-43d8-b456-d94b7480c0d2,492258f3-73e6-4e6d-8cf5-58a2c56b8547,paypal,764.79,completed,GB
1b10ad42-1204-4a5d-ac39-03d49cf87552,7455a73a-ab80-405b-8268-c4956c6e83ea,paypal,397.16,completed,GB
a5957e10-3094-4e23-9e2b-3dea7d6cc413,db041065-0c7c-43a7-9da7-84a381a2e664,credit_card,430.65,completed,DE
9477db2d-a714-4134-94f9-63c962562f93,4265d3a7-b022-4c91-b1de-bd568dbdb74b,wallet,530.28,completed,US
42b4e67a-93b5-44bc-8571-8eac84b372df,cb211710-aa48-4d49-b011-e878c5dd42fa,debit_card,357.17,completed,US
33661813-a440-435a-bdb0-7d2bb9bd898b,54903857-ca0c-44d5-bb4f-05e9b04b67dd,paypal,354.81,completed,US
3ae92190-ca73-4543-aec1-62ea34ec3884,4a71d776-5165-455c-a92d-580378a2e842,credit_card,847.9,completed,IN
15271a7a-eb9d-45da-b576-b5219f4f665d,4a15065c-3e43-432d-93f4-9c6401517330,debit_card,538.4,completed,US
cb9b98fa-7ff7-4f29-bd53-8eb7a703582b,0f48bcaa-6e53-4de5-9897-9b7faf510b1e,debit_card,6.62,completed,BR
d49fff18-b3c2-4038-ba38-77aa63760c67,ec6bd00c-a479-4b78-998a-1ac4fb805a04,debit_card,289.23,failed,GB
af9feea4-a4e2-44ef-9fa3-3b8a4966fdf7,35c078bb-c328-4bb7-86fb-3fc0007bd2b0,debit_card,96.68,completed,IN
b39c644d-c20c-456d-a42b-cc97ef86845b,b1ef2116-4653-431a-852d-13d4078028c4,debit_card,1842.9,completed,NG
ae50a605-3891-496c-ab74-7673207207af,135bc2ef-d1ce-47d4-b9e6-3b27434b353c,wallet,555.75,completed,BR
29033777-f7f0-4144-ba1d-0a29f5aeb123,aa43fb41-096e-4e31-98f7-075fdfccc315,debit_card,1470.72,completed,BR
56830d4c-fb65-4a22-adfa-af03ecea98de,823413ce-5769-47e8-aa36-f5b1aaf3e15d,wallet,155.63,completed,DE
8c64e860-e0bb-4d07-9608-38a20740541e,a9e9c88d-8442-458f-8730-77ca56e39d04,wallet,759.1,completed,BR
93f489c1-7f95-43bd-89d2-0983bf5fb3ef,442c030c-2a83-4d1e-afb4-dc3553c6ec93,paypal,506.7,completed,DE
11e8e3b5-1aa7-402f-b788-678cd2efc613,4d6f3bca-93bd-4532-a841-c10b3e466a4b,paypal,1098.46,completed,GB
b8dc3b88-4ebb-4267-9a94-17120a79d657,7e8667c5-3a35-4f90-990f-be94d69044f7,wallet,430.62,completed,US
3bdb2f47-fc6f-43c5-9c93-685386f9a247,cca884ce-460b-4465-9f88-d2e02f06b659,credit_card,359.19,completed,US
ae8c2e1c-73bf-4d05-9aaa-d49d5118a8de,619444fb-bb55-457f-8737-c05bcc6ff4d6,paypal,61.49,completed,BR
bac9368e-ea19-41e8-9436-8685fbb048a3,cc6bc3a5-6c1d-4006-b1d1-2d1f52818d10,credit_card,90.95,completed,NG
e60cc60d-8d12-44a4-87b7-45107df9277e,ebb9e705-5824-4a4a-9937-081ab11301f6,paypal,719.35,completed,IN
8e448bb3-21f5-47a1-8d0f-223526bf84eb,910daafa-39e4-4044-b0eb-8b81b07a0098,debit_card,822.04,completed,DE
21f66272-69a7-41a6-a3f0-e34e794be7b7,edb3aad1-2185-485f-9eef-90690d41c93f,credit_card,1404.12,completed,GB
10a80751-c74f-4f4b-80f6-beefa0ed0c7d,0d172653-18b1-4698-a9a8-5d418540df1d,paypal,379.94,completed,DE
32237f8f-492d-4913-ada2-4aa6cec1bc51,6efecfe1-ad0f-4a4b-9f32-6e78ecb7f0a8,paypal,419.08,completed,BR
6066e4ae-ba65-418e-bdf7-65a7f0b2b0f8,6618a027-ec74-4d80-b524-116177d17cf8,paypal,114.19,completed,DE
7ccea64b-3e53-45e8-9e17-d66ae8ed6c14,c9b4af7b-41bb-479a-83f3-ff2261064e36,debit_card,414.77,completed,DE
c92f60ad-2bd0-468e-afd6-bf6f04a1d8fd,b586113b-b5f5-43b4-b18e-a51ad5cc95ba,debit_card,634.05,completed,BR
6c7063c8-a952-46f0-b56f-025abe21f779,cb163b04-dded-43ff-83fc-c10ebd168331,credit_card,408.82,completed,GB
97bd1a87-7557-40b0-93da-5069d3c8bf3f,9abd42ce-d245-473c-928a-7f1f96768e0d,debit_card,520.41,completed,GB
604a89bf-96dd-4f83-b493-511e6e0e7808,a229595c-3a2d-40a3-a429-ebe3cf6b9744,debit_card,764.84,completed,BR
3f54ac90-da0f-47bb-bcc6-51c791cf177e,134ca492-a400-4f65-81f3-781d5f0cd040,paypal,227.02,completed,NG
8dbcab7e-4ba0-4ba0-b0de-3cbf65de0f9d,ac524df5-8e4e-4a29-a98a-ca89e93402f4,credit_card,74.77,completed,BR
b3a00220-044b-4432-b363-147e2471f8ac,0c2aed5d-483c-4f3e-b17b-06788c25343c,credit_card,187.11,completed,BR
82b38d41-e926-4072-b723-6121a4c078d0,c2ea5cd1-823b-4b4e-8e52-d14c39f5dfcd,credit_card,699.86,completed,DE
76c6a034-4771-4195-b4c0-a440a49b988d,9581ceb2-c972-4e8f-a8a2-69b58cf94571,wallet,426.03,completed,IN
e3252c2a-2e8c-49aa-9bb4-1673aebbcdd9,ac1074ec-fb02-417e-a614-e66a8e1ea68a,credit_card,198.66,completed,BR
615927a4-1ae1-4d54-88a9-10e3c2699ed8,a82e230a-38a5-4ccf-a054-271f3a04e3cf,debit_card,766.16,completed,NG
d3c1ae6b-88cd-4d70-82ca-8ec6cdeb1cf5,aaf4f430-594d-4445-896a-14ac72cef9d3,credit_card,1473.15,completed,US
958e3274-cca8-4dcf-a677-16b3201a3e2c,b677751e-966b-4994-9efd-c9bb7ed7cacc,paypal,413.8,completed,BR
e9992c04-892d-4379-b43b-730ea73be3fb,46a12725-180f-48e1-8c93-986a36b601f3,debit_card,245.18,completed,US
cd40dc97-fd5e-4baa-b8a4-ad0d2619afb2,4131eadd-7e08-4a46-8fd6-5026522c8710,paypal,503.2,completed,BR
6f6ace14-1b9b-4056-acfa-b79b26cdd2f6,cb9a84f9-1d13-4d26-bd84-158d9cf3ffa2,paypal,376.68,completed,BR
84a1f44b-44f4-4cab-8eb9-7a156139e2cc,ef20d79c-0b01-4b9a-b3a1-e6012b0df00d,paypal,220.46,completed,BR
935cb161-22a8-4d7c-be86-cd9fbb408599,cf67d8dd-a88b-403a-8cc7-92afcbfb431f,wallet,477.43,completed,BR
05eb1728-f3a1-43d3-ab23-43b604831fda,d2127cbb-a49d-4b1e-830b-a0db2c4eae96,debit_card,447.68,completed,NG
08306198-9d15-4ccd-a835-5a6a453ccd8a,c0ac07d0-1331-4bc3-a58c-d1adbcc3ef0a,credit_card,215.98,failed,US
cf77256d-60d8-43b4-910d-388eeaec7c80,4fe08895-6171-4bef-b78f-f684705009f1,paypal,464.64,completed,US
d81b5140-4fbd-47d4-b289-423e0c25d03b,ce6176e8-ebbf-487f-b6c7-895a6e810bf4,debit_card,649.72,completed,DE
1c43d7c8-deaf-46d2-aff7-4c6bfd2e53a8,6101ef4e-a242-4e2f-8810-8e1abcf5e5af,paypal,2058.35,completed,BR
ebfc1b5c-6ffb-4e22-bcef-18851e3da226,07652c51-a9ff-45bc-99ab-105202ad70e6,paypal,308.17,completed,IN
40e295e2-d11b-4798-84b3-63b5e0d192fc,3bf9debe-4f35-4696-8bf2-d974734476b5,paypal,475.5,completed,IN
786ef070-6e73-4ab6-bf01-9e83a641de96,04679905-1b23-4f73-b9fe-769e5adbff2e,debit_card,645.28,completed,DE
55449df5-076e-472a-828c-1741ec5b2f9e,bef3fa73-30f8-42e2-8cfc-adb67f6d1a14,wallet,526.7,completed,IN
bc5e36eb-3489-4208-991d-966ed5cceae2,b1c0bdfd-1030-4ee3-882a-93846f93123e,wallet,96.43,completed,DE
d2448a72-d52b-4bfa-a0ec-600a1379ba01,35942afe-5bf3-4474-bda9-7312b5f93337,paypal,263.3,completed,NG
2031b949-4688-403f-93d9-f70636fcc47c,3d17f17f-3d09-47ad-87dc-3a0bbbcf97ac,credit_card,263.81,completed,BR
6aba5f5f-53e3-4d71-b7e6-478e5fabace4,4ab67203-5d1d-4cca-9e73-a64877e63ed1,paypal,353.63,completed,US
27dc0e21-cfd8-4ea6-ade9-19179df2c7f6,9728be23-4364-4ca0-a2a0-79f0038ada35,credit_card,421.66,completed,BR
0b0b7819-f271-4a0e-9d3f-e0ee773f2bc7,41c91e81-4011-4562-9843-13e1b35df7fe,credit_card,610.25,completed,GB
4eac3a2a-8fd8-426b-8036-dd2c4864d403,bb0bf2ea-4d7f-4c37-868f-af157459652a,debit_card,100.07,completed,US
b563361f-e097-47c6-a641-a7f3dc2eb7fb,c852537a-56c1-417e-b8c5-eb6f1422569d,paypal,277.75,completed,US
51b3b3b8-d416-4e51-a7bc-97e47f42edff,c42326cd-b4ae-4f1f-b40f-5337c222bc6f,credit_card,454.23,completed,US
0b93bb38-8a35-44b5-8e9f-7bc80d361a6a,2818e32e-1e62-4150-a069-df78defe758e,debit_card,352.23,completed,US
12da93de-c324-478c-b327-3c0dd78174f7,d5af8da1-4ab6-4833-b2c9-a1985981a146,debit_card,449.2,completed,NG
47504b57-1f6b-479d-9507-eae331545d93,7677c8ec-0f2a-4985-8978-70cd29c33689,debit_card,501.82,completed,DE
e98302c0-89f0-4b9d-a035-fc95a529138e,83d6586b-79d1-4596-9107-f2483b4ad8c3,paypal,1265.79,completed,GB
b68eace3-0bbd-432f-b2c2-3c7d449bdef3,baeb33d9-4024-4d2a-b3f2-50c244c0a615,debit_card,412.67,completed,BR
cbc3cda9-266c-4196-a45e-00a2cdd610f7,1458e1d9-0dd1-48eb-b619-73fba9fab000,credit_card,277.92,completed,NG
12b0620f-adb5-4985-824e-4c732addd676,491fbed2-51fe-4af5-8d9f-4e6deba4fd8d,credit_card,43.66,completed,DE
af4787db-aec8-4cf1-b08f-1fbf8439c957,730302b6-bd8d-400a-943b-5288aa9743ee,paypal,49.44,completed,DE
cac1d894-4486-477c-9632-957e9e8fcd9f,3f73a422-794b-43c7-95bd-a265ae1c727f,debit_card,856.75,completed,DE
0bc25e3a-e080-4d0d-8fab-421976d5f239,dc29f408-2784-4c22-8a54-761a24396d37,paypal,342.93,completed,IN
4735c95c-25ac-4d45-b94f-d03f7799ba59,66fb726c-8b0f-4557-b086-452c5e50bc73,wallet,393.0,completed,GB
5d8f327b-c9bf-47e2-8ef2-fb59c7baf70f,22a9a7d5-5aca-4d0e-b8d8-fac134417665,debit_card,850.61,completed,US
dbc0fca1-49ec-4535-bf7c-379000fd5c9a,a5643931-946e-478c-9bb7-503cccf76a00,paypal,421.48,completed,BR
2e179128-362c-42f0-a8f9-b388a02810cb,f25bb747-bef7-4b61-9253-b318a7a60c95,paypal,411.07,completed,GB
e01ae823-1cd6-42a9-9b93-6e964161cff3,b2873c92-e6a2-48a1-b61d-d50878bb2364,wallet,987.37,failed,BR
b8420684-7e7c-4315-a57f-0d5cc06e67aa,e08c1345-fa56-418c-ad3c-debd2f732660,paypal,40.58,completed,BR
e0465d2e-60f9-4e67-b16d-f146840fc139,3147352a-af7b-42fc-93bc-672aa0f182e3,credit_card,592.23,completed,GB
c10b8e23-e726-45ab-a1ef-9a6ec4da2ec0,38d80e86-eb14-41a5-b673-9b8b4656eb13,debit_card,684.77,completed,IN
b175b33f-6e97-4bc6-b2e6-3743d788b522,92dbd8bf-c2c8-48d4-b18a-20789fba1e04,debit_card,352.72,completed,IN
6a2aa4aa-5430-4a8b-a114-b6f25f572ba1,6268e024-2fb8-4e22-a979-6a229ccba444,credit_card,1404.89,completed,US
ce69630e-60c6-48c8-aacc-5a487022954b,a0e81ea4-1fd9-4d64-8fd9-32a784fe26cc,credit_card,280.4,completed,DE
93de34ec-f3e8-4ea1-b237-a86d4b5d0842,a859e049-85d5-449a-862a-b7b47e87bb0d,credit_card,584.5,completed,DE
c744cf90-431d-4e07-94e2-cbcf45450584,e4981cde-9476-42d8-b401-7f5b82fb31d9,debit_card,389.86,completed,IN
45d44736-55b1-4a9b-8fdb-4ad4d85b859c,63379aa7-6dc4-41ab-9dcf-611dc34af0a9,wallet,500.53,completed,IN
ae77d774-0d37-436b-9cfb-67f17e17ef54,f8b1119c-f74c-4d68-bbb2-7d841540b558,wallet,266.87,completed,DE
b987bee0-1087-4cd3-b2f4-c36b354fe41e,1542f1f8-9969-4242-838d-d5d8d5d6856b,wallet,24.2,completed,US
89e34193-d772-43f7-b940-0a946b94ee6f,e174a873-885f-44bd-96bb-b774ca80355b,paypal,1024.47,completed,DE
6554abc4-ada2-44bc-9a85-cf8aa873c41a,bb6a8c03-7df2-459c-a2a9-4fb5aed2edc4,credit_card,405.98,completed,IN
a549d16b-7cb2-499d-b5e8-6323dbde3a29,baa0ff20-b41a-4c7c-9d6e-b5eacc737b30,credit_card,621.26,completed,BR
25a49ead-ed9f-4505-a2a9-63e110c9ba94,003a65b9-4700-4420-86bb-3878400a5a40,debit_card,119.79,completed,IN
4ac27c7b-527e-41a5-ad2a-3b4d2b030709,291d9daf-0253-4ea9-8a76-cef89812b611,credit_card,10.82,completed,GB
6348ecb1-a959-432c-96d1-7689b8f3ec6b,d9276734-f6c8-45d2-82ae-129080d92747,debit_card,130.13,completed,NG
e7279b56-f38c-4f07-847e-63d1e4978ac9,475fe3fd-f0d9-4db1-975f-4729486e569d,paypal,1579.72,completed,GB
c8709fac-f24c-4bf2-89cd-bb394a83b924,5a2bc083-a4b5-4f77-979e-78042433379d,credit_card,126.14,completed,US
e6ef7de5-9eb9-43ef-a0be-b22b2f09abc7,b5275c0b-e85e-486b-8a66-11619f699531,wallet,645.58,completed,NG
aa0b7008-d338-41f1-8e02-56cdf3d1b6fe,a160cc1e-e57d-4362-853a-f0f4e5069bd9,wallet,477.72,completed,GB
6db4e9e0-9a34-4c72-9148-9a0a54b39b6f,d7e885e6-b56d-4b6d-b419-5cd037ab2b39,wallet,1223.82,completed,DE
01c0142b-7228-4389-a574-93f093afa9f8,0ce22cf6-6002-41f5-b744-a84667c6e63b,wallet,108.6,completed,GB
c38f3d6c-c363-44a3-b352-dc9657146aa0,8b2b4726-cff5-4b1f-840c-9026434a3837,debit_card,1006.94,completed,GB
1d506ea1-e7c6-4bcb-8015-d838b1fe8069,a204409c-006a-4f47-b1a1-b471ac683fe0,wallet,23.05,completed,NG
e687296b-7fbd-4a43-ab36-51ca6dc3c285,71b57eae-50a5-415c-b741-c601be4f4cdd,wallet,326.71,completed,BR
8941bb26-7330-4278-9792-603081973f50,9bcbb1a4-b209-4a71-91f6-11e297c94930,credit_card,641.95,completed,DE
2e45e63a-b9be-49b4-ba39-732fb0848a57,0e04a1dc-bdab-4aab-b585-fcacb702ab3e,debit_card,138.87,completed,BR
7f4c2d0f-566b-4359-a1ec-56e1a7680b02,b8a5609e-9a70-4cd5-86ce-fd63861eedfa,debit_card,227.06,completed,IN
5dde4e91-514a-43bb-b5d8-a8de3e3183f0,176a8291-8f62-47c3-9a6c-1046a41de068,wallet,552.5,completed,GB
091e1092-f6a2-41fa-83f1-093f11e8016a,e0524021-d20a-45b3-9bd3-2a54077b574d,paypal,181.23,completed,US
dda4a8fd-534f-4f69-8b4d-d23610d5dc1a,db8c47d7-c854-4379-b833-e1e5905a4858,credit_card,749.51,completed,IN
f24936cf-4cbc-4022-9309-b526b91297eb,9b6417ab-76d5-456b-a0ca-24140dbe26d7,credit_card,471.3,completed,NG
e8015d43-41a9-4b6c-8000-972ce7fcb3e9,8c6819ee-4e72-4cb0-8054-1bb8ac942765,debit_card,758.5,completed,NG
d3e2518a-02e6-4ebb-801e-77d8939bfa89,421bb24f-6a01-4d2a-a2cc-80aa48158775,credit_card,164.29,completed,NG
24642c03-a8b0-4b50-baac-b279d8b7c4ce,8fe2e3ee-bb8d-4a74-8735-4b528a120d4d,paypal,304.29,completed,IN
ce915f1e-e4ee-4024-b16e-7fb23a08a276,64aa56af-5e26-4286-bbd0-a2ce9e645b0b,credit_card,252.04,completed,US
f61cc391-4fb3-4cae-b6df-892b26996bdc,5fb82c10-ea88-4d21-bc71-d55283f70c46,debit_card,554.01,completed,DE
671b3de3-d854-47c9-9571-54bb7726f056,3201d075-d4b8-4212-87a5-2041443edf62,wallet,209.53,completed,GB
b247cb78-2d3a-4e1d-86a1-12ecc373939e,a9f94c97-ccf8-4cab-bc6e-69fdce57a4d6,credit_card,1928.06,failed,BR
0693b8fc-ef27-4b92-8ef7-1c3775223085,adfc254e-8c1d-4e3b-b462-1e0a6ed937e3,wallet,371.44,completed,GB
1af95f0c-821e-48ee-a209-dd47705bb4cc,c2c9b173-0a47-4839-b485-cba75c6204f1,wallet,9.23,completed,GB
393f67f9-b523-4ac8-9fd5-e40775f2832d,1446343b-8beb-4309-b980-cd683653d824,credit_card,79.91,completed,BR
7f6331cf-8049-4079-b4d4-2735b9f93cb5,6bf67fc4-0ac7-4634-98d0-93e4d060f500,debit_card,611.13,completed,BR
956b3361-8afa-4485-a3f1-f803a68b8462,9b527c0f-e1f5-41ed-97ad-9fa0f490cfe7,paypal,2072.21,completed,IN
b8eaede2-70bf-4ebd-9cda-caf0a37e7dcf,d46afc8b-7512-437b-8f96-d0ecc08e3736,debit_card,23.05,completed,DE
61a15d21-e769-4781-b0af-5c1558c1fde5,42bb21d9-b4ee-42c2-8419-6eb89c15baf7,credit_card,552.61,completed,US
e19045aa-e8e4-49b3-8e88-dcc341d07ca3,5a5f2401-4399-4116-a82e-893337d01fa5,credit_card,126.31,completed,DE
cd1dc966-0f0f-44c9-b009-a0ecb22812c2,ebb7d2ba-678b-477f-a5ef-e2e8d32e6460,paypal,122.66,completed,US
26477aeb-b749-43ac-afbd-b58b27036463,78f8c2af-5bdd-42a4-acdf-23bc564186a8,debit_card,759.48,completed,BR
81191740-a3e1-40bd-b4d6-cc7f5dd1a7b5,e5a70b7a-8e13-4422-8499-32154eb6d24d,wallet,21.81,failed,IN
56465610-3125-4bcb-9c96-d71fe0408033,07452cca-d819-40b9-ae79-e7e4431ba4f4,credit_card,198.15,completed,US
f4b3796d-4ac1-4d76-ad55-da4fef5b0747,19e5f152-7de1-400f-9502-624db1c600c1,credit_card,129.84,completed,GB
7ae8b798-9651-4ee8-9643-0d40c768288a,1478428a-b6a4-4ea1-a7f5-fcd6632b773c,wallet,399.97,completed,BR
42e11bfc-a0da-4e2f-b14c-e3fd9a3926c5,be57613c-594f-422b-8cc9-9783a0d3a257,paypal,720.19,completed,BR
807bcc2a-2e66-491f-a99a-2b28c74e2cc8,cc115a74-a90d-4583-bdd5-65763a8ab271,paypal,136.13,completed,BR
f044e98f-b904-417f-b517-e80fbbc76e23,b38a00cd-37a3-46a0-af79-b64180a823e1,debit_card,643.96,completed,GB
552cd7c1-3a13-4388-9a2d-8d372bd39efe,d9c6ef3a-54f3-4db2-838d-116c448a9548,wallet,1313.32,completed,IN
07c34803-47b8-4806-9c8a-279a7b81f8a3,1bce9903-6427-4d2d-84f3-3a4c320a71d9,debit_card,97.26,completed,BR
61c66a1a-cbd7-437b-8971-e70197ebe37e,a3450f88-683c-46b5-89cf-a8285f14d349,paypal,547.47,completed,US
4e9a38ae-85db-4000-a00a-3082ff06e810,4d1cdc9d-2e81-4439-8f87-91a292862983,debit_card,828.79,completed,DE
c07457be-b4ed-4e5a-a2b5-9e9f6c1fb645,92d12442-daa6-452a-88a7-35ffb5e1e3f8,credit_card,601.47,completed,NG
5e1ae945-8714-48b9-8c63-a49110bfcbe9,0e959cf1-55a5-44a0-8dd0-65c81da4dc6e,wallet,2535.85,completed,BR
8290fa17-f1a4-4e1c-aa82-1c6776d8c162,6ad1a5b5-d9bc-41b5-870d-dd007c7638bd,debit_card,2152.9,completed,US
e98a9557-6a28-4eed-9d05-fe1ee657f68a,e4859ad8-6b23-405f-bcbf-e488d329d069,debit_card,890.54,completed,US
395c7518-3455-487c-9048-bbc076cdc025,f880eccb-9e4b-45fc-839d-3eac01b7a3fa,paypal,1453.0,completed,US
8f9f8957-8295-48cb-b343-d798169dfd6c,beaef59f-1d72-4f40-9cd7-1ffdcc1eab52,debit_card,17.63,completed,BR
175d91f5-d5ff-4d74-a9e3-1dd74b57d81d,0101eb26-c651-41a8-a81a-21ba609559c3,wallet,227.46,completed,DE
e353c25f-b494-4b26-9633-e38979a182fb,18ee1cf7-aced-4ad0-94f8-37851c363615,wallet,84.57,completed,NG
c9955425-4c31-48b8-a448-2395e6d524e7,7d8720cb-6ad9-4074-9611-f5e8cd924680,wallet,181.01,completed,US
2f0a3353-e7f7-4c03-8835-781966a3bfdd,145f822e-f44a-4aa2-9fd2-09fb2fdba83e,debit_card,738.96,completed,IN
3b13c568-18cd-4ab3-88df-3ac557f9571e,577450b5-63ac-4e2d-b4bb-98ea58e35484,wallet,459.1,completed,BR
8ca8ffd5-7610-42e9-85a7-56f3470efa6b,4509b641-7018-4bc7-bfd0-d6d2157142ff,debit_card,831.32,completed,DE
bfde5382-2523-4fd2-a68c-0c66dfbf72f6,76fc1d5e-5183-459f-943a-7534cb71f53c,credit_card,2174.17,completed,IN
8c73329a-c97a-44d0-af6a-883a35d4836a,923beb3c-f8f1-447f-afda-921476f3034b,paypal,1767.05,completed,US
10fd89d1-74ea-4752-964c-e3deb2f61039,339831aa-65c0-42e0-bec3-e1b46d72948a,debit_card,11.27,completed,DE
542e2ff5-2f01-492e-8642-161eb4ff456d,edf75c74-2041-4d1a-a128-faf2ce924bee,debit_card,2321.21,completed,IN
0510c3fc-157a-42d0-8414-eee6146786ca,dd2b297e-5320-4981-af49-42d21b2e8af6,debit_card,106.57,completed,GB
c8c41330-0208-434f-9d7b-347baeb1fd19,8e6be78e-75f2-42d6-b346-0c00e8d68b9a,debit_card,967.42,completed,US
1b73fdec-7017-4849-9f84-2b64545b2f1e,f07099b4-2b99-42f8-9f87-d6f981084a11,credit_card,392.25,completed,DE
dbf0e007-2dbd-4586-92e6-2d493b207bb3,c7cf8125-4cda-490e-a043-72f1435874f9,wallet,361.34,completed,BR
cc74cdae-f471-442b-ab0c-d78fd62daabe,8b67fbba-efa6-4aa0-8888-92fd469c357a,debit_card,138.23,completed,US
93d8d34b-d7f0-4487-8974-dd121269a1be,7b9debe7-b88d-4183-bc88-94d44cf936ab,wallet,449.68,completed,BR
ac1d39fa-532b-4d08-b8bd-9d4a3a4cee8b,cfefea3c-b328-452c-8614-6c5c49c32dc5,wallet,205.91,completed,BR
d67c38cc-7eaa-47af-bddc-e9ba783d8f84,bf50e92d-b077-4215-b6ab-c6398487bba9,debit_card,545.44,completed,IN
0cae915d-0216-4e57-80e7-9e5b7c4eab3b,a1429e22-b706-41c4-a4a3-bfdad89b2ba3,paypal,111.56,completed,BR
5a0ceadf-cebf-4b6d-9997-309b01b36ea7,1a9196d9-0b9e-4e85-a34f-c4026436f2b4,wallet,368.47,completed,US
86bb14c3-34ec-4467-9641-dc0673d913de,2bcd0585-6484-4096-8b7e-1353378f0526,debit_card,359.14,completed,US
1f395b64-5f3e-469b-b304-4f52371f4bea,55147841-1ec6-4cb3-b759-0261184bde90,wallet,27.11,completed,BR
f5774183-c3c4-4ab3-bae9-04227071e0e2,3f864044-ef6e-42e4-90be-8e30d0bc50bb,credit_card,265.29,completed,NG
346759c6-a38e-4599-89e1-5c7aa7717848,db198778-a8ba-4310-b8dd-a04c2ab0ea7e,paypal,688.38,failed,DE
1d4aba1b-e871-48d7-86a1-01b574f20064,1e315a4c-c6bd-4dd2-85ea-992868d3e0cc,paypal,381.02,completed,GB
098e5ee9-1620-43d2-8fce-5c366d7f0048,2870fde2-3814-4efc-80e1-bf2855633097,debit_card,1002.83,completed,NG
aa1c1ddb-e9d7-4977-867d-ac0df973edce,a63aa0c1-1c9b-4088-8d1c-96158f0bc918,credit_card,283.85,completed,GB
10d79a3e-6484-45f1-80cd-fc5345bca3a3,06ee2a96-9299-41cb-89e9-cd9590d2bf46,paypal,425.13,completed,DE
19c7827c-de2d-48b3-ab4b-ebef170e6893,4ed53a3e-8c1b-4b89-9206-74945162764c,credit_card,297.88,completed,IN
c4783765-215f-4682-af90-7f72feda16d3,142e0c34-2de4-44a9-838f-3c653c523ebf,paypal,1368.38,completed,US
cc6e5989-6658-4415-b861-15a980e87ba8,c0cd781e-467c-4039-a769-f5c3dacc9040,credit_card,373.69,completed,US
f08eb28f-4e7c-46ce-8f9b-5172db41da5c,b1c1be03-77c6-4dc3-be9b-36a62133a7d3,debit_card,199.27,completed,GB
a3b3ee2a-c008-4d39-ba6d-acb8152618e3,d9f58960-113e-4a7f-8c1b-9a932b979690,paypal,560.13,completed,GB
ec163358-da01-43e6-bc2e-de91820413e5,6fcf4a7f-261a-4302-84bb-69e5ac26c5f8,debit_card,301.22,completed,DE
c3ab5606-ec98-47fa-8829-0b6f977fb548,bef57beb-fed8-43d9-b98c-c78107c3eb38,paypal,1060.48,completed,IN
514439ff-a583-468e-be09-ec1958d12a6a,5888067e-8eee-46d9-84db-b696461faf9d,paypal,935.34,completed,DE
e6ead8a8-8a32-446b-8814-a005f2660074,283287a0-1efc-44e0-82f9-9c699c24e4bc,wallet,986.6,completed,GB
c3470284-8105-4e0f-9d9d-e66189fd3ac7,4dd82d49-3afc-4f09-a0a6-8944db1b70d0,wallet,265.36,completed,GB
504fca32-c978-4a1c-a1b7-34ce92e53b17,4d72b1f2-9e5a-4683-ab62-707c2f8f9c20,credit_card,621.85,completed,NG
cd1035c5-4f27-435e-a776-dfc2e17fa782,eaf76279-2e5c-44c6-9f96-c68ee08b5dc3,debit_card,120.45,completed,BR
3779dc00-9d9e-4546-a361-521904c40770,0e9014f0-e564-4b59-b718-b8416ff73e64,paypal,283.52,failed,DE
609794eb-72a1-4ddb-9215-1a72ed9ee2e3,a9630d26-7a24-4d96-bb20-d030ed7674f0,wallet,537.41,completed,IN
ceda78c7-287f-4519-a33d-258189374d6b,653e6dad-76d4-459d-acb2-e1948ccbfa84,debit_card,785.29,completed,GB
1f30a52a-c632-452a-886f-eafb16ac8808,efb2989d-358c-4d09-be10-66c0add18fe3,credit_card,68.88,completed,IN
19878956-f970-46d4-b00a-fabd3176938e,a248beae-fc21-4096-9545-63d3749caa9c,credit_card,115.9,completed,US
bf29bf41-1f66-47d7-8c9a-fde72d0947af,df683792-cc7c-4b05-89cb-e6dc71fbdc83,wallet,348.04,completed,DE
86c96e36-28d1-4ab6-85f3-8d3208c38635,090b0652-0424-4646-bf9d-ea8e568c71cd,paypal,1429.75,completed,BR
67b247b9-8db5-4a5f-8714-d06c5173a7fc,716ab74d-d808-4a3f-a41b-fb521ffa92b4,wallet,534.98,completed,DE
c0ec3226-1c2c-437a-bdac-38d0bcb87d62,6f7306ba-733c-4d65-b67c-cfa6124a3a12,wallet,305.26,completed,NG
bc8eb1bd-9487-4b46-a006-d2f3f74071db,6d13a50b-cd5d-41ca-9b6b-c14469fe04b2,paypal,130.28,completed,IN
f58e9b89-b6c5-4082-8566-bd60b18b98fe,00018d9f-2eaa-4fda-aa82-4ad26b7abb4f,credit_card,121.37,completed,NG
cee88824-fabd-4636-bb9c-f414210e5375,eafd9b73-6f0e-400e-8c18-6d57b0b91478,debit_card,292.37,completed,GB
c021c614-0d85-49d6-a964-9b1534bc1752,1d183c26-3b33-40af-8f99-ba60eba9ca51,wallet,224.91,completed,IN
c3ebfd59-5aa3-4f24-97b0-afe8699e8245,691a6a71-3aee-44e4-b67f-debad7f7f90e,wallet,142.15,completed,BR
36cc9e10-68db-4584-901f-030c3e334de8,7307af5d-fbe8-4ec9-9f9c-8c7297990155,debit_card,672.64,completed,NG
1c21acd2-eb9a-4a0b-90d7-0cfa2b2885e3,f3f24ef5-62f9-4cb4-adc8-c2654bfedc19,debit_card,639.27,completed,IN
b2ea6714-0190-440b-bc7c-557435b61624,f3eea41e-45bb-43c5-b4d9-1f32e545aa42,credit_card,228.41,completed,BR
371ea6c7-be9f-4a14-b36f-963f6555844d,7c842990-1a93-4a03-a11b-db3d1e78ec47,wallet,1315.84,completed,GB
6c064466-363a-447b-99d2-553777aed5f4,b5ab68e7-3343-4c42-b06d-a03bf414f5af,credit_card,571.23,completed,US
cbe2092b-f04f-4caf-9f1a-ef74c7dc4dfa,284449dd-21f5-4c8f-9761-1c15460ff7c7,credit_card,419.2,completed,DE
4ad08439-0916-407e-a8ce-252735fcbfa8,74d45e2e-6f7b-4a78-94f1-5a2d14610339,debit_card,860.35,completed,NG
e71bad93-dd98-477d-991b-1163f06efe5b,e9e0f869-5afd-4446-b767-844721b4fad8,debit_card,155.26,completed,US
921ff597-9c9f-4943-948e-097351c78231,6d86d0fa-75f9-4cc7-a8b8-2259b9edc2fe,wallet,2427.47,completed,US
a6786102-d641-4e04-9217-ab901a65949b,f1f360c9-80ca-4177-bfad-0e64cd8daa7d,wallet,496.77,completed,DE
bc8eb550-4016-49a4-9e63-9c9e6baa5bb3,d14aea0c-80e8-484e-a409-e5cebf351241,debit_card,703.58,completed,US
35cf1aac-bbf4-407b-8c83-dcf33d38fa1c,b1638548-a480-49f4-a7d8-12ca2f8081ea,debit_card,310.08,completed,US
95b4c946-cacb-42a1-aa44-b5cccba8671e,b374932f-af44-4877-a49e-e8bcb8358bb4,paypal,501.95,completed,BR
ea590973-8de2-401f-bec1-ca56162312ea,07e71301-a7b6-410b-84b9-52e87fa51646,wallet,388.61,completed,NG
b5309d2e-2214-4c3d-b846-cd6812d477e4,905abeeb-6acd-4068-8b22-a8ca4233ec2b,debit_card,400.78,completed,NG
a1d8b2c4-9c49-4442-b585-69a6a26f19fd,ed04da61-0795-4717-ab2e-6e47edcb4667,wallet,1207.14,completed,US
adcab02e-7b51-44f9-b9aa-3808723954cc,83c588e3-d833-449f-8fcb-82383544568e,paypal,207.88,completed,BR
620027ac-f838-4930-8d72-2119e1d1f13e,8753e9f2-df6e-4c1e-b900-17c30a6227b5,credit_card,1685.06,completed,IN
46eb3ab1-6196-466e-85b5-dde53fe709cb,3daf33f5-a2be-4a3a-940a-5f089f218875,wallet,522.03,completed,NG
53689d67-b43f-4581-a8ef-d9de0328b022,b39b7c80-0b4f-4458-ace8-76ede94cb720,credit_card,168.57,completed,GB
58d6e2f9-a2bc-49ae-9912-e06b3094071a,f8f62033-c074-4565-8552-a4b559255575,debit_card,236.25,completed,US
4ba32058-5643-4b27-86ce-be5178f22d45,73baa7ef-b05e-4256-842b-72fd1fd780bb,wallet,335.58,completed,BR
8bbb90ce-3eb5-4dcf-a407-6411077f1d2f,cfd4fc98-a434-4fd7-924d-a27d89c62777,paypal,165.46,completed,DE
a4e3c25f-5eff-40cf-acef-977f690b30d7,3750103a-5895-4136-ba61-f608f1297592,credit_card,74.74,completed,NG
92a6ca5e-9566-4a2d-95d6-edaa5e0bfd19,5b7ff0ae-1f90-42c1-9801-061e74e1e66f,credit_card,633.84,completed,BR
1294fc2a-3dbc-4823-993e-a3f0988ca2eb,86b8c4e9-61d4-4a0e-abff-0e6b4d8aaa57,debit_card,618.39,completed,BR
31881af9-2822-49af-abd9-9c3a1c1564f6,3035db2c-ae2e-4931-8b74-d21a99fcadd8,credit_card,182.85,completed,GB
9fd04eca-320f-4d96-81f0-cdf27968a590,f5d89773-8500-465d-8e08-1d242258efe1,wallet,520.41,failed,IN
a0f436ce-8e4b-4a91-96c1-0beede1473f1,b3fc8532-d3cd-4b44-a50c-de42333943f4,credit_card,2631.28,failed,BR
60e87144-8b3c-49d5-816d-9aaba11864c6,577019bf-847f-4935-a14c-c67a63d4ce45,debit_card,781.62,completed,IN
6d595d73-7d29-435f-ba68-52c4f15486af,90f9c9da-7967-4b5e-8c50-efb07bd58c6d,paypal,79.84,completed,NG
4038baa0-f8d9-4ac6-b32c-a19a4e119932,7185f1c4-1591-411b-bd55-be144e972427,credit_card,177.9,completed,GB
609cd676-0280-4bfe-bb99-f71a13d47076,0dc32b26-4064-476d-8eb7-94711d41b132,paypal,109.46,completed,BR
de2fdcee-706c-4ff9-a972-09e61cbb0fb4,5944cc2e-7f8f-4d33-8088-51263cf30da5,wallet,38.91,completed,BR
c875de52-d292-4ead-8bf0-e81e45034d33,3be729c7-b905-49ec-a782-a73741756cca,wallet,805.4,completed,DE
3e37bbff-730f-4d59-ae94-e04f302767aa,e75ec6cc-8cc3-4867-a4fc-6217238d2e5b,wallet,1579.93,completed,BR
20caed90-0c26-4d40-9dcd-87c6374b5b5d,67283089-81bc-425d-b722-2ed705dcb2e5,paypal,51.64,completed,BR
1f1b11b0-39cf-4793-a4d3-fa353b4d524d,6d80afd7-9fb3-46ad-8958-d9cf18314873,debit_card,601.42,completed,US
1f1b8746-fca5-4034-9853-83bfb7a7a1b3,3951b4a7-a8fc-4377-95bd-567bc6c449f8,credit_card,232.72,completed,NG
80de387a-c76e-495d-9d61-f3574cabed0a,5f7fa87b-901f-454b-8cb4-dc6cb8fa0924,wallet,284.51,completed,IN
58a11e34-a4a5-4f13-a09f-917e961e607d,037f492b-b807-4e75-b90e-b6aed84a499e,credit_card,261.15,completed,US
6c565eaa-b231-4faa-ad15-d46bc496167f,59a36f3b-0ab4-41f3-aca1-9fdcc645daee,paypal,660.14,completed,BR
2edf27d8-caf9-4dc9-87b7-65c0d65b731a,83636926-f66b-4ecb-ab6e-737984aa9c2d,credit_card,399.14,failed,DE
e32acde4-d213-4d7a-8427-c32d294cc405,5dad0828-3905-465e-a191-5cc8f94c82d8,credit_card,228.65,completed,NG
c2f49609-38a6-4843-8673-0ccebab56f14,6b7c417e-3dab-4854-9f09-3bc5ba71cffb,wallet,2145.05,completed,BR
eb0189af-4ac3-4689-8a1e-c10eca5ff001,45682e63-5e4f-4404-877b-4835ff2231be,credit_card,370.55,completed,BR
3d8e6e45-5e40-4c1e-b2a5-10b9893552ca,d08badab-ae7d-4bf6-87c1-1715985f3aa6,debit_card,469.1,completed,GB
abfee9a9-a92f-4199-ad95-049106bd0d0e,c8fbe51f-27c9-4f91-93ad-312e02916a7e,wallet,1269.69,completed,NG
a432fb1f-6778-466f-9745-56c5f322e535,c74d2dc3-5da1-4a02-bebd-9e18ae4212d3,debit_card,631.95,completed,US
d222da82-638d-48c2-a1a3-fd30c3a6f1a7,e3dd7ad8-c8f0-4c92-9456-97ff22801f1e,debit_card,152.98,completed,NG
5cc1fd3e-e2ea-4eee-a95e-901b37d669e9,e8dc64ae-5ef5-4a4c-bb49-a20f80fbef4a,paypal,208.49,completed,BR
76518021-980e-40b8-934a-2642e42452b4,8f2f66a1-fb48-4642-a61e-e0cc7a10ccfe,debit_card,60.77,completed,BR
a4b9e744-bf68-48d0-805e-0ff26b0d1994,57ef77f4-00ef-4f8b-9cf9-57e8ddcea396,credit_card,86.8,completed,BR
69131f31-b54c-4c33-9979-b5516c3207da,2a0f7846-b4f9-4a54-830a-db564339df3e,wallet,1113.99,completed,US
1455a8cf-60bd-45e7-8e15-7b68db5be340,8353bd12-e980-4fbb-9a41-eede6aee6b14,credit_card,466.89,completed,IN
20ff7971-ede9-468c-9a58-853da0f8b246,268964e0-29eb-4d4b-b1dd-e4eb6e117b23,debit_card,411.23,completed,NG
41bfa1bc-f270-4690-bd15-853d4c829f08,3312c90b-c28b-4fee-bfcc-cd90b6fddfc0,paypal,492.57,completed,BR
0cedad28-3b8e-4965-b2d0-1c35e9ce0c5a,72627175-1693-43b2-9495-1709c75f8710,wallet,104.5,completed,DE
9c885c5d-7931-46e5-91aa-4b5609901798,41a7e771-7461-4dd5-a489-b8f01871d964,credit_card,153.43,completed,IN
ad6ad6b2-8af1-479b-80b7-bdce4a6b0b30,f390f99f-b7f8-4ae7-9357-413535756cef,wallet,671.14,completed,NG
1df61d70-43c7-4e26-9237-dbaf66170d2f,7dd8ec75-4f87-4a97-9853-3398b92819f6,credit_card,2557.7,completed,US
8914c4b5-0b4b-4a9b-843e-cafd8c2b496c,aca55bc5-2119-4905-8baa-143fffe67ede,credit_card,408.28,completed,GB
9dad62cc-c5db-4e18-9db2-e692acf28d47,ca6ac6c7-d0f3-4c04-b1b4-44552c6b745f,wallet,96.43,completed,IN
3e5bbaa9-efaf-4a5a-b6ac-80c23795d9cd,a9c16eed-03e7-4a00-871b-1a41b798521a,credit_card,77.57,completed,DE
e683c862-626e-4b35-a010-96e5677b1180,bc032662-eedc-4825-8d10-9430cab53b88,wallet,334.92,completed,DE
9f5e38b8-3793-4b94-abc3-cd1695575c9a,5807260c-d67c-4feb-954f-67bae00b9b6c,credit_card,1129.02,completed,GB
12b5fe26-68ac-4099-8906-f395ce015b5f,c93a813e-a66d-432c-86a0-f4a9a794c22f,paypal,2241.56,completed,IN
d214bb44-c284-44b0-8216-31561cb1a927,883b6555-2298-4115-bcfa-32c2353e466f,paypal,22.77,completed,DE
4e90bd3d-bc19-4527-a320-ac35321a490a,f4858daa-96a7-4668-a6bf-d7e9c0bb5b71,paypal,310.3,completed,BR
a5c0fbbf-c076-4ca5-b5ec-82c5b8330f6a,4a599d36-503b-40c2-bc45-5693965bdc16,debit_card,22.77,completed,GB
51d020af-8d4b-4814-bc64-eebaf2feacbe,a350f0c6-1ac0-461c-aeff-f40796ac0202,wallet,1223.43,completed,US
aa47fecf-d553-4ab1-85cd-f0a5f3663fe5,2a10960c-96d9-42fa-a759-adcfe2eeed8f,wallet,434.98,completed,US
118cdb3a-0f65-450a-a7c6-a1bc46bdeacc,6cbac49c-896b-418d-a3b5-0864467a554c,paypal,1196.11,completed,DE
a9386640-5384-4d54-b99a-f5b8c53470e0,e1392903-79b2-4997-833b-6a16aafb70be,wallet,454.44,completed,US
b63808bb-298c-4c60-96bf-da81b380eaa4,e3f46ba0-49ee-4fc0-8b5f-57709e6be32e,wallet,215.82,completed,GB
5798f140-cbe7-4754-835e-536acfdc3556,4e82f8d3-ad0b-47a4-9ef2-7fd17c1bd36d,paypal,2263.62,completed,GB
65fdb17a-0b72-499a-81a5-14b75e8cc777,d0cf13b8-2b24-4a54-a653-276f2580d80b,paypal,94.59,completed,GB
95922a43-d02d-41c4-be90-e5eab1cc97f0,476cdfc8-d2f0-4768-9333-3b26a6604c46,paypal,159.53,completed,GB
3a03f8d3-db5c-4c4d-94d4-d0a5adae358e,2d3192d6-5575-433e-950e-3703e5b3ba91,wallet,371.93,completed,GB
97bacef9-8985-4448-96d1-3cf6224a99e1,2ab0a4ed-83d0-4666-9b44-635ef267e482,debit_card,570.53,completed,DE
4973880c-b516-4e97-a32c-65af8a264ba9,843527ad-627d-4607-8b86-cf8d93820aca,credit_card,651.32,completed,BR
9d405865-3bbb-4685-92fa-c644612004fa,67c84fb0-713b-40f8-aacf-aaaf186e667f,debit_card,1988.9,completed,GB
c56d388d-79d5-4d2c-b91f-41898328a4ed,b0484740-cb9a-4e9e-86f0-1c5a05c43b7f,credit_card,225.64,completed,BR
dad01f61-c73a-49bb-b227-920ccce66182,26949301-8552-4671-9753-a0ce62ee8dce,paypal,251.74,completed,GB
77d9a97c-a921-4a86-bf0a-c2a42c1c8b4b,17cceab5-035c-4e66-96c0-67a606236f83,credit_card,269.69,completed,DE
377dd5c8-5e88-4b16-9e32-c305749199b1,1bb77069-2eaa-4e00-b537-c55c3a6b4d7a,paypal,322.52,completed,IN
6be76f62-3fc5-4e27-a985-bc112abab401,6014a879-57a3-41a1-9ae7-2111d93618d1,wallet,575.58,completed,BR
7eaeceda-7aa8-48d9-a42f-a167f723aef2,77bd42a6-dffd-4d13-9096-4edc90f9e9c3,wallet,40.58,completed,US
a8ecda22-49c9-4427-945a-10599548dfd4,06dfbaea-2f7b-4455-9211-cd0ff7084023,wallet,1279.36,completed,NG
12faaa97-0f7f-48ee-8c23-ecb765be2a33,efc383bd-9824-43c1-8834-38eb2a45050c,credit_card,807.23,completed,IN
75551f16-7d06-4599-82c2-5366fffff073,19454086-b955-4043-90a4-606d9e3bff5a,credit_card,537.53,completed,NG
f22201d8-45fb-4fb3-bb69-1ab0e08eb6f8,62a41515-960c-429c-b32d-ef9af43b5b6c,credit_card,490.41,completed,US
f2b76acb-e051-436e-bc2d-d24b8dfcfdd4,a5c3f9ad-1a3a-4a50-a622-0619e8ba2fa2,wallet,1206.61,completed,NG
c4bf82dc-df7d-4c3d-97cf-136a44ccd967,f1b77662-0f8f-4d42-b71b-f01054f1e3ef,debit_card,236.28,completed,BR
54fec718-6422-4653-8521-c663114096d6,d44bbdf1-4139-4af3-a2e6-fba0fce6e51f,wallet,189.76,completed,BR
28962412-8d5a-42b7-86a4-d5a243e01183,2b550f0f-738c-42ff-a0dc-1b9b400e2706,wallet,511.71,completed,DE
674164c2-bf41-40ce-9383-96c056b06efa,82463c9d-5f92-430b-8fbb-2fc4b4e1caf7,wallet,535.36,completed,DE
4dc8f00a-e812-4237-82ae-2972113e1dd1,fff956c8-5957-404b-b5b8-52cd80c51135,credit_card,675.24,completed,NG
72c6a93c-31d1-4a5a-bb67-1700d7d42cf7,7f7c6009-f5f5-4971-a5d0-acea18986517,paypal,1106.24,completed,BR
906f45c1-0248-4ed3-80b7-d324f511334a,5bf5e936-83fe-43d6-9084-8a7192e4fec1,debit_card,856.4,completed,DE
746f0600-213a-48d0-bb82-3e680dcefc8b,8de30caf-e25d-4e46-ad0a-1a5272832a31,credit_card,912.98,completed,DE
95d255bd-07ed-4eb5-827c-487bde4b4caa,b2ab97b9-2826-46ce-9d9f-f3c233368128,credit_card,1964.45,completed,BR
b3867af9-7951-4225-bf17-22d4b92074cb,fe8c8328-7a5b-468f-a0c9-8fcd60282bcc,paypal,254.5,completed,DE
130f1532-34ba-4936-bc92-265b7ca164e5,c60abe05-e36f-4256-9efe-4fd22bd2f240,credit_card,377.29,completed,BR
35b5e305-b0de-4d5e-acd1-ab558c0e7cb0,710bb6ad-a95a-4f0f-be63-cdffd63243a2,credit_card,578.3,completed,NG
5b70fb72-4d0e-4763-88c7-3e9ace95fae3,1ff3700f-de69-4f62-b067-c454f75e603b,debit_card,1055.43,completed,GB
7df624a9-cc77-4a0d-836b-4be70136dc94,f3a4817d-0415-4847-9689-5738cb5fbc9c,wallet,544.98,completed,GB
a74eae5d-cf5f-49fc-84b7-7766e4415c25,8dbcff17-e650-45bd-bd29-fc62601dc98d,paypal,294.88,completed,GB
55dea3e3-251f-4454-84cc-8904fd682e42,483acb3d-d9d8-4b48-8cd9-03eb76fa4638,wallet,269.58,completed,US
545e11d6-4666-4330-9801-809b6aff2aad,692a0343-44a5-4314-90bc-8f101e41956c,paypal,17.36,completed,DE
33e059b7-682c-4bfa-85cb-e5cb780283aa,110330ec-020c-4079-a2ca-b221a3278f42,paypal,238.28,completed,NG
271246df-3d0e-4eed-951f-15f07fff1322,0d89e848-14fe-4059-a348-7198dc0279d4,debit_card,166.59,completed,IN
77e6e450-2531-4901-93bb-d5f7342b2ddd,236b9bd3-1bbd-441d-83eb-88f4fedd059e,paypal,70.55,completed,US
baf392c3-9f5f-4659-bf41-c2f0fa38ae7d,d6fa53ac-a434-485c-81fc-ab511586e3f9,debit_card,480.02,completed,DE
3bae1160-f4dc-4363-8d94-0e36c7cd2c37,996b36b0-ab21-4eb6-b0e1-7bd1da019849,credit_card,115.14,completed,NG
2163b513-31fd-4432-aad8-72e3d59984e0,f8de8f00-ca12-4302-b783-52ee4f84d15f,credit_card,83.75,completed,DE
4671087a-61b5-4654-af2e-85dc1c3123d9,bef01732-2353-4407-a602-f81f1766a14b,paypal,438.34,completed,IN
637c39b1-d141-4107-bc26-be9580592116,12dba5b3-3bd5-47c8-a42f-472f8047d811,paypal,910.54,completed,DE
7990cc01-0710-494c-93db-3e1c5b59faaf,5e256eed-26ca-423c-ab12-1f2f9845f32e,credit_card,232.29,completed,US
218c0b5b-d164-4ab2-9966-e1086cfa3f5f,e8d02352-d99f-48d8-b8c2-ab18b0509508,paypal,875.58,completed,DE
a2e227bc-c200-4ae6-b85d-955d8cdce389,1cdd1faf-dc68-4a0e-96a8-662c212f59cd,paypal,607.83,completed,BR
cd06bfb4-85a6-4ef5-8a42-aaaf5dcf9bc4,1fd4f6fd-2b70-443c-88bd-7ad4a8b9f879,debit_card,456.64,completed,BR
e6265294-23f2-4d13-aada-b380c386bef8,930eb805-e7ed-423c-94b3-012896306ce3,wallet,426.52,completed,GB
f060110c-bdf5-419b-80a6-86ac72b35a26,2af166d9-f8d3-48cf-8c23-0618eaa4eb5a,credit_card,469.52,completed,BR
61b90d3a-219e-4b78-99e5-471f41b61cce,ecf4aa7e-b462-49ee-bb6f-06966b175a8d,wallet,329.72,completed,BR
4050e0a3-6e37-4e1b-9dbb-6a916a092aec,92026ae4-fe0d-4ef9-a4db-71a476432e78,wallet,163.66,completed,NG
a47bd567-bb24-4492-8a8b-b743e4d40686,b6f755c3-f13a-4ec6-a3dc-da13b5918cbd,paypal,354.27,completed,GB
429722bb-6626-4f71-b684-053ad7f4644f,89555a16-98bb-49a4-aa69-be1735a058af,paypal,171.79,completed,BR
0112b746-cd71-4006-9f34-9cdfdfe9fe8f,41132cc1-366c-47c6-97d8-c86650f211f1,debit_card,205.89,completed,GB
ac2f30b4-577d-4a34-9e5e-e6536080eb5e,2fb55949-aae1-45fa-933f-b089a9bef9e5,wallet,1956.88,completed,US
994762bc-4a05-4d36-b28f-f113fe982aec,65926ce0-148d-41da-b7e9-50792b9ebe24,credit_card,573.71,completed,US
212830e9-d823-4214-b33c-01fcb0127772,4e2681f0-d80c-440b-96a2-6ae754aa15db,paypal,778.62,completed,GB
2bba90f3-263f-41cf-9d10-eafa8e7f9a09,e4529da4-1f99-41bf-93b7-e76973abcc95,debit_card,279.38,completed,NG
a0d9ca34-93e6-42ce-a3b3-ad684e7d7dfa,ab808d5e-5e07-4bb2-a783-4cb666961a00,paypal,751.71,completed,DE
3c6b3b96-3e81-495e-8fcf-47f6a51fb418,59db03d7-c54e-41a3-bb58-74eaca4794fa,credit_card,207.81,completed,US
11e67b06-15f2-4bbd-ba02-577f540df0b2,2a226947-41d6-4e17-b170-dc1d86da59d9,debit_card,145.41,completed,NG
0e9575c1-54f1-43dd-b75e-2632a583221d,34b7ccb9-3eb9-4e37-a67e-bce935fac214,debit_card,344.39,completed,GB
a714e3cf-7144-40a3-823a-56df83a326e2,5217c8f4-ea03-476d-b0f1-674032d2a3ee,debit_card,675.34,completed,DE
b8a4a720-2807-4d3a-810a-bc7e5a266ee2,44bf6bc2-cb69-48d7-b566-5d9e99746867,debit_card,323.22,completed,IN
c0b45c9b-5d27-41a7-8001-16dafb0b8767,2c3940ef-7dbd-498b-8e08-adcea126e00b,wallet,152.96,completed,NG
f11e0d31-6544-49a0-9251-09713d4b3db4,e82a93fe-597d-4148-a735-3a115000c73d,wallet,373.65,completed,DE
bca4563f-1e39-465e-8399-d2e688439590,8d71ee2a-9fd7-4f16-98f7-9978a5ed4ac8,paypal,456.63,completed,BR
156378c7-0d86-41d4-8e6f-9f0d4a2d62bd,ff0d35a3-93ed-4415-b211-39c2acbdf515,debit_card,380.75,completed,US
c6357e2d-46d7-4a03-b993-08ead3f348bb,233bec0e-0fdf-4ef7-8fa8-14c1fa60f4e0,credit_card,450.07,completed,NG
d74a063c-40ba-4129-ba8b-39dc0e6f2bc7,320a809b-985b-421f-9517-66b18c06acaf,credit_card,211.44,completed,IN
0e466e43-4752-4cc9-9744-130111d86d87,81468837-ef68-41c9-85fb-200f5ef0bb41,credit_card,115.96,completed,BR
513c57ea-b6a8-4dce-a955-ee9e7fbf7d23,f9ecddc3-0a90-485a-be85-762da6d143a0,debit_card,122.83,completed,BR
b76ad349-5280-4fbb-961b-1b6cbb37d58f,079b374a-4367-4d04-865d-7e0a5b73847d,credit_card,365.75,completed,NG
00b9ecad-8687-4456-9c7a-e967d3ac9c23,cdcfc99d-fe71-44e0-b774-ec376421e0a3,debit_card,153.68,completed,US
684066f5-a5d7-46ec-b0e4-2a1f6e014be4,f30dacf9-a997-4e60-8aa3-26a85f6183f6,debit_card,407.83,completed,IN
ce04385a-846b-40e4-88f9-f80d86972fb7,00c6353a-a87a-4cc8-a7a3-f42cdc048885,paypal,304.84,completed,US
2120f2b0-2ade-4ecf-abc6-b7accbc560e3,a3030967-8092-4038-a753-5381182c4b49,paypal,381.08,completed,BR
224a971b-2cad-405c-b35c-e40d0a01ccdc,b3168ae4-50ab-4b90-bc37-4ed980dfa035,paypal,218.08,completed,NG
1e17b105-4839-4275-bd5b-22b3584183c1,268e3c85-3f70-482b-afbc-6856eec707bf,credit_card,125.57,completed,IN
882049af-c80e-4561-bd95-002a0b72f8a3,5fd22622-74d0-4a43-a5b8-d442108a6092,paypal,344.17,completed,DE
c24d26ec-da6a-4692-b368-0ca7273182e0,c098d43d-869b-4da9-a5df-c8e6e643e31f,credit_card,419.22,completed,BR
45aef11f-8045-405f-8a2a-d7ea1fe9dd2a,eaf5e533-fcea-4aca-a7e7-20b79f054e0e,credit_card,367.27,completed,DE
45d0eb80-4497-43e4-94b5-e8dfc940e524,83c84bfa-95f4-4f34-a105-a5876fbc87ea,paypal,212.49,completed,IN
762ccd15-5414-4630-b482-64bf3ca7e7cb,0ae95142-7525-4341-ba7e-75d69f68ddf1,debit_card,48.99,completed,US
6dd4e899-23ce-4614-b204-483bb47c6cb9,52db8f5c-ec3f-4187-af43-b418e7f9c66f,wallet,399.7,completed,US
cd6e44d9-6e5b-427e-ba4d-2a4b97d5dcad,5b68c718-6089-48ee-b4a4-b70524adf00b,credit_card,710.73,completed,GB
2c69ba19-d35e-4b08-a595-2245329437c0,058d3a5c-39c9-4ee6-ab55-4b15d11335e8,paypal,183.44,completed,BR
d9496ade-f122-4222-bb30-8c3d10615f90,a4e5311b-86ca-48b1-8e50-9d50584c5c01,debit_card,2177.15,completed,DE
4b50c90b-231c-4aab-8e87-82c56d1e24d5,d6cb0908-191b-43ad-ace5-5a8e6a07bc3c,debit_card,177.24,completed,NG
107bb5c4-4512-4587-babb-1a93e2c6c368,5a6fcf88-4b8b-4593-9d8e-0d18d36e48c5,credit_card,474.3,completed,BR
09918eea-93f4-46b3-b1bf-2e2fd2aa3c2b,ff06822a-0abe-4bcf-82c2-be95bd4c1bb4,credit_card,673.82,completed,NG
87f64a47-6501-4edf-91b7-ac0d53dec024,c16117ec-9f12-4ffe-8cb1-4b7da2e0aa20,paypal,822.5,completed,DE
27389494-1d3a-4a32-bf9e-6895054a081a,e2ba5e4e-9ed2-46ed-8a64-1651434c0d39,debit_card,100.69,completed,US
59a693b1-c0cc-4bd5-a37c-be3e2f5cf5b8,7bdd9c9d-c71b-4c10-b715-5c76dbeaaf5a,paypal,500.62,completed,DE
c0aaa39e-1586-428f-9e3c-0b3c05dee09a,19dd75c5-c84c-4b3e-8dda-98fba117a0b1,paypal,776.18,completed,NG
88910095-9b7c-4de5-9e08-a52a39b66040,9b6e7893-06d6-4271-9ca5-b784d599e2f2,paypal,398.66,completed,DE
6f20b853-aaaa-4f20-87e5-537a665e6002,828d68f5-ac7e-40d5-a1ac-7965874745ae,paypal,390.31,completed,US
5f1ff054-beb8-4c42-999d-4bd83088c4bc,47ac494b-8ed7-4c6e-bfc2-2aa9300b2d21,debit_card,465.39,completed,GB
616459bd-cec4-4986-a672-655d55d4714e,a78636d9-deec-4c5b-a505-3a7c0817dd76,paypal,895.24,completed,IN
3f76048a-bdb4-4e4b-a3a0-dd8d5dfb5f6b,15a64557-f5ef-4e0a-be67-51f829235a73,paypal,160.73,completed,US
5ffaf8df-94a3-4a5d-b0d1-e0f518ef7d1d,10f85167-6601-427c-bbbe-697a44fee977,paypal,1702.78,completed,GB
81bad8c0-355a-46e4-a656-90d7e6772b24,9c6b4f7a-e623-40e7-8390-395259b27155,credit_card,438.23,failed,DE
b0854545-7ac4-4f3f-8048-8003fd9f2536,41dbddbb-8539-4dc2-97e0-d3ab740a7015,paypal,35.19,completed,GB
26a1b6df-be86-4337-9414-9f968e592536,3dd5e74c-6956-472d-a5be-b541d4e954e5,wallet,732.95,completed,US
3e1b2ac9-d2de-403d-936f-95a233c01092,19ba79f9-c08a-40cb-b464-34f2ee32b33d,debit_card,580.0,completed,IN
7f11e7c2-925f-4378-81bc-cc16e3103c10,932d5316-b065-4190-a17c-c8d21a4e58d5,credit_card,467.2,completed,NG
f0877ecb-ba5c-4375-9960-6b971577915b,47448f91-da3d-4654-b6fc-78f64fd16dd3,paypal,251.9,completed,NG
793d3bf2-bde5-444a-9335-17cee12b84d5,3fc9c20d-3fa1-4a38-b798-408aa86f74b8,debit_card,217.17,completed,US
79aeafbc-9fa8-4fca-a1df-406bbbb1cf75,ed0927b5-4445-40bc-9149-19380d8bddf3,credit_card,190.23,completed,IN
ca55e291-f574-449f-b847-a8a57bb76624,02817c2d-3031-41ed-90aa-24a58f1c4da9,debit_card,284.7,completed,DE
3b45d5aa-bed1-43e5-b113-f100dd78751c,92795da6-4e9f-4496-bcc5-7088a86f9c3f,debit_card,545.61,completed,GB
7e98f703-c753-498f-94a2-aebf1706445f,95498991-99ed-4b98-a9d8-b8aba10e0947,wallet,305.05,completed,IN
7b8de52d-6aad-403d-8cff-a3115b3a98ba,c8d0f98f-10ed-47ac-ab09-dfb0a9274166,debit_card,493.76,completed,GB
39710128-5976-4ba1-be29-7f269c8cee75,b7fd6252-4031-41ca-ab6f-08e90a3de5ba,credit_card,325.87,completed,US
861a4c64-894c-4ec3-8df4-83776a774362,3f2385f4-3fcb-46a3-831a-a9b92c06b824,debit_card,227.79,completed,IN
af917cc9-1549-4c28-8ca5-f59b600498e3,5195fc53-2f79-4754-9f29-7602c00c9b47,debit_card,149.17,completed,BR
7d6429ab-1468-4ba4-9a26-18ad0173d547,5ad4868d-1859-448c-a300-cc55ce0e4125,paypal,16.36,completed,BR
68248668-f58e-4a94-9082-797543ac0ff2,7b313a79-9e76-438c-ab4e-7a4c0f05861b,debit_card,222.7,completed,NG
87cf0187-a02c-48ee-aefe-d36736ef4d18,e7d26f80-ce1c-4055-af60-bf43e01d46c7,debit_card,25.59,completed,GB
31f756e6-fa3b-4630-9d61-f67a75d813b5,685a422a-7dfd-4fa2-af74-32bd3a615db8,wallet,156.66,completed,IN
a8148dbd-dda4-4a1c-9824-aa9de860c036,09199c4c-01cd-4390-87a3-3ec24537617f,wallet,248.36,completed,IN
da514376-9c1b-4028-aa3a-9df50cf7add6,2e58e7b2-990b-4946-b1d4-acee5e8f1fa1,credit_card,148.96,completed,IN
53e74c60-7e0d-4d60-89de-464052092859,f469e696-5c65-47e9-87fe-7a36ab745525,credit_card,649.49,completed,BR
f9d9b27f-589f-4aab-9479-fe292bd7c9cc,675f4169-09bc-46c4-ace5-b008737205c6,paypal,377.98,completed,GB
5ed1fe0b-79c4-49ab-b8be-c7149bea69fc,0fbf9504-3ef4-4e7e-a011-4905ab50488c,credit_card,16.16,completed,US
4ead6312-5006-4f05-bff0-cb3dd52ac81b,f298d78b-fb6d-4a7a-9fd0-c4024a6190eb,wallet,932.82,completed,BR
bb670639-8012-42e2-8ba4-beeaea0e694c,484f1f4e-753c-40af-91f2-7186a8887d51,debit_card,132.0,failed,DE
b944fe78-e9d5-4a70-8dac-768bfa888a89,9c120689-8266-45ef-ba8a-1da9f510ca00,debit_card,548.73,completed,NG
5d0790eb-37ff-4453-adcc-35e863d6e134,94b90268-12ec-44f1-93d2-9bd4b352f992,debit_card,1665.75,completed,US
3282760e-d2a9-4bc3-807b-ae4f3be3efc3,fc797b97-477e-4672-929f-019e780f9ccc,credit_card,676.74,completed,DE
8085dc3b-bd70-4cfe-b5f6-0417390d5635,c7d5bdf7-c0c7-4ed1-95ba-98f9507deaff,paypal,1379.06,completed,IN
917cd7a2-e575-4116-8060-cb38bbb96af6,8a8059b4-2f36-4929-9a86-1a7c3808a169,paypal,720.23,completed,IN
25b86b31-b678-4d49-9896-41238b67d22d,ce20881d-eada-4d01-bb73-ad57084d4526,wallet,7.79,completed,DE
dbc787f2-10fc-48e9-8e88-6406cb2cb89d,92ce0f50-c37a-43d8-a73e-8b89af73107d,wallet,456.36,completed,DE
e50f8c44-180f-46c6-aa42-d10308fce9fe,19d870cb-c551-4342-b87b-966e7dd3e812,credit_card,337.56,completed,DE
9d0e58b0-c2fb-48f7-94d4-0f902bdf1a61,f3ca9f10-be52-4598-80be-284431d450e6,debit_card,603.66,completed,DE
33057662-4e97-404d-8041-07d49fa63a3c,6d1e1a92-0747-4f08-9ec6-8be88dd0fb60,paypal,1221.08,completed,IN
6a23f303-2f45-4378-8eee-9c4a936b20ed,4855af4d-8d14-4892-9998-8273c4bd361d,paypal,91.27,failed,GB
6e3ee1b1-0878-4d4c-b0e9-5e3f7ce00e3f,9e749f6f-a4d5-48ab-977c-7cd16e433dc3,paypal,296.15,completed,BR
de713c3b-2ebd-45e1-bab5-4016e60257a4,2264337e-58bb-4ad9-be0d-296d2fe4d619,paypal,696.14,completed,US
82b4790a-b526-499f-bd8a-79ed506cba61,d80cea1a-3088-4fd3-8b00-4f9a0c91adf6,paypal,1099.83,completed,DE
7389f6b9-6af6-42d2-98cf-230229186878,0aa941e4-915c-4572-8300-39df432aba00,debit_card,217.27,completed,BR
3a2e67f4-aa0d-4330-9d5d-acbc3ae50637,24fa01ca-023a-4c86-930b-fd6e305a53a9,wallet,522.24,completed,IN
546cd377-c2c3-4ce1-a888-db1d157ee6d8,b2452be8-ba56-4a87-9d51-5a4fbd3f1541,paypal,8.31,completed,IN
f6fea5ce-f456-40e2-b264-a1c4f749c34e,ca0fef52-64ea-479c-b96b-55a6efd398be,debit_card,360.88,completed,US
d3d7f0ae-4709-4a85-9436-a5f9175643db,f27d0db3-4c1b-436e-8724-aa18468aae1f,credit_card,1011.61,completed,IN
525273ff-948a-47f1-9a4d-8cd779704e96,f6399baf-352b-4800-a286-00955ba1880e,wallet,478.08,completed,GB
e953c29c-364e-491f-ae4a-5a32726c051f,77c5bbf1-3f1a-48cb-8781-48f8e6d067ec,paypal,581.54,completed,NG
31987b47-fbb6-48ac-85f4-b5ca251fd871,c577b789-dd35-477f-9e6e-7f9c7edd2f48,paypal,281.55,completed,US
d7ea4945-2ee6-490a-8bad-2fc1165cc6f5,939e0849-fe0f-4482-97b5-46a0651caf44,debit_card,901.35,completed,IN
39569bba-d1c4-4d9f-b607-03c95b1af983,90938449-32f6-418a-9be2-22e06cdf348e,wallet,592.19,completed,BR
a565eb7b-e9f8-4254-89ef-e1e4e621305b,97bad51d-51e5-4106-ae4e-87d792fb7225,paypal,301.69,completed,NG
fde940d6-36da-49f8-85bd-2fb874d10ea6,47c1ab28-bb43-4952-aecc-a52c4294326f,paypal,429.5,completed,US
6f3c96c9-33a4-4744-86a6-cae654dc6673,623353fc-6fa8-4135-b26c-6b0ea8dfe426,paypal,803.72,completed,US
c8a72110-b9ba-4d04-83d3-fdbcdaf5ad55,3ee485cc-3c86-447b-bb0a-670c185adfdf,debit_card,428.23,completed,IN
7b159ae6-1e71-49c4-84bb-758a59532bb1,d2c6ea59-2505-42e7-8915-0b442e51f4d0,credit_card,437.43,completed,IN
3987a849-d15c-49e2-a903-692241eea0ef,34992d87-361c-4ae0-ac26-9c1983d12a29,credit_card,1380.06,completed,NG
9bcd46a8-904c-4f63-89ef-e967d1a2e62b,c78c05b7-85d7-4596-a931-fd88b6b5f26a,paypal,83.18,completed,GB
bfa46700-47b5-44a6-91c1-fc2f2eb55db8,03d7a854-017b-42bf-b60a-e4d511bff1cd,debit_card,289.55,completed,NG
c91a2bb5-da05-40d9-8eca-6706bf6092e4,81bd3c47-c649-42a5-858b-4c3f5d0621ad,debit_card,1221.98,completed,US
c7144ff5-1503-42ff-a8b9-0ba959eb1259,0ee9abf5-69e7-400d-9861-1053dcc65ecb,debit_card,201.64,completed,GB
4e772aca-c4a0-44af-8821-9d1b0f66b479,06318048-4e00-41c2-97a0-1a46043b5726,paypal,1119.48,completed,GB
33e7ccdc-1bbc-4d3d-b2ba-b18dcc3cde83,6880ebb0-904c-4607-a397-404138160599,wallet,343.72,completed,IN
c7039b03-d1b4-4cdc-acb5-ccfeb3e76000,cf91ffcd-42e0-4ca0-b6a5-9f638369a380,paypal,852.75,completed,DE
0ff4da93-a383-49be-bbfa-16c5e26276ef,f8ebfd24-c0d9-4fbc-90c2-abbfe219b37c,credit_card,914.88,completed,IN
34c1badb-2dbd-4a25-a734-6bcb1e88f008,11f7c9b5-771e-48fe-afc2-95703eb3e445,paypal,652.77,completed,NG
a623a5c3-081e-47f1-9310-cfd8c5f0721b,4157d2ee-2884-41d8-b146-3cc7293c12e2,wallet,152.18,completed,GB
f31569cc-34f9-4f29-a002-3c17c51a8223,39378406-c739-45a2-8f80-2ff74f2b8bc0,paypal,377.7,completed,IN
c648dc74-bd48-4b2a-bccf-5bf146f56037,685f22ad-c4c3-41d2-8669-06856a972bf7,wallet,65.95,completed,DE
c0519a65-052c-4f9b-b758-95b294ea0583,db9290ba-15db-4994-ab2e-b3db087f72f8,debit_card,1023.48,completed,DE
753c0924-b0c9-4a10-b422-2d4cff981b63,90704c49-0562-48bc-bc5b-13bd9fb85bf7,paypal,595.99,completed,DE
ebc1ea35-27a7-4ac7-9a91-4fff46ac8cef,b653f2b0-5660-4b81-aed3-0ad6474e60cd,credit_card,2373.55,completed,GB
6752f157-ec11-474d-8067-b55ac895ee38,33ebcb73-134b-4421-a271-395dfdb59ce7,debit_card,492.19,completed,DE
7cb41861-acf5-4cde-babb-9dc133165193,138b7d44-70d0-417c-936d-10568dcd3788,paypal,684.5,completed,IN
695ac229-bc4a-4c8c-8b9f-053edbcd07c4,b280f6b8-071a-4e10-84b7-ce3a9548bddc,credit_card,112.74,completed,IN
8d65a5bb-96ba-48bf-b7ee-89ce5e481f45,271ae5cb-2866-4db0-8a9f-01317bcde8c4,wallet,1425.07,completed,IN
04dafca7-aa3c-4fb2-8b41-6de1a4bca4ea,11d06968-82b8-4b99-8e90-5965b58bfdc9,wallet,731.27,completed,IN
eed9345b-4004-4ad4-9b05-ffc427ab37d6,3ba10639-5cee-41b7-9def-4dba4e9b6043,credit_card,336.98,completed,NG
6dc28cae-71af-4164-99e6-d901f159bb31,6b31eb0f-8827-4920-a3e1-c945f354edbf,credit_card,48.32,completed,GB
f40496df-3526-4310-9869-37e95c45d252,80a14af9-d64f-40f8-a8de-730a6eeb1f80,debit_card,583.9,completed,US
afa09fe0-edb4-4f52-b9df-e5226c831066,0a37d57f-e6c4-45d2-9187-e0cf8417eed7,wallet,136.54,completed,BR
858da25c-ec6a-4a2d-8087-79bf0a047195,8231e7cb-cd4a-4309-bf6b-34bed63d1a29,paypal,377.41,completed,BR
952776e2-8c8e-487b-a142-68e177d50fec,109816b8-7c11-4164-893c-b215677304a5,wallet,1499.56,completed,DE
4d729897-c289-47a0-b6b7-7e389a6354e7,bed42d04-61e9-4dea-943c-d4a09765538b,credit_card,313.62,completed,BR
a3487fa2-7b13-4245-a974-7cf708eb10d6,d2d14710-26b1-43c1-a2f5-388d221de8e7,debit_card,252.71,completed,US
7c869d77-5627-4516-981a-708f3e52c03f,9c04cf9f-58b7-4ce6-abc1-394d79bad9a5,wallet,913.1,completed,BR
1a008dd3-3d10-4822-a1cb-207c00fffab2,96570105-1063-4bdf-bd84-c1d74f3a1230,wallet,1000.75,completed,BR
b34d67fa-9bf9-41b7-ae52-abedbf2e7db9,56299f0c-6d99-41b1-af8e-deedeece4f6e,credit_card,567.08,completed,US
f2f14a9d-7c49-4a71-9ea3-08a056586548,38da4c6a-efab-4962-a416-a0a9310d3fa1,debit_card,126.4,failed,NG
e1b514a3-3abb-4bf4-a26d-3c7aaad390de,976f1f03-65bc-4531-9050-b88f0f9d7664,paypal,446.76,completed,IN
918e3db9-6095-44c9-8f98-05603237ef71,0e6f3238-3aae-4076-98a2-7a67c1552b2f,debit_card,114.73,completed,NG
4464a02e-2f15-44df-accb-a9a6a98fa80e,dd141e95-74f0-4500-bde0-7d8c5e4163e9,wallet,411.61,completed,DE
8672704e-9dd3-40e8-9a93-ca39754f3330,02d18911-fa5a-4108-a3fc-bbfc24ce70ca,debit_card,368.2,completed,DE
aa17c38a-102b-48c4-8301-6cda5bf3a30a,78c8dcde-1020-4659-bd34-76ad0aed6dc3,wallet,464.96,completed,BR
a53e5803-ea37-4843-b00a-0afc2c2121fd,76d84106-57c5-4bd4-993a-426dc46f1cba,debit_card,468.61,completed,IN
ab532994-2c3d-4f01-ab9b-858dad1e41c6,7373e645-7fdc-413f-9828-3bdd6570c5fe,credit_card,263.0,completed,BR
dec15c83-671f-473b-86d0-31d0fbd52882,e547231b-1d81-46fe-a9cd-decd92a7a098,paypal,304.94,completed,BR
132686b8-44da-459a-a918-c72d740b396d,5ed4bb25-d646-4909-8f5d-7e1d9ae8c02c,wallet,171.98,completed,BR
f3f76aec-501a-476d-8cab-668adea70341,5be2c014-7bc0-45d4-bcb8-876412b0ac6f,debit_card,274.23,completed,BR
7e362f00-351b-4d7f-88d9-a15701535cdc,60801819-fe49-468b-ab9f-3069295cee3b,wallet,399.65,completed,BR
c84a15a4-9661-41b9-b773-6c06716aa23b,399febc3-bb50-4713-9aea-89f0439a3032,debit_card,113.57,completed,GB
95ec846d-8fbe-4225-9c16-fe84d3f2813e,3762faea-0f70-48e5-8c71-8b26d1f11a9a,credit_card,188.74,completed,DE
4921b9fc-fd1c-4ef1-bb78-ba19b63e7f59,5fea9bf8-7e36-463f-b50a-d70774e110d3,credit_card,620.01,completed,BR
1e3ccc3c-be73-4a03-906a-0323dc1a19f6,ebbf2b12-d370-4f05-9843-67fdbae97994,debit_card,1051.87,completed,BR
0c469f75-fdb3-43e6-959b-6466b37b8cc1,c51a35ec-1125-4818-aa3c-766614d83813,wallet,381.23,completed,NG
690de742-2a82-47a5-b0ca-55920c36570f,100e10a7-338e-404a-8026-353b2c862eca,debit_card,479.56,failed,NG
d2ab1472-7b41-4946-bd9f-60fdc0f1ff50,eaba2627-4208-4fe1-ae30-183deb7d0f4f,credit_card,101.77,completed,IN
970dfc49-6132-4b6d-ae65-0dab46bc7289,912bd43c-72fc-4bca-ae69-d46feda8ea74,paypal,1041.89,completed,GB
b62f868c-3e1b-40c3-9845-abb1f8fb84bd,cecdd6df-8402-44a9-b319-a61226ff0911,debit_card,1202.21,completed,BR
7fc04bbc-4721-4087-939d-200c9af7c4e7,e5abcb29-453c-4c90-bca3-f4b9bb537130,paypal,482.99,completed,US
f7eea8c9-f455-4e2f-bfba-5b65d6cfefcc,263d83dd-ed50-4688-a943-aa6d4d4a443c,paypal,642.2,completed,BR
513a0aed-3498-450b-92a3-8fb07096dd1b,b81cf27e-23d5-4181-b3e3-a4de5dda3566,credit_card,251.48,completed,NG
3231e270-5c74-40ad-9f14-87ca41a337b5,9af85fb7-37ec-4743-a333-c8651dbfaa9b,paypal,437.62,completed,NG
303b381d-69bd-4e0c-af47-2d8c0eddd515,0cff7da9-95e2-4ea7-8dc7-3ef3319d2996,wallet,1184.86,completed,BR
8dd2ede6-7d73-48a9-812b-f57ebb74d265,cad96a90-477c-4fed-b142-90a8d4b74518,credit_card,116.13,completed,GB
5e11c58c-232c-4ccc-924a-47191305642a,9ef91d17-ac14-4079-ac17-b23a4586b0d0,credit_card,1055.57,completed,GB
7284cbee-0497-4305-ada9-899bccd66f98,601077be-0bd4-4b86-978c-bab25e00e42b,paypal,737.15,completed,NG
fe91abf2-3489-42ce-89a3-8a06677d15af,f0479b6f-ce5b-4ee5-8e12-c6d10a51a13d,credit_card,321.33,failed,IN
b71a90f6-6895-4cc6-98e6-b22ec6d44c09,682c7781-1d6c-4ad1-bf4f-7675c000f1c8,credit_card,188.37,completed,US
0a71148e-b5ff-4215-b66d-ee0f443497ca,862352ee-2e35-40aa-a3bf-8a1449683851,debit_card,206.77,completed,NG
27ecedca-a814-4e8c-99f4-046c6dfaa5c1,aae68edb-ba30-4096-81ae-5e03defac810,paypal,396.03,completed,BR
de74d9ef-b5cb-4e3a-82f8-c12f0275a78f,336d0e69-13ac-4515-b7b6-dca158363d8a,credit_card,1643.25,completed,BR
043e4210-8e9f-4118-9242-853ea2ab0db7,8b43706d-92cf-4f58-a629-4790dcf8d944,paypal,787.44,completed,BR
a98713f6-223e-44e2-b9cc-a40291e26831,69ffe54d-d7c8-4336-88b5-485730c32698,paypal,161.51,completed,DE
5aaf2643-bba7-48d6-bdc8-d3fb5ae4f8b6,3af60dd2-d17f-43f2-8bf1-ce2ce1ee0132,wallet,182.85,completed,IN
83a03d01-a205-4c4a-afb7-d2488a652160,364586fe-0a4c-4c69-b806-676daee6ad5c,debit_card,349.3,completed,IN
1c4d0197-dfda-4143-9394-b7547f1907cb,9382170c-b489-4c96-a4fd-8657b37c7f9b,debit_card,188.01,completed,DE
e01718b7-4b99-4f3c-8334-f35eca53a30a,d4a90315-6898-4cc8-87b9-eb150fc6acb9,wallet,92.09,completed,IN
d32cd47c-f196-42cf-8f0d-0a8b75c69c69,c39c87c2-cd28-4048-8d43-53dfe60d68f2,debit_card,401.13,completed,GB
94075b9e-6ac1-4f1c-a0ee-ec4567cda41f,3e194ccb-0905-410c-8200-28075941e5d9,wallet,188.46,completed,NG
ff0ac21c-3f4b-4ed2-8642-6f8965aa8360,5c172a95-c8b8-4e48-8da5-b65af04a4270,credit_card,577.31,completed,GB
9ac60d8e-4f44-46e1-ac35-9abc80330625,003a62a5-b60e-4973-9110-0a8752a99338,credit_card,455.36,completed,NG
d1a8fd68-551c-4929-b060-cd5c721dfce7,14d8d2f7-d2d9-4423-8081-506248e8ecd3,paypal,391.49,completed,IN
815bf561-cb7b-4afa-9f27-1f68fdc19251,44b0671c-ac29-48f2-8c5a-3ec347cbcbbd,paypal,425.52,completed,BR
3533ea35-3fa3-4dc0-b747-58339adcdc1c,02754ad6-59e9-4f5c-aa72-8272fdbe696a,paypal,381.39,completed,NG
fabc9d0c-e36b-4185-853b-bef152876ecb,e59639db-3da1-46b7-86fa-aa8c03ce2780,wallet,155.54,completed,NG
0c6fed35-37e8-4d18-bc47-4b2025eb04bf,4dc19977-467a-4f60-b2b5-1c58f102746c,wallet,106.14,completed,US
1015fb71-8489-47b9-b242-7348807bd4c7,39d74a7b-e32d-4aca-be0c-ec275ea01641,wallet,499.08,completed,IN
bb44bf58-576f-4487-8c62-0522b1f3d1f7,59adee09-84f9-4d3e-a5d0-6132719a8959,debit_card,276.36,completed,BR
7934c009-b4b7-4135-82b2-ade38173f350,e7ce83f8-7cc6-4577-8aae-e336c31baa21,wallet,147.62,completed,BR
546049cc-fbe8-427d-a6d5-fb37626b2c5d,24bfabbc-b1dc-4069-b57e-d3cdcfebf2cf,debit_card,137.25,completed,US
44ea0827-e2e5-4408-aa05-d22fdf131db3,9aab71d2-c437-451f-b68e-b485d92b2efa,paypal,227.56,completed,US
f355145f-d759-43ec-9368-a3784dc22666,e97accb2-eb8d-4e96-887f-15b09bd68245,paypal,77.28,completed,IN
2c93fa5d-2fcc-424d-b328-9c4e20627209,519d435e-ff37-4bf2-bc77-0325b8414338,debit_card,29.52,completed,BR
de5b2763-a0e8-43b3-a6a6-87906ce05b6e,9e6aa742-1977-4b33-87ba-a6de569d4939,credit_card,401.3,completed,NG
8e665f77-9d1f-4fe4-861b-cc3c86c10e1b,d3cb576f-cbc7-4b95-bc7d-ea087fe62b0d,credit_card,504.93,completed,IN
37968179-6ef8-4361-a39d-0794dabdc9b0,d901a4fc-41ea-4b77-ad02-47bd56d6a5e5,wallet,1168.05,completed,US
5d380a25-f00d-4c13-8361-2d14a623f09c,befc054b-1e5c-4600-b8f4-55ee230b81b0,credit_card,477.57,completed,NG
27ae44ea-57aa-461b-bb36-bda0f0344c5a,089aaf97-bc31-4f03-9aaf-ca991e1f5ce5,wallet,547.79,completed,DE
5d87a423-9c05-4eeb-ad8f-85a7e71f6fb2,35460dad-2d63-4f5b-91c1-946f14fc3f85,credit_card,1268.93,completed,NG
116dcf4a-163f-42eb-911c-dcb8e1b18b38,8a0ab7fd-632b-47c3-8614-b07bd08d1680,wallet,747.71,completed,DE
be457daf-74c0-4568-b57c-5dbb29848b3c,97f78dca-7871-4081-ae15-0680c4345264,wallet,758.92,completed,GB
31872242-db19-4742-99d1-a2af67913dfa,3eea3956-f640-44af-ae0e-80d08905ec9e,credit_card,510.98,completed,IN
060ba73f-ee6e-4def-97a7-ef395b3adcee,e0f54663-79c5-4bc9-a752-10c5e28ebeb3,credit_card,295.45,completed,GB
6645fe3a-cde0-4ca7-973e-a1afbdec1f91,6aaca7a2-d2af-4ae4-bb23-711c0f20afa9,debit_card,400.43,completed,US
bd096d06-361f-4ffe-86d7-9db8f2f64908,061ea5ef-3ec0-4b8d-b86f-3f3161211967,paypal,572.9,completed,BR
9ee258a9-4c3b-40ad-9aa7-2d8bb591a91e,5c5f3339-2add-418f-b1cf-a940a5a3a014,wallet,666.64,completed,IN
59d766e5-a2f9-4ff3-ba7a-0c3533fa90f3,464fe3d9-26f5-47c9-9c6e-2266fb23d353,credit_card,402.31,completed,DE
48de7470-8e1c-4f4e-800e-2d84891f0a0e,79fe7aa4-ec00-4429-844b-b9f7e0e45790,credit_card,121.62,completed,BR
f0e26a98-76b0-4e41-8ee9-e1e6e2763623,61527f4e-c445-463f-954b-46973e9c8251,wallet,351.79,completed,US
806ebf68-4bf3-49f8-8c19-2eef85a76942,93b6272f-7129-4613-a56a-206b62f1bb67,wallet,357.51,completed,US
51304145-f0af-4cc5-b93d-000fc5b4f73c,024ab162-478c-469a-b283-06c12da80b37,debit_card,1155.4,completed,US
45e6b3c2-065c-47c6-9888-fa6d6512d9fc,09a999e5-7a4f-4f0c-9adb-13c7cc841d8f,wallet,769.24,failed,NG
418a8a5a-6715-4c4c-ba81-402a98872bcf,f910da24-0020-4973-85d3-149978fb310c,credit_card,1661.5,completed,US
e4275273-dac7-4803-9486-2261c6cb51cf,867b2c06-a870-4c35-a133-685ec65e873c,wallet,373.24,completed,US
2e5088bb-ceb6-4b32-a518-8d2394d1d47b,c0849b04-fec8-41e1-bf97-4120209eef01,paypal,314.13,completed,US
5e2d42d8-646a-4377-85a4-a0cf9d78225e,0e1aded1-b0b4-4705-a6e6-2f8a1e4b12d5,debit_card,326.18,completed,IN
a095a4f8-b115-4ac4-97bc-37335c5648d7,2fbcd2ed-2549-46d6-992d-9878f14ad44a,credit_card,88.28,completed,NG
d47f63a1-8b9f-45ef-88e1-07d2af0a4ff7,436cd23e-5093-40b9-a393-238e131f3361,debit_card,230.82,completed,US
ab4915b3-e706-4fa8-a72c-10e0248d8b87,7088ed85-ff7f-4656-9fdb-551563af5b30,credit_card,149.94,completed,US
261d17f1-5304-4039-ad8c-04675e8cec70,a4e83475-ae67-48c5-af9f-1ef5c856f140,credit_card,27.05,completed,US
dfb29bd8-fc50-4464-a9b4-9662bfa3b038,1b3a123f-79ed-43d1-abe3-23e151e788b3,debit_card,95.93,completed,IN
1b74ce44-4abd-4ff5-848d-6024fa3b6289,c4ddc0bf-9058-4fe9-b3e8-817a990cbdae,wallet,206.85,completed,IN
2a2cc932-138e-4132-b72b-0aacaf258174,31b35ffc-5933-45c5-a561-ebe546b47147,credit_card,547.78,completed,DE
8f46f6cf-5f1d-46b9-b468-b88343c85b7b,1a196340-09ab-4831-a3e5-720430c451fe,paypal,275.75,completed,IN
c5ba83b1-ede7-4704-bec8-5b0afc7ab27b,d642631b-7b8f-442e-a50c-084840f183e4,credit_card,704.65,completed,IN
fb90ab2c-5d85-4292-ab79-808d52eca521,77d8f605-0871-4b94-828e-86edf102efa0,paypal,1062.72,completed,GB
5a5ef415-f6de-42a2-b854-e861276bbd4e,0dd2cf9b-070c-443b-af2d-63bc89c88780,paypal,490.81,completed,GB
6d232b5b-ee6f-4b09-a229-6ff75f50e99e,20bf4b0c-b11e-48af-b682-c4e7862a9109,credit_card,305.13,completed,GB
8799ff76-7b10-4326-91b0-57cea3a23064,1af21877-d2cd-4d47-b380-170a2d4b1ec2,wallet,353.89,completed,GB
46e91a7b-a2db-4064-a155-4343b0841d74,122ceffc-bd94-42a5-aad4-306d2754ab95,paypal,1226.9,completed,GB
592f1dd0-b0de-4d68-b0eb-fe9f82728fc6,fda4bbb8-45f0-4c25-b811-f2bd331fb2f6,debit_card,71.29,completed,US
fbf62eb9-889b-4119-a617-660412adde09,11a6d8a4-d843-4cb0-b0fe-92d5970bab78,paypal,349.46,completed,BR
2e2abbfa-d3e0-4dc5-8eeb-7db8c1ee3fe6,ca05f9aa-43d7-4dfb-a7cd-4e1b758540c2,wallet,72.3,completed,GB
75bbcca1-1bc8-45f6-b323-6f847c8c8f26,68fc665e-0f3b-4097-acd9-83a3c5ae507a,wallet,103.25,completed,NG
a77de847-e552-4f3c-b3d4-5edcb8623487,3d36389c-a45f-4c9e-94af-f9e1a1dc2232,credit_card,531.85,completed,BR
cdddc2e3-58ff-4206-93d6-b693c4f7dee1,09edb216-5b67-4e0f-b17f-8a6df62a8f51,credit_card,783.27,completed,US
061934bd-d88e-4649-94d4-be4db5528c35,5d5dfdf6-6953-4fa5-b04a-9b2440100a90,debit_card,199.69,completed,IN
c42eb822-1eed-4fef-99d9-2212a15485ed,8b7807ed-ab76-4ccb-931a-986a8f415b49,credit_card,393.4,completed,BR
e7e1fe7d-c501-4a6d-9859-b805e930d788,f2e1fbb2-19cb-4822-9e7a-bc6637537c22,paypal,294.67,completed,NG
70121c2d-dfec-4e52-add5-80a32424c39a,761c946a-354e-4ff4-a940-456d1606bdb2,credit_card,344.16,completed,NG
558f9401-4c4b-434d-be88-6b04911de12c,9facb77b-6974-45e8-93d8-1140251b2b25,debit_card,957.69,completed,US
f75c3f56-01d4-4284-8e40-b11caf1870c9,cc485b13-835f-4732-a14e-61902900bc88,paypal,15.69,completed,DE
0217e225-a763-4075-96f4-2c358197ba12,fd182911-7d14-4331-9135-f83a32a56538,credit_card,952.43,completed,US
7a42179b-8817-4b38-856c-a2874472f4c4,a8f4304c-6a24-40e3-84db-a6bbc0650f67,debit_card,138.5,completed,IN
c44c1a9e-db3d-4521-ab8a-f5af0ac39d49,dc84b74a-e584-481c-bce8-7603bbf99ff3,credit_card,390.41,completed,DE
0ccf25b0-086b-4695-912c-60d94695b1d6,886c3cea-234e-4f80-8af7-d6fab4463b16,paypal,590.0,completed,DE
2eae8eb1-1346-4af0-a971-71c7eb6c0ef1,5e9cf5b7-bead-4410-991f-30c4a7f67ff0,credit_card,372.58,completed,NG
541a2dfd-6f6b-479a-9baf-85185f64e37c,77cc5ef2-e628-4d89-ae12-fda533cac13b,credit_card,1791.74,completed,US
5464952b-1da4-4a9a-9d68-c747fb953fe1,92f7fa55-a393-4712-af8f-141da48716d1,credit_card,236.49,completed,US
54dba091-bcf6-4eb0-a2e6-58d5c84945dd,f32b6833-d6cb-4412-90d2-e6d7ede4d3fe,wallet,178.22,completed,US
f9118bf6-7d6a-4eb7-9443-81e49a3088d9,a720b511-26b0-465a-a4c9-42a62a61912e,paypal,471.14,completed,IN
1cfe2ba4-0782-48ae-a4e3-bddee005376e,01835b4a-77c2-4f97-b8ab-d04ce3077112,wallet,621.17,completed,DE
dcd0e5be-06d9-4248-b7d9-b08dbe316e71,b8629cad-3cb0-441c-919c-3e307080651e,debit_card,843.71,completed,NG
3495b118-1fe8-423d-be8d-85dd2fabcb33,f6855bc3-6e87-4123-9f0f-36d725cd355a,debit_card,920.94,completed,IN
2ef40722-6553-4afb-8759-6f9ce23d3714,d8ee4450-954f-4192-9afe-bd1a52f140d7,wallet,28.91,failed,DE
3ee4364c-fa43-45ff-8c25-041c882c7c76,eb10da61-a35e-4c55-b9ce-59cad0eddda9,wallet,617.12,completed,BR
3b74509e-c750-4442-97f8-bc18da4fab95,8f927bbd-5bf7-475d-a77b-971d78ab81df,debit_card,272.39,completed,GB
ea920034-3d8b-4ecf-ad86-e6c2af093c78,624f4030-fe02-4f0f-9103-cca85771cec4,paypal,493.6,completed,US
2026b563-ef64-4b8e-99cc-e6396b90d651,ddd36c54-5f78-4d55-b589-fb190d7bbad8,paypal,614.63,completed,BR
9d732891-8540-4ea4-a897-2661d4777f2b,e5dc5efb-b9cf-46d6-980a-98bab1875878,paypal,136.88,completed,NG
7f4dff0a-d74e-48f9-9c2e-a97cd9bc3694,a5dcbce7-0e42-4a8e-bca7-1b80a7a3d768,wallet,933.38,completed,IN
909659ca-dfff-41c6-a47e-3b7cdccdeb7c,e9bbec77-243d-4c98-bcd8-0e60ede42fca,wallet,810.15,completed,BR
ccc1edd3-8d8f-4c36-b536-9f61e8b2443b,44a6de37-e11f-48e0-9eba-9743f5880a09,paypal,845.6,completed,GB
4708cdcd-93f9-459f-b5c2-2c8779242d6d,bf71eb6b-c0ff-4ac8-a7f7-a378049596bd,wallet,355.48,completed,US
ad89ed56-7008-4b4d-b2ba-327b3f8365ab,85ef668d-7e29-42ae-a908-cafe3035425e,debit_card,144.71,completed,US
4af86774-39ab-4be5-ac5c-056f4b395249,e0b8033b-9599-4e3c-9e0b-dd8b929f2462,credit_card,738.12,completed,IN
fc72a0c6-0162-4f7b-a9d0-13eab4146cdb,1bfe3ae6-6d55-453b-8149-7bbf6fd6fabc,credit_card,24.58,completed,BR
4dd52c0b-c5d9-4a39-8ae4-d11ac4639726,b7533cac-e90c-4ccb-aec2-6d5b29bb9c5e,credit_card,302.56,completed,NG
15f3d692-39dd-4782-8e02-036bfa217739,562489b6-c720-467a-ac20-e6a2a302dffe,wallet,606.78,completed,GB
1d290bd0-2036-4ef6-9c70-1a06a2ad48c3,1f71d2f5-9396-415d-9a1e-89231fbbe1a1,wallet,137.25,completed,BR
06326709-0277-4c45-bd48-808048fefee4,a138cbc8-a518-41b4-aa03-f67a9bdba1c8,credit_card,122.94,failed,BR
d5f90449-d76c-4c40-90e1-eae653734c6d,8b2cff00-85f2-480c-947b-487c2a70a8bd,debit_card,327.77,completed,DE
f3fcc23e-2009-4ef9-b4c5-f98ea708bd68,e6da595b-6c44-4fa9-b1e3-38464b336586,paypal,254.86,completed,GB
e2967e6f-9d2a-4b0c-bbe1-0bec29b8c3a3,2eec884d-c0af-43f4-97e7-63c0572bf1d0,debit_card,103.25,completed,IN
745981bb-2907-44f6-a571-f952c29cb899,3db19cc7-ca01-4ae6-9d45-a6dab39692b8,wallet,224.21,completed,BR
e021915a-2c2a-44aa-bf8e-1f16321a9f66,89aa5cb5-d4ad-4e65-b820-87462f256b72,debit_card,488.53,completed,BR
2cfd20fc-af24-4c43-98bb-31040eb89df6,bfb067bd-7c1e-4ed8-adfa-dffba0ff64b2,paypal,598.7,completed,IN
571fcfaa-d545-4ae4-8c1a-d3f6507f568a,70b1d76e-2389-4198-8662-9a4d10d076c9,paypal,414.31,completed,IN
f0a709b9-1e25-49a4-84d9-e157377c1500,9a9860cb-c8ba-4e3a-9358-19e698a774d5,credit_card,634.82,completed,IN
6d4d65d2-54ef-4d23-a1c9-dc137661e543,652aa93d-2b2f-4d08-a841-aad44d10cdd8,credit_card,128.28,completed,GB
9e0ad75b-3dc4-4398-8ef0-46a61471162a,0babee1b-56a8-4a98-9a4e-e18800c39c5f,paypal,322.01,completed,IN
7007ce18-233e-4953-b980-e085f2e611e5,c629cf6d-06fd-427d-8ee2-305813c99cc3,debit_card,755.8,completed,DE
3b83894b-76ec-47d4-8af5-287cf358be0c,194808c8-f886-47f1-84eb-cfc79e84a7d2,credit_card,443.2,completed,IN
0390fbd9-f802-4a1e-953f-d74227b11aa0,806ef6bd-59ad-4879-aaa7-af650d61257a,credit_card,688.82,completed,GB
008345d1-56a7-45bd-914d-fdf417f502d6,67abd081-0e33-400c-bdc2-85b5eecb24cf,debit_card,213.62,completed,GB
81f36991-f51f-449a-9fe4-3cd5252e924b,34c21eeb-6bc5-4828-99da-1308be739320,wallet,595.36,completed,US
69133e8d-70e1-4157-b8b1-6f26605f03f5,541cc209-e79d-4d9f-8cf4-eacc42a7fa85,credit_card,422.69,completed,DE
bd2472eb-1e77-40dc-b369-3516a966bd99,4e57ddfb-e5e8-4e0a-977a-5bb750ae5e64,paypal,90.44,completed,BR
e46d7103-ef39-4947-a04f-0e60bcdde636,31f1a974-b4a1-40d1-8b15-57faeef5ad6a,wallet,146.13,completed,NG
5619fda2-6f78-4dd2-b527-ac0b26b952a0,09d532df-8801-4972-9188-370cfcd79535,wallet,1434.0,completed,GB
ae19f3b1-9663-44ff-a31e-6716796d523c,122cce54-dda7-472c-9619-e899065205ef,paypal,417.17,completed,IN
ac149e29-c412-44be-b517-dd3c8c3d19d2,f107d37f-b6ee-4bad-842a-fcbaa36714dd,wallet,539.13,completed,BR
3e42bfae-8dbb-44a8-8a21-276fe4a59913,ee42a491-bbd7-4561-b18a-09cbb5562571,paypal,653.13,completed,GB
8bb3f010-0532-4125-8ad0-eaccb045ada6,7fa445f9-7585-44e9-819f-53c31ce29ac8,wallet,218.36,completed,NG
dc183007-6146-4d4e-a605-d53e2437b993,2ab657d0-a672-4c77-b7b6-9b794ff76455,wallet,754.78,completed,DE
37a008b2-4106-4a84-ab40-ea2035b54f3e,07d2bb4a-ada4-43a5-907d-f20c0de2ba49,credit_card,652.94,completed,IN
302ce96b-ed09-4a5e-9a2c-66d0a21685b0,98aa6ec2-779f-4cfd-bd75-fa02fd337b17,debit_card,441.62,completed,IN
9a4c2e3b-b45a-4516-ad44-9eaf0a638403,4a0d2ecb-8340-47b9-977e-5052c457bd57,paypal,242.51,completed,NG
44a26da6-a73e-46d4-a17e-ee41fd1da059,35f40644-601a-49ae-96f0-f8e0d9382742,paypal,1049.74,completed,US
a1beb364-b4bf-4863-928e-dee93593316f,f3253a59-4dfd-4d71-a037-914938931fac,credit_card,322.82,completed,IN
cc845a15-fdc1-4e32-919c-1a3165ff8796,c3f3ac10-9e5c-4191-98aa-1fa74f4ab5ff,wallet,430.97,completed,US
fcd75d0a-1880-4e7d-a807-17a3d80c2a58,5a8be8e2-157b-4bfa-b768-166a47621be1,debit_card,368.93,completed,US
69d01ab3-392b-4636-bc75-3d68f2a0a91f,7b7d57cd-8972-43f7-8113-b8dfd7aa9185,wallet,2309.93,completed,IN
5958ea16-dd59-44c3-9bd1-8c5626ebdcf9,63558d31-43ac-49ef-8229-0c0a4f788c69,wallet,258.32,completed,IN
580789e7-4cb3-435b-aa7c-7457413f2e13,0499c929-a6d7-4012-b945-23f851b0a329,debit_card,218.28,completed,GB
f637379b-321b-4fd6-9942-fb3370070e14,b73eaac2-d74a-4888-89d1-5576e603aebb,wallet,54.41,completed,IN
c874d372-9af9-45f1-8575-315a75542e8c,e996e089-3bbc-4ed9-811c-9dcd30436cae,wallet,28.19,completed,US
165449ce-fad2-4928-92f6-0dbff89173c1,aefb74e8-ce03-45df-bc66-3d19c613fe80,debit_card,849.81,completed,BR
92394d48-eaf4-4bc0-8774-e3f0b89ac3e9,1dcd044a-fd25-408c-9382-48a6423c0af1,credit_card,465.19,completed,DE
65f6ed45-d4c2-4e4a-bf00-22aeb72d0bdb,67f3e0b2-683f-404f-af83-53efc2531c37,debit_card,463.51,completed,BR
fc462274-3499-485a-9d3a-07834c04abed,85c6c003-56d1-4045-96bd-d7a78fd3325d,credit_card,323.94,completed,BR
b81349c8-0ced-4cec-b5af-c3b8864d7290,98702c8e-5567-4904-8990-613e2a855b43,paypal,175.76,completed,US
da848446-20b3-4ffc-b1f8-3bd7c3674b49,8d13703d-b8ff-4c82-a55f-4d894b8d54e5,paypal,644.36,completed,GB
55f97533-6529-476c-a3d0-cba9fee5101d,3b18a7cf-8307-42b2-a2b8-ec173a6514bd,debit_card,1600.25,completed,DE
625c1d8b-1c8a-4baf-a37a-b3f2cc9d37e0,04eb04dd-cf3e-4504-a738-bf3a81b669f3,debit_card,303.59,completed,US
8c73efde-eed9-46a6-8368-640f5ab1f779,c441747f-b20c-43e2-9755-b5e686123e8c,wallet,612.24,completed,GB
d5973e1a-7178-4d22-95d7-15b35ab648df,07ece320-a659-4f10-b26c-171a8cca6214,debit_card,316.1,completed,US
1ecc189d-cf7a-41ba-b878-2bd196f81e85,50668cbd-2659-4e64-b065-10b35f9850ea,paypal,681.12,completed,NG
e5955f2f-bd27-4fd8-aa52-c49a42b7983a,89ac54dd-5e7b-4f4f-8e9e-5e736ede409a,credit_card,1329.61,completed,DE
fcbcead5-f8b0-493b-892e-7847239d8690,7d812296-10ea-468c-8609-1ed351be3d60,wallet,2395.49,completed,GB
675ec5a2-5db8-4fd3-ab2f-95413eaada49,97edae0a-ba21-4558-a92e-00c52a5b27cd,credit_card,22.77,completed,US
7cc720c9-dddb-4562-93a5-5cfc645a8f67,ebd48caf-52b1-42dc-b95b-1211ca9d5606,credit_card,353.74,completed,GB
01ad8ace-22da-4e06-8fd0-2e9738e7d255,606f16b6-7c3a-425a-8b47-5a8ddc46bc5f,debit_card,32.31,completed,US
1401d30d-daa7-4d85-a7d4-12ef24468061,01e997d3-523d-4e03-a945-87ae1f69ecc6,debit_card,140.89,completed,GB
0be7456c-4b39-4fe3-b739-ec818ce40f08,19b359c7-9bf0-4a62-b90e-c3e83ae25318,paypal,502.28,completed,NG
fc3b0248-11df-47cc-afc7-65d7ddd15359,64597f4e-8daf-4187-a568-4f39d89e96fd,wallet,1088.33,failed,DE
c9e479ea-1e47-4903-a513-7611eaca37a4,2a9c98ba-86ac-4084-b390-d033bf702367,wallet,250.82,completed,GB
4124e43b-d116-4037-9b32-ee1e06d721ee,eef479d1-dbeb-4ca0-b4f4-2b615d08c797,wallet,225.5,completed,GB
2f4ca79c-f35d-4bbe-a8cb-1bf2c61e8d64,26b339d9-311f-403e-9a65-cb34878cd19f,paypal,314.95,completed,NG
305ab8b0-1307-414a-8d64-2d95049a0e77,c097313e-8a40-47a0-bff2-c9f33b82359c,debit_card,2477.3,completed,GB
a4fcb807-d3af-41ba-9781-c4f69a3152f6,33abaf40-c046-4334-b172-5b9bddc37d65,debit_card,877.1,completed,GB
699710f7-dfd9-4ed4-93f5-fad148742566,a9c76ddf-b90c-40c9-846b-8bdebd2c41eb,paypal,789.26,completed,IN
a6c1ce49-e75d-491a-8ea6-427f0fb3afab,11cd50fe-7bf3-4fe4-9208-d2c6c007576d,credit_card,329.31,completed,US
1c919174-c3e6-4e0b-b309-fadbc9eda8d4,3b3d75bd-0f51-474d-805d-86e198496d47,paypal,263.51,failed,US
cd763915-c705-4192-a8b0-a750256405ed,adc55775-3b1a-46e4-87d5-cf423d447342,debit_card,126.83,failed,BR
c147e966-0bc8-4fea-ba89-aea12d4b128f,2e87d51b-9c18-4cbf-ab59-07410356975f,debit_card,198.49,completed,IN
edc234e7-f099-42c2-ad1a-674885a4457f,b699c94f-9c13-446e-a450-362460af9426,debit_card,423.38,completed,DE
2f95f098-fb82-4502-8388-12d8a677fc12,2828ec01-a36d-4ce2-9e98-8fa1915c7cdf,debit_card,515.7,completed,DE
775adb07-a3c5-4c93-b9f0-4acbbf1cacb4,f17ae4a9-1a05-4399-94ff-ce1fbbc9681a,debit_card,641.42,completed,GB
4d771778-5380-4415-8505-2045fbd63fea,820f94e7-e60b-440f-bb4c-884914dacd47,wallet,111.75,completed,US
57b464fc-45f7-4058-8d86-2b64777fa27f,3ef4f12f-7f21-4147-b73d-44c07eb79b26,paypal,868.19,completed,US
4e59aa1c-f33d-47c5-9622-c7ee19293d0e,b190d5e3-707c-42a5-855c-7165a4298c52,credit_card,565.74,completed,DE
b92d4e2d-9877-44fd-a554-e76bcb300450,75c09efb-545a-40b5-a72f-8662f41a32a0,paypal,351.95,completed,US
35da2bfb-9a77-4556-a03b-341d79588205,fdbc0c92-7855-484c-9bf4-996b96237797,paypal,688.52,completed,BR
4a90e9bf-ba3d-485e-bc9c-fe82f75b962a,8baf7481-d6e3-493e-90dd-b38e1860a9bc,paypal,42.39,completed,IN
ab67e89e-d6d1-4636-b110-c000d5b23ac1,2974feb1-a4ef-4405-8dda-9c3faedcb4ea,debit_card,479.69,completed,DE
cf3b1702-1bda-483f-869a-6b9077e84c60,fa4ff1d0-23db-4591-8c4c-4c7e05dba23c,wallet,24.57,completed,NG
e164995a-b925-4e27-9362-0b6839172a5b,c06787ec-aef4-432f-b380-7eb4725e8a5c,paypal,169.28,completed,DE
4644f9b5-8712-4907-810a-8d955ae5124e,4767fb71-9980-45d9-9f22-8f2fb9255b1c,credit_card,2232.09,completed,GB
91d22852-5e77-42ee-b625-cf5838005a99,61ff554e-df03-4284-9bb7-d0d269e0846a,paypal,1607.3,completed,IN
47add252-53b3-40ea-b009-0432a42cc901,64d24503-b498-4e86-9d28-2425708d09a1,paypal,248.74,completed,DE
6db6d78a-a9e6-4b05-b005-64e76b3ca290,833b49a9-43cf-4897-9241-15c7ad179c3d,credit_card,276.63,completed,GB
394e694a-6add-47cd-9855-b6c4a69ba722,1363fe83-ba90-401d-930e-3f5b8b87e3e2,debit_card,569.8,completed,BR
dbe4a809-9576-4bd9-ae50-aa200b69a511,7042fdb5-4ade-4c40-8a66-beeb36c75889,credit_card,268.55,completed,GB
6027d27f-1146-4b60-a966-f08f64f478a5,07e61f57-be9a-4f35-a6dd-f78815095cc8,paypal,197.56,completed,DE
c49dd6aa-9c27-4798-b031-225a10ebd7b6,bd642165-d3a9-4476-9f17-032f1aff8310,credit_card,655.76,completed,BR
55ec74a0-b28a-437e-9ab0-7f2881a0b512,601d2bd7-3457-4926-ab35-4626b44a79cf,wallet,125.34,failed,BR
68de9775-e0d7-4b55-9324-123e839448b7,d4fd579d-1d09-4277-ab2d-6521f8bd72e2,paypal,63.08,completed,NG
0b494433-8f4e-48c9-a91f-7c5c13209a96,4a5e0b00-b29a-43b3-b63c-6e80229c97cb,debit_card,500.29,completed,IN
857d9942-31af-49b7-994d-4af5155fb0b5,0e5a203f-4891-4cb2-8717-d1853e13d500,wallet,372.75,completed,US
80a990ce-ff95-4cb2-b7cc-4d080e82ba62,7bcae0ee-83d0-4b06-b5e3-9c7649e603f3,credit_card,195.4,completed,DE
d661d22d-84ba-4868-a375-400e0f30acd0,edec5b1d-c6f0-48f2-ae3a-1e9d76f86b4b,debit_card,1568.91,completed,DE
f730e90a-043f-4996-8800-e9a76509aa57,ffff27b1-08e2-4c3e-bacd-79f82f922cfd,credit_card,552.72,completed,BR
6ff967cd-2e32-497e-b3ef-a4646218fb38,aea32931-a831-455b-8d6a-21ded82e65b6,debit_card,425.06,completed,US
d5b24bd7-a55f-43fe-855a-473fcb03da6f,8a5c8f3f-1538-4f8c-b239-d0f4d3f32b82,wallet,483.75,completed,DE
ca222c07-3d60-432f-8230-ca9ed84fcf20,8e566951-2475-4f4f-ba93-f6667ae1f678,paypal,1563.62,completed,IN
7651323e-f782-4bc9-b2b6-50ddcb9e494e,18002365-7183-4993-a327-c0f7359bc003,credit_card,730.48,completed,DE
9a67be16-39bd-4f9d-a22c-4fbcdbc43796,a7377c1f-7515-499d-b3f6-9571f6b880fa,credit_card,992.72,completed,US
59f083f7-6df7-40f2-b611-d676f8ef5744,0d5a3dc1-2b87-4131-a444-6350f15bae78,credit_card,707.51,completed,US
1bb94493-85cd-44fb-ab42-4376b00849cb,71769a18-4876-4840-98d9-e9c361e609e1,credit_card,2217.77,completed,BR
6ed90def-42bb-4993-86f1-673b814fc246,788e8abf-f62e-4c36-9278-0f1ca1ffffcc,wallet,17.63,completed,BR
89ecefd1-fd1d-44c4-88c6-e146971ba090,99bd1ee2-b512-4128-8ea2-f61458c1a95e,paypal,422.83,completed,BR
bc55316e-d213-4726-a059-720059c2fa80,77586131-2fc4-41d7-9e03-0a1db0021472,credit_card,402.2,completed,NG
d8d3b908-74b7-4deb-92e6-a5ddd961ff89,f70f80bb-7902-4894-b1f8-8f74bd4c9f7d,debit_card,592.77,completed,US
5913591c-d8dc-4a8a-acdd-79b0307cf357,41410fba-f3df-4bd8-9fae-4645fe669838,paypal,925.02,completed,IN
89ed4d9c-4070-4447-83c8-eff54181b5ca,853083ad-a6e0-4aa1-9a99-3d36f34a0b10,paypal,302.68,failed,NG
aa2c5007-14dd-467e-a5f0-2a0d8e7d62cb,d29aa730-f8d7-40b0-89c8-067ea8b19dbb,debit_card,762.74,completed,DE
6f2248ce-cfa5-4332-9113-4e9dbda4b4fb,37861cd7-2e17-4289-a52e-06025dee9d17,wallet,367.23,completed,US
279c74d9-e334-489a-aa58-816ae476ed44,d8599d41-c672-4071-b79e-8c3dd0071196,wallet,1113.83,completed,GB
19436e43-0496-4750-9028-7db58641ca6d,e5edb806-5b55-4304-aa6a-8cb4d3bbd042,debit_card,255.24,completed,US
09f1f9b0-3df2-4117-bdcc-220ccb3d170d,99e05035-fbbe-46ed-b3b5-3196ca5b0563,debit_card,323.35,completed,IN
2fdb0acb-10c8-4b3a-b256-1ac67f04976d,183d3182-0d5f-4e62-a3ac-61838f2768ec,wallet,1378.62,completed,NG
05820e40-ed7f-4c7b-bca2-5a4bb16f5739,73a5752f-d1a4-4f6d-b1c7-52d3f0e820de,debit_card,282.1,completed,US
6a0f96d1-3fce-470b-9bbf-dfe5f59240cb,e8f27451-674b-4ca6-816b-e8a3968f2249,debit_card,413.25,completed,BR
4c284d6e-d9f1-4d81-8afa-23328005ca45,50c36521-bed8-4f03-bad3-472bc922d2d3,wallet,292.37,completed,BR
5bcd2cc6-ea65-406e-bda8-6375687dd041,53f66f38-75a4-4095-ab68-f5ffb9d4ffa6,debit_card,147.78,completed,US
c822aa2a-5e13-45e6-aadd-d75a0affd31b,693711a5-1621-453f-b12c-e5aac00e25e8,credit_card,117.14,completed,IN
81271339-9d44-4a5a-be63-748d0ccf85b0,06837de8-9ad2-4f77-a22a-91f445413cd6,wallet,6.62,completed,DE
9218a815-25de-451f-8680-5cbc2d4797c2,9dd76db2-4157-4bc1-9c5f-2c0b79fde190,paypal,2234.52,completed,US
5e3f9b05-8a00-47b7-adb8-39111f0f814b,918929ec-8302-498a-aa92-4d9b4adc92e0,wallet,232.61,completed,NG
2f056d40-333c-4697-908a-f483f668068f,b6f681a7-c294-4aad-8ce9-dc27b79305bd,debit_card,796.43,completed,US
daf408ab-8555-4a05-8883-4044594a29da,ad84921d-b82d-4d1c-b0e6-5b308e2ae060,credit_card,190.26,completed,BR
633c3141-1686-4004-88fe-768f6441b2c1,78831950-8bfc-4b66-b9c9-0cf0fb505b30,debit_card,473.13,completed,US
e2a7f96b-3c80-4ed2-876f-b78e6df2d893,c42b1c17-6998-40f8-9f18-925d4847c848,wallet,61.49,completed,BR
9b38f3d5-4a8e-48fe-b9b5-ae8c3bc30ffc,fe2cca91-092f-46d6-9d3a-feb303582abb,debit_card,469.04,completed,GB
7b3903c0-6251-4e58-bebb-10286dc5af04,b787ca1a-d853-4755-89bc-eccfb72fc89b,debit_card,1499.98,completed,US
5574ae0b-c020-48a6-9620-17a2c73c2aa1,791f456b-173d-4b71-a744-dde7be6127c7,credit_card,241.8,completed,IN
d46f4686-cbb0-460c-91bb-da4616ada773,ec1e8cff-1eb8-4666-b4b5-9860f239dfb6,credit_card,358.24,completed,IN
053432ee-56b2-4df2-8a58-fa7bd446baa6,4f6e1f49-1db1-4030-aa48-072e18129c2b,wallet,1522.19,completed,DE
e6c91b63-913b-4437-970a-17b71a12bd47,b360a5ff-f3c3-4998-b7c4-1370ac8f43c5,credit_card,437.23,completed,BR
46c5b675-ecc4-447d-aec0-62b2e1653729,b4ef8924-4333-43a3-9467-efaa28b37db0,paypal,446.09,completed,US
49debb7d-888a-4948-bd89-e2d4307198c7,199231f5-92e9-4ba0-871f-b0c769790c9e,paypal,152.83,completed,GB
6ea18ad2-f9e3-4bd9-adb5-f869e3af4e8e,af5340be-f560-401d-ac2f-22b0870c3c10,wallet,369.64,completed,NG
8df76010-d5ed-466a-a475-a0aaf0fe8dfc,b383d03c-688c-4466-b849-2df1ee5137e9,credit_card,247.32,completed,NG
9ff8533c-8a12-4617-a591-a54f39247690,9ddceec6-8b32-4d00-a1d7-47206ff979a5,credit_card,428.35,completed,NG
bbad7888-321f-4f9f-8f12-4d79eec9d6da,c6ce3ad1-047b-4749-84ef-1ba9cb7fff90,wallet,160.94,completed,NG
889f7deb-189c-442f-be8e-d8adf9ea3e74,c93c8117-442a-4104-afdd-3758dc55f53f,paypal,729.47,completed,US
842c190f-113a-46be-90f0-b4dba8fcee4f,3477415e-0ae9-456b-9823-27b1aabedd57,debit_card,607.74,completed,BR
6912f905-70ab-4dd7-9b24-f1b7271ecce1,b5fe000f-2659-4e92-bbe7-4c711ad0c344,wallet,83.98,completed,US
70d5aa97-810d-4877-8a11-eb101a5d3eda,79ec112d-5863-48f3-a753-26a629c16e72,paypal,244.28,completed,IN
8886e1dd-2675-4a5d-8f24-b53a5eaff4f4,54e97495-19b3-414a-9961-d4d7fefb3b26,credit_card,1546.63,completed,GB
4198263c-4900-45cb-93d2-f163ebed914f,4e95dcd2-501a-4fab-bd31-3f838b9306b1,wallet,274.32,completed,NG
c868a0ce-d82f-4d71-9e5d-e304ebdae7a0,bf1e8c6b-5085-4f32-b1c4-7fe3aa6a232d,paypal,446.67,completed,GB
8f456048-81c4-450b-bc37-d3ec5680d285,7aac863a-8906-469a-ab2f-65c2232073c1,credit_card,1003.63,completed,BR
84c39af3-9b52-4d47-a3b6-bb806e1a272d,924330b0-5ebc-4525-8437-c859e60e5645,debit_card,204.3,completed,GB
65334de7-d028-49dd-92b1-0506c67c9ed2,c701274f-bc1c-41f7-9f3a-74cc8e9da66f,paypal,385.14,completed,US
c30bce30-53da-4ed6-ad8e-9209dd6791a8,71e01182-b4e4-4cd2-bfcc-fd343b3327ec,credit_card,374.37,completed,DE
d7631138-ad97-48d3-9f14-423b95d1a1ed,1fe14497-fed9-4bbe-83ad-48a33b768db2,wallet,798.52,completed,GB
bc08a098-c3f5-4e47-9d19-37a93058fa73,e71c5acf-78a6-4dce-9ff2-8fcd955920a9,debit_card,170.72,completed,US
7be673b8-68b3-44b8-aadc-d7b843f17d32,6b81c6cd-bb52-4c24-8c5c-5fc0c1d659b5,debit_card,171.24,completed,DE
4caff61c-41a4-4611-ab22-d57b8494a7a9,a7eb70b8-2a13-4125-8f32-a93173397416,credit_card,552.06,completed,US
8ce6388d-1291-45d9-9734-bb03b5ee69ad,732ec4d5-3c91-44de-b973-5dd9e0ffee99,paypal,304.27,completed,GB
b7e32b84-7548-4a0e-95e6-b505948d25be,c7976102-54ac-4d18-834e-f1fc6801c2f7,credit_card,344.44,completed,NG
9b34e346-e38d-4075-9d7d-3ff861169bbe,ac02a5f9-3ed7-4c4f-a804-cad9b4c67413,wallet,954.22,completed,IN
e60b2fdb-7865-4ebb-96e5-c8f22ed56a04,cb7b3e97-2137-446b-986e-baa415cdc309,wallet,332.63,completed,DE
83dac8f9-1966-467a-99c1-e258174bc7b1,db23e54f-6132-42bd-8406-78ca69e5cf89,wallet,810.55,completed,DE
77906ca7-3421-466d-9e95-47197e597b37,1d3b8568-1df0-48bd-8ba8-df9c3e21a8fb,credit_card,773.4,completed,US
7a3594a9-68e6-4279-8f8a-e90c2f53f762,786f649e-af3d-456a-b87f-785eeb8e89a0,credit_card,309.02,completed,GB
9c0cc6fc-d49c-4779-b251-d99a5a7c01f0,01de20f9-0a51-44ec-867e-8728d14fe313,paypal,585.9,completed,GB
cea0ceb6-8da6-40ef-8507-0efd2b3970f4,dcb6bf56-e1ef-465a-8662-06bdbe0f2e10,wallet,1330.71,completed,BR
6a2b5b1c-d13f-4040-9f50-1d0599fa20ea,bb2638be-634f-4bc8-9c53-b313f684e92f,paypal,177.93,completed,NG
07531fb9-9784-441c-8960-278d3d017db5,7779af25-41a9-4e7e-a2a8-c5fb37f75a7c,wallet,656.87,completed,DE
aa12d6ff-eed0-4ebf-b569-54f05b956172,7be4221c-a942-485d-ba1b-31aa9e559009,wallet,376.51,completed,NG
128e1793-057f-403a-b6d5-825d3bb48b80,42270249-034a-4fbe-a6b1-96cdacfb484d,paypal,188.46,failed,DE
83e9139c-2c86-4372-a83e-9726a8875e48,0398001c-4125-4128-be3e-7bf7ea5d844d,wallet,266.31,completed,GB
ab1d7168-f82d-4d90-b06e-176c117555d3,d868bf94-f27a-421b-8568-73346b66fab1,wallet,448.73,completed,DE
081582bf-4ee7-467a-a56e-fbd6937ac34d,2a754dd5-aa2e-4a6d-a319-4c315936c0ce,debit_card,1538.11,completed,NG
54b5451f-d782-4fdc-8952-cab2f91b42df,53bf6fec-a1ac-4198-a97f-54e04bc7c23a,credit_card,70.55,failed,GB
38b2170a-7b40-4bfc-a29e-a6aab363f159,4f1ec5a8-60f7-40df-8a1c-c10b2559158c,paypal,435.32,completed,DE
a63febe8-cc38-42bb-a267-2923372a2777,d6f4fc85-1708-42fa-a55f-936942eb4ebc,paypal,232.96,completed,GB
19201d7c-4fd1-46ca-8b5e-080705c2d977,4eb443b3-a63b-4bdf-9b92-1b2add4f4216,credit_card,216.57,completed,IN
ce11b9dd-346e-4269-800b-12c859e77b0a,d1e31338-32de-4bac-9fef-a6c6f4f0b01f,debit_card,136.61,completed,IN
af5cc6ac-2b94-4a08-8e2c-f8c150bde338,f759bffc-0c4e-4a9f-b2b1-141dbeab81ca,credit_card,93.28,completed,DE
1d7c7deb-82e8-4396-ad19-03f008bb4050,b12b0e90-5e1e-4d35-8342-d37c4a178b4d,credit_card,405.32,completed,IN
2e0245d7-0004-4bdb-b637-11e3b771dc68,ee76aada-b001-4afd-8d2a-ea7e5596deda,credit_card,440.82,completed,NG
259f5e76-65ff-4aaa-8f9e-d54c751f43de,ab9f7b8c-1a2a-45ee-9cd6-6ef12e3cdf6b,wallet,998.0,completed,GB
2d35f220-b8f8-4ee6-8495-68fb6bfc6e58,27b14173-b55a-427d-9cff-be3bfecb25e5,debit_card,197.45,completed,US
e469810c-a6c7-4588-9d7b-45adf8d3c5f7,3b5387e7-0675-4606-a076-6207311b2027,wallet,458.19,completed,GB
f9d53d64-396d-4cb5-9ea3-095d2b9c0268,d35be325-7eb6-4ac4-b865-35c1ef5eb3cb,wallet,370.37,completed,NG
c33a4b97-5dba-48b5-a9df-2bfe36cf78f3,c6e1d236-133e-43b5-8024-f71eaf77378c,credit_card,262.0,completed,BR
d7dcaa44-dd27-4b7e-b1ae-8aa40d129d6b,cfeaf276-f6de-4d46-8046-e231bf3b99a5,debit_card,515.79,completed,IN
f6716e1b-63e4-4f50-bdaf-38d6da7b4a7c,84218da0-9b98-4cd8-9efd-0235e0f0374a,credit_card,209.99,completed,NG
7a4e8807-c8a0-4b09-9bb8-ec7ea5ad1d93,6bf347bd-1f81-463f-8aee-e389f92b88b7,wallet,311.01,completed,DE
0a927aec-006b-4e53-8344-37e28a633db3,c0c5e373-1b68-42ca-bd3a-838a0a74b84f,paypal,227.32,completed,IN
692acc95-9e83-4346-8110-222d8bf1c374,4cff57b4-563a-4e5b-bf3c-91e6c0bd45c8,wallet,977.75,completed,BR
80999db0-f8fa-415a-bea0-553322137950,d08a1736-d0bd-4681-bc04-a9a193462447,debit_card,13.73,completed,NG
2df6bb01-3d7d-4aa2-9fef-92db6d685dcf,7f2dd499-91b9-4789-b9d3-ffcbb4765e84,paypal,307.15,completed,BR
cc9c7524-b391-4475-972f-45561be1c9da,d25683a7-efd8-47de-9eb3-ef811bc7be18,debit_card,301.96,completed,DE
0cc78716-c46a-4203-95b8-0df14fdcfb81,81254d2e-ded4-4a64-8c13-b28408d6332f,debit_card,41.76,completed,US
6bd905f3-120c-4916-9ce3-3a98ce7356a0,dd4ce3b2-34bd-42ac-a057-0ab22719cd8e,wallet,1747.38,completed,GB
39396d9d-783b-4b59-8e76-513e9c7acbf6,ed8b3850-9dcc-4780-a485-657b2ed83be9,credit_card,2588.18,failed,DE
baf77d9c-7041-4228-8987-ca697e7034a4,e07a96de-974c-421b-a3b5-e41244d5657a,paypal,1244.85,completed,GB
93a80d84-1931-433a-856c-13781a563aa3,d1875628-a482-47e7-9917-9d8bd2183f06,credit_card,536.44,completed,IN
481c74b8-713e-4c14-ad9e-42a22442d200,878d63d8-fb10-48a8-9ace-a628e36a66a2,wallet,335.2,completed,US
73ab2c1e-6b16-42be-8b55-2bec982ae57c,a1e803d6-988b-49ab-abd7-3d4b100f642c,wallet,417.56,completed,US
d72e3f19-824e-47e4-a1c8-8eb10e363e10,846d2d28-048f-4e14-9a84-e2a3c6694a67,credit_card,320.45,completed,BR
08e31d12-8829-4324-a1d7-cf15a5fbd7f8,551cc89c-60c3-4bdd-a8be-55ad62facdc5,paypal,1037.91,completed,US
c70384e5-2a6f-4893-9587-d9de35db557a,b121dd9c-0be0-46c6-9ad4-b49110adf209,paypal,76.36,completed,DE
1ffaba82-bf84-4438-acb7-626a378e5b5c,e39b39c6-a447-4ced-93de-b7a9f09ff57b,credit_card,222.66,completed,IN
7901f0e6-8ae2-4d9c-b6fa-c5379d58fcdd,0e7815b7-90c8-4aca-b53c-6b37d9de7857,debit_card,497.87,completed,GB
6cd47b4c-7a55-4b9c-a27f-ea6782a781d7,0b041d6a-ce98-4396-9c8c-7c3074a42dae,debit_card,10.52,completed,US
642cf3fe-74a6-4320-ab6f-1d587c61fb0b,ae5ebb09-8170-4ea2-bfe8-0de475102cb0,credit_card,417.95,completed,NG
847ad059-0342-47d0-b332-3b687e9fadef,d959febd-bc38-4bbc-8b2c-c94174631cde,debit_card,1063.97,completed,BR
53844b58-9c8a-4474-a160-a3374b7c4c66,40f85c6b-73a6-4656-b4e1-9ce42af44256,debit_card,287.04,completed,IN
b72be82b-a49a-4228-badb-1b0f35e3fba3,f42af2d1-37e6-400f-a0c2-42cfee3e897f,paypal,340.61,completed,BR
63e8d3b6-f115-425c-acdf-f68ef2f013aa,d0bafab8-018f-404e-b13b-81825d209270,credit_card,198.29,completed,GB
79cafddf-5195-4a9b-aeaf-c1c81fe8cb55,2bae5b17-b170-4d75-ac6a-dade63535071,debit_card,23.83,completed,DE
200fd49e-18ce-4dbe-9d00-ee6f03e16466,f50f9767-7fec-4abd-b07a-b80d35e7cda6,wallet,732.72,completed,NG
26857851-d02d-4977-95d0-735908c54db9,6ea1e1ed-fd9d-4eaa-ae62-855bb71273c0,credit_card,1085.85,completed,US
b97e057f-641b-4387-a55a-0ae9df4eb1ac,012b1a64-ba63-4e47-8c09-263015355334,wallet,431.95,completed,DE
4fee35b2-960e-4419-95ed-e3800da57778,c63bbd51-43a7-4e1f-8d9b-3735e3643cf0,credit_card,1433.31,completed,DE
6d938b36-fc58-4a10-98d6-dce7edb0a8c3,c3c7d86f-6a35-4f96-b98e-e3c01bfdc940,paypal,390.76,completed,GB
d240526f-15b0-4281-a10f-3667e83481cf,e0e0e031-2015-41d7-82f0-465f77b50685,wallet,1528.7,completed,IN
badf75fe-9c67-47bb-a1da-4edc251a589a,0e1e4b78-ac4e-40da-88de-98c57a7119af,credit_card,3030.15,completed,NG
71b9f488-8c97-4ccb-ae0f-170d45bfcce6,c2e46eaa-0ca1-4571-bbf9-17ca0a57f2d3,wallet,946.28,completed,NG
340e96d2-2066-4ab8-bdb5-8cbe5a8d3919,fa3f6871-47a4-46a6-b556-22bd7512e1ef,credit_card,224.91,completed,US
6729e3ee-2acf-4baf-8317-84105306af2d,331475ae-b3cd-4c9c-8a36-09401ce7bdd9,wallet,88.17,completed,NG
ea24a9d8-1322-407c-b16e-da693b494537,13476771-31ea-4ab7-a6e3-98edd67770a7,debit_card,310.42,completed,IN
8b24b768-922b-48cb-99d6-55ec92866afb,844b887d-d971-4238-9f26-545fad49acf2,paypal,1066.71,completed,GB
0e1132ef-e0e4-4a60-a698-15a5e4f8d547,4417f73a-d9ae-43ea-8ad4-29532a275397,debit_card,72.49,completed,BR
d52b3ea0-2666-4e5a-be17-a237e562cb26,7042e23b-6177-4174-96a1-a935075b7557,credit_card,565.97,completed,US
0c2bc9bd-c344-453c-aaf8-936a345a3d69,feaeb0e7-bd12-4ddc-ac65-cd3a7e072e65,paypal,119.21,completed,US
8035fcc4-06df-498e-83b1-f0166fcdd456,5605b28a-5542-473f-9f59-ebc9b3bd09b3,credit_card,142.81,completed,NG
8ff6dcc2-37bc-483f-85b3-9f6337c76e3c,ac549685-4727-4bfd-a407-d983ee6e1e8e,wallet,288.24,completed,DE
d12ff02c-598f-4e69-9eb2-7fe207fd0ec6,f47ca1a5-9fd7-4a83-aebf-7fa06dc5db86,paypal,420.17,completed,DE
ccb685da-5d22-4e73-b470-fb0a5653b747,69eb9465-78b1-4f83-8516-0e2682478aa8,debit_card,151.47,completed,BR
82e7400e-21e5-4ceb-86a6-4b4008ba7c17,dbcafba2-e278-4523-8cfb-20dca1dff46d,credit_card,716.74,completed,IN
ceb68ab6-ac64-4ffb-ae02-32ab278b9e16,decb2b0b-065a-4f13-bb1a-786749851d80,paypal,402.21,completed,US
5920aa3e-7644-490c-87d5-c7bfc3f507bd,a0e2844e-9784-4fae-963e-2806f7578795,debit_card,91.91,completed,GB
8e3bb636-231a-41ff-9595-e696d5e13259,cc830669-68c9-4776-86c3-ec63a7638f7e,paypal,618.88,completed,NG
826e9b0e-daf9-4ba6-b420-bb0e1b3d502f,b672e721-95aa-4704-981c-7ec509d9e8ee,debit_card,64.46,completed,IN
3be44e71-7713-46a7-95d1-d66a9f388bff,c3901095-8495-4445-a98f-7eca1f38636b,paypal,144.3,completed,NG
418e7ea7-1f78-44d7-bbd1-acf89b15c0d2,ccbaa0eb-c1fa-41fd-8811-79a55a727fb5,debit_card,437.25,completed,BR
519bdc21-d65b-441f-b113-efab35b46ab1,e5567a31-ee0f-4b77-9723-75912e0c1c3a,paypal,301.77,completed,NG
79132fb2-234f-4a0b-9fbc-e531246b64f6,ae5331ac-415c-4369-820f-cce76ba93a8e,wallet,82.36,completed,DE
e01980ac-2881-4b39-beb7-16ff33fa9a5f,f0388919-522a-48a0-966d-b66713031327,credit_card,281.26,completed,IN
44514f35-3c3f-40b8-9b38-6aca21e57813,65c3a581-edb3-4c32-a970-a8eb322333a3,wallet,292.04,completed,DE
1598a4c2-b718-4aa1-a304-3bdcdba4b4a8,6a179261-c2ff-4eb3-9209-03a3a711f710,paypal,397.69,completed,GB
4df19d86-c49b-4b58-8ed1-c4d7d55998f1,a3d6aade-45dc-4af6-a9be-bf80fddfc828,credit_card,154.75,completed,DE
b94fc384-5456-43f1-8931-90436fb9a14b,592b9d97-696a-4a1b-97d5-f65ac19f2e88,debit_card,595.01,completed,DE
d256b78b-1e6d-4488-8285-d6c51ecc4d36,19981ebf-fac6-4410-be56-5ebdef40fc1c,wallet,438.6,completed,NG
499c9946-38ef-4196-a6d5-8608c052ba45,d7f126c2-e86a-43b0-a1ff-0b8596dd4240,paypal,38.91,completed,US
35d90366-6962-424f-af47-6eb05f815afe,f12dab91-9748-4a04-a3d5-6216495e8311,wallet,846.33,completed,DE
4e1cfd00-2a8a-4dbf-b440-5a11fd05b727,7b9ee943-d9ea-481b-8bc6-be181fccc1ba,debit_card,604.34,completed,US
23380517-d8f3-4f37-891d-61f87cdd15e5,aace0a59-f888-49ee-bab1-f88ad650165d,debit_card,499.57,completed,IN
ea5f545a-fd26-4618-a845-9cc78d1455c8,50feea37-d4f0-4ce8-a805-a620c6c5003b,credit_card,2045.3,completed,GB
6464ca8b-bb1b-4b79-9e45-20222c7256b8,f74db90d-fa4e-4738-b748-9806a05d2379,credit_card,326.4,completed,US
8103ce7c-013b-4fbc-9d9d-4416c38705ea,145093ba-9780-4ff4-86e8-03ed5be9ded5,credit_card,269.21,completed,GB
55cbc525-042b-4c07-9825-a98fce361fb8,f09ea238-f33e-48f6-92ce-dc0bcfeba351,wallet,608.62,completed,US
447601b2-e33c-4f28-8d6f-4b30e28b2293,3cded88e-6432-4625-8b8e-2f553230e667,wallet,457.79,completed,NG
76b70623-9e95-4bfd-9bc3-1ad3969a3dac,d1c717b7-d8b9-448c-a4d3-5ee38f57eadf,debit_card,830.44,completed,US
3ec3de30-c81e-4471-af1a-fa95f30f34ef,0f164958-c18c-48c1-bbac-9fe968b1fa43,paypal,253.08,completed,NG
517f9b5a-9691-4171-9452-dac307cbfc41,cefec4b2-5603-4209-901c-62561477bcf5,credit_card,466.26,completed,GB
44170a85-79eb-4164-9977-e0344989ca11,771beacc-abba-46c3-b418-146fada815f2,debit_card,11.27,completed,IN
499f066a-36d0-49a5-9a6f-55a692cf8c64,204793d8-40f8-4ed7-8759-97a12322d002,debit_card,338.68,completed,NG
46886cd3-e9e7-480a-be7e-10d4d094d8e5,b5f91a92-dd0f-441d-9fa7-63619897b466,paypal,37.69,completed,IN
0f44a096-fbe5-4c7a-aca4-1b4babc089fb,569faf41-13f9-4b61-be6b-094ec8c83e2f,debit_card,318.35,completed,IN
c3a53454-73a8-45b6-953a-68df16b0e613,8a3bf419-307d-49d8-9235-f7d4730ee9d0,paypal,1862.89,completed,BR
ec188758-01af-4a4d-b6b2-74ecbb486090,dcb6a7a3-7692-436f-a745-d2f1420a3026,credit_card,235.12,completed,NG
6bb3e3bc-9938-46b0-a6ee-761a4538b25e,4f9f3330-d5a0-46f7-9c8f-b3daf688321c,paypal,276.36,completed,IN
15572fc1-5a41-4ded-b783-d305e6afb635,b93fb0ec-0c35-47e8-8290-9aaf15b1c71a,credit_card,584.43,completed,GB
67a32668-182d-44a8-adef-fc5d5a331e7d,6ab64862-58bc-4a2e-a1ba-a0f39c4d2560,credit_card,334.07,completed,GB
6d18b699-ac7e-4131-ac72-f69cf2be37dd,e7aaf5b2-97be-421c-801c-66c899af3996,wallet,348.0,completed,DE
03024ece-f4a9-40b6-ad1b-ee139150511d,38edfd0b-9386-45c5-88bc-dc7dcf78069a,debit_card,179.46,completed,NG
3e57f7ab-d359-4932-820d-c829d035962c,bbf627dd-e51b-4824-956d-4a6ed8c76f92,wallet,408.19,completed,DE
d4061424-ec72-4042-9218-e5ca791b547e,87835adf-4c07-4e79-b1cf-a9313164880d,debit_card,165.67,completed,GB
b4cbf21f-74ab-482d-86a4-921bf79ea7fd,1aefa24f-557e-4ff9-80d1-2e6dd2deba18,credit_card,1631.43,failed,DE
c018d76b-5c53-447f-bdf9-5c6ed7860edf,f2c6c2d6-b1fc-48e6-982e-e8d09aa31e91,credit_card,329.37,completed,US
7a9b8e13-b2c7-40e8-a14a-1a5af0f9f5cb,5e0c65c5-461f-4326-b0aa-d8a05f55dd95,debit_card,389.99,completed,DE
f1bfc22c-1e65-4b64-9bbd-e1620db7d4c1,a49ddbba-9729-4c61-9ba1-660436c45dc3,wallet,430.04,completed,BR
ec11899b-cf26-4a87-b1a5-b9a7ced26b9a,03cc8280-5829-4027-8033-97cea3c346c6,wallet,968.66,completed,IN
d62d8ea7-cf24-4d3c-9f2a-5283bdb1a30b,e5946a75-0c24-4b7c-92a9-81f62b1814d9,debit_card,1879.25,completed,DE
cb0109fb-ccc5-4799-ac05-af51df848bb9,b83e2ce3-8c42-4638-9f4a-623f8f4b7bba,paypal,272.54,completed,US
4e6e57c7-8b95-4cf8-be72-b8c91479cf5e,ebed976a-4315-4c16-adde-fb89a1c9e996,wallet,239.26,completed,NG
768d16ea-d36f-4ddf-9b07-baff88e7c5f1,7469022b-1681-4dc1-b340-01b4318c3f50,credit_card,2513.15,completed,US
82e0e2e4-15ed-48f6-98ab-8316762658bd,df1a460b-7950-4d10-9d6e-d3c293a5014c,paypal,238.0,completed,NG
ae525e80-d8d0-4ae4-8140-695c836e495a,ec7168ac-0172-41ce-bb25-774d976717e6,wallet,156.48,completed,DE
bb702244-ed35-4794-9726-9a71d2670997,4061c825-bc8a-4e77-97bf-e0fd7bd9ca41,paypal,516.57,completed,US
71a3b0f3-9dbf-4e76-aeed-87d52ee6a8f3,50692505-e2fb-4535-a873-4e12927a7697,paypal,249.42,completed,BR
82e75181-16fb-4f21-8b67-5be0046c5abf,b97c2bd4-7002-4a24-a809-e335d628b720,debit_card,240.96,completed,US
12464121-cdbc-4e87-855a-06eee10572cd,5bd0d695-a35c-4367-8342-4dd74e680454,credit_card,289.29,completed,IN
617d90fe-eddb-45d8-b1d9-ea576fcae9dd,c09967a7-2b7f-4173-b70b-55260d0133f0,paypal,410.04,completed,IN
da585929-6c08-4a1a-a302-e4ddd5efcb2b,bc575cc7-9911-4f16-b30d-c29c62869f34,credit_card,437.23,completed,GB
2bcadd9d-3322-4ebe-bb1b-c9a7907bcd1c,9955ddf4-3b0a-489e-b107-82d13b987c2c,paypal,666.59,completed,US
74e13f79-69d5-4d9b-a666-8e0f87c6c968,46d84b00-8fca-4c2d-a140-39e80ae9bff0,paypal,249.35,completed,US
67d69ea5-87fe-481a-a7d4-d6c7a8ca6b73,67a866ac-6c43-4162-b861-6dc543e4c4d6,debit_card,195.87,completed,DE
e7193f6a-e0b6-4bf1-bf57-6c0379498180,2f03691f-2375-4d40-abe4-23a0e98b3675,credit_card,686.82,completed,NG
b33095a5-8f7f-45b4-bd4f-712db61deda7,b102ff9c-0c6d-47cf-a957-4c8fddc763b4,paypal,522.5,completed,US
2bae7cfa-cdbf-4802-9b6c-74cf14201ab7,de13c417-19f3-4cb9-b1c5-97026be452d7,debit_card,250.22,completed,DE
724a3c44-3c59-4d3f-8a38-39c3587eac07,b99f2162-91bd-4cf5-9ac8-fe4dd2594f6a,credit_card,411.1,completed,US
69ae8b70-8bf2-4c38-8d30-4d9b493ef3b6,877d85c0-e9b3-4764-beca-943d0acc1a70,paypal,478.59,completed,BR
62c8eca2-d22d-4ac6-b43c-83e46b7ca3e1,9a1a8aa0-9e35-4c30-ae25-a73c1a874d67,paypal,478.06,completed,DE
4e4cc1da-d217-4902-b120-b0d903082c20,b1e40a63-faaf-4abb-93e0-4fe164c567b5,debit_card,283.1,completed,DE
138f7a8a-6dde-4a23-a1f1-6122fb37d3c8,a2b3b6f9-8d11-4a54-9147-e6ce0c586bfb,credit_card,611.21,completed,DE
48904f0d-26b9-4dc6-a159-841ebc984fcf,e69a2f27-0850-4b86-8ba1-2897788fa7b5,wallet,764.33,completed,IN
47ba55a0-2b04-4d82-be6b-d6b3a4781c3a,787ab81f-57f1-466d-a020-8be39c59816b,paypal,1070.05,completed,US
2caffa58-a665-4168-b217-e0c8ba9681cc,a51e4704-d303-421e-b552-2b8a92ee5069,debit_card,355.04,completed,IN
549129de-9030-4da1-91d6-57e4cb93f207,612f6adb-6b49-4746-a150-3c6a7cdff583,paypal,590.77,completed,IN
bb73a033-9429-4b2c-9f1e-30dec2317849,28302584-5090-4908-bc46-ef333a7980a9,paypal,1092.62,completed,DE
feb0845d-3a2a-4f8c-b8d4-aa83db0a09de,f72ffafd-6a2b-4ea6-bb00-db77c3930c7b,paypal,483.74,failed,IN
364eea33-91d6-4f9a-96cc-d840dd5d4738,c649679a-e414-456d-9a7b-f06dfb053a87,wallet,386.87,completed,GB
d635fff9-c29e-43d6-87c6-8e0bde177e4c,ce329e70-85a6-4def-b5e8-c5a18dfc6936,credit_card,614.56,completed,US
fa644ba0-d192-420c-af7f-2e8ab437e087,6c9711ca-3285-416e-a696-c401fb8577bf,credit_card,342.9,completed,NG
9fa3c4e2-f39f-479e-b339-dee0cb002c50,ab60a6e3-1847-4376-8d48-768a726a9a9e,debit_card,539.65,completed,US
2f314ae9-d549-48bf-965e-89bbd4180798,de2c7111-e8df-468f-88e8-2672eaa596f1,debit_card,260.3,completed,US
152bc5bc-19ab-41a7-bd19-d6a5245e19fe,d966843c-619f-459a-ae16-7adc288c388e,paypal,1223.0,completed,GB
ddec6f3a-59bd-488d-86b8-4c9ae64f5002,ca7dce1a-b172-4142-a90c-be9f801dce01,wallet,455.27,completed,BR
97a6fb19-4a4c-4e55-bd26-7e18628e880b,6da844c4-7381-4857-a510-f80c57ae7d1d,wallet,506.4,completed,US
5256713e-1cfa-4a06-9cb1-3278aad4dba1,802079d8-5f7e-4f00-b5aa-f88f8345c950,wallet,2279.83,completed,GB
d6d9aec1-3786-40e1-969b-27cee5f409fe,2cadc6b9-e1e3-4c3e-a90f-c9794c3ccb82,credit_card,171.09,completed,BR
cb7ce0c1-d629-4516-bfa9-d49723affbba,53869763-743f-4b41-8933-37636ea8ad14,wallet,494.51,completed,IN
29ad5043-851c-4cde-b642-ce2fd7a5cc3f,7479e3c5-90d5-4b6a-ab34-c81efaf71628,credit_card,317.9,completed,US
6e9e95f3-0d93-4f6e-9a27-169a04773092,444569aa-7ee5-4334-a8d4-6f307b890bd7,credit_card,294.65,completed,GB
faa2b64a-e82a-470a-8920-0e65b9e02b42,e68dfee5-c122-4e3a-88ea-e3d6412b37f6,wallet,85.26,completed,US
6d92e054-0b64-44d6-869f-bfe88983b153,f48273c4-1195-48a0-b60f-b4bf8d805642,paypal,240.67,completed,NG
94c158d0-1dfe-4744-ae5f-d0c805aa4913,b15a7c56-de68-4867-a345-deb5339f71b1,wallet,223.44,completed,IN
beb7b5c1-05e7-4320-aca9-c9f6367e783c,81c8e4c3-0448-4cc0-afaf-326abe40e6b1,debit_card,410.51,completed,BR
a894ac46-bc65-4ce8-8ec3-ceaf3ab9825e,7a773368-231b-4965-aa24-dcb16888894d,credit_card,339.97,completed,GB
7793f267-1e7c-4b7e-a619-d7b4f0dbeceb,2960c387-000e-4760-891b-2413504f54ca,credit_card,1369.3,completed,IN
2efb5be9-87e2-42df-95b1-63e72990b6c0,c570a288-33f7-405f-ae8c-f5dd6220dba2,credit_card,100.77,completed,IN
49c7cbe9-b370-4066-8d6e-0ba3a8568fd3,ad42e587-d6c8-4e33-aeb7-082dd6d7eb53,paypal,30.1,completed,BR
f1ccde22-7556-420b-aba4-ad659dba2bb0,003c3c24-f313-41c6-874e-634f71bddcd9,paypal,87.35,completed,DE
d7285c53-ffc5-49df-bda8-32841c9bb90c,ae75557a-4a27-4739-b760-fa5f62c71327,paypal,110.92,completed,US
edf0105e-886e-4e5f-9dcd-c2f724692775,26ecc4c0-a693-4cc7-9600-560eba78fe67,debit_card,1045.72,completed,IN
fc3c7f89-e868-433d-a2d4-66bdc9aa719c,adc464a2-810e-4ffb-a75e-d24a5d20b440,paypal,857.37,completed,IN
c7d9bad6-9472-431f-919a-33f9cfe0f169,e915e474-36a0-4730-93bd-fcd3c3feff6a,wallet,535.68,completed,DE
b4cfee54-38cd-443b-8229-78de4c77572d,accc40a4-5cca-4d02-835c-11fef51eaa8c,debit_card,248.38,completed,BR
5ab2a655-a663-4e3c-8a87-9acce1731154,5b7ccbd6-5db9-4ac9-81d7-b0a92bbf0290,debit_card,1143.17,completed,US
cca7643e-0ef5-4102-b23d-4b5175b6b730,91494c3e-ca29-4075-a435-3b6a7f58f824,debit_card,517.34,completed,NG
2915c027-79f8-47c2-9519-1de96bc130ac,856823ac-49a7-4f24-af41-c05ba4793e32,paypal,1160.01,completed,NG
81b0db34-923b-4f06-9007-a9f560074ac7,12b56c40-915d-4af3-ad86-9520e5771f9c,debit_card,343.11,completed,US
6bb62ca0-9913-4c57-8cf7-a378cf267c02,71cd98be-d67f-4062-9465-a95f6da11e96,debit_card,1236.78,completed,NG
52f67ffd-5a17-49ea-9fc7-1d7ddaa2eccd,f3b68cc5-f751-48d6-8f50-5aded33715ab,debit_card,2170.03,completed,NG
36ccee65-d7f4-4cd6-8f68-d52baf065ea1,43ff4832-175c-496d-8ab6-b9315d11650c,credit_card,386.77,completed,DE
c59464a9-fae5-49a4-8b7c-97bdaa783aee,32aa60c0-532f-4ad4-84a8-a4c8af246c3e,debit_card,1485.27,completed,DE
8ea81fb9-a340-4b35-b332-ee3bab0ad32a,e5870f1f-bf48-422f-8355-ef76d8d86c78,wallet,1834.69,completed,BR
c8c87d6b-3fbb-4b20-b294-0e77dc541885,f946cbcd-9a20-4c05-9a01-786c8544c0d7,debit_card,281.3,completed,GB
016d1dd0-2965-4d94-8b64-1e68fda33cc9,b7210da6-1126-4b8b-8e4a-b60d899a4237,debit_card,920.29,completed,DE
ded18a59-2688-47c4-b5b5-3317a2cbbe2d,a32c108d-f94d-47e7-88de-491afc525d65,paypal,799.93,completed,NG
fe2edb43-9497-440f-943b-f850874e6e16,8f9353d2-b871-4d80-8878-1a49e6b7a042,paypal,237.92,completed,US
d70fe44a-a211-4d6b-b9fe-461fc23feccd,833d9962-a930-4672-a153-5a6c88e92c3b,wallet,2008.25,completed,IN
7e94ecd1-d04a-47ca-a48f-3037fddfcef6,0c0762ca-d5c0-47f6-a71e-5532bb1ccb0d,debit_card,48.16,completed,US
fba9a923-a0ec-449a-bbdb-c723a9c242c4,7c0d3bdd-680a-4e5e-842a-a2798141e6be,credit_card,201.65,completed,BR
6a0ec784-831c-45f5-a6b1-71f0e506c231,4d4758d8-f49f-4493-9423-4fe797d64bee,debit_card,682.96,completed,BR
bef7af12-55bd-44fb-b573-a212dec7bb35,996e4221-5b2e-4656-b32b-23aa7ec247b9,paypal,413.32,completed,BR
77449cec-2f9b-40a5-bba3-346958437fae,7f7eaf63-6cc5-4370-90ab-050e701aca8c,wallet,398.55,completed,US
ccb983a3-0ca6-48f8-8b8c-4e4bd73052fa,cf6903d7-5a73-4f29-9174-55e862fcdb56,paypal,532.21,completed,BR
f12e4bfc-4c9a-4d0e-91e3-76963b4380d9,e81dd797-6060-42cf-8860-a22fd76b8055,credit_card,199.52,completed,US
2513af19-ac91-4239-8ec0-a0bad2fd39ff,e67eaae8-9570-4332-9e23-7badda60e303,credit_card,1120.8,completed,US
a14fd66d-cf22-45a4-b518-7bc521905bb9,d5662bf5-9a15-4031-a9eb-7347dcab2fb7,credit_card,1279.98,completed,GB
1fb2c2ec-375e-448b-baca-2fb494e2973b,19215f15-d45f-428f-8852-776726c09526,paypal,148.96,completed,US
c0b01c3e-275d-462c-962b-57cdbf0de85c,becc47f8-ed5b-4a60-ab16-a55dd085e00c,wallet,161.22,completed,GB
8f923bea-9fcc-4786-b4c2-0c853d698246,f5117a45-d853-4c00-8fa5-508a3e62c8f4,paypal,88.83,completed,DE
965d4108-6b6f-41ea-94b0-9758293ae188,0afd8ca8-d6cb-4ae6-bc24-33023770b2f7,credit_card,298.1,completed,DE
b4e7b64f-245d-48e9-9db3-0a679887bbdc,8798ae8d-21ee-48a2-8b48-242ccc057444,wallet,310.0,completed,US
d342215e-6bcc-4ae4-8949-adc4bd8524b2,37754664-d0ba-4e18-b1a2-a565a3883b72,credit_card,885.31,completed,DE
9aa89001-912c-44c7-9d47-d96dae272849,ceeaa261-b800-46d2-8298-c67990a3de51,paypal,106.01,completed,NG
baac3d3b-bce4-4a7e-98b1-623bff868b20,154bf39f-54a0-4b65-97f9-b40c2fe2d38b,debit_card,787.97,completed,BR
bdeafd2c-ba29-4b5b-95cf-5d39b252aabd,a98e6956-b2e2-4fef-ab99-da3b8ffd32c9,wallet,428.4,completed,NG
86751397-cc8a-4b73-99a8-27367f0b34ce,197d0c91-0bec-4f34-a943-414c58ffe5eb,debit_card,772.33,completed,US
9dc5e6b4-f6f3-4eea-9a4e-27499fbb0051,953a9c41-8daa-400b-bc6e-623a073efc3f,debit_card,576.3,completed,DE
cece5f3e-7468-4286-8bce-f4dff2fbdf46,c5f62b75-1113-48ca-8ecb-20b3199a7c39,credit_card,245.43,completed,IN
8d2b8870-8231-4696-9415-29f4191119be,f5594993-e566-4890-90f8-02fddd19306b,debit_card,347.24,completed,US
16816a57-8406-46db-bca0-d3a969ae01aa,1dacfc29-90f2-4f91-8694-342ef1fc293b,debit_card,1324.61,completed,DE
9a5c8520-0d0a-413b-8135-505c3c815fc0,ceadd975-43a3-4c98-8a8d-18c2c68bdd83,debit_card,167.47,completed,NG
8cf6de3e-ccb8-4505-86dc-b9d2ada9fe91,e356dd42-17c8-4127-a4d6-100f3841c5d5,credit_card,382.12,completed,US
be1f499a-5ad4-4408-aa8d-e00fe6180faa,7570696e-6e66-4765-8580-7be255598560,credit_card,576.62,completed,GB
b234ab3a-e2fb-45dd-be3d-db4a7cb8883d,5420f9ca-6c23-4805-9adc-c44ef972800c,credit_card,799.88,completed,DE
46c5728f-4274-475d-ba7d-98d7dca48445,57e5d76e-1990-407c-af39-5c93018c0213,wallet,624.27,completed,BR
f235a472-a8a2-4379-94cd-c379954811de,d7b00ee7-2423-4790-be44-4a10dda25c76,debit_card,330.06,completed,NG
57c502c6-67af-46cf-8997-aab362df8b91,e8ffde51-5f4d-4ef0-8770-45b742e1dbd0,credit_card,725.9,completed,DE
94c9aa35-9746-4e32-88af-9e9718b7fcde,6fe05063-05ba-4667-ad77-8de3c273ba48,credit_card,316.88,completed,US
b2babc0f-425d-456a-bd42-f7ae1d31ede9,f5ef6981-e264-440a-b9bf-c2be476c8345,debit_card,614.62,completed,NG
be2a0959-64e3-4d9d-9a87-f2a85eefabf0,6be28c3b-a8ff-4896-beca-b45069799ac0,paypal,662.26,completed,DE
c1ec80ca-74fa-4ec4-a8f4-be30094b3d1c,799dca31-fdc6-446c-98e7-449209a2ced6,debit_card,508.18,completed,NG
2a53e204-8efa-41a9-994e-faa6747e2191,84c1d1ce-7b54-4398-97b4-567ced186529,wallet,734.29,completed,NG
91a95302-e9c2-4c4b-8760-a2cc6a07766d,72e0d61f-b925-47d7-b868-edbe9132393f,debit_card,413.21,completed,NG
1e2575f9-a063-4334-9054-f1a0df767a72,70799c8f-f853-4747-8c37-5176754fe5c7,debit_card,248.06,completed,US
862039f3-0a66-4d1b-aae4-a085b599907a,6674baa6-5455-490c-b70d-18ef2b5dedff,debit_card,441.33,completed,DE
23059456-562d-4b3a-b952-ffe41430a7fa,9b6760d7-7a82-4387-8b0a-186836498f84,debit_card,563.31,completed,DE
dd9d5900-aad1-4a25-9179-1444de705961,9833f4ce-0be9-4a91-bb90-c16eb7658aa7,credit_card,806.52,completed,BR
73b5e03c-b345-49a2-946c-2457167215cb,6c868f93-46c6-4c3e-a4c7-5e565992cb7a,debit_card,473.42,completed,GB
c87468d9-16ed-42c1-a92c-cc3f56acaa0d,13860bae-0016-4cc5-a8db-a38d33d5825f,wallet,172.43,completed,DE
4b1fd4a4-fbf8-4fdf-b907-42490bfe6b7d,e19bc1e1-caa4-4abc-9e06-f9b5ed7f54fb,debit_card,36.7,completed,NG
4bb7a456-de22-42db-ab53-450827ff60d4,1a246f87-87d2-4ab1-b5a3-0c02e53fd4f7,credit_card,235.27,completed,US
932ea6c3-adba-45de-b29c-353d607fd0b9,f304da9f-61e5-4e13-a04c-8265cf10d7b2,paypal,407.67,completed,IN
8a0ddd0e-5132-48b3-8edb-41b5cf6b1de9,f0e4094d-0c93-434c-865c-76f6769ceb5a,paypal,586.13,completed,NG
f8eaaf4e-2df0-4221-ab03-5821e70dbd6e,5cabd8d4-327c-4edc-8d7e-055fc449f8a0,debit_card,458.74,completed,NG
d765f032-83b8-4337-8f6b-afe670be25e2,146876c8-84e2-4c8e-af36-df57b597909d,wallet,1504.45,failed,NG
d66f5e98-99e0-4996-b724-1f7f777adae7,ca6cb9b1-eda4-412c-9057-c8f6546c608c,credit_card,150.08,completed,BR
0e06023b-acae-4b15-b6a8-bd89311de663,9a12f06b-7369-4a41-9aed-e10a8b80b152,credit_card,343.03,completed,DE
2a03553c-af9c-417d-a5f5-045d7438c4a9,2998b7c2-0d02-4aba-babb-6c559f16f786,wallet,322.33,completed,DE
ef89d233-5b0a-44b6-8e10-00d41f971e27,9a7e8e96-c74c-4a78-8d78-2b447fa45898,credit_card,1734.26,completed,GB
4781cdeb-084b-419b-87ba-9425f1e93637,2164da74-40af-43ce-b709-82f3cd567144,debit_card,481.66,completed,BR
aaa61c99-1ff7-4fc9-84ec-132dc4dcbecc,930f5fcf-2c37-4971-b37a-973aba76823f,paypal,1321.91,completed,BR
c50c21d9-17f5-4e0b-bd0b-08051fbbc651,98d31acb-a53b-47d9-8830-f18515e3d5f7,debit_card,156.11,completed,BR
103f2f17-3bd7-4950-8a9b-c37aaf46f84b,7ee6a889-df87-4841-a97d-b031abf595dd,debit_card,1641.12,completed,US
7a2059ae-8e46-42bf-bf41-7d9e7659fe5c,d54d4ead-3004-4242-a8fd-e6e86ca6c50f,paypal,838.38,completed,IN
d5eb0e08-4054-45ba-9b7c-153262d485f9,d36d7eae-3725-4d20-98a0-e93eca17989c,debit_card,1076.64,completed,US
5c05cd62-a9e9-4de6-82a3-27388133bb83,94431303-4b03-400a-ab09-6776265fd6c7,credit_card,329.79,completed,IN
b91cdc1b-53d9-4868-b6e4-575a10a60543,fa058e52-b546-4a68-bd93-9cb0ae29dc8e,paypal,732.0,completed,US
45872919-d115-4666-8eda-8ec0d18df646,1f1415ae-e101-437e-b73b-b5d3c1b9e3eb,paypal,90.78,completed,DE
37ee9857-5073-4b65-92fd-91ba455651ee,6cc8469c-de47-491a-b404-388d846c4bd3,paypal,179.81,completed,NG
03c52a6a-3c6d-43b4-8a06-9e17c2926784,91fd308e-d40e-4a9b-94df-8cc080a4b130,wallet,62.02,completed,GB
d9959184-1a70-4bb1-aec1-9a8e7cfe7c30,efb3d6ea-19e1-4239-b60a-f87c6add43d3,paypal,804.12,completed,NG
f3b45935-b71f-4a88-9dca-0765f86258f5,9ab4a211-fed9-4054-b863-49e3ee248ed5,credit_card,985.79,completed,NG
9332e30d-59ca-45ac-8316-f57bb321487f,17f9da42-57a4-4471-9ac1-0130e5a9a506,debit_card,578.4,completed,NG
d00a555c-51a1-4626-936f-6bcd2e80a937,ac2892ae-2720-45e4-9028-bc1fb89d5286,paypal,1787.03,completed,US
1102ae06-f75c-4e2d-a872-9b94697eb82c,340e4c2d-371e-4959-91dc-b41db2f0b36d,debit_card,425.4,completed,GB
3e7bec8b-c2b9-41e2-87ac-3b37d4157b9a,92aa864f-7fb2-4a24-8e83-a46178bad303,wallet,274.33,completed,IN
3361b287-aa1f-43c9-bc19-008b520aab1a,b717396f-ccdd-42e3-98a1-554bdd38a774,paypal,208.61,completed,US
a9b8fbf8-0f35-4576-ac84-8979e4615de4,c61cf80c-23ef-418f-8de2-addab72ba8a5,debit_card,429.77,completed,US
b73be092-04fa-4154-a621-af3534623737,7c0af7c3-e9bf-49e1-9160-31f982fbcefc,debit_card,80.03,completed,US
eb24a841-8c2b-4e62-9e22-5a92af682abc,f8881e5a-b5c3-44f6-a1cb-204f77c1c8b1,paypal,140.28,completed,IN
7a98e2fb-c2d1-4133-aecd-b0411d9dd421,f947c23d-d407-40d7-ae64-766b2fcb5924,paypal,275.12,completed,US
f3734213-1c21-4fd8-8d7e-fe2b21aa1056,d7313a4f-09ac-4028-b5b3-99b48dde9c4c,paypal,357.92,completed,GB
f6ff11d3-e8fd-4d75-869f-c156d31161bc,4ec2206e-e46b-4e97-aefc-52978bd43edb,paypal,500.69,completed,GB
23b58780-0050-47fd-955f-5183e6725b33,915a0bad-28f5-4aba-a884-9e3529770b7d,credit_card,577.28,completed,DE
a9bffabf-49d4-4752-b7f6-707a3fd445d2,fe88d4e4-9c5a-4adc-95c6-d708e71daee5,debit_card,226.59,completed,DE
f642f8f4-e69a-45b5-96dd-06e95a1f2a22,01e25ac0-e302-4538-a61e-7296cd1ad958,wallet,44.8,completed,DE
398ecdc9-ba91-4492-bd64-47b62a3d8c7a,4bb77f72-28e5-4225-aa34-afdb92659eec,paypal,667.02,completed,US
f60ea648-b501-4c2b-846f-dbcdd8f605b0,f0f7f384-2e50-4492-8855-975b95d927de,debit_card,584.98,completed,IN
348da7b4-0968-4e35-ae4e-74e58270bbdc,55dfc437-ee76-4823-afb0-93ec0130df4f,credit_card,359.0,completed,GB
7b87d40d-e518-4af5-baa7-5f0fe8f826d5,cb285611-fb5a-4a6c-833d-89b7ce452884,paypal,822.04,completed,GB
bfedc56c-356a-490c-b9e3-7c96d65aa6cc,71dce4c0-5acd-4f70-b6f7-9ba96cfed5d5,paypal,141.29,completed,DE
3e76b1b2-7973-4aa2-9cf5-1953dcfe9671,e5755745-5219-4e07-b6a2-8e969ac52412,paypal,380.65,completed,NG
0465aa8c-0fd8-4a54-9619-8e2ac7b4d299,254b8dd8-8aa7-492d-9f36-ce9865d25412,credit_card,618.47,completed,US
ed07ba3c-2795-4d3f-9e81-a0e5dc3ed528,66ed8075-bafe-43f8-b20d-344a1d433741,credit_card,827.85,completed,NG
f3f6fc21-83b7-482e-8203-80dbf3a427cf,2135bf47-4508-4fa3-a1b4-697d3c667949,debit_card,480.78,completed,NG
4f485930-cd13-4fae-8f42-38a249103442,3f494d94-44fc-4482-8672-13b7e76ab96d,credit_card,1350.46,completed,GB
2305561c-96ee-4082-a4ce-f800869e82fd,9105a835-cc2a-4001-8a15-93cfa505dd14,credit_card,480.91,completed,DE
51afb5d7-bc8e-4455-ad54-c2f487768390,de26853a-a6fe-4fcd-a404-05d783d7f19c,credit_card,471.25,completed,US
4c4cec03-16e9-4999-9ceb-8034f64c3fe9,69b7453f-db37-467e-87c1-12071e4984e7,paypal,1306.81,completed,NG
aa3814bd-0370-4b81-afdf-4efea4feda8b,956d8bc5-e62b-4100-ac78-198b24262c09,credit_card,526.66,completed,GB
5078bbf2-60cb-4741-911a-78a7d9077c28,3be9428a-ea72-4b23-b413-785606191036,wallet,246.2,completed,BR
c3168f13-47c0-4273-b089-a62db95e7e6a,cb2a2517-7d9c-477b-84a9-8c8cc996a3af,credit_card,540.06,completed,IN
eb894bcd-1fe1-4b8f-9d89-a7de7acf4369,07ef8968-6b65-4c67-ab49-fdedff8abb03,debit_card,598.57,completed,GB
f1af74c9-b8fb-4d07-8c42-1aba90da5acc,5a08ac4d-153d-4575-8d4d-6263f0b16a63,wallet,13.73,completed,IN
40faee74-9c19-4782-a23f-5c7cb075bdeb,9d9078e5-24d0-46a1-9898-a66770736edd,wallet,8.31,completed,NG
205c1071-f309-4e98-94ee-feec65d13a5e,274aaf71-a534-4003-a6d0-1cc4ebdeac12,credit_card,631.74,completed,US
d9aecefc-262c-4613-8bb5-fb5d953d5b59,47d3bc13-ffac-43ae-b6b9-ca64c32c7d29,credit_card,54.65,completed,NG
0449a78a-c597-4d9b-8501-0a089f9a7890,d10930eb-97e1-4638-914a-e3349ba706a8,credit_card,653.07,completed,US
7d84e51a-ce38-43eb-a81b-464ee6e8e83d,0c74fb6a-a1eb-4d8c-8326-3d04da193727,wallet,520.26,completed,GB
ef6e1d6e-ff45-47a1-9b2f-1c423376e5bb,318a3891-b9a8-451c-a91d-14df99002e50,credit_card,434.35,completed,NG
03cad407-81c9-4784-8842-48ea1f125035,670776d7-d3ed-4f6f-91d5-aba146288c9c,wallet,33.59,completed,DE
65583027-b6be-4416-80d1-37b927144e1c,cba808bf-7424-4118-8428-4d79c17b82dc,debit_card,180.59,completed,BR
a6fdf84e-d113-4ce3-bcea-6a7a2b78ab55,71e5bb9a-bd12-4043-bb8b-6ec2a3b9660a,paypal,1250.2,completed,NG
a13b44aa-1049-44db-baa9-3b8cb30f94a6,aa2f36ab-f385-4c99-ba77-df849a3da743,credit_card,502.22,failed,US
2f4715b8-9d4a-481d-9141-3e9e6c83a257,a6303b0a-7d8f-4414-9c19-7683c8951ff1,wallet,374.77,completed,BR
eb63b36f-b9ad-4879-b669-e12df03d7e7b,bbf472a4-2de8-48d8-b6a8-c8f43039cb0b,wallet,821.72,completed,BR
48e32eee-da21-4469-9279-ef04590fc103,7e99027a-50ca-4f4d-b18b-8bdcc92994b7,credit_card,181.77,completed,GB
ceee4c51-0a2f-4366-aaa0-d8b3935766cc,770deb20-c299-411c-b191-d5b09c9d4b27,debit_card,291.83,completed,NG
7bf9a00a-a6d8-4100-97cd-454aa714e200,8d348f58-0218-407b-a155-67f025873b79,debit_card,154.03,completed,GB
8cfaa658-f571-402c-8282-47c927c3e913,dca55df1-25e9-40f7-b772-4e4313e3702a,debit_card,306.05,completed,GB
2963550a-4176-4473-82f2-c3011c0e94a1,c0078925-b077-4f66-bc26-b62f35407791,wallet,168.72,completed,NG
2ac7ac25-56af-49ee-bc63-6ff3654fa1b2,5b70a5d6-d965-459b-a938-3975c99934a7,wallet,512.31,completed,BR
4effe529-4e54-46c9-99e5-bf44d04a3491,6e910d87-87f5-4517-8d64-a147d41d670a,wallet,246.21,completed,GB
5e22b302-e246-4b94-8114-227ca39cfee5,d256e001-6a97-4467-b7a9-99ce3a3ef22b,credit_card,111.9,completed,DE
90b618f1-c3d1-4bb1-935f-52cd3957e26b,c721d268-1082-48d7-a5fa-2a8fa8491aea,paypal,353.38,completed,GB
0dc11e0b-799a-49fa-8299-4dafcd2a063a,67b3a062-f204-45d9-8c89-f47225928e52,wallet,170.09,completed,BR
cf002253-e619-4b2b-bc5b-650394cfd298,1d06da28-97fa-4628-97c7-becc42d5219f,credit_card,47.53,completed,US
104f1fe9-2a27-40ae-9c93-4be700678389,7b6038d7-b707-4214-87b9-d6a0b1ce867b,credit_card,385.5,completed,DE
68adcc43-0984-4c81-8c51-7c09ee052898,f9cd1300-6dcb-4aba-b2b9-7c377db1d30b,credit_card,488.46,completed,US
7a8eae7e-44ee-45bb-b122-dd1ba9a40699,1ac2ed5a-6839-4908-97ec-9a9e2db48de3,debit_card,1370.39,completed,GB
846fbc3d-0cd0-4de5-942f-2e318954ed3d,cb1d4824-9337-4db0-bb66-179ccfe2ee24,debit_card,574.52,completed,BR
9ac0c0a8-668e-4a41-afee-e240dd11a745,b61db241-d1de-4508-a1a6-0cf2f04bdd7c,debit_card,384.81,completed,GB
67335027-a110-442f-acd0-583113e8d86f,5d93a133-a09c-4cac-be03-2028adbc8db2,debit_card,95.98,completed,DE
81ff24d0-44ea-4a36-a8d3-11dd17c9f67f,eade3f9a-49b7-4fa5-a0e1-047f767d1c0f,paypal,614.53,completed,GB
60cd2d63-c1f1-4f26-b91b-ea5528f3c8ce,a3b3bb46-2bb6-461e-8ac5-83883be3f7f3,wallet,123.71,completed,BR
4ca3f596-8172-4495-a302-064b4804a094,37b12297-1208-4340-b7a3-c375815e0071,credit_card,1458.14,completed,BR
d6c5aa33-900d-4887-9435-df90d562c0db,2344e2a9-2caa-466e-8ffa-5b468a04f47e,paypal,12.46,completed,NG
48d8b59d-4cbd-4ad0-bace-5f4d92511c2a,a59c7908-52c8-4afa-85cc-5929766264dd,wallet,338.42,completed,DE
2699cb41-50f7-4158-ad62-d2ff56d2ab6f,4d54ef1a-1023-40bd-ab31-b280b1caea28,debit_card,1088.33,completed,NG
739cb6cf-a6d3-4e58-9e45-d9afeddbc89c,e5611475-6505-4a36-9d4d-eb09e3e6377c,debit_card,353.38,completed,DE
679d7756-2d49-4715-ae33-cff4c278efaf,f5abbade-7851-4c04-8a70-e23aa3024634,paypal,4.24,completed,IN
4360ce8b-13b6-4772-903d-bcbd667b5eae,68ee1e2f-c2ed-46d4-a108-cc83ae1ffd63,paypal,396.35,completed,NG
93af6bde-ab7b-40e3-af25-cb5ab6229205,7d1b735f-1525-4a86-8366-4ece825c105f,credit_card,580.44,completed,GB
44670a1a-b39f-4f10-83b7-11ae0a171e71,e4121c91-d0ae-4b34-8f83-9d307119826d,debit_card,82.96,completed,GB
da020046-5226-41aa-a5fc-b72526b95022,2afc3e37-a26c-4315-acfb-0f04292bd226,credit_card,495.41,completed,US
51a2e949-7cb1-4678-a573-1e12f575edb4,28aa952a-be94-44bf-9992-b294e5114d0f,wallet,402.88,completed,DE
12d902c5-f245-484b-b8d4-4e32a99bac28,9ca79448-4b4e-4eaf-b7c1-a12079957fb2,paypal,1145.79,completed,US
1c5d90fb-79d3-40d1-9db8-2e48c2742619,7f484afd-dd46-4c03-9e7d-d72fa98df8bf,debit_card,220.5,completed,GB
7f607835-f22c-460c-87a5-b858e381e841,f4e3ea4d-7022-4e76-924b-e99edf40acfc,debit_card,833.73,completed,GB
2478bd57-9eff-47ff-9afa-922ea8753b8d,fe3a478e-1a44-4e5b-a067-5bf56da1c7ca,debit_card,300.23,completed,GB
fd8ad609-c6c3-483b-a3b5-aa7f6b5c9c23,235f9641-8ece-497b-8672-b911273d6f74,paypal,603.41,completed,US
de1b24b6-5d4f-43d9-9f22-cd0b306ab8a9,25ac8a52-1e9f-4466-83b1-4250008f6db5,wallet,613.27,completed,GB
7d5660de-b1cf-40c7-9492-2487dfa072e2,27f86179-cdb5-4691-9d35-00bc9126ee78,debit_card,657.11,completed,US
d209cc15-6dae-45b6-9ae0-e2357796d60f,ba88cc1a-81b8-43f7-af13-8bac8591d6d4,wallet,714.43,completed,DE
cded824f-ecb6-45b7-8978-3845f6079c16,bc56536d-79e1-424a-9955-73af72248287,wallet,743.4,completed,BR
6d88e6cd-b416-428d-ab03-c0559850bc53,c6388af4-1726-408a-948b-8633a502ec1b,wallet,531.9,completed,US
7e560ade-7c55-4a43-97e5-2f6e42836a88,96fab239-3dad-4300-b060-e0fbb03701b2,credit_card,608.21,completed,NG
71afd16b-f360-4a96-a8be-1a1a2349ff04,b6ac9e4b-7549-4fe6-b4d0-1c7015c7f58d,paypal,835.74,completed,BR
d45270b9-9c57-4781-8c9b-59c857e0d520,fd7f51b5-8dad-4c2d-9905-41cdfaddf783,wallet,1106.61,completed,DE
24e2074e-4209-427c-84ca-8c36203beda9,fa570048-6d8b-4f48-9e15-df994d03adff,debit_card,216.2,completed,GB
9d782b57-bf6b-418d-b01f-90a3599aa983,9fab4080-bc92-4f35-aec7-e32155803498,wallet,938.63,completed,DE
060d116e-90ad-424d-a605-ae9eabb0c575,5719afb5-3023-4dc8-b012-1830ea3a565d,paypal,245.6,completed,BR
327d8cb4-7b8a-4a87-a697-62622d3dd6d9,1bc866c9-9596-4662-8e4b-7a90bbcc13d1,credit_card,325.01,completed,NG
32d78db6-bc62-4e35-9d09-3a6ec0e24680,5f4bd6b9-0e4e-43d3-b73e-7699695ddbc3,debit_card,278.13,completed,US
1a86e050-623a-4f6f-a588-d75d25f0ed92,39b684b1-3722-406d-b0d8-2096c94e36d6,credit_card,2138.43,completed,IN
35d41126-05a2-4cf1-84bf-be3cd5db125c,d1397a2d-19c7-459c-8ced-aeda657d21c2,paypal,180.84,completed,DE
594d4247-e615-4e23-8ada-36edae181c4a,e91cb680-c2b9-496e-810b-0c607ccec9ae,debit_card,668.38,completed,GB
2d5772a6-4b78-4479-9887-23b30dd4ca72,9619654f-8067-486f-9151-c48b56909b15,paypal,61.49,completed,GB
1f1bf1da-da3e-4015-aef2-31ff5f9a17d0,255e8fa0-9130-483e-ab30-f2d79168800d,paypal,575.47,completed,NG
92e60ccc-268d-4331-b195-859d22972ed6,27f1b8f3-825e-46d6-b370-25a7d2fe7d8d,paypal,655.05,completed,BR
11131d3e-fd67-492a-8ab2-72388b0f5163,ac90ef28-93f3-4ab2-8dda-ae2073174735,credit_card,614.43,completed,IN
97c17c2a-a24e-419e-8840-7825d7521819,ad2db5a7-88ab-44ce-be50-f5eaebfba677,wallet,1872.84,completed,GB
01c0a4df-b41f-4830-a890-81891a04736f,214f1b92-783a-4bf2-bdae-b30f921932df,debit_card,436.03,completed,NG
c12adf0d-8333-4868-9c2b-37bfcb41f11b,9f897b3e-6957-44a4-a2e3-6ed5dcd59e22,paypal,160.38,completed,NG
b0daf16f-5002-43b2-b25c-fe78c70e3133,d658f6fd-bcec-42e7-b890-5ba1712b9861,paypal,460.58,completed,NG
b4e11f97-0508-463c-a968-c5a94483ab4c,feab309e-bd99-46f4-a444-ade1b14b2b12,credit_card,243.96,completed,US
11d326e7-6766-4143-8e54-b300dc6dfd7d,5a3c71a0-37c7-4bb6-be79-a43f428f4e98,paypal,17.08,completed,DE
2ef777c1-3468-41d4-8443-c8f8bc8b89c2,ad146233-476a-4b9b-8520-240528220e84,debit_card,722.07,completed,NG
091aeb37-2126-46db-a443-759e34e9626a,af47275f-b789-4e42-9b02-0615ce86e56c,wallet,796.82,completed,BR
783b0611-cc8b-47ed-a4ab-0e79f2c15fdb,664e0e05-0357-4756-b607-3e35cf77b858,credit_card,226.28,completed,NG
d5bf8c1f-17d5-4662-a1ce-7cc88ec696c5,669dc5b7-9711-48af-9602-02b076fa4b48,debit_card,139.17,completed,NG
c83c2bfb-86c8-46e3-916b-2c874dd23502,02cc795d-d0d6-42d3-a4d9-d467fff6422f,wallet,161.25,completed,NG
b2b10a08-339b-4062-bda1-4a7d0015b64b,f5748090-f468-49ba-8f7e-32ebfb45b111,credit_card,548.33,completed,BR
f361eba8-a6fd-485d-8c31-5befac77191c,45ecf369-fd88-46be-8c99-5f696e584ff3,wallet,1088.07,completed,NG
3bca4325-ea54-409d-9abd-8067657a502b,1a087780-852f-4f47-a8af-7fd4978c7056,credit_card,203.33,completed,US
6d49d2de-ec5c-47e3-ab6e-9e89720e756a,1c8bd250-3607-49dc-aae1-de9449cb10c2,credit_card,196.64,completed,BR
55f65a25-48fd-4683-b91a-e9a0b0839d20,624b161d-1911-44ce-85e9-4889f6e06323,paypal,506.09,completed,US
7286fae5-3585-4368-a35c-a7f6f6c356cb,254a323b-dfd2-48fe-8bca-db0a50f6701d,paypal,349.79,completed,BR
f3b173d2-a874-4068-afeb-c8fe68cba2ea,6987dd61-53fd-4fdf-b469-e6e3906ea120,credit_card,1023.19,completed,BR
0db79a58-04f1-4f40-80ae-2382dab2a8a8,f94643e3-4b80-4d57-9af9-08631233876e,credit_card,271.47,completed,DE
b962c53b-283c-4833-8d53-e04e31384850,976cd579-9cd1-4fc5-9f5e-b6412e806f26,credit_card,732.32,completed,BR
f7731dfb-4257-4978-8bbf-0b6308218d8b,4b0f07dc-7f54-4934-bd81-2f05300f1def,wallet,157.99,completed,IN
6425a8ea-f2e6-4e4c-9f44-b752be8c454d,d70374f1-860a-4da3-94c6-39fe0418569a,credit_card,329.21,completed,BR
9888b9d0-c3f6-4f0e-a893-4c987a0dde8d,c8a9db54-54db-443e-b1d2-39ec1e75dfb1,wallet,584.47,completed,US
7a2a3fe3-72d2-46d5-90a9-c6a03ea313ee,9eb5d571-2722-4a9c-9a94-f9f4d0e11674,credit_card,387.83,completed,GB
4299c5f6-93d4-4f44-a669-fb0d7c43463a,d042e82c-c38b-4166-873f-f88b1ee0d736,wallet,188.46,completed,GB
1a636a4e-e98f-4771-92f6-cb47e4a17bee,5373401d-b827-4c35-acf3-4215a213abbc,paypal,1015.92,completed,GB
967a5b52-4a3d-4d43-9abb-8da1c3c675d6,56b707db-0c86-4ad5-ae2a-5e89cce8ba83,paypal,349.56,completed,GB
580518bc-595b-449c-be37-1e1eb65ac913,28de80b6-d75d-497a-8ca6-1632d655c981,wallet,137.25,completed,NG
8b5c4f09-d42b-49cc-8f9f-f99c0003488e,f475554c-1075-403d-9a08-d9ab8bd11aa6,debit_card,87.62,completed,NG
b7e37312-455a-4cf0-816e-7bb3f973afed,0aeb15dd-3c14-483b-905e-b02a19273aaa,wallet,580.48,completed,IN
7b5942c5-c35c-45cc-8643-2488b2c0ae0d,e00b67c3-5148-450b-b5f3-d66814b6ddd1,credit_card,703.68,completed,NG
f2142961-f4b1-42a4-954c-5766afa13f23,f6d64401-5388-444c-bbad-ec39dc5095db,credit_card,1267.56,completed,US
84dfeaf3-90fa-4ba8-8bc3-0118d2cdfea8,b21e73ae-fc3f-4107-817e-193de66b3ce2,debit_card,202.61,completed,BR
769dcad1-539b-43cb-af3d-349d5f6a0cb6,af5b9062-9808-4fe3-8b23-68d60ca7f75c,credit_card,186.44,completed,NG
bc7a0c44-8616-4dca-80df-5fd506088408,d2ef2eb3-817e-4ba8-8505-9afd8e7f72de,debit_card,499.66,completed,GB
0105d1d6-63ce-4da8-bb17-fd0895d552c1,61b7a3e8-2f16-4147-a17d-bcfeb8252c23,paypal,1166.66,completed,DE
e3f47784-f63e-4d55-b1d0-d7ce525a53f0,a56ddde0-5d13-4d33-81f7-3cc7c60f6f76,wallet,797.8,completed,NG
0799f78f-ebc1-42f9-9bb3-6592476575eb,88dc0172-5257-46fb-8927-dd80a068174e,debit_card,66.71,completed,IN
3da06dc8-4dd2-4857-98ce-614400fe921d,5e2b0a6a-ae34-44ea-a14a-f5756e371a5e,wallet,595.83,completed,BR
4148199c-0ec0-411a-82af-e0283f14b055,ab0332a1-1404-455c-968c-65715b328cd5,debit_card,62.56,completed,GB
c0b060b2-330a-4b77-82ab-96e63fac69d6,f7bc0c03-1131-429b-8ffb-c3d14f1b2249,credit_card,533.55,completed,GB
630450a8-b3b3-4fd2-bcec-218cc31777ef,846fe690-ba3b-4c56-a38b-2373f6271f94,credit_card,1884.73,completed,NG
ad6571fd-95ca-451a-a7c5-73be968d32c0,b8d12243-3141-46b0-855e-6e3e3b349cd1,wallet,366.8,completed,NG
6be3516d-4fe4-4f53-8204-56f4cad866f5,0440b9c3-33aa-4909-af90-720481b95f03,debit_card,448.3,completed,IN
c853fd5a-e0e0-449e-bb78-1e28a064b7f1,7bb4ea84-34b4-479c-93f2-afcd5243a108,debit_card,380.65,completed,US
624e2e9b-3423-4d3d-8afa-ab96a6c375fd,6eb1db3a-bfaa-4ad2-831b-916bdcdd98eb,wallet,1579.64,completed,GB
9c625b59-c3a2-4903-bf2d-4d51272fe8ff,bd48b9cc-2535-484b-8d50-16d61e016f10,debit_card,196.91,completed,GB
490b6ea9-52af-4e52-b1ae-4d834fffa91e,7d6f9cd7-25f4-48ea-90fc-d12fb24749df,wallet,547.05,completed,GB
de182b17-510d-435c-8300-d883945dea2b,274a6241-6688-4477-abc1-4e5a8c70deeb,credit_card,450.59,completed,BR
71c4a73b-e2ae-4c3b-b547-2810751d64a9,456969f6-b9b7-451e-8077-40a096b1314f,paypal,631.77,completed,NG
139ea788-8ce2-47e6-92f5-257739091e11,47b77997-9a87-4e47-9e75-56c9c2b120a4,debit_card,484.74,completed,GB
e19738ac-db9b-4e37-9f0c-da82e458aae3,c3e4a9d7-b031-4a2c-96c4-65b183567114,paypal,107.05,completed,BR
9b7a9d75-3469-4890-b617-657de49a5967,c8410ce7-297a-4e7b-afa7-291a3726388f,debit_card,744.29,completed,GB
99fba044-a241-4d40-88a5-dddde2c51381,97a7f145-8296-4629-b664-6deaf20c9acd,credit_card,383.2,completed,US
935088e2-6f88-4867-aa65-37c35ce1f528,e35bf490-2446-4438-8805-8a09a91f9cbd,paypal,531.69,completed,IN
3a30abe2-584b-41e2-bf79-3ced52252a84,c4d22217-491b-43b6-b5b2-908206e4bf78,credit_card,956.37,completed,GB
914340a3-674e-4104-b19f-842aae69a794,5c5d1bb2-1e2f-41f4-909d-4942708205d9,wallet,40.33,completed,NG
5d72f169-975c-4ee3-93d0-69c48f04e7ea,ad19bf41-158a-40d2-90c2-fbc980fed5aa,debit_card,211.11,completed,NG
2696909b-c3bf-4a59-ac8f-b08cddefd151,654a1dbe-6b9a-444e-a000-6bcfb964ea18,paypal,604.64,completed,GB
7d1eafc4-fb2a-45a7-992b-bfa16aa3489c,ffdd4954-8ab8-47c3-b784-a1125f626b83,paypal,279.65,completed,BR
c32a7fc3-1311-44b5-b762-8a4c82045f8c,49c11d53-0b70-4528-b77c-61a4c6e8cc98,wallet,359.87,completed,NG
d2aef3ae-e07e-46b3-b01e-e8d87462881f,44ffc951-be23-48b7-a3b5-2fa7d8558815,wallet,218.01,completed,GB
b64c813a-1aba-4511-b53f-be1794ba3c1a,91c5ef16-9281-4703-822d-e5102220e9b3,credit_card,72.3,completed,IN
475dcd2e-1585-4eb0-b837-837190e32085,15228228-8ef2-4cb6-81f4-ca9f364ce53c,credit_card,610.5,completed,DE
244b8f47-10fa-4ffa-94ea-23b14a55c2f2,d4de8614-8d7b-4863-aa9c-72415a9a140c,wallet,1420.62,completed,DE
fce19023-df77-4c51-9485-f832a47c3124,d36aea5c-28d6-4304-a788-fd124efdabca,paypal,204.61,completed,NG
65d6a4bb-946f-4743-8a49-4ab72e4a412a,b970db84-f56d-4800-b110-02effe64c443,wallet,368.75,completed,BR
b10c97bf-e07a-4351-9a0d-61d215b4d051,0aad6020-0334-4a1b-90b0-22062ca7692f,paypal,509.24,completed,IN
8c9972e6-03e0-479f-9f9f-bbe7cc3ab6ce,73fecd71-528d-43f3-a8d2-118581d20e37,paypal,71.09,completed,DE
180b9f42-2da2-4cd5-a878-54f9c26d0ef9,0973b50c-695a-4224-b21e-7803a1f48742,paypal,384.53,completed,GB
150c78d4-ad8c-4ea4-9441-dcba5cf885df,ab5d9131-cfcd-474a-b196-6493eea55e0b,wallet,331.78,completed,GB
7e6b056e-5b7e-4ffd-886d-24db724ab590,007e173b-6857-4c3f-bcc2-a86e9bb56b04,paypal,317.75,completed,GB
2809e62c-8b05-4d3b-a6e0-401972375508,5d8a171f-08e5-4df1-8024-e0c5eebc765c,wallet,1144.52,completed,DE
8230b2b2-5741-400b-9ffb-d7c931f21cda,9ae0f2f8-846a-44f0-b219-47e217e5be33,paypal,119.17,completed,DE
edfd33ee-c7c0-4644-9603-e2426f71f244,d9c8d348-64ab-4b55-9e12-a71f38d2ec13,debit_card,478.39,completed,GB
46386721-7c4f-4b02-a89b-fdefccc917cf,c89fc035-6784-4cbd-be84-dbd16d652754,wallet,510.32,completed,US
b63ea8cf-05ff-4179-a820-159046971987,1e43f006-0f82-4167-ad4b-1b2116bf5c78,credit_card,207.81,completed,NG
bc7ca243-cf2d-4bca-91d3-15b18a5ca38c,b82ef27b-3168-4fff-889a-ececba98d7c3,credit_card,86.1,completed,DE
b127348e-2648-4718-8795-42f76107ab11,8d21180d-6e30-4cfd-be41-ab1e7674a138,paypal,1009.29,completed,BR
0a0dc06e-ea7f-4c59-80dd-56acd502cd0d,3ad3d122-33cd-430d-b586-3e62cf8baf85,paypal,1024.38,completed,NG
61b0f021-0f03-4aa8-bcf0-5136534c341a,3c415b74-02e5-469f-96db-d4d2365cca57,paypal,17.63,completed,US
dc53fe35-2e1e-40c6-9c1d-43a4367ccf51,15aed8bc-5802-4da7-85b1-270637c52f3f,credit_card,119.17,completed,BR
2a74db8a-9022-4ba4-bdda-f599de00e885,c6e8f0fd-710e-4719-943a-42233f7269fd,wallet,1091.21,completed,DE
59d50204-ed17-4e4a-bd57-f85eb851e090,1bc984d7-5805-4067-96c6-c3236a621d62,paypal,299.96,completed,NG
ce08863e-f0cc-45e8-9015-1950ba4372d5,a6443b81-61ec-4cac-affd-629c35bd8a9b,debit_card,937.1,completed,NG
e68e29ff-5593-4832-84e4-bdac9f66b91b,2af5e982-4ea9-419f-b5aa-171be0e898ec,credit_card,578.64,completed,US
be78063d-0593-499c-8a7a-6d27bc1d7109,e77ca052-f1d2-4273-a313-af4c336ce6c6,debit_card,231.24,completed,DE
ea428d60-eb7f-4cee-88ab-d4cc4051ee94,dc0bf789-903a-4b95-b758-d20a68815ec7,wallet,129.35,completed,GB
8e2584f2-bf37-449c-a310-e5f728a1cf73,aa07b9fa-26d1-4e4c-99dc-63006a3eb083,credit_card,1212.33,completed,US
ab6f4299-71d4-4b83-8ee3-d63aa5458472,87b20090-8e69-4aba-b286-fc51b59d4082,paypal,261.81,completed,IN
37460b17-bc7d-48cb-b59d-8748811e8fe5,794b1737-0019-496f-8f3a-1117574ed57f,paypal,76.41,completed,US
3437fad4-c331-4143-8d31-a5f152e52f2a,a1255c76-e2ad-4923-bc60-7e66a0b833f8,debit_card,2612.73,completed,IN
3e612f98-a505-4187-b091-cc29e223dd96,faa40710-f59d-4272-97ec-2b0bbd9c0774,wallet,76.13,completed,US
d083e264-27f8-4fd0-9bf4-6a7d0f0426ba,ee0b5472-c7be-4f34-ac59-d7c9f052a327,wallet,270.98,completed,DE
637f1d6f-1e69-48d9-a601-9f8098636389,14e185f4-a74e-4c6d-9c38-d28c37d53be0,credit_card,958.41,completed,NG
915a9860-0618-4733-ae6e-9504f7da3b8b,b9bbb91e-686b-4018-8811-4a658bc461f8,credit_card,234.86,completed,NG
ddaf9eae-5d15-4655-bd15-f8a1a804eb5a,f7516bb2-cef4-4e19-887d-44cf6f21343c,paypal,61.64,completed,DE
49228776-4357-42b3-ace6-ce25636e2d37,ca112655-323e-4e4f-81a5-e9a92385542b,debit_card,229.37,completed,BR
2ac4348c-c783-46bf-aff3-0bf0debb1cbe,abd94878-2455-466f-8c7f-aebf13b6cfd5,credit_card,1529.52,completed,IN
3f6dbeca-6405-4efe-917c-24dda0064627,7176572a-f2f8-4fbe-8b83-657ae41aafbe,credit_card,293.04,completed,IN
9a04219c-d298-430f-a12b-1e0d3f4d0836,053ee0e3-a218-4eae-8cb6-7546caa1d214,wallet,335.5,completed,NG
38ca4978-2d20-4536-8336-7eddcbf857c6,6dfdbd61-107f-49ef-b8e7-7cf03ca4db95,credit_card,992.1,completed,BR
1caeedb6-c91a-4fbd-8f0b-8a67a582bea9,c1b57516-e168-40fd-b8ef-72a3d9505638,paypal,701.42,completed,BR
bd6ed8da-b448-416a-a785-4fbc4848c8d6,ce472157-abf0-416b-a563-bb3061f8522b,paypal,564.69,completed,US
08537992-6ec6-4dd6-99a7-ac8202b69e4f,6440f5ea-2917-4e05-a181-781d487c95d0,paypal,549.51,completed,US
a82bb342-41f3-46fc-9991-a76cf78e173a,dbb95443-f39b-4ed1-a5ad-d6fa05858ab1,debit_card,89.85,completed,GB
c00aabde-491f-46a4-9051-9559586d4645,27e731c8-d4f9-401d-aacf-5ce86e242073,credit_card,25.88,completed,IN
e99cceda-0277-4341-808e-fc6e188cc1f1,b8938a6e-c705-4120-8867-fce10bb34cfa,wallet,469.51,completed,GB
1fb456e5-e723-4830-bcb8-f0eb309d3159,54d7fc9c-781c-4906-9c0e-d5608244b838,wallet,1810.77,completed,DE
5e7ef9ca-3453-4347-8447-f554f674ec06,31be9074-24eb-4d1f-8404-de22739f866d,wallet,157.88,completed,NG
9eec6eb1-7c6e-4e72-8f68-c0e157acc43a,87aa50fd-4845-459c-a4b0-aad17e23df88,debit_card,11.66,completed,GB
867428d5-694d-438c-a5fc-8aa9059e56a1,e0146f93-1d9f-4c01-b039-92ca6ea6faea,paypal,2578.6,completed,BR
a24560ff-0b16-46a7-8d23-7b4c074573f3,4c48849a-d961-4545-ae7d-8a1830932f21,paypal,511.72,completed,IN
3235e918-1170-4b30-8601-22cff4a9b2da,3762b5bd-840f-4c5f-a5c4-5f4a595f5531,credit_card,545.78,completed,DE
188bc586-030b-4986-a742-cfee3ef286f5,5ce8a264-e63a-497e-9677-84f962f8fccf,wallet,925.26,completed,IN
4beaef8e-983b-4172-b2fc-40445c49436c,7777c339-a51c-4c53-8aa9-4a5aca34161f,credit_card,76.3,completed,IN
ea7d5509-a88a-4b68-a1b3-eee44a378b61,50498fdb-f422-4849-ba55-0c3373324216,debit_card,580.31,completed,NG
79e854e8-414d-4a41-8140-68bb7f4e5828,fcb56f0d-2312-4d33-8ece-182f7f17d7e7,wallet,675.64,completed,DE
7fdd19db-9759-4af5-8d66-41dbf1676eb9,f312d223-dff4-4c2a-b1f6-5e3c548ea66f,wallet,266.33,completed,BR
b852a457-a125-4c40-b3e3-54eaadf96b52,fac1f46f-5b4c-489c-b38b-047d1efe815c,debit_card,403.06,completed,BR
eabc0d8e-7cc5-4f25-b1d4-a8427a73c798,bfa67b58-d04e-4fb0-abef-12f5a7958d81,debit_card,297.09,completed,GB
fe235900-837b-4176-b937-d2182594ee0d,a6a43d84-8cba-4abd-969c-07240f0cee2f,paypal,381.14,completed,GB
a511644b-2df4-49df-8909-0e99243f8413,c9742c71-7128-4f17-9897-b5149f7f15ff,debit_card,149.39,completed,NG
05919751-d19e-409b-9625-53bc4f4c8691,dd27a342-3b0f-48a7-819d-346029a20f2b,debit_card,879.26,completed,BR
0e3679c6-2ca0-4ec2-940e-8e3c1444f195,b43bab1a-c791-4728-b0d7-3909e5d322f0,paypal,182.65,completed,GB
6dcf0e8f-6eaf-4b2c-b33e-cef7c9f30336,efeff6c5-4bd3-4b31-9436-8c6bc0836f11,credit_card,558.43,completed,GB
56634cd0-397e-45b4-95bd-2c87d491b6b7,0c0d7311-9796-4f1d-b5f7-9b8fb0002dc3,paypal,404.11,completed,IN
f12a72f4-6983-4ec7-a53c-9697e327d007,cd3adb42-0ac8-4f65-a67d-5c3f8dd7326f,debit_card,632.86,completed,NG
cf492e7c-895f-4ad6-a0ba-2bd00053e9df,a350c88b-a540-4020-99a5-f8d1ed6c3f20,paypal,396.31,completed,BR
1cd08d50-41e2-4523-88e4-6f3395cc3a11,507a78c2-da2a-4662-8fdb-22d2554cd052,wallet,308.05,completed,IN
7b6f679c-c551-44ee-a067-a0aa005e4042,5650e8bc-4e34-4612-afcf-3439c7a122ef,credit_card,95.07,completed,DE
92e0e0c5-c110-4ee1-b224-c4e925b0daab,b07313c0-13ba-4a09-a5da-02d392ef3a98,credit_card,294.08,completed,DE
dfb9e600-1290-452b-8624-a7ae38326e41,bdff6708-9ac7-4948-8ca4-4ecf05d6f5f0,credit_card,465.26,completed,US
0cbbbc49-1840-4ee9-bd0d-843e688ab7b5,13e9f08f-dd76-4e66-9c32-fe2e2438dbe0,credit_card,391.29,completed,US
41a3cd2f-d1a5-4b20-9c46-c657166ec220,9821f93f-9cd7-4173-9fb0-3877d73c9eb8,paypal,296.81,completed,IN
2312785b-4a12-41a3-a270-7896ce84a344,f7d80f32-b9d9-4506-b9c8-f6046cfa3850,wallet,374.19,completed,BR
5f3e2810-028f-4e50-a235-32ea634ee692,a79a120d-a677-46e3-a612-c9e5dc34caa0,debit_card,235.27,completed,NG
845de996-35eb-4c43-9a0a-d61b44baee03,3052bdf6-b2e0-47b8-a4b4-37825acb9895,debit_card,627.32,completed,DE
e6245e63-7999-4c3f-b18d-02d5171746c5,0083ceea-f9b5-4b06-8a24-db6a61e54a4a,credit_card,279.0,completed,BR
7ae8313e-f8c0-4adb-808f-ce58b9086191,b7c19fe0-7b1b-46b3-aa8e-9484e3cc3b04,credit_card,88.3,completed,BR
772e95c5-e6e0-4f82-b538-7ce93ac80831,0420ec11-9afe-4da7-aa94-849a5227daef,credit_card,450.88,completed,GB
0bc83054-2f80-4370-8ae6-8e765ef4c86d,75100bee-236f-4aa1-a38a-140cc0544f08,paypal,651.34,completed,GB
8a8e93a2-e47f-4698-9d79-55945deb2ca5,0f9bcd77-194f-4954-a156-9eae14e01d98,wallet,591.17,completed,GB
85054142-37b1-4dc1-8ead-72e83da09651,b01a7022-7b14-4f0d-a1f6-7880cc9f4b0c,debit_card,437.15,completed,DE
160f632f-5a7a-4077-aa80-67dedab98917,f80e3ed0-14aa-415d-9f93-31c65a4ad568,wallet,48.97,completed,NG
8b7ba415-1407-479c-8e9e-5bf3e5868990,befc68b6-a3fd-47bf-9c57-56cb2831f6ac,paypal,490.29,completed,GB
c43e170b-47e2-4bdb-885f-0117b0562b64,b32305d4-f427-42be-89f0-d05df46e1806,paypal,893.12,completed,IN
0e0cc5d9-1c96-4399-85de-8b2ffe8f3aa3,da693be4-6661-468c-9cbd-3ee60d3778e5,debit_card,303.73,completed,GB
91572664-4ec5-45e9-9725-cb368f1fd6d8,0e4f4268-f8f0-4d37-b110-f2f0bcb1bd1b,paypal,1376.59,completed,DE
099e46ea-b45a-4bc9-87db-186b4f3e8541,2f81d663-5543-4a4b-826f-331eb5b4d8ff,debit_card,686.69,completed,IN
1b253bb6-9ee7-45da-89bd-269839c7fd9d,29898750-6636-4e27-93a4-3c1f56c96931,paypal,518.74,completed,NG
2c1d41a3-34a0-4a44-a864-84f96f219def,229a776e-2cb3-445f-adcf-61cf8bfaccb9,wallet,219.06,completed,IN
78f9a6c6-895b-45df-a5bf-1116df875ec3,1b6dc3fc-a3ed-4b2d-a760-d3e03bfd990b,credit_card,293.43,failed,NG
e870d08b-a102-4518-b562-5dc9ec78a0b7,7458d841-6be4-4dda-8d89-d98640df96e2,wallet,524.62,completed,GB
31fc3ad3-2c6a-4d96-9763-b3edeef86b0e,79e1d588-f5a4-4db0-a217-3e5df1adf337,paypal,465.79,completed,IN
159f12e7-753c-489c-9b36-57c6e3778aa6,3effecd4-b6b7-4d69-b6f4-27daaa9f1d21,debit_card,508.29,completed,DE
5a0cbdac-dc03-4c2e-be14-e7b17255214b,5120bc0e-31c6-44d8-bdf5-18999d724cd2,credit_card,213.07,completed,DE
856738bf-84b8-45fc-8ff6-e7908ff730ce,77b5fa7f-005d-4403-919d-7c6cdc10de6c,paypal,484.32,completed,GB
372c3a22-fa67-44b0-9c45-f2848a8d9dd8,1c37871a-3404-490d-8a54-c0e294299210,credit_card,157.07,completed,NG
119eca84-fb9d-4231-9f6d-56240a48d0ea,131e875e-c0b2-4355-9ff4-39387df5f5bd,wallet,329.98,completed,BR
3da0f054-2abd-454b-9e6f-10de59333d46,f46ad053-3bfd-4544-b1e6-5f5999702bce,debit_card,1681.18,completed,IN
4846ccf5-451d-4abe-813c-4f0bfe0f3dec,e88c4869-55dd-45e5-8e9f-fbb9d1852c96,debit_card,317.87,completed,US
f73e2965-2b8d-4eb2-9d73-f9e85eb9ed17,bc39d37f-8b41-406c-942c-9a9d4fb03468,paypal,13.79,completed,US
aa414bb5-e4f6-4dc7-a940-11f66d2c9673,550d42af-5b81-4f51-ba13-e41f6d7416b8,wallet,555.22,completed,US
b36982ec-a997-437c-b1cf-0abe987b8629,481ba8dc-af1f-4fd7-a8ef-30981b7514f2,paypal,50.81,completed,GB
7b1d7261-009b-4d4c-9d32-f8094eb90e57,6b2b26a9-6643-4191-ad3f-84a58392a7b4,paypal,148.96,completed,GB
5c786abb-d3cf-4269-87d1-607925dceb83,eaf453de-e3f1-40e4-b4db-06ff58d12f56,credit_card,766.22,completed,DE
a279570b-292d-44c5-8441-ae93016a856d,42e6f348-8c28-48d7-b26d-a171388e8776,paypal,1558.54,completed,BR
542c7f6f-242f-4040-be9b-7ff1bd8f77a2,a5a7a063-87ba-4e05-a61e-1e4f5f1233f1,wallet,369.26,completed,DE
175d8da8-dc8f-40fe-bffc-67c8a59ce98e,84a8c9aa-56fa-410e-9e01-710fdc0e5fd4,credit_card,297.01,completed,NG
6780e994-268f-4924-a699-976a83a0afd8,7d58ae88-cc7d-485a-a304-327add544e2a,wallet,496.61,completed,DE
d4e6537c-efaf-4df5-a69e-bad6bad54e39,565a019c-a469-4c9e-b2d1-d449c3bdcae4,paypal,407.44,completed,NG
e5acf9aa-d5ff-413e-9abf-618ad44ad470,541db4fb-7eda-403b-b5a8-29ef1a9a62a6,wallet,40.58,completed,US
caaea531-c5a2-4637-974a-dbd257c9a357,23f4b33b-df6e-45d0-b9a7-131c5ecb9f31,wallet,226.91,completed,NG
2e7b9623-573b-4975-b668-45b16eed6180,ceaf4e7a-c603-458c-b607-6bd88e82d56b,debit_card,110.97,completed,US
a73687f1-3dc1-4db4-9062-fc1d104cd408,dc200bbe-85ed-44c0-92f6-b7a9545dd085,wallet,189.82,completed,NG
6525eed6-69c5-4e55-943a-97ee95f1e039,7340680e-eb24-423e-a622-c568cd568102,debit_card,360.54,completed,DE
816d7edd-2307-4958-bff8-390fd3530cc3,6a15ff65-5db1-4f63-92a3-ec02543be524,paypal,1631.08,completed,DE
c825211b-7e62-4c7d-8d93-58ea82fec41d,a14c0737-a452-45e4-841e-94874b3a5f4d,credit_card,444.85,completed,BR
e28eb1b1-81f9-44a9-8294-50c8f72be80a,7cfe6653-698f-4276-9bd3-914df3140885,paypal,562.77,completed,BR
c673622d-a5ba-4e90-ba22-a19efc74751c,6563cfe3-5b88-4a1f-8e7e-f347603203f2,wallet,829.55,completed,DE
08003d84-27c9-49c3-952e-6232bd027025,03bd7a9a-0955-4f7d-876d-1bdd418ab506,paypal,1910.83,completed,DE
0391c24c-c983-4fe1-ba0d-3ad386f3a068,77322d3a-47d8-44d6-9078-e5bfea7f85d7,credit_card,104.55,completed,IN
c36f1cb0-944b-48e9-a45c-cc93eeb0509b,7f7403f0-ac33-4b3f-8084-7416561dd4bc,credit_card,561.83,completed,NG
c2bec74a-190b-4f6e-8290-02f45a80d30e,ac09c7fc-4ee3-4373-8cac-154f09d89548,credit_card,504.38,completed,US
269b0781-ab7e-4ce1-8985-a1cc4719bf60,450c15b2-afc9-46d0-becc-3dd358aeab90,paypal,1422.25,completed,BR
247a8ec4-3c22-4842-841a-cbefd942666c,792f40a7-e346-478f-a04c-de124c8af65a,wallet,235.65,completed,DE
b7cb75e0-34be-4630-85b0-67b780532ed6,fecbcdfc-ecfe-40c1-a4b2-7ea5da0439f0,debit_card,869.21,completed,BR
9954f9d2-9c33-4647-b8ee-239522a2dc83,faf97758-85d4-4f3c-bc4d-c7ac8640c738,paypal,292.02,completed,BR
0f4c401a-8587-48c9-a5fb-9c79f1a57665,dd54110d-bf53-4f0b-9d48-b3da45529af5,paypal,338.05,completed,DE
ac878784-1c98-4e69-9031-7873c33b79fd,7ca7fe31-c39e-4243-80d5-ca77324a2ec8,paypal,1326.71,completed,IN
427d9df4-ef02-4115-be4d-d6bb1e35b9f5,d7942e53-b95c-414e-ac5a-0a40b309924c,debit_card,179.78,completed,GB
87331a41-2c13-4127-9ca8-81588b907ec3,f5e9e2df-65ec-4c14-b678-6bfadb60c3aa,credit_card,406.12,completed,GB
9f3f52e6-5f77-4f4b-b402-e695f2534bdd,2dbd9490-a231-4d81-a949-f12dbf5e78cf,credit_card,379.73,completed,NG
1c8d5fa3-b3db-4521-a8e5-f5af71eb3686,9c0f44bb-314c-479f-b564-416e9ab8dbcd,paypal,322.63,completed,DE
8f86106a-6344-4a87-b95d-dd68877eab98,a6b8f4be-4dc6-4724-8bce-75a02f273de6,paypal,871.81,completed,GB
fb8c57b3-b069-40a2-83d2-a4ca98c82c64,1eb37ad9-71fc-4017-a126-ec58f3ac9580,credit_card,462.29,completed,IN
9c632880-8993-4098-b1e6-8da45811cfcc,05ab868f-3d0c-4c86-960b-34e42a565405,credit_card,346.0,completed,NG
2d6082ee-dc29-4ebd-bfb9-50ba045e3a05,4f2b1a66-6f0e-4829-a894-ab4713591b5a,wallet,77.6,completed,US
29c32629-c679-4147-8436-8b1a229d08e6,67b740b0-0939-46f0-ace6-52d504227a09,credit_card,81.72,completed,BR
ceef8493-2e2b-4a10-bbfa-03ad8b122c6c,23ea9a83-5b0a-4224-8299-dc259637bdd8,paypal,823.95,completed,US
01a6a7ea-7052-483a-b5d5-b86354cec264,b1dc2854-c595-4d44-abb7-b6f4e83648c0,credit_card,440.95,completed,GB
dc2b1bbb-9a50-489f-a067-704daae66bdd,bd0fb3e2-354d-40d1-b92a-f4bb3ec5e7c4,wallet,370.74,completed,US
d7069515-dcce-4881-a168-346e102fb008,9157c7ad-0d80-4aea-b363-9cd2d1dd7b3e,wallet,727.71,completed,BR
35a3d35c-1451-4948-a723-9db40ee0edc9,fa02a155-b8b2-48e6-837d-355e7f207b86,debit_card,1350.36,completed,DE
0ecc5a58-6600-44e5-8083-09085ad79107,7506c35b-56ee-4a76-9811-28b8448395ca,wallet,280.83,completed,GB
737ee924-ab15-49f0-b2a4-1ec1f9504c2e,bd00d6f3-d3a5-4236-bb40-dd5dc2d3f899,paypal,480.01,completed,US
2186102c-47ad-431b-8858-f2c7cc3a363d,84cecaf7-bf5a-4e83-8e7c-6b4f994016f7,wallet,262.86,completed,GB
232234bd-ffec-4fc6-938d-4c5a6b8d4af3,0c2a9a38-5ba2-4987-a949-df9c95b362db,credit_card,448.89,completed,NG
c641d233-8ebf-4d2a-acf0-9921c06e056f,27e5b8ef-a70a-4a0b-ba50-64bb6283504d,wallet,363.12,completed,GB
c3a15418-cce1-4ca0-93c4-bb59595083a0,265f2cfc-398e-4b1e-a066-fcec8395a03a,credit_card,134.38,completed,DE
e59f76d2-67c2-4526-9860-52dafd439b3d,8ff35225-6c78-4233-93f1-5db5c4731e30,debit_card,2766.38,completed,NG
c0434cc7-e4c7-4c17-8fab-68185d2a24a5,405455b4-1203-4ab3-9f13-3a03b3fd9fca,credit_card,821.32,completed,DE
b2d8ecd6-9e65-4178-a00b-40215d9ffceb,89a275fc-f570-4c6f-b585-59bf448ad14f,credit_card,72.16,completed,GB
43bf054a-2542-4b5a-9b64-28a37fd1b00d,b131c1b2-eb4d-49cd-bd79-309769d6c958,paypal,735.66,completed,NG
f0b71f0c-4c91-4a8d-9cc7-a2fc3c3f0d00,1b128c56-b166-4cfb-82b9-8c3eb45da7e0,credit_card,935.12,completed,IN
939ec085-9bab-48e6-bbd5-0364b4f019ec,72fee43a-8234-4e31-820e-9d15f03e1ad7,debit_card,118.8,completed,DE
c7f29deb-dbe9-4739-8ef8-80de76431c2a,139bab2d-9401-4c40-b774-78d322a313db,paypal,529.76,completed,DE
982f24d9-cd52-4c98-be9f-bde8d37395c9,f5338131-7cc7-46e6-b7fd-8c44e28abbc4,debit_card,647.95,completed,BR
14f0eb88-68e1-4c83-a811-5c66bf841674,a33edda9-32eb-4071-9374-7732ffd28477,wallet,460.12,completed,BR
5b4a616f-58fe-42f2-822d-ed92251394e4,0afb75d8-8a04-4724-9519-2528c23d39ff,debit_card,34.7,completed,GB
b2ecd5a7-54ad-4e1d-83a0-0c3406bb0721,8b4c2e49-bcff-4613-8a74-aebefe10d00c,debit_card,19.56,completed,GB
75e7a258-e3c3-4ddb-ae89-2d452e731ca1,d8dfb984-141d-4f0e-8768-9067f336f0c6,paypal,563.67,completed,GB
1a39a981-54f1-49b5-85e7-fbf539e62ae5,1f05c426-3bf2-449b-b29e-85b8b78f8978,wallet,330.34,completed,DE
0096316d-f466-4dff-b244-ef8638170ed8,8fa4c98c-9e5b-4103-9fc7-ba2e8144e7cb,wallet,563.55,completed,US
be7269b7-a7f8-4559-83a8-78a9f92e793a,e57b11f9-ca0e-463d-b246-c65fcbbd991f,paypal,141.52,completed,GB
42c2186f-18db-4686-8aac-fc6549e928df,6b74ef5d-f565-4e98-bcf4-b2b46ea26ff1,debit_card,271.28,failed,NG
7115c004-3336-4a04-b606-2fb3ff6cd1cf,e3fd4bb2-377a-4405-9608-c213ae53b02a,debit_card,425.3,completed,US
530448d7-8ca9-4e44-a7e3-8833a5dee1f7,e0049ced-1a20-446b-8f2e-21b148a0525e,debit_card,30.44,completed,NG
52e1d99e-790a-4007-881d-082865e24a2a,d8cb4bc8-3c0c-4af5-95eb-b16ae76adc4c,debit_card,328.93,completed,US
320d9040-10bd-4150-8ef2-bcd57790d81e,98416e11-1ef3-430f-85d5-372b5ec3ab30,debit_card,965.03,completed,US
ad38e55b-bbe1-40fb-97f3-47d4de875bab,a3ffdd21-017c-4fc6-af8f-e39c0d74c5a6,credit_card,1615.61,completed,DE
e0946613-c3d3-40ef-a4e0-a6c558330a03,14a5bb47-d5ff-4630-82fb-25789c2a583f,debit_card,69.19,completed,GB
f4f250fb-97ae-4a93-ba3a-c7eac14bdc0f,330b7420-5f40-44d9-abb0-0ac18f64303e,paypal,884.64,completed,IN
5017d8d6-a4cf-4ba3-aff7-c3e12adbada3,317b5b69-294b-4445-a80d-886913c050e2,wallet,2152.71,completed,NG
4d532a58-4120-4a36-9b2b-0431536d2d3f,cbd72eb3-81a3-4ba5-8f5b-cf0fa24b378b,credit_card,195.18,completed,DE
d1be9ff8-6742-454f-a079-11d3e53d6f90,a83db75d-9a63-4e26-a61b-7ecd3a625608,paypal,223.44,completed,GB
e7bb0760-9538-42aa-b06b-72fe8d62b012,ff89585f-ddff-49f2-85d2-85791728906a,wallet,22.94,completed,BR
7a40b19b-3731-4c80-849c-2651c0b2cc2c,c7931a7c-89fe-4622-aebe-a4a22a3d53e9,credit_card,71.49,completed,DE
13b6375c-7581-4362-907a-7b71e69cf0b0,112b8fa7-bcd2-46ce-b4e6-02d48552680b,credit_card,737.49,completed,IN
fb675319-5e6e-4f75-85db-fcfc3925b997,a7b8a523-cfcc-48a3-90fd-83ea4e7aa82f,paypal,674.34,completed,GB
a3ee8499-f681-420b-ae2d-3045d296e8fb,0568957c-74ea-4b29-9444-1281639cc39a,wallet,411.25,completed,DE
53d08952-08b3-4237-b2df-0877c2afa348,5a49fdc0-c62f-47ca-bd92-be19e09266f3,debit_card,1226.29,completed,IN
0b36e000-dd49-40e4-864c-dd31be5436ec,fca46b8c-33ef-486a-b3f4-1c57d1a3720c,debit_card,188.43,completed,BR
0d80d1e4-8549-41cb-8d72-cacc6264fb71,1cb8e36a-d3e6-4dfc-bc85-86e826372e90,debit_card,251.46,completed,US
6de1f120-6e04-4887-8b77-6e5799e12654,4d5ee639-2f3b-4d35-b5c1-aa84af8fb886,wallet,731.19,completed,IN
a59fcef5-50c0-46df-98af-52d25330a2d3,8e4a4055-fde6-4bb4-9490-339a599068c6,debit_card,519.48,completed,NG
23eddff6-b3f1-4e5b-a8e1-29e07aa40a83,12feba26-ffd9-4356-8b10-907b63c4ad33,paypal,1319.87,failed,US
1a26ffd6-9b06-44b2-9381-751c1e068fd4,6d6871b1-83fe-4733-b050-ec750b070187,debit_card,320.87,completed,DE
5a58fa87-e831-4383-b6ea-0a68fe56fb57,42e1face-63f0-4791-aa4f-420ddc031a5b,paypal,181.51,completed,IN
b8f3511b-4e59-4956-95c8-aa72f5b73ca2,87c91e39-0e9e-40f8-991b-ce0acdcd94cb,credit_card,34.08,completed,BR
ac8c2c61-fe55-41f6-8cfb-a5fb581321ab,0c5ee526-f14a-4dca-8eb0-46f03577405b,wallet,234.49,completed,NG
3fb5f80a-0499-4429-9d16-5e94e2801b6a,b6b254ea-63c3-45d3-b05b-32b690deced2,credit_card,131.29,completed,DE
af5fc21e-fd7b-4091-9ddf-1fb184f5222c,59bba24e-373c-496e-8973-6ae598f69584,credit_card,588.98,completed,US
59e1fb31-d1d2-4b2d-9948-b95035e67e83,c1854125-83a2-45b9-b15c-89fdfb7ce9e2,debit_card,628.11,failed,GB
8dc8f265-a5a7-4587-9936-613735b02d09,9e7f5e90-e1e7-4ca4-962e-b7784df1ca47,credit_card,165.77,completed,NG
50c8a7b2-ecb5-49e7-bb8e-2ded71030261,fa98760c-be8f-4314-b4d7-b6e33884c34f,debit_card,187.21,completed,NG
67d069d5-70f3-4286-9b4a-1c2329bc8fd4,40a1db7f-6ccf-4f7a-aaca-9a9555e26e20,debit_card,992.98,completed,GB
e057ba0a-b7d4-4bfb-8a64-170226149e62,29fd69f7-9e12-489e-bb7f-cc45d84ac406,credit_card,676.09,completed,US
febb990a-7938-4b36-b3d2-0c2241da911c,4f00808f-383a-4444-b451-208c1543f686,debit_card,1298.12,completed,DE
35b3e10e-5ba4-4e04-8fd8-6dfef1cc440e,3f2c00ab-4959-4a2c-ae63-0bf9a93ef238,credit_card,919.18,completed,NG
0373aaae-869d-4e05-ac7f-4b19fb2c11ef,cc564c0f-7676-4f3f-8b8a-2bc55b1549fb,debit_card,6.13,completed,GB
4ee08375-b8a1-4d61-993b-193192dd5884,4bbfbd6f-b92c-4092-bf0a-f03bc4dda183,wallet,356.03,completed,DE
e922fe1c-f727-470b-82ff-9496792da869,92b9eca7-ebc1-41da-9c4b-21af62ee1cac,debit_card,25.59,completed,US
1a258f30-09bf-4b8b-8b22-7ecce0fe0b11,fc50a0c9-e176-4b21-81cf-40206a54f63b,wallet,1118.29,completed,US
d681d8b7-6f43-483a-a46f-48bec963cdef,8ade249f-171f-4367-816f-7ec5e8e163e0,wallet,1677.76,completed,NG
9cf6ea56-b4c8-405f-8c55-7daeae10d93b,4113df24-4f5f-48b5-8f88-b2eb8e7a1097,credit_card,28.52,completed,IN
dfd0e580-e2f1-494c-94ae-5ef6ba3b4de9,83fb9fd8-5ff0-4098-b0ea-7a6c71e6c6cf,credit_card,336.14,completed,NG
f11bc7a7-0813-4b65-90a2-49e06f45b0bb,0689dc71-8f5e-4958-8a8d-dd6aee64bcb8,wallet,766.4,completed,US
97bac086-03be-4b99-bfee-8693d8ef8ca1,4f11ffc2-a642-4cac-adae-205ab8503214,wallet,329.3,completed,BR
182dcb0f-5f33-4e6d-93ad-51ff61e0ede3,fcc2583b-2edc-419d-a005-9af3649ef102,credit_card,112.08,completed,NG
fd83ca46-68e5-405c-be9a-551f77d73679,3f68504e-00d6-4ab7-92bc-861c661d8174,credit_card,797.3,completed,DE
3c71495e-bb73-4b9a-a4dd-c927631be83c,4da62ee5-2b74-4647-baa9-a915508ff721,paypal,543.63,completed,BR
18d95707-ceb9-4f8d-b0d1-3151049945de,618f1ab8-c843-48af-8d7a-bc19c395b1a7,paypal,692.95,completed,NG
145dfca2-fa79-4b6f-ade6-b9a49698cc08,8576dcfa-f54d-4c15-ad1e-3a72af4536bf,wallet,615.1,completed,GB
583f3255-89d3-42e2-865b-d7e1dedfc14c,4e315f43-80de-467e-8b33-c06410b9426f,debit_card,383.49,completed,GB
ac0d1a2a-6592-430a-9b9e-a507f8626639,4e28cd22-e2ee-4905-a61d-cf4c7cc50f9a,wallet,262.35,completed,DE
9d60507b-829c-4fda-b264-6c6d133231e3,ce8c2f96-9b8e-42f9-b726-433a69ca2e5a,debit_card,305.73,completed,DE
1fef986d-0f8d-498f-bb10-f4d6fa88f981,944ae70a-c96b-4291-940e-9e4f9e2645d0,paypal,1048.31,completed,IN
0bb73aac-dabe-4843-9222-eb2caac41509,a7123c46-5ebd-43f7-af08-e1b00d046c6d,debit_card,90.44,completed,NG
0349f619-39bf-4959-aa1c-d1229e17f527,7b0c63b6-1b9e-4d94-8ea5-cfc5b456dfb1,credit_card,437.0,completed,IN
fd89cd8d-d0e4-4280-9d5e-d29dd2866bf2,bae62320-36c0-43a2-bd97-876b63d23a7d,debit_card,1486.04,completed,NG
baeb8970-3223-4f05-b93b-9d9141538cd7,ec0163ef-5e96-46f1-817d-b55c7f4d8844,debit_card,412.56,completed,DE
1b02752e-ec03-47c8-ad44-b13e1f91fed8,f3de157a-5223-4e3a-9b5d-19f4b1edd809,debit_card,540.45,completed,NG
c46f52af-5db9-47c7-948c-6a3ccb0926dc,64c6e9fd-4302-4124-853e-ce091fd183c0,debit_card,640.64,completed,IN
4c410d4d-858a-4db8-a88a-f85edd47da7c,b878ce7a-69cf-4719-a8ac-eb1db8597c73,paypal,304.19,completed,IN
4d9562e7-0a0b-4d23-81af-4aca07333f05,2c6efde7-24bd-407b-a211-54dce659a0a9,debit_card,459.23,completed,NG
dbe2396c-924b-4898-8a07-9debe9a994eb,3134b304-815c-44d3-9942-e5d10058587e,debit_card,1799.83,completed,BR
592018f6-2cd2-4171-a1f8-f95738fdeacd,73b74d95-57c8-4bac-a0ef-a801d8bcd0b7,wallet,350.42,completed,NG
e2c12dbb-21d6-4022-9448-17ea029452a8,85eb94c4-0c4a-46ab-b388-1392474780a3,paypal,455.15,completed,NG
9d0c08c5-ad88-498b-8435-f879f407d641,b2557750-a97a-49db-ad07-768967b8ddd2,debit_card,1067.83,completed,GB
b38ae4a9-b763-4532-b687-fcb5477bc4d2,2bba4988-5160-48ab-83ca-aa4077dc0c7a,debit_card,325.38,completed,NG
f65b94d6-d79d-4665-b3a5-3b26203ca542,c69e589d-9ba7-4e1b-9f72-8b05143b3435,credit_card,420.81,completed,GB
cfc622d7-12d9-4c24-bdb1-1be37abf7975,95d5ca4e-bfc7-4d2a-8b15-0e61a2b102e2,debit_card,287.24,completed,BR
df7e4fea-6308-4395-8fc8-5ef3e17a089a,e448c9a6-34a2-4816-a834-a88c145cc7c4,wallet,109.57,completed,IN
f9dbcba0-7b5c-4ea1-b1ee-31cfdcab1752,969cba2d-86aa-4e29-95e0-8645f3f0bc33,credit_card,830.89,failed,IN
03ba1292-c2ee-43bf-b681-8e4426fd5ec5,bd3ab004-64b2-499e-873f-823866065b17,paypal,398.48,completed,DE
cfcff539-cfd9-4d1b-9cca-680f65302d09,8b87fd7f-f1ec-44ca-9b6b-dce214e662e8,paypal,144.27,completed,GB
7e696d84-b2ac-44bb-ab29-ae94ac504837,031d0915-4dc8-4bb0-baa1-b3f5383992c9,paypal,2550.21,completed,DE
2c42804e-cb36-46a7-8e30-071a851bd3da,39cbedb3-033c-4882-b56f-426e2aaaf406,paypal,1897.88,completed,IN
8740e842-38f1-4f68-a7bf-da29b7595df3,4a6f5470-6a7b-4ab7-92ce-780e713046bf,wallet,229.86,completed,GB
22bb468d-0cfe-4104-a6b9-179a4b92db28,cfac90ff-0eb6-4115-b0f2-410d10522dbf,paypal,209.54,completed,DE
97824418-5d36-4142-893e-ae39a1e4c42a,d383e1a8-3646-4264-9b85-ce6565b119f6,wallet,118.03,completed,DE
3f4aa24a-a2aa-40a9-b1cb-35b2108fdb2c,1b6d5469-f59f-4c4f-ab2d-a3d3979d4dc3,credit_card,329.1,completed,IN
2fae5c20-089c-4e43-be14-f840deec0ab6,5430b5ee-067b-4294-b7cb-3563b34fc63f,credit_card,2054.85,completed,BR
dcbb10b2-6abf-44aa-9398-35b4d466a031,d61e22b9-ffa9-4033-a2a3-739aa079bf60,wallet,999.51,completed,US
8ef3337d-4433-488b-a131-921a237bae7f,ecbeeb00-b0d9-421b-b550-a1db339e04a4,credit_card,280.25,completed,DE
202d52f1-4032-49f2-99a2-ba34522ec6aa,3ae6501b-af53-40b3-a90d-f94f8a0c3322,wallet,441.16,completed,DE
e1d9f759-9362-4000-acfc-ae10c345f972,d47d09c4-0ea2-4209-a3a4-5d3f3b13fe22,credit_card,657.6,completed,US
a38f0861-5b67-4535-b1ca-13a5f2e54553,93dbd8d3-67e5-4d14-a620-5a0f2db1ac21,paypal,1260.63,completed,BR
d1900424-7c73-4bca-99fc-5df5869c952b,b2589748-fac3-4997-9d6d-78ae909733c7,wallet,282.19,completed,GB
1d6ce53e-4fd1-43a3-aaa2-a3d7368da41a,94ace1ae-e601-45a4-87e8-fb8e5fb1f89f,wallet,334.17,completed,NG
4c154a1f-22ff-42c2-b559-7d83ccb7b888,726c416f-8957-40f8-bd44-c9418a8dca0b,credit_card,727.85,completed,DE
7a1facaf-d9a5-4407-835a-81d05ba96510,f295db13-42e4-4ddb-9361-c22550b9b966,debit_card,493.23,completed,DE
5f728f99-5214-4fc1-804e-d7052cd82565,7f3b42ff-d162-41eb-a897-4ec5ae0ce6ec,paypal,1343.69,completed,GB
cbf5b442-896d-4ba6-8039-cae135a6981f,86392711-1e8d-4bab-9675-ef2054be2636,credit_card,334.12,completed,GB
e14281f4-8e3d-4df3-85da-94a49cb28432,6d65756e-559b-4fef-9c50-2b2c0cfdb773,credit_card,400.31,completed,NG
03657bdc-6b9e-488e-845e-dfc1354ce568,ff3467bf-51c3-409a-8737-2c909a2b9be6,debit_card,62.62,completed,GB
e173dd7e-ef7b-4eb3-80fa-89b57f13eab5,f599cc37-6704-4fde-96f6-00b86db71452,paypal,3242.75,completed,NG
dca71d16-99a9-4f5b-9fcc-53370f6a4611,70bb4d43-3b39-43f9-81d9-2163e56af701,debit_card,378.05,completed,GB
f264bb8b-9c20-43b8-8811-265e37b06a86,aba63ec2-83c1-4fcc-9136-53ec24d4ce8f,credit_card,404.49,completed,US
59888670-d01e-4620-bbe4-20c29a748147,5402ed34-333f-44fb-9e85-542d2412ed51,paypal,2488.47,failed,GB
7138b551-660b-44e0-a186-eb8de42cc317,2d79262b-81b7-44a2-8b43-936691113620,paypal,840.94,completed,BR
18385d97-a12f-4443-be4c-9e575ca82f46,56251236-3ad9-4751-ad76-24a976a5bf0a,wallet,779.75,completed,NG
b3a48a1c-c95b-4042-bfa0-c8d47cd4be7d,77918b5e-bc45-4b62-ab42-a9466612d7dc,paypal,49.66,completed,BR
afba310a-521c-45fb-927b-e2b0922d5678,166fe7c7-2165-493e-b22a-03e7ab0b8c8d,wallet,1061.46,completed,BR
9c84e8a9-9215-45de-92bb-8c3781c1afbb,01e92db4-a96a-4069-bb89-bad8c12e366c,debit_card,494.67,completed,GB
fec9438d-c2d9-4335-9ebe-2623d02c3163,100e8b5d-9366-4323-9d17-6876371c199e,debit_card,31.74,completed,NG
29f4fdf2-531e-4436-a80d-cd217a64d252,ba92cb39-c203-4caa-99c1-a6cd7755a392,debit_card,865.61,failed,GB
0aa687b8-1d46-4bf8-83dc-06b696124307,f24ca7f7-f525-49ae-9a22-ab02ea177a01,paypal,479.88,completed,DE
165631e1-a9dd-433a-9565-9b6032cd984c,0a179dc4-a5e6-4ba5-86d8-992f1aed9adf,paypal,432.68,completed,BR
e63d2f7b-0876-467f-80bc-3c69fa41b2ff,bd1d4719-7c17-4107-a0d5-e07ad1738120,debit_card,300.69,completed,NG
7693db2f-bbe6-4991-9036-d6e441def5ed,da08212b-7fe3-4203-ad5d-3f47b3c8b502,credit_card,646.82,completed,IN
125301b6-b693-4f0c-bdec-2593e1daf535,308d4ce3-dc88-4e5f-9f6b-c69a326d587f,wallet,379.72,completed,DE
e5592131-e988-4763-9922-a65b3ba92f8e,f730e0df-6ceb-4e14-914a-c456c2d61c59,paypal,125.57,completed,NG
2731f0cb-dab0-4604-95ef-303cbbf387a3,5256d2c3-7d4e-41ff-8921-3806457a34b4,debit_card,177.86,completed,NG
86b9e3eb-3086-436e-8eb8-cebd03f6dae6,36f8a5f0-14a3-4fb4-935f-bef9321336c4,paypal,109.57,completed,IN
94c8847d-408b-462d-af9e-de2ba7702dda,54e923a6-cfe8-4994-9011-0d407082dbea,debit_card,303.94,completed,NG
4c06a7f2-c6be-409f-9d41-6f4a0311243a,0ccfc9c0-a36c-4933-b5ff-fe3ee5037750,wallet,1181.48,completed,BR
184a2945-954d-48fc-b18c-0895aaee1bf6,6e36a954-3477-439a-ad12-cc9b2d88157f,debit_card,447.41,completed,DE
ecffb4ba-83ed-4c82-8dda-bce00a796cff,d0f73d0a-9ee3-4b64-824c-ad7ecad6ac5e,wallet,233.88,completed,DE
b9f7b0f8-03e0-4b20-a6a6-9d900907541e,a4c1c9a3-bcc8-4715-a8b4-5825d9538824,debit_card,212.09,completed,GB
65c1fd7e-8d5f-4a1a-a317-f6909a4237a6,7410b5fb-408f-4b85-91c1-026a1d3d6ea7,debit_card,207.02,completed,DE
8c268a12-d240-4e26-8a74-70859a946251,adefee04-9117-4de8-89d6-a0b517573d20,wallet,145.74,completed,IN
9d981e2d-fa46-49c5-abc1-ab5ae1896a6d,c45b9555-6fe6-4e5a-83a3-0dcb493a8ba7,wallet,233.21,completed,US
6b635b5d-16d8-4232-a095-7d50b65bdbef,b0ebe086-dceb-4717-810d-df50a6c9c8eb,wallet,280.19,completed,BR
519e3d9d-581b-4db9-bc48-91823944d3f2,dff1cede-d1b3-4adf-ac01-4becc1705f73,credit_card,1032.62,completed,DE
a6f2b856-390b-49ac-b5b4-9e5596841b39,adb30160-6d68-414b-af5e-3ee3d9afb8e4,paypal,77.19,completed,DE
f8b56043-08c0-4199-ab2b-8a5cc01ab1ac,c6f1e6c6-1d43-45ad-8f03-42d09ca6cd0b,paypal,816.84,completed,NG
be6287a5-a5e1-4efa-804d-90765c5ca404,20e89d13-c413-46da-a5d7-bd6e40be5104,debit_card,175.45,completed,GB
1b032382-45b1-40cf-ad1a-dc35f44cec4b,9b130eea-3e65-447f-8102-c914b16b5354,paypal,1986.67,completed,BR
8f53b007-f6a8-4f5b-89e8-14a5fbb3cc07,228051b4-0269-46ff-a4f0-9b942d601d87,paypal,710.11,failed,IN
006ea124-b281-41ec-b64b-70d6f03d8c5c,0595b3fc-96af-4eff-b91e-9b004dde33df,credit_card,39.02,failed,IN
adcd634c-8039-438c-91da-b41bbf1ae552,22cadd3d-7851-4303-876c-953ced3d8bf4,paypal,394.87,completed,BR
8d9afad2-da91-4d1f-b7c2-6b3455e36d21,e8a744f8-766a-4a2d-a724-5d3f05ac149a,paypal,140.72,completed,IN
cd1d612c-7bce-485c-a024-704dd215ac68,edcc0aae-7963-4acd-a969-da44f74077b3,paypal,262.06,completed,BR
01890f0b-cb30-4428-91e0-809abfab780b,590e6277-287d-4bbb-9ea1-369c6dbb99dd,paypal,649.81,completed,US
b4543554-047b-4003-a9e6-5953dd672d3c,64c47226-e7bf-414c-8d5f-7855ebed1e31,credit_card,333.85,completed,GB
2d7b9c58-15f2-4aab-8e7a-89457a25c737,043f8cf0-614f-4cab-a0f2-2120d369bd9f,paypal,10.85,completed,IN
a6d9d29e-1d83-4430-b294-537b5b4214f8,f102724b-1a78-4d79-b42a-7d04d44df7e2,debit_card,414.02,completed,US
85dce6af-2ab7-48da-b5bc-288e773dd03b,27b3e65a-6c1c-4591-a35e-728734f03d7a,paypal,280.66,completed,IN
46938fea-59d1-4923-a2e7-4975ac2d7a66,c140d506-2a0c-49d7-84fd-56c8584d3350,debit_card,397.95,completed,GB
c01eeb53-2fb7-4855-b38b-1c73e7293f3b,79d138f0-1c7a-4df0-9fae-deff95cadffe,paypal,285.59,completed,US
95b780b7-1f73-4c61-92bb-bf36b631db6b,0aba2c3a-5097-4c17-b57a-005c52732953,credit_card,510.85,completed,BR
8a99c456-559a-4b3e-9351-904296a8ea5e,3664f3bc-0e70-48d7-906f-c5a6386b74db,credit_card,234.94,completed,GB
0bd8aa88-5bb1-481e-859c-7c700315912b,b6736e51-94a1-41c3-85e6-deb059e3208c,paypal,70.55,completed,DE
6016bbb0-ca9e-4be7-8ffc-deb6536694e6,0471df66-37a9-48e0-be81-ee9911a16bbb,wallet,261.51,completed,US
7def7af4-758a-44cb-8505-04bacd858ada,6c2f7dd8-6669-4bbe-be7d-7fc971f7676a,paypal,715.32,completed,IN
8957ca2e-23e4-4c65-a77f-36d60f54ecee,fc0c7b5f-6a01-4fe9-99d5-47134475bb4f,credit_card,344.88,completed,GB
ac6ca100-6fa6-4da0-88ad-d59c18f6b7d5,e514a896-64a9-40dd-ad96-010bd678d218,credit_card,335.77,completed,BR
c4cb067e-340c-4f05-911a-b06f28c79c47,dc7ce6e8-0cd6-473b-9267-d26918adcecc,credit_card,178.03,completed,BR
625a9960-9c66-4a64-b5ac-733e048f516c,c9643c69-46df-4a62-bf5c-0257f4e5f8bc,wallet,229.01,completed,NG
1f770ee5-4473-428b-9a83-47f9f17bbd59,f586e597-f9fd-4c88-acf8-90dfdb0ef8fc,credit_card,79.06,completed,BR
0d6321f0-e277-45eb-ae85-4dde5e5c28ea,6a2299d8-937f-4ed1-8681-d4315c616696,debit_card,2602.53,completed,US
5ef585ba-ddbe-421c-9397-dd4157655887,542c8ba6-5c56-4987-a607-f5f9d67d190c,wallet,348.66,completed,DE
aeeb54a0-b225-4684-92e8-12a0145f2b84,99866543-bc21-4428-b65a-643644df760c,debit_card,494.63,completed,US
5f260627-a0e4-42ad-b5de-cc802bf295b6,12381301-d4d4-41fb-bdc9-4887bc6666c9,wallet,1306.31,completed,US
74218a01-6b2d-4718-9310-443f33de845e,3970c67d-1772-4210-b297-b0c12a932d27,paypal,352.96,completed,DE
2c964b8d-3151-468f-8c1a-c401363a918d,7bcba320-438b-46ea-a192-9fee9b14a364,credit_card,713.46,failed,NG
5479d4e7-4619-4236-b893-6303610269b8,66514877-8a7f-4767-b6d4-f8b20d9d6f9a,credit_card,199.69,completed,BR
24fb4ef7-722b-4055-97fe-1aac222ed9e4,167166cc-f577-4e41-8f00-04e344b69ec8,paypal,382.65,completed,GB
de9a58dc-dc70-4d6b-8614-3d3a9161c2d5,ccb99e21-3977-4b56-a6f6-13becd6b0c4e,wallet,72.1,failed,IN
299fd5b2-b610-4a36-b75c-5cfe5cb9fa1e,08af6e8f-1fff-44f6-9a4b-2bf0567e963c,credit_card,1064.61,completed,IN
09a50188-aedf-4082-acb4-4cce83aaae3a,994d0919-f311-4e59-ac8c-d51f0f8ad85e,wallet,1603.69,completed,BR
ded8b5b1-4045-4d29-a6c5-14f5bcd7de48,adf9fa41-7b56-4317-9c34-706b35db700b,credit_card,845.77,completed,US
9237f3af-7b94-456c-966d-793cde7db956,b10b84c4-a7a0-493e-9c41-b7d23f8f4230,wallet,442.4,completed,NG
5197fb35-b496-47ce-bf4d-123376da7135,54c340c6-1a65-464a-ab03-7549cc8e6d7a,debit_card,718.88,completed,BR
8d675b10-f2c7-42fb-bcb3-9921f6318156,d9c9b0db-574c-4607-ac2b-6ea852d5ec3f,paypal,253.32,completed,GB
246d3248-8cf2-4d5c-9a23-9f1c6b3e864e,eab03b44-232d-4f8b-8f45-857f907970f5,credit_card,593.98,completed,US
faf4518d-e4c2-440c-9fbb-0af5a704bc01,094305d5-e1f6-426a-a52f-52f99ddb548b,debit_card,569.89,completed,DE
ff774c15-e8c5-4cef-b82f-80754c1ee838,0e5c6fa4-d64b-448e-a01c-07e9f11d449d,wallet,1123.1,completed,BR
cd14af0e-aa3e-4199-8e81-67a778136187,e4a6c5ec-892c-4547-a45f-a1e33d89f63f,paypal,795.4,completed,NG
062882bd-4f8a-4d05-aa10-6dabb04c37b1,01cf32e2-4495-4a5c-86b0-4878b73f852d,credit_card,82.89,failed,US
f98a9770-0d56-465d-bd0c-ff2c1471bb9f,41bf00d8-bdd4-4b0c-8930-339e78192fe5,wallet,382.0,completed,GB
ce05d36a-3453-462c-b308-db736b68128e,faf11f34-f7a8-4be2-8b90-545ea2509a49,credit_card,276.45,completed,BR
feb96d72-1f46-433b-8540-e737de8eebf8,6f3c9a3d-bb1c-4d7c-ba20-e0bd7cb317d2,credit_card,302.18,completed,DE
b674375e-ee18-4a82-b87b-79b6c9ae2180,681f116e-a579-40c4-8093-7f6b1ef841c1,paypal,10.19,completed,US
60811697-b02f-4b0e-8b21-bc8b04f04e3c,cccba74e-bd0f-42e3-8489-d8e3263d6089,credit_card,224.99,completed,US
7c63ac98-7dd9-4c08-b515-721ccc727fe4,6a17a1a4-b4a9-46cc-b7e3-d6fd9c3366d7,paypal,285.41,completed,GB
d26f1706-554f-4d32-8c48-523af6139d47,6030c166-a125-4682-b3a4-b0f010e375cf,paypal,291.03,completed,DE
0e73872d-4d7d-4838-a1af-8ac536d70a02,d1af5f95-3bf9-4800-ad13-a94fadad8e6a,credit_card,353.55,completed,NG
dea49ce5-05db-4189-b749-50824cddb359,e87d2f6a-b173-4883-9619-4e4b270cfd25,wallet,615.02,completed,NG
4454a009-6069-431a-94ed-8ad2d821ca1c,6cda1029-50d7-4bb7-a35f-b28564827ebd,credit_card,2534.62,completed,US
f612d6a1-72fd-403d-99ed-baa8ff51a560,f2a3dee4-84f8-4dc5-984b-f05946a67ad2,debit_card,377.72,completed,US
f7f17863-161f-4cde-b8e5-3a62018fb284,b3e4938d-f9d5-400c-92f2-c800efe68942,debit_card,384.8,completed,GB
5f7978aa-1e7f-4408-93e4-5c87377c54f3,050efe71-aa65-42f1-a55f-ec8af203da0e,paypal,197.73,completed,DE
2b964230-81a1-4e44-a466-41a12f5ff610,c41ba829-7cbe-4dc6-9148-cee8f0013b16,paypal,139.72,completed,DE
8abbeb63-9374-40c9-ae88-d9f6db3d46d4,a686afba-d4af-4976-b442-7f56a49b11d3,wallet,295.7,completed,US
7861105d-5c4b-485b-894d-ebd22a3db4a3,d29bcb84-a9e4-4016-9814-f5abaa040e74,wallet,237.09,completed,US
5b248c04-1af8-4291-823a-124ae88fe9d1,51d548fe-7b3b-471d-b334-f47b229bbac8,wallet,353.34,completed,GB
4b17fe9b-6909-4f18-abec-b6286754c426,bd809784-c443-46b8-ae1b-45419ba908f4,debit_card,494.21,completed,IN
5c98637f-880e-48ee-82dc-69a446861352,8b1838b8-e003-4318-88af-fbfc27808b8f,credit_card,1272.97,completed,NG
b7d20f6d-d9da-4a24-80d0-2d904699b432,bccc7a69-9ae6-4dc9-b473-88e0e238c282,credit_card,209.99,completed,BR
ada9d987-2fa2-459b-855d-52e0cf6ac8f9,6749e00c-12b0-4951-9f70-2909b19e316b,debit_card,465.09,completed,BR
0beaa80f-a2ab-4e09-8e17-9d903d465c45,50727275-285e-4ef0-8abb-0de8d91caee2,debit_card,203.77,completed,US
16d57717-0529-4cf6-aec6-1da87ab0aefe,d0fe5c71-e660-44b9-aa0a-0ca59adb1244,credit_card,213.63,completed,DE
e9e9b28b-b8b2-48b0-a496-35e693c6006f,4875bf60-135a-44a9-b33d-a193bc5a6093,credit_card,416.35,completed,BR
f2bf8724-21c3-446f-80ff-952cb498c934,ead1e03d-31ed-4c1a-96df-3c405b2629da,paypal,537.36,completed,BR
8c17b7c5-8539-4242-9b07-9eac7531d132,43e64930-ef5f-484f-b8da-bbb76293d41f,paypal,504.41,completed,GB
e5802f2b-fe04-4742-abae-8b35e6305c93,247b24aa-bca8-4895-8e99-129cdcc4d359,credit_card,1765.14,completed,DE
144e81bb-260d-4f74-bcd7-298cd1893a90,ef02ceb8-003a-43fb-a59e-51f5008cca37,debit_card,211.41,completed,US
889898dd-f847-4440-a239-f07d7ae98e9b,fa448934-ee37-4400-b327-38bb391ff68b,paypal,311.34,completed,GB
e1c6a543-7b15-4b6c-acc8-bbf6a3479bdd,2c643aef-8436-474e-999f-5022d5fb4da2,wallet,242.98,completed,GB
7cd50bbf-2019-4386-8b9f-e43248fb5fbb,cf766016-284b-4563-8466-adf82b65bb84,credit_card,528.97,completed,IN
01c24637-a420-4279-935b-1e4974cc235c,26dee3ac-38de-4a48-b0f6-0058e9998a5f,debit_card,160.28,completed,DE
9c96d7aa-9125-4c6b-92a3-0ceab68fc296,81d004ed-a09a-4d2b-8984-2774e1404235,paypal,189.72,completed,IN
959cad5f-1d79-44dd-a4b8-a05295fb2315,68c90365-92cf-4e36-9f08-9592842312f0,debit_card,865.83,completed,DE
4a8287ac-96df-47b9-b6d2-7bee165c63eb,9c0dad34-d175-4ed6-8940-5dfcd6cbfe8b,credit_card,310.9,completed,US
a4e586b0-d50e-4fc4-863f-b35ba3514f70,2161046c-56d7-4f58-8766-ae955e4f12f5,debit_card,383.53,failed,IN
d67f48e1-e439-42f7-a3a3-9f531ead431b,fa4f4199-4b7a-4a7c-aa03-ad76e0e4dcf6,wallet,187.12,completed,NG
96873371-fc92-4813-bc0f-a966369badf8,44121945-ecfe-408c-9afa-e13cabd052e5,paypal,884.95,completed,NG
0fe491a3-b6a2-4b09-80a5-ab7fa4fdb177,c3068f00-f275-40d1-859e-b933c201b634,paypal,1639.87,completed,NG
232ef24c-5641-47e0-b630-23f04039eb2a,00d494fc-3dbd-4051-a231-2555f5c637ab,debit_card,1055.64,completed,NG
3f718078-0c16-41c0-9e75-91a1c54ea262,d0ebe6f6-0ade-4723-bd33-8e948ab89083,debit_card,824.63,completed,NG
63c6158b-3f9e-4ee0-87de-18bd5476d944,b1d20908-4da0-4d09-a89b-a015b5c1a9c8,credit_card,609.39,completed,BR
3ddf3f15-6bbb-425c-b17f-13cda6e76530,617c2f2c-9624-4e8f-9600-213c8756b2ee,wallet,821.78,completed,NG
f8a6f8f0-1003-40f4-b39a-0f484aa94237,409ec178-b3c4-40bc-82d0-5513f05dea98,wallet,178.95,completed,DE
2f268ea9-fe81-4803-99b7-a80add544e8f,6b75d423-bfa3-47d3-bf1a-b694ba48889d,credit_card,615.4,completed,IN
d091c10d-419d-4de3-bbb6-234f2f847be7,bb639174-25e2-491f-ae09-0f1e74a15b5e,debit_card,777.86,completed,NG
e814978a-2047-4cc5-af0b-f542a3fcc2a9,05acbb0a-b533-4ed2-8856-2e2b3bd2a2e2,paypal,737.39,completed,NG
c4e5f580-cb41-4301-a4e3-9bedcf2c9aa4,667666a4-66d6-4550-9073-f44684cc247b,credit_card,542.06,completed,IN
7b24705d-c8b2-4df3-9b2c-c3003af2eb10,87475416-db63-417e-9500-cc1ed78dd23b,wallet,727.14,completed,NG
978ae0d0-288b-45eb-9c06-bfd169dc7b78,f37d9493-d076-4193-a8ed-5c2106bca3fd,debit_card,331.78,completed,BR
de440a15-909d-4e01-8538-848fac1c6fa2,7285079e-7603-40aa-87c9-6bc0779e3dd2,wallet,698.15,completed,DE
8244c3af-2cc4-4721-9027-1d5c3867b450,95e8cef8-49f1-4d78-89e1-5a1cb95bbf77,debit_card,432.38,completed,NG
33cfa325-b64b-4b93-a928-e12fa76dad2a,a7c7833a-04cc-49bc-9d83-71b6933ec9c5,credit_card,76.41,completed,BR
27d4476f-3722-4969-be76-c0ab1c6aa25f,ec7f5971-86e8-42b7-9c1a-007a3eedcc57,debit_card,207.85,completed,NG
2f9f19fb-9a46-4e9e-b9eb-265a12859add,155b2f19-9c94-4f88-acce-5de42652d1f1,wallet,615.43,completed,BR
b65db276-ef42-4e68-a235-2d5c21127629,3fd5d140-b136-437b-ad75-ae259b9a4af4,paypal,158.57,completed,US
8d034a0a-942d-4ede-bee3-e474385fe765,84e53637-a588-405e-a02c-29be4936e5b0,debit_card,595.86,completed,DE
57f08851-48ea-4dc1-a162-dca90e2a83c0,cc16e11e-3e4c-46cd-bd5c-6cc076e92ef6,credit_card,296.97,completed,DE
9d2f87c7-56ef-4853-a6a5-71b9d6b41291,d20fc9a4-37d0-4a6e-8487-fccd6262e027,wallet,167.62,completed,GB
cd76cafb-08e1-458b-8bf2-7252b3a08525,7e6123ce-e2e9-41be-b8fa-3e3ae9ec315b,paypal,537.91,completed,BR
e54719ec-20fe-4a2b-8b0d-7f65d150b68e,cc055375-94a1-46e8-9741-4bc7f7c33eca,wallet,292.22,completed,US
892bed2c-4ffe-473d-a244-854add8fb0aa,4510cd24-6fbc-4ba5-b618-588e6c0e1550,wallet,895.11,completed,DE
85be9db4-48cf-4783-9f26-ec8132b08f45,9ed9d7cb-55a8-4e13-b3c8-59469f986d6e,paypal,147.62,completed,US
bb87b7eb-8f2a-48d8-80df-6eeed8abe1cc,28e13f8e-0799-4ba8-858a-0b47836f97e5,credit_card,588.0,completed,NG
760cd99f-88c9-4c66-a277-cc9707dea736,21ae9506-c6ab-4d36-820d-3731436ef0fb,debit_card,610.63,completed,BR
13d5d2d6-6b64-4050-8fdd-f5240822f8f4,762d7d51-f826-4ea1-8390-2414a723996f,credit_card,675.28,completed,US
0aa1462c-b99e-4c98-8825-f5b78da7ed0a,b174006d-927b-4413-a541-e32ad4f23864,paypal,310.0,completed,DE
0423b224-5a86-478a-834f-7f575e274c45,ef19b4a5-d62d-478c-b656-b0f499c9869d,paypal,450.43,completed,BR
ac352e33-4f10-45a3-a686-40a7b7d9b76e,2f564538-48b6-4d4d-ae5d-c6dcd9b678f2,debit_card,415.28,completed,BR
6d636cc5-0366-49a5-bc5d-1beb001b8001,ea67e804-707c-48a3-8fa1-01eaa64a6809,debit_card,983.23,completed,BR
e2abbb4b-153b-494f-b1ff-207040ff918c,4d04714a-2f7b-4369-b311-d90a31de1a0d,debit_card,654.03,completed,IN
e16f32d7-b4e7-42e4-b98d-34caa5c27f03,bd9099ff-3824-4ee6-88e9-1636a37ca482,paypal,2050.24,completed,US
87866379-5db8-44ba-95bc-a9297755ea11,83d4332f-dc60-4db2-a56d-725bb96c2529,wallet,458.17,completed,GB
caf7bd45-4d15-4edb-a046-3f7e9e06e898,91d032e3-0bd3-4162-a1b6-2eac8897ca1d,credit_card,217.66,completed,NG
67bce6a6-30c3-45e5-9642-87cf6cb5f098,ee8c7763-b04e-4329-9e84-e3b75a066079,credit_card,280.63,completed,BR
176fc2c1-5b45-4c92-8d34-da6cc3b16573,590c9875-deed-4eee-b634-95ce93d4a5d2,debit_card,617.39,completed,NG
37aada37-fb58-4aa7-b4b4-ce628b25952d,ddc1eeb2-bd74-45a0-8289-a1be84e03552,wallet,16.98,completed,BR
42b5c1e2-0655-4954-bbec-d144594679d2,54c6da94-3a6f-4258-b847-c4463617291f,wallet,753.39,completed,BR
09fde137-871a-4df0-bea3-7af8303dcf08,222963ed-592e-4fa7-89cc-859d13f94db3,wallet,331.89,completed,BR
f981f23e-805f-40b9-ab10-58afc674fd11,469e2919-50b1-49b2-8e13-2fa77575b8a9,wallet,2569.75,completed,US
1b5de29f-1db4-4613-bf09-2c888039de1a,9428ca09-ac76-4c60-908f-ad8220279960,wallet,202.03,completed,US
ba1e92b5-e760-4c43-a26c-725c8100c568,c4861645-75ab-4b76-b1c4-0506274df835,paypal,413.58,completed,GB
6d1b03d4-9a72-4285-9c34-ea80e54df289,6885a1d6-87bd-4918-ac3a-fe31af8d9c9e,wallet,58.84,completed,GB
e9b6eeeb-5214-4a59-aab2-b9ce81a7884a,015f3c0c-c25a-4c18-b275-63bd2317547d,debit_card,486.39,completed,BR
9a92d5cd-d167-4b03-be61-86333be314e4,b794527d-7936-4069-86bd-0ec8eae75fdc,wallet,232.18,completed,DE
9896b4de-2a19-4b6e-bbb1-c19ea232ea37,62e5d61c-65d4-4328-883e-95b6a1f76802,paypal,279.44,completed,IN
70ee74a7-b71c-46c5-b146-5f806ff35da9,d84017da-d918-4d85-a724-7d6ce88cef5c,wallet,2331.15,completed,BR
f0ffa866-7990-4470-aee2-e4ea53577f39,28299806-8c2f-45bc-a1f9-e6db7d4ce7cd,wallet,260.75,completed,DE
cbbee065-e09b-4fdd-8cab-4a23d6c232eb,2c2ee522-f1d7-4239-8e2e-815c3d5ed519,wallet,338.93,completed,NG
e85f0571-c5b4-4f64-a7af-9c38073fc77a,eaac69f8-6d37-4c9b-a341-35d35c32534a,debit_card,296.54,completed,GB
3389c72d-3d51-4cc7-9658-4ce5adb66197,1f8bc964-4eb4-4c38-b19c-20cfa4614be6,paypal,516.59,completed,BR
0a01023b-4f8e-45bf-85ee-a91d9105aa07,add133b0-fd96-4abf-89ba-d57dfccd5a4c,paypal,273.84,completed,NG
ee553e0d-0000-45d0-b541-322e62d0365d,0e9f6270-50fd-460f-adcb-7439d5f99587,paypal,385.18,completed,BR
db108258-df65-4967-917d-fd1fe7af07ef,8c038744-6196-4df9-9a4a-e56e94a374d5,credit_card,191.0,completed,BR
078e7037-7eab-43a9-a43b-9e1bafb7be0d,7c4920ce-1e0a-457f-ba25-7b2f7d2a9f88,credit_card,988.6,completed,GB
a980df11-79e3-40ea-aeb7-d657eadbd2eb,f23ea0bd-3bbd-4002-b8d5-e5792ca60fb6,paypal,778.75,completed,US
f9676895-ad48-4d91-aa18-98cb07e4c652,a4f97c85-fb73-4bee-94ca-a22eef42d7bb,credit_card,637.65,completed,BR
5621b7fc-3914-4e63-af83-ef9d46070917,82a182f2-af47-4201-97df-7c19d784fd16,wallet,1236.82,completed,IN
ab18af57-bfee-4e38-8537-10a5bd0221d8,70e429e3-a2cb-4602-afe7-01bbefff8f4b,debit_card,728.67,completed,IN
6911d9f7-ab37-4f6b-b71e-c7498f7fb364,2a3f096d-69a1-45ab-a7a5-685e10ea3a78,credit_card,386.48,completed,US
4026ea75-e79a-4a41-aa7f-2133f3da8eb7,ef44ff83-e700-494f-b775-170a08b94bbe,paypal,208.29,completed,GB
5998fe66-85a9-4391-a53e-7840e246c5ad,5ee4605a-a376-40f0-9d12-1cf6a157186f,wallet,489.62,completed,NG
628832ea-dc5d-46ca-9674-0ec9469d7e4d,dbb07d53-5362-43ca-bb3d-99b7ce80b7ca,wallet,638.39,completed,GB
86366b12-7a5e-4d13-86d7-a937bc2927b0,119fb58b-67e8-439a-bf3b-95be661a977e,wallet,795.37,completed,IN
478fd16b-e10d-466f-ad14-4b5951e7da97,cf0fe7f6-0cea-4747-93de-9c7c9aad61c2,credit_card,371.04,completed,DE
afeb8d5c-9a4f-41dd-b44d-def955a6d9a0,a1142017-fbff-4d74-9a22-cdcfd2a3ad36,debit_card,157.47,completed,IN
6b774d2e-cd53-47e0-b96a-59dd83f3f7e1,57aa2b98-ccc1-452e-b936-1850c6750927,wallet,630.99,completed,IN
b13828bc-1d2b-4e8d-9dd7-675c779d553a,2374ed96-7080-4877-8edd-4c7692f03b1b,paypal,155.26,completed,IN
ff80fd61-2848-456e-9a47-92dd393da30c,e85ff39d-61d6-4351-9d7d-017bcc325296,credit_card,752.6,completed,DE
68fc7e4b-50b9-4400-881c-2a0061d843c2,b9d87de3-4835-42a4-bbff-0f32e7c8db7a,paypal,38.67,completed,IN
9ef3214d-7537-493e-8aed-d8918f670c4e,17bb3bd5-51ea-4a9d-99ba-2248a13cbe89,debit_card,284.94,completed,IN
4f0a050a-203b-4fd9-81b0-7dccb488382e,7291b5cd-a5e0-4081-8eea-63906523f2f1,credit_card,534.01,completed,GB
301cb5eb-3ef2-44a4-a318-8fae54b5dd05,94ef2e51-0c66-4d9a-b813-9ad69b57338b,wallet,566.04,completed,GB
8cdd295d-830a-4f9b-84ed-adc2d389f720,85c8a0c1-10d6-4ff1-80a8-dea5065a1500,debit_card,665.64,completed,US
f1a2caff-d3d6-437f-ab97-d628ce5c117c,b4279beb-e43a-4189-9a6b-5de7d6025ea9,debit_card,268.65,completed,DE
3973040a-994c-4dce-ac3d-2d894db790f7,3473e3da-f6ab-4d84-838e-b8df246a828c,debit_card,498.72,completed,US
87264d48-e53b-47e1-abf1-a86a8c1742a2,073b8031-3b62-4149-a667-688f39bfcd6e,paypal,500.87,completed,BR
fb8a5977-a546-4bc1-ac48-1fd56c918e4e,e8611d27-b756-4704-8931-23b42b58591f,paypal,305.31,completed,BR
3bc91ab6-7194-4e07-b752-a41505c29a48,15a51bcf-c7ee-46a9-867b-144cb0b95a8b,credit_card,910.48,completed,DE
411d88bf-6a95-4722-92cc-020b18e98222,c1eeef60-fb14-4a13-8b55-647e024b763b,debit_card,332.47,completed,DE
6dea1994-8bb5-4541-8cf7-c7bc1b56d0c2,63748850-5f2c-4589-b376-2d456111639c,paypal,8.43,completed,NG
5092837e-ad0b-4500-a34b-d302e74e8418,d0ab6e7d-ea35-439b-a8c7-e5a2464783cf,debit_card,374.49,completed,US
67b82896-c999-4e2a-9116-955fdd838101,44718e12-fb8f-4f95-b740-c178140b9a0c,wallet,361.38,completed,DE
82b1d399-42b9-4b3f-8e07-91db534f452d,9ca63b63-8ef0-4198-b883-c46a0798f5ef,paypal,989.67,completed,IN
c952f56c-2d36-4d6c-976c-b7a35e3fd3ea,6500b463-303d-45ad-aa0b-a4c8567ac411,credit_card,145.38,completed,NG
67506534-1e88-4bd1-95eb-e6546055785f,7801984c-0576-4439-88fa-6133191aeab4,paypal,440.14,completed,GB
832f90cc-1b17-43eb-a26a-d89e06821f8c,dcb1afc8-1d75-424b-bc8b-ab8b9edb96e8,credit_card,308.8,completed,GB
92779181-ce00-4aa4-895d-3ec1153ed4c6,6e1c4950-cc3b-4b23-b843-633b2d523c54,paypal,205.4,completed,DE
79f29270-c9ac-4233-9462-9d5370ced29e,bb6d70fc-1975-4661-9122-bd08158a5fb4,credit_card,275.22,completed,DE
9e254df0-0839-4190-81b3-8a49997df58b,79914816-e29e-4ed8-becd-b850cf7ad467,credit_card,1272.17,completed,IN
ed54f519-b255-46e0-8e2d-b3affc3932cf,1b775ec5-4962-43b8-9f0d-0ce8b2fa51b4,wallet,340.08,completed,IN
83523e31-0ddf-4ccd-b225-373031b525c4,d5821c88-a0d3-4cd6-88dd-afd23d24dcdb,wallet,1173.87,completed,DE
42581019-e585-4d1c-b0f0-de7ca1f5972d,6db794ff-7d2a-4230-b13f-a303a635bfec,wallet,1032.37,completed,US
3d6a8fbc-43d4-410e-84a6-f03cc0650798,c486ac3a-6c19-422b-8462-1335f98892a2,credit_card,511.82,completed,IN
c1768235-3faf-42b2-a387-58305950abec,348b3779-f91d-4eca-bf11-1490931b9daa,wallet,1874.42,completed,DE
00b3d05d-ac44-49cf-966b-3631f57efdbb,5e20a815-96b9-460c-a56a-a201d5e1e1ed,debit_card,623.54,completed,GB
159e4219-b787-4266-bfa1-6007639e4e2f,a8df5516-3b26-4ca0-895d-b7635b0ee90b,wallet,721.07,completed,IN
4093a52d-f36a-4619-b4b4-b36bd565f210,666c87a2-4bc7-48df-acaf-239b4db0480c,paypal,448.01,completed,GB
9a07facc-8fb4-482c-a5dc-529516352a65,167e03df-af8e-4b53-b7fa-89e471244ec3,paypal,1404.85,completed,DE
755dd51b-1f7e-4887-9819-5c8bc820961b,49939762-4a62-4bf6-aca8-6f5203289a42,credit_card,166.25,completed,NG
0856f14e-24b6-4f96-b01e-36486f3deffc,2275efe6-e31a-451d-b4f5-d6f590887775,wallet,403.29,failed,IN
4293273f-3eb0-4756-9b7f-876da764fd39,1fd62ff0-29c0-400d-9070-ecea1eec93fc,debit_card,204.53,completed,DE
c3bec546-a35c-48c6-a20b-ef8bdd830076,b35765fc-f6b1-4c41-8928-34ac782d9813,wallet,972.32,completed,DE
f405704d-fc3f-442b-8e18-c73047072f05,774ac5c2-d18c-4114-9461-55e7ec728da5,credit_card,1913.17,completed,NG
a892b50a-6b43-4301-b548-d43436153887,3269e266-e393-4788-b6d1-8abaf1d89752,credit_card,292.1,completed,DE
d9d6740d-ff6d-42f8-98c2-f5704cd5a094,54c6ab9c-4e43-4231-a494-52b15381af53,wallet,147.78,completed,BR
bda8906f-3058-4afb-9246-9676fe5f4e70,94ab8b48-29a5-46da-b6f1-5feb8a1a7d61,paypal,228.4,completed,DE
79bc1775-2ea2-4704-8934-cc17f794c173,43f17770-6715-45cf-87a5-ab2dc4d56393,debit_card,766.28,completed,DE
db8361e2-cc50-4eab-9d98-b81d02071446,c2a9cf86-836d-404f-92b2-2860fadbcff9,credit_card,389.46,completed,IN
62bc7039-b969-4900-97d2-fb77b7d0212b,26f3cc97-06f4-4796-a00c-026aac2d5963,wallet,73.26,completed,GB
a8b3c94b-2f5b-4149-a761-54e628699631,cb8120e2-eab5-42ee-ba54-29ceecb1e714,credit_card,608.74,completed,GB
40578b56-6cfb-4f63-ad91-555b6f930d4e,0ca5c14d-7157-4d43-aae7-283a456b8be0,wallet,2309.05,completed,GB
c38f9174-b077-4463-bbfd-1a2c8bfca7fa,c71c29fd-7bd3-4226-94f0-6aa138330881,debit_card,318.1,completed,US
bc94e13c-3523-4fa0-b942-24bc6ce26daf,6910d285-60a8-40b0-996b-5b5e39afad0d,paypal,542.32,completed,BR
3ba47e7a-a9ae-48e7-a646-ed951cafadfd,fe392a7c-ecd0-4d43-b56c-11da292eac42,debit_card,37.31,completed,NG
6b9c9e19-b38b-4b46-8077-cb0f0f6077df,bf963be9-b3fe-4031-9d90-97c1fce4ab73,paypal,2393.82,completed,NG
6f304726-9ea1-444b-be23-c70782b8f2d3,d2961431-d5ea-4d4f-b337-f0212ab72aa6,paypal,182.85,completed,IN
f09fd25a-9bdb-4aca-bf80-a4de371e90a5,2fdd3b8c-f1fd-4697-95a6-ce612b505ba0,wallet,132.3,completed,DE
85569a27-4813-4e36-915b-cf10cbd0b5bd,3a3bed9a-250f-40a9-a34a-51aa6a70e6c2,debit_card,990.4,completed,US
6a48886c-4b19-4db0-8b17-232e0cc140a5,2342cc5b-316e-478f-83e6-a1a650ff044a,credit_card,384.3,completed,US
e8cb422a-b91e-4b0a-90c4-7c194b2325ac,0d2ce22e-7ede-431d-88f9-b50a88a48d63,debit_card,337.56,completed,US
401ab2f8-ba28-4073-a074-186593421e98,63c364ec-674c-4804-9845-da8d42cc4474,paypal,378.03,completed,BR
cab03712-f7ab-43fe-aa36-adf3e64253c1,10e3da49-e2d6-4c12-8ab0-a8dd11bef31d,debit_card,1544.09,completed,BR
0a3f74f5-8a92-4601-898a-6c481bc38e9a,aba5351e-85bd-418c-ae45-66fa3c7ba2dd,debit_card,3091.97,completed,BR
faafc4fc-9bf7-4485-9407-f54de07ac24a,a9b9a468-5ae1-4f11-b048-100bade489d2,debit_card,927.09,completed,DE
1683df67-3955-4b84-9cee-25564f495528,746c82bf-26cb-4b53-9b38-ca3c2a938a81,wallet,426.59,completed,NG
3d7a9c41-c003-45a7-b68a-961e70d17f7d,45ed2d7e-af7b-49d2-978a-4de70e5bd444,wallet,351.28,completed,NG
c2d27c69-11d5-4c6c-a016-e3e83336bd4a,3ce9ea63-8c40-4ca7-b838-9e0c54c07b4c,paypal,419.32,completed,BR
ed7fa47e-c3b3-43f5-abf5-2f1505f32099,26ee9576-08d7-4443-8d2a-459bdca30d90,wallet,43.22,completed,NG
52616326-e76b-4b77-9d2c-e91f0fe4bbca,6adade1f-9e9e-4f6d-9e07-4eed10539cbd,paypal,329.05,completed,BR
74ddd43d-66f8-4847-af0c-7381a73cffb2,1468848d-53cb-484d-94df-1c16771eb322,debit_card,347.21,completed,NG
1a242e1b-98e4-42b9-b115-79e15ef45588,6b1c0133-ed77-4d63-9925-874b77d2141e,debit_card,366.51,completed,GB
7ddc8542-b3f4-45aa-b532-493d58821dc8,a4cb0d7a-b6c7-44a0-9cdf-c7c499efee56,debit_card,90.01,completed,DE
a1a14993-e74d-4ca4-b813-6c9e74bad31e,333f8d29-1f5c-45f9-a253-ff111248ad9c,paypal,881.94,completed,BR
13f28c51-5ce6-4b3d-b1ed-35f41627680d,ba38acdf-9c20-4a3a-89b6-3f61b921c956,wallet,157.06,completed,NG
32228ed2-3de1-4001-9dc2-0d7d853557c7,703480be-de73-40c8-ae95-95cf144ece37,paypal,873.61,completed,BR
399a592b-66d3-408a-9ac5-3c8e105e9023,32d35ec7-6c86-4655-89ca-981b9b706706,wallet,87.11,completed,DE
26b377e8-c43b-4690-be97-ae1b38107fd3,6c776f05-3930-45bf-8a48-c927e807294b,credit_card,617.87,completed,US
3f5ebc36-cba6-4c9d-af07-091735179b14,8033440e-63c9-42ec-a43f-bb5775699ff6,paypal,1215.54,completed,DE
de31a70e-75c3-457e-a021-93eda10c0f85,f1dc1870-7d8a-4b96-9240-a197c12f1073,wallet,733.21,completed,DE
265aa189-3cd6-42bd-b8c6-c012946a7d7f,3da46b61-6c14-4259-8c25-2fd056600589,wallet,83.16,failed,NG
38787f10-288d-45fb-ac38-2d5617f22b48,04cfebee-c601-4bd2-ab3a-c919a83c47f0,debit_card,64.26,completed,US
75456688-fcc2-499d-a807-b533d3ede625,74fc3da0-cb12-4506-b62d-baf6cb339049,debit_card,89.1,completed,US
97d2dea9-8096-4ac4-95dc-e523685478a7,5ea9cd1b-9eaf-464a-9142-157f7b29d127,debit_card,516.38,completed,BR
2a837072-0fc4-4657-ad25-40061383c4ff,0f0dd64a-ab96-4111-97e3-a945537b28f1,debit_card,138.41,completed,NG
78442e08-8bc5-46d4-baef-37a195e02b0d,897bca9a-f5cd-41fd-ab8e-5ccd373540e5,wallet,2337.5,completed,BR
8a662bc4-0aa9-436f-83c8-8a9f9dd1ff8f,4a4c13d7-5444-41a6-aafc-7db8030ab08e,credit_card,349.72,completed,DE
60c16a51-9e22-4ab4-9781-512f4e37575f,3c0c8b59-149c-4d83-aae9-a6e5e631cfda,debit_card,348.37,completed,GB
0f12b6d3-9037-4fda-a165-aaebc563fbe3,2f1e3d27-21f8-4f09-b5dc-173dd2f26553,credit_card,1327.92,completed,GB
2603bb9c-f346-489e-a261-9d234532f02f,198df67d-9b54-4af7-97e8-0de304551f50,credit_card,517.82,completed,NG
0b728db5-3c26-4210-9898-ac57138853f8,8aa178c0-e216-4b73-9c14-b0053d00c427,paypal,766.44,completed,GB
f64dc103-040d-43b8-864f-3d6f80e342b7,b0f8b7f6-7064-4499-975c-bc210836284b,debit_card,380.81,completed,IN
9af2f3fd-40ec-4458-8866-a1002ed0f197,419c7c50-d84b-4635-aa2f-0f89bb628c91,wallet,454.51,completed,DE
a441aec8-764e-449a-934d-06d85941b773,5e57f3d2-b85f-4db6-b62d-9d4a383af236,debit_card,581.67,completed,BR
2aae6da0-8352-4e20-967c-cadf1982cf01,812b3b0a-6da7-4b80-85a8-83679249f7ee,credit_card,400.43,completed,IN
91c402b7-9c66-4c7a-b1f8-f2e5f9e460dc,e7294258-2dc3-41c0-ab21-170410121f2b,paypal,212.11,completed,NG
fc2844a9-91b6-4368-841e-cc121cd36a0b,c1015d9d-fc22-428b-b34d-e81e3c2c61ca,paypal,1952.67,completed,NG
6fbac98e-623a-47cc-8e4b-bebc558bd440,dc879dd9-e1bb-4861-9a23-c6c4c3476854,paypal,350.71,completed,GB
31d7809c-cece-463e-a3e6-fbc56d570132,86c379de-7045-4e0e-ae0c-59257cad4df3,debit_card,1143.04,completed,DE
ea6a5205-0f36-4616-8189-87d476501aa5,3123bce0-c269-4e34-a1fe-e861fc52d3f3,wallet,335.64,completed,DE
3effecb8-becc-4267-b2ba-743b04889579,b9c1d380-4d86-4c27-a7d8-7a2914001d79,paypal,323.87,completed,NG
3b446885-6773-4c7c-a322-1a4f82d3659c,6a8b30f4-8f80-4873-88e4-fcaf4ac9bac6,credit_card,2427.9,completed,BR
10f7ca66-53d4-4cac-822b-ba1ee5b02e5e,afabfb56-dd6b-45b2-a0bd-15e59f382dd8,credit_card,430.53,completed,GB
1a93daba-5878-4894-9327-3b647b831f5d,2838bd24-f938-42c0-88e4-27419b10a7d3,credit_card,195.4,completed,NG
fc0bc2a0-3ce8-4fd9-b5e2-b5e5d8db9e58,52baa05b-6397-4e86-84a6-8057995ffdf1,paypal,825.35,completed,BR
4e2d6c4c-cd0c-4c2c-ba44-cc953b4c0910,997a0a55-67f7-415d-9795-2b5db3ec6feb,paypal,186.54,completed,BR
0a5ec659-4a13-4e3d-b941-e34bbda540e1,266eb2b0-9a65-4a92-9713-f15f6c217565,credit_card,554.12,completed,NG
fb559d9f-50c8-41b1-a948-138365d482eb,9bac1c90-78df-4a64-9497-16b0c8956621,debit_card,152.87,failed,IN
2562a259-4ac4-4860-bc3b-f9c73dfff0de,3bd7a7ee-1c59-46e4-b137-a09b3b7b902c,debit_card,331.75,completed,US
f93edac8-8b07-4fcd-9045-dbd3a75d415b,3ae5538d-d82d-4184-b49f-93d0e417409d,credit_card,471.06,completed,IN
232ad57d-5952-49e7-b684-e04217da5a42,353a4800-2148-4eee-a564-2165f1eaa378,paypal,349.74,completed,GB
df0858cf-e347-48e0-90c5-1845a6d057ae,50133ef4-f15d-483b-bd16-0f60284739b2,credit_card,15.89,completed,IN
acb61dde-422a-4cce-984d-6da6210b3709,bbbe2fb4-e764-49e9-bbf9-807790a56d88,wallet,287.82,completed,BR
81e3a263-b5d0-48cb-bbcd-633d88eccae7,0e79b7d1-08d6-4b64-acdc-90e05e84b999,wallet,773.51,completed,DE
81e45a79-94b4-4ce9-aa4d-da9aa6287a06,6a058456-6dda-40e8-b55f-7971cc2735ec,debit_card,111.5,completed,US
9fd5abf7-3898-4837-b7f7-a6c0e88e2296,89c8a094-f4c4-4f4f-b30f-ababfa9ba8e3,wallet,253.82,completed,BR
bbb8bc77-bcc1-45ab-9a02-547af36aae71,a17eda94-9d62-41d3-a77e-b86c910c0a4f,wallet,654.6,completed,NG
17add30f-893b-4d07-9d62-e1dd1ecd2890,fc03a29a-ad43-4820-b10a-7c7eafd18544,credit_card,270.54,completed,GB
41657f85-7cfb-48a5-a169-37c4efba2284,fe7c800a-ef47-470e-b46f-c30d2bf45441,debit_card,511.89,completed,IN
7112177e-615b-4775-907f-9cb2ef0d9621,cccdecdc-c3c8-4d81-aa61-2e336892347a,paypal,109.57,completed,IN
49b1ca08-3409-4429-a323-bc7eeb011746,e156f788-2c6e-43de-be52-62fd4d966948,debit_card,1833.89,completed,US
a9b10429-fee3-4c22-a51f-5de1253f2960,3dc1d8ff-d58e-4284-90db-408035d65915,debit_card,966.91,completed,IN
a2af19dc-8f9a-4b0d-b389-c0498d772773,3f27cf19-30ef-42bf-a0a2-fcfdbc24dafa,wallet,83.87,completed,BR
58ae9582-be16-4d45-be48-c8bbc1678afe,0432a9f0-faa4-4704-a30f-34fca2878f18,debit_card,198.16,completed,US
98738185-66fb-4078-8b2e-6f8363bbdff5,59b8754b-337e-4b5a-9d65-1c4a7473cfe8,credit_card,443.53,completed,DE
e8433b85-c1d1-4cab-aa37-c9cf19f4f567,6c75a050-e44e-4cce-b5f9-2f77b877d91b,paypal,1246.84,completed,US
b92fbdd1-af54-4afd-94cb-c5460922e92e,a84ad5f3-c91c-469f-bd52-f0105de25994,wallet,451.2,completed,US
ae89c6a6-1117-45d9-ad6f-d083e99eefea,8dc0ded0-c13b-477f-99ca-e850a0af0498,paypal,2067.62,failed,DE
c9cd87db-3f0b-473f-a6a1-94299d298941,5990de95-c8ee-4243-87d4-86cffe9df233,wallet,352.67,completed,NG
009bf420-cdaf-4e51-8551-fd71eb4a3ae4,ec75dc62-4301-4bf7-ba5c-1ab9f322ab74,wallet,836.22,completed,US
4b64764c-bdb8-47bb-b1af-d9c50dfd2d3a,5f2e1553-9f92-41c4-95b2-db774ccb649b,debit_card,23.24,completed,DE
6a3638d6-ca60-4ed2-adda-b4b176f691c9,55da7e5a-3cee-485e-94d2-ab931cb66baf,wallet,391.2,completed,DE
dd3a2e0e-aeb4-44e4-9a3e-882f5b83e2b9,c9f7a024-d7f5-489a-a8d9-bed047dfefae,credit_card,1711.53,completed,BR
2511edc3-2f88-49a7-9118-b19c64c16654,19c3aec6-0b06-4ca8-875d-3a4d29d210ae,paypal,196.41,completed,DE
8ad05e9f-f66f-4207-b567-ba8dd0ca2e1d,56263fb9-fa8c-4ed3-8c57-2244eca97964,credit_card,209.47,completed,IN
4fd7b3f9-f863-422a-b869-bc17b2c19d83,125495e1-90c1-4102-8a62-b5c0f1bf165d,wallet,632.82,completed,DE
b9698944-952a-4a76-9edd-fa14da09d67d,bb652be0-691a-4445-9a94-1c9c4cbbb72c,wallet,390.34,completed,NG
8a3dc2e9-2f08-4677-a110-f85362a1de32,71f4210b-0ad1-4dfc-969e-ea3a61794044,debit_card,1097.39,completed,GB
e7cff6a1-1f25-4b19-821b-a4983b95dec8,a195bef9-ce6c-4610-9d60-9e7db805903c,credit_card,58.86,completed,BR
c3f9031e-1ceb-4d45-9380-1e337a5bf14f,937eed15-5ce3-4255-acb2-ba3dd035c18e,wallet,784.41,completed,BR
c43e34ab-060c-479a-99f7-c5a6130ceb2b,11dc1cfd-1382-47de-8fb6-36a54b32f885,wallet,913.65,completed,BR
7aa39b26-7007-487e-8d56-03ce3fb7cc22,74c2c492-9059-4224-8228-af57afbd387f,paypal,148.72,completed,IN
1d21c275-5474-4b2b-8993-bd231eaf51b9,8808fb72-880b-4564-a926-3e74b5bdc7be,debit_card,672.25,completed,DE
8867b6fe-76fb-40b7-a980-9648009085ec,b4063613-9ba2-4fc4-9e36-d4dd8ffb0ab7,debit_card,819.07,completed,IN
26c8dc82-5b53-42a5-bab7-29f29ec9b1f1,3a779182-8443-4efc-ba42-fe8cda333674,wallet,610.4,completed,GB
8af2a24a-4622-47aa-bdd7-89c2bf75320a,581df4bb-733c-4404-84fa-5534d88ffff5,credit_card,488.31,completed,DE
67e9fa7b-7f4c-46c7-9d6d-ac2e56e14dc3,1d65c792-80d6-4ae8-91b7-db09544545f3,credit_card,342.02,completed,US
873c302e-1e1b-428e-a6b5-e2f2baa5eaaf,bbb4fe2f-0dee-4349-95ea-fe43339aa039,debit_card,218.81,completed,DE
3accac4b-c1fe-475e-bf13-32d6ab8ddf35,c1afd23b-141f-4763-81d0-3dc1d9394b77,wallet,505.86,completed,DE
dade9856-7123-479a-8094-1ed61858c47d,0e0d8c9c-666c-422d-af13-089ef12f7c15,paypal,350.63,completed,GB
e58948d4-021c-44a0-ac70-1ce51cca9d25,6376423d-6f41-4d97-bdba-5f2109995480,wallet,153.77,completed,GB
53a82810-efb0-42b9-9ef2-bbd0b24d2b74,5d190dc0-b202-4a70-9676-09db87a9d839,wallet,266.89,completed,BR
e87c240f-7595-4df2-93b2-f780857708d7,5be4358c-2510-4dad-bb5d-a1299b477abd,debit_card,393.07,completed,BR
b5f21f62-bc9b-4161-bc3d-4f6ea80e09e4,d708efe2-cc76-4af1-b0a1-7d9ba7ab6bd0,debit_card,788.89,completed,GB
d894f379-8c00-45aa-944a-b41a923e26a1,a7394b2a-2bec-4776-ad01-82a14570a24e,paypal,1688.17,completed,GB
0e06d740-01b5-4508-aa16-1ef12ed8c94e,638d5a6b-b4c4-4182-8ccd-3c07aa9d8597,debit_card,126.64,completed,IN
64612b2f-c8c0-45dc-8bf0-28485138a75a,b14b56ae-edd3-48e7-9bf6-aed5d0f392ba,credit_card,1132.24,completed,BR
8548cb8e-e6f9-405d-b21b-cf55a8ca047a,cdf6ae53-5572-40a5-b65c-5cc63ec1f149,wallet,398.76,completed,BR
20f8e3dc-64d1-418a-aabb-77a918b023c0,06f36343-a53c-4834-982a-6dceeaea6c65,credit_card,655.98,completed,NG
c7d6af97-e3cf-4469-a3fe-c8d092404262,dc51e509-c27c-4867-8173-8e02eadd6fd4,paypal,572.84,completed,DE
6d663907-9ccf-4872-9c5a-ea34ab861f81,dc93d583-f153-499e-a2b6-973bef8c6ce1,paypal,425.35,completed,NG
db7d2239-a1e4-4fcc-a14f-ef42c80bdcdb,b843ee49-3b2e-462b-90c5-504f4e1de80d,credit_card,170.29,completed,DE
5fa44d54-c20d-47f9-ae51-c3c5625b624a,227a4db9-6b42-4632-bded-9dbe820fce54,paypal,717.02,completed,BR
5522130e-684f-403d-a2c0-2b66ef6bd273,5b8b8665-6b50-4d11-9f68-fe143dc21b40,paypal,124.21,completed,BR
704e7319-9ec9-4ee5-8417-e6ea7718e0bc,e460bcf4-0827-43c1-89e6-5fa602fc52ca,wallet,149.93,completed,BR
652a2e51-da2d-45aa-a770-8bd3b0061e4e,f65065bc-7f56-4cf1-a29b-b16014dd78c7,debit_card,543.22,completed,NG
ac365cae-4e7e-4c0e-9562-df4a930a6531,888d0c32-f1f0-4b25-86cd-327bbfa2e843,paypal,607.07,completed,BR
85799861-86a7-4130-972d-98e4c2c0dbac,d3131b03-c01d-4636-ba1b-8d124a515c41,wallet,167.72,completed,NG
86982bde-0027-409f-9e85-28b6ad077ad1,a89eecb2-1f91-4a2b-98c4-39b18ef717c3,credit_card,363.6,completed,BR
786e64d4-91c9-4255-acd6-045af28a418d,3f15f2d4-d8c4-493e-8348-8d711b998815,paypal,246.85,completed,DE
31a79d3c-a4b5-45bd-bc5c-63a2c112fedf,d3215f6c-e85c-45f4-b11c-94271cb20160,wallet,2523.57,completed,IN
2d459076-b77e-4a7d-819b-0be2c763ac3b,51e19fa4-8864-43b6-82e3-c3bbda68b024,paypal,578.85,completed,IN
43e78dde-62ad-42f5-8e69-56343aa58a63,5c398925-f606-407d-b256-43ebe527c9e8,debit_card,113.11,completed,BR
0a5ae48b-a00f-4b44-9aaf-b3f85ddf87b7,6aa7b542-9ba0-4a98-b811-f2a910a0ed56,wallet,441.3,completed,DE
492c093b-4d29-4188-8a24-14aa91b3a6af,5f3be931-138c-4edd-9efb-db327e3b89a7,credit_card,312.96,completed,GB
121dfe53-8c0a-4956-b385-9fa5833b6b44,c05da11a-5a55-41ad-9d09-1fdff1f58181,paypal,1978.75,completed,US
6dd2ea04-af88-44f5-85e1-ea04ac228360,80410e57-963a-45a8-a852-40105514a3ea,debit_card,168.68,completed,BR
3d440d75-cee3-4502-9fa1-b0282676d015,b1032635-3e4c-4093-b37b-09371a734375,debit_card,103.73,completed,DE
ee560ebf-146f-4a24-a474-5e2ebca891c1,4bb0b1ea-e19f-4b45-acff-23106897ccf9,credit_card,559.97,completed,GB
51c58b6d-2047-4513-8ba2-025e342d51d2,126a1a23-6045-4a77-9c46-8210f6df1c12,credit_card,368.84,completed,US
79a9fd9f-e9fe-45e1-8e5b-4a706dab07a9,c351ff32-be70-49d4-9279-201cead4d1aa,credit_card,714.8,completed,GB
ea558246-8feb-4bc7-bf30-dc5f052202e1,46553a50-9a6f-4278-90e7-402f11f7fd92,debit_card,331.23,completed,GB
0c191942-3fc2-406b-ae0a-c3e940c31461,438f0325-68ac-499d-8795-d1f710efac8c,paypal,625.47,completed,US
dbc4e827-dca3-4696-8d9f-559a01ceb756,51caf8f5-7b47-4374-8183-7e43227ba3ea,paypal,284.0,completed,US
2f8a3306-a5b4-4ce0-aef6-c764d9a1a0c5,a1ac78ea-e90b-4fbe-89f2-ca799d3630cc,credit_card,436.53,completed,NG
edd0f7aa-8e60-413e-a15e-f62ff6043516,532130a5-d648-490c-b65d-995d31d32fae,wallet,290.66,completed,IN
f090abb0-b819-4f10-9085-54e13cbd52ca,e8de8e31-53aa-43ac-8b36-74f1ef247141,debit_card,499.35,completed,IN
a477b93d-c9e6-4783-9483-fa183dc5bc62,c4db532e-6a1f-4f1e-9ef1-3fe9a06dfcce,credit_card,633.0,completed,IN
74628c6b-fb26-4f58-b6e4-7e559ac84763,63f6abbb-fb3f-4cf0-9d15-a2406db3a3b5,paypal,499.01,completed,IN
535721de-6c81-4c47-bcc9-c979ba69c0a1,2737f13c-cc73-4069-a887-3003ca1d6628,debit_card,414.78,completed,US
b0130b08-3428-4f97-a949-fc11ce827629,633d95b1-a7b4-4526-96de-d349ec559d7a,debit_card,596.14,completed,US
f6008bac-f3d0-42dc-b17e-42d1c270a23b,189d71b1-4413-46d4-ad47-63ac211d1b58,wallet,444.38,failed,GB
b52aff26-8f9c-40f5-b4ee-19ebb9e86dbe,ba9c0603-ea2e-4cf7-9bd3-74f91c5998fd,credit_card,377.24,completed,NG
9eee97ae-393f-4e30-93df-f7c422f45bdf,0e658cbf-bf86-411c-a7db-bdde6be06f74,wallet,124.55,completed,NG
16e4f097-f969-4feb-a6a2-c185980e9bcc,c73bf3bc-3b6b-4937-8765-8eb9d9a40f0b,credit_card,144.68,completed,IN
a1e51adc-6c88-4ee2-b3d4-66a17420ea8a,22c0ef6b-7622-475f-ac84-1e28c5f1982a,paypal,1688.17,completed,IN
1234846e-5ee0-42de-9e15-eb60e63759ce,73c3b0e8-5174-4a38-8637-ed5fd0d9177d,credit_card,187.3,failed,NG
d7256a20-39c7-4294-87fc-a0a5edd7e91d,2b9788ae-638e-40c8-88c8-5377b9744902,wallet,351.58,completed,IN
e7e8b7a6-749d-4301-bc1d-071f6a161fb7,1078e5c2-1f74-487d-a326-ac9419f55a05,credit_card,202.87,completed,NG
070127f9-de78-40d4-82dc-21ad9142d3ac,84cee683-ff4d-4e95-a7f8-2edd194ea8f5,credit_card,497.07,completed,IN
1363e851-be7a-41e9-84a2-3fb6ad1fdaf4,bf7fccc8-df1f-4a0b-9f21-38994cdd3e1d,wallet,654.41,completed,NG
73ef6e8d-4c03-42d1-8e6e-a763d20706a5,49e2adb5-acaf-4e37-b5b5-8848107dbf2b,wallet,255.19,completed,BR
7ba0a04f-abe4-4e36-a109-85622c154d66,721e0595-87bd-48cf-bec8-6182b5e445ac,wallet,236.95,completed,GB
669bc133-51ce-4a33-8812-05e0d9f8cb53,db30b465-1ec1-430c-93d6-17aa1e761fe2,paypal,240.62,completed,IN
c14042ba-6eb6-4652-b7ca-006851ea6c75,95d28dcb-c39a-4b32-9a54-9b947c03d77b,credit_card,232.06,completed,NG
33793ec6-cc1c-43a0-b04e-9d2582a860ce,55bc6de7-3c11-486a-be04-6368628424fa,credit_card,271.14,failed,NG
39178ea6-5ae6-4173-945f-c02eac223caf,38a16358-93c2-4708-b007-7d9b2d8c15c9,paypal,1176.99,completed,IN
b893a349-12e2-4c4d-8ef7-141897bece8a,44510945-a4d1-4c92-80a0-c8e903896c5f,debit_card,573.92,completed,NG
2f06086f-66f4-42c3-abce-e309f40c7855,b2624423-f264-4130-9d2f-836a31091c1c,credit_card,199.75,completed,GB
e7435c10-2af5-4279-88a2-341f8a526b31,2a9043b2-0046-49f5-b18b-6844c57029bf,wallet,479.92,completed,BR
62b38cce-9d66-40bf-85ab-ac939bb5146a,1df787db-0968-4be3-abf1-75f6cc42d65e,wallet,137.25,completed,DE
f36a1b96-f8e1-41c8-aa3e-d1ab102393c9,c4c15da1-c1f6-42be-8d77-a04c46611049,wallet,957.7,completed,US
cd432beb-b9e1-4198-8619-f5e738d3f682,7a2bfe2c-b73f-4ea2-8155-0c989bce0013,debit_card,1621.28,completed,IN
710755d2-ef1e-4e71-9a25-bb1e2f9bfbc1,e9140d49-f382-4b87-b44c-531b5652a0fc,wallet,756.27,completed,NG
ea92d06a-d179-48b6-85a2-3d1a62c2ee06,b4d7de5a-7578-44f4-85b4-d8eca641f73b,credit_card,514.41,completed,DE
c683e578-ec35-432e-89a6-f01da1321c22,d2929178-772a-4ced-b902-3b361b22d233,paypal,265.11,completed,BR
8dfe7b1f-5bde-4c10-9f50-09d9b699cc3f,ab7c340a-703f-4be5-90cd-73d9c87067be,debit_card,501.28,completed,IN
c4c771bc-eaf2-4204-afe6-44853d9c5ebe,87a80efa-62ae-4dd1-b957-425a106fb9c0,wallet,323.94,completed,US
b1d6b78b-3dd3-42d7-b3f4-d4e24e4d5d24,a7fa579f-cdcb-49d6-a709-112a7bd802e7,paypal,231.62,failed,IN
2741a38e-ca84-4b44-9190-fa7850bef4f2,2d36be3c-d217-409b-8e93-e906e5e1005d,credit_card,281.89,completed,BR
09521b8e-d112-4293-80ac-9c0e29cc27cf,4141b449-da22-4b27-bbeb-c0c64dc0a042,wallet,176.8,completed,NG
d900b92b-fd8a-457b-ae62-834bccd6c747,2d072317-9482-4768-b9aa-335fafd70620,wallet,398.31,completed,DE
365b6865-1ccb-4803-97e0-3906236b0a8d,57dbe12f-d95a-4cbb-9a0c-70af855e9e27,credit_card,147.09,completed,US
b0ad40e9-c78e-4b38-8c51-999f2586add0,39e087e4-4d85-4cb8-ad67-382de7ca4435,credit_card,1836.25,completed,BR
2f5e9d59-88cd-4267-8956-7c52972021e7,b0fc03e6-f0d6-4561-8848-986cbaa5c132,debit_card,192.41,completed,NG
5def4bb2-fd45-4ad9-ad90-feca0c272e1e,153761ea-51bc-4254-9aea-1c193ee99648,paypal,379.51,completed,BR
0c555245-0c43-4000-a362-4f25e4cea0d4,9cd5b0c4-8a77-4bce-9c19-83c6b928dc79,debit_card,72.33,completed,BR
74335013-25fe-4ce6-8015-5c2e3a091e6a,94ae5099-d1c1-4931-9a25-27c5cb0cafc4,wallet,286.93,completed,IN
dc9ab2f5-3a00-4b63-894e-9388564ef2e7,f77fa2e8-28cf-4eb8-a46e-19c9db1e784c,wallet,2466.53,completed,DE
6b210e73-17f9-436d-a77a-d15e636c9c87,7c5740c9-bdd8-4827-9d76-12bcd3995ae8,wallet,550.53,completed,US
7fc53832-d77b-4510-b630-b8f5e7454983,6066b75e-a931-4da5-8681-e3c8648d8b1d,wallet,123.35,completed,GB
acdb8030-3876-46ab-b787-7c7addff236f,6cc65b39-3e9c-4e8a-bc86-94ce6b367560,credit_card,2310.7,failed,IN
3c337ece-d929-49d2-af86-2c845f8e7a3c,fd5d392f-f1a1-4841-aa78-8a2b050e995e,paypal,16.15,completed,NG
04451948-8630-404f-89d7-0de4fbe65b5d,f221369b-cd88-426a-bb73-b36a98e2784d,wallet,1618.25,completed,BR
70e8b5b0-0a82-4a9f-8565-3f29452000b3,947c8fad-7ff1-4a98-ba90-3259015aa824,credit_card,486.58,completed,IN
d0fc27b0-af8a-45a6-913c-fc9753f218db,2608e893-76a5-4714-85e4-09590e78e3e7,paypal,272.4,completed,GB
57884d20-ccbb-45b8-ad21-65ace4a4612d,69fcd245-9bff-4e9a-8934-bb7489db9b80,paypal,144.84,completed,BR
b7b88a1c-a513-4fec-8398-f13b85c36e39,0f7fdc95-cae4-49d5-aefb-f60d68c1894f,credit_card,437.73,completed,DE
d0a586b5-11af-4061-837d-a81a47d57b17,8f394ae5-1971-48bd-b2ce-2e07fa50ae4d,paypal,358.62,completed,US
87dd71e4-2d14-4b33-b566-00718c21ccc8,e554b0a6-1ee7-4d1b-8051-5bd88c46b9c8,credit_card,175.12,completed,NG
bdd4f9cf-47c4-4c84-9fe5-7da238fdc5dc,cd1c3340-c977-4a8c-8c28-c33e541a567b,credit_card,379.96,completed,US
95f5265d-943d-4ff7-b5eb-e7cce19b13c1,34f8eb3e-6ed3-4085-8fcb-c901e073454e,paypal,349.52,completed,BR
5e82f8f4-952c-4120-b417-03fb5746be62,4f9ce3fb-ff43-4a0a-a0e9-11ab54e82bc3,debit_card,176.04,completed,BR
66f74213-6edd-4849-9894-b8a7faf5ea13,04c2c931-280e-4f77-a512-b0e7836506e3,debit_card,926.13,completed,BR
99278ae8-5091-4fb9-ae67-570773f68b47,f5a9de89-2b30-473a-b268-69e81bf029c6,credit_card,245.6,completed,DE
ce3f0ee9-030e-4064-be7c-f45007e0a075,4ec98ddc-6f9a-4d72-ba0c-7294b92ddce6,wallet,246.76,completed,GB
7b44f20d-f7ca-4135-8b96-37381fa65197,584e02cd-ca10-4942-ac7a-b2ccfd2db772,debit_card,419.74,failed,US
b0572a9a-2084-4303-99a9-1c4830e4d8c9,44884585-8b00-427e-8e85-941a3649b1d2,debit_card,323.4,completed,US
aabdf572-d034-4f5d-a58c-b5d52ddddda5,1f9fa2c6-48d6-4122-8966-8c6655790993,debit_card,293.27,completed,NG
8b70fcb1-f3be-4f51-b4e8-ea1caff1ed1a,aa0358e3-45af-430c-bf6c-56b508472489,credit_card,170.44,completed,BR
ca68dd1e-a156-4f2f-ac08-32d20209fe10,39f4be2c-4c09-4495-9e7a-ae2e4a5d3242,paypal,1348.2,completed,IN
1600df60-8496-4157-a362-5b6ca31a40b8,34089a33-12a5-4157-87b5-6d165652839e,paypal,516.14,completed,BR
e543e400-51c9-4540-b62f-82014e800fc2,16465b69-8efc-47cc-9a5d-ec9d66543356,debit_card,92.21,failed,IN
23a22f1b-ada8-451c-8be7-df28d0f4e8ac,140525bf-5019-4de5-9de6-cb28c60026a7,paypal,128.0,failed,US
bd0105c5-913d-4433-83d6-83487f9c4e5f,182b4270-41af-4326-85bd-03d7d13781b1,wallet,455.38,completed,GB
f275acd0-a4ec-4137-8af4-c4baf0998b0b,894f4c1a-47e2-4869-a31d-c3cc1027498a,wallet,311.93,completed,IN
60466a45-6f88-446a-ab9d-9804d231087f,39c287fd-2615-49e9-b570-4eb00c07ce0e,credit_card,1021.17,completed,BR
f82e2296-ef67-4ccd-8c1c-067bf7610758,dde359d1-e888-4ae7-ac19-7051edb099fb,paypal,245.68,completed,US
cea20cce-e3c9-418c-bdaa-7d6f6921bf30,8dfe8a09-b5ac-4688-a7a8-4e9829ff3afd,paypal,208.31,completed,BR
584e82ca-ac8c-4fe7-8617-2c0d3dc2864b,99ff62fd-703c-4783-a481-901ded51bd72,wallet,126.39,completed,BR
c25b6ed6-c768-4408-b0c4-42b3161af3f8,05be7f58-6343-4246-9a19-395835733b35,credit_card,464.71,completed,US
a5197be1-1411-4ac2-b818-72c082ed19e7,6f91bac1-1dae-43cb-b861-34d3b2097ff7,wallet,1338.64,completed,BR
dfb60ece-bbc2-4b59-9b5f-4656d20255d6,ac2485fe-89a7-4a76-ace8-af634317d570,wallet,548.84,completed,NG
cf8e95c4-4bc1-4ab9-80d5-4e6287fccce5,317d01f4-d7de-4375-a99a-9d7c553ddef9,credit_card,483.56,completed,GB
087fe22b-35e3-43c6-b7b7-32de6d462fab,2c7a7b33-06ca-4774-823f-e4658f1bf322,debit_card,473.45,completed,US
9595f6c6-a1bc-4266-8602-f1a1c1b489d6,5953119e-d7e7-4bf4-83aa-7798ad5458c8,debit_card,388.63,completed,IN
930d0cd8-d75f-4def-9f49-e419e9216414,8d4b1005-b84a-4e76-a852-64467767debf,wallet,705.46,completed,DE
4761df77-6d08-4c61-9b92-48d2d03d719a,1f287d75-b684-4873-8446-e18f1bccd04c,debit_card,384.62,completed,US
80e25112-f789-447e-bdee-5694f825500e,dc59ad7b-8f62-4457-bcbd-ba6c1f4d8e6c,paypal,496.33,completed,DE
da24bd74-8a67-49b6-b73d-89f233587a49,0496ce93-bbcb-4bf5-9db3-96fdcf989b8e,wallet,534.64,completed,US
6eedf020-e1bf-4999-8dbc-fb9b584c53e5,a6a614c2-5b7f-4d69-b36f-75fa2a5724ef,paypal,1354.97,completed,GB
452df99f-a4a6-4984-93eb-545245fecc1a,788cc468-1d00-4961-90cf-081dcd464ff0,wallet,412.75,completed,NG
71378219-c24d-451b-9a21-9234946ff148,291e873a-9d9c-48c6-a2a3-4a91541cfcb7,wallet,1483.25,completed,GB
f2163a13-b650-4c38-ba38-c972707c51d8,f9cfa0af-10c7-40ce-9922-9aca29365d43,wallet,332.19,completed,IN
ca68ba5d-37a3-4089-b84b-cdb7910cb450,630ed19f-9ead-4b3f-92f4-48de79e4bb9b,debit_card,268.79,completed,US
58807e59-cd20-41a4-8a62-75c5ac53b7ee,1b72ef2e-07fc-486a-b343-71099adad338,paypal,1161.91,completed,GB
c9b0e193-9b86-4d72-9bcc-0749a6a469c0,d5efcd47-d63b-46e5-bf52-8a954ba5f1ca,wallet,100.69,completed,NG
e8b114d8-4fab-47e6-8f0a-d8cd4d1e4d60,40604611-4233-4df2-bcc5-d256cee8132c,paypal,388.95,completed,GB
5ea854af-3c9c-4089-84be-d238c8b4006a,b5080927-876d-4bf8-8bdf-90d50e5a589a,wallet,420.24,completed,US
e2b7b052-e1e0-444a-9e35-c1a125150e01,1c810937-78a7-4063-9983-d75242f3cf0d,credit_card,218.75,completed,DE
c890a561-8bf5-4b7f-ae6f-3c31a808a278,81b8e5a9-794d-4e60-abfd-992405833fae,paypal,938.39,completed,NG
e648a751-fbde-4345-995a-4fa2d126dd39,6054e73e-a099-4ebd-94a2-8625e451846e,debit_card,182.1,completed,BR
a473bc96-f331-4f98-9ce4-d5ce21bf340b,bcec0180-2fa1-467c-a07c-d68065f8bb89,wallet,1088.59,completed,IN
03842677-321c-42e2-9001-6b3e86ed630d,5530c941-62cb-4a4e-ae2e-7cf0fac457f0,debit_card,2362.98,completed,IN
4fb0b420-1c22-49ff-9838-0b5641043a48,684010d8-9380-45e6-9af2-3ea3870d0075,paypal,659.42,completed,BR
cbbc61db-9b29-435f-b412-ff712834f768,52653cff-776b-4c20-aaf5-6fdc991f3ea2,paypal,346.2,completed,US
d8ec8e25-8d78-496f-a506-62e762b5e335,8309aa07-f585-43e5-8bfa-0ba87a0edb47,debit_card,525.58,completed,NG
fe3f98e9-356c-4dad-b2a9-9f23d9343b45,18668592-47b0-4bec-bb59-e72bdac810a1,wallet,1714.25,completed,IN
0eae22ac-164d-426b-8a6c-c07712d554e5,f032ea8a-f976-4010-bd97-2d507ae508f2,debit_card,309.67,completed,GB
56f91be4-afc9-4070-b9dd-599bbef0ce38,dec965ee-c9c2-483c-bda7-009bb81efa43,wallet,36.3,completed,IN
7f9d0ea5-4e0f-4517-b472-f2f6cfa8106b,be27cb38-0ccf-41ba-8eab-5a2c98d77005,paypal,373.82,completed,IN
6314bc8b-36b1-4b1b-b72e-36fc0405add7,e8f8f7f0-0b4b-4446-84c3-6e78f81714af,credit_card,61.72,completed,US
11442ad5-4b8f-4850-b7ad-7018bb3033fb,a53bd3c5-3871-40ff-9621-7ed6590126c7,wallet,893.39,completed,IN
3b854fb2-0dcb-4936-8069-c68f2e80db5a,c0233eae-c091-4052-a244-dbf97717b418,wallet,740.48,completed,IN
1e2ee021-ecf6-4e98-be41-d85ead918688,b9e5663a-bdeb-46e6-98b7-14a024875fc4,wallet,347.03,completed,IN
798bf742-ac76-4457-b66e-d8b6df53d06a,91e2a154-eefd-4c0e-aaad-8809bc6d25a4,debit_card,233.39,completed,GB
1d1392a8-6dae-4d61-a391-ad90ce19cae6,d43fadad-33da-45f9-a729-9ab988054514,paypal,414.85,completed,US
131a5f2c-b8a8-488b-a6d3-f57a883423d6,dd4f34f7-b090-4021-997f-82aca5109a30,credit_card,269.56,completed,DE
9ff0fd9e-d2d8-472f-8243-400eed6867f3,fb1267e3-cef4-43f1-96a7-4d2a75845cb1,wallet,967.83,completed,US
d293be19-460f-411a-a694-69d3d17414af,a48fe450-9e94-4b01-a367-0144df12c8b4,debit_card,262.91,completed,IN
a163e605-a50e-4a56-b7a9-e390ebbc3927,2e719ef8-49a4-4968-b285-5503bf1134b8,paypal,518.48,completed,GB
d02c3deb-fb2b-46fa-a348-2917b912a2b2,72a6eada-1f10-41d2-93b9-d7d0bfadf1f9,paypal,334.3,completed,BR
2a3c9a39-0d66-4006-a60f-be6a9b42495c,fc3e1e33-f7dc-41db-a3a6-0861dbfaefa4,debit_card,227.9,completed,BR
ba447b38-9fa2-4810-8032-f571fecb1b56,59a0607d-eee0-424c-a7d7-27115bab45b7,credit_card,82.46,completed,GB
fc0df99e-1b1d-4334-b6ca-942d8e314dc6,ef6908ee-f10a-4d47-be73-3a327f5470fe,paypal,377.59,completed,BR
deda64ae-6310-4a84-8c82-3ed94aa5c8f6,a632cdda-53bd-4447-a852-5f60c0f08316,credit_card,535.65,completed,IN
8d328d0a-3397-4963-8a72-e405e53d977f,d1f7a548-3a86-4505-942f-55fee1c437f2,paypal,260.64,completed,GB
102c6eb9-0e2f-4315-add9-2ce0b73cd671,b246c06f-e9ab-4429-8e28-2e5565483de4,debit_card,598.32,completed,US
8928cfe7-0052-4237-8881-fe7ab0c380f2,f3ccdf31-e7b1-4e3e-a46c-9de22a9c2e67,debit_card,81.98,completed,DE
cc877963-b29e-4b03-a3c2-eb52bd836559,cd0c70bc-a5ef-432c-9f9a-cecc9a57de91,wallet,342.12,completed,BR
fd4263d5-006c-4af8-83c9-c4d53d4f798a,96e705ea-02a8-4bf1-8f24-c8d128547581,wallet,330.13,completed,DE
abfe6893-7e41-469b-84b2-e807aef2aee1,55a0f40d-50cd-449f-9d70-20c6a8db2933,credit_card,620.14,completed,BR
6422a555-ee27-4ab5-97ad-0a7984c89e3c,f82611e6-2ac7-4a46-ae89-1ef09d2e25d9,wallet,1015.28,completed,IN
a1180f83-9996-4a1d-b5f4-489dc4a0d568,f624b637-bf2c-46e8-8a74-ed74479114c5,wallet,2662.17,completed,IN
86d3874f-5c23-4639-84c0-456b9b70b89d,bfa167d7-9b9a-4c47-84ef-5087c8cf9280,debit_card,12.72,completed,IN
d2348268-fd89-46da-ae18-4ce6747a1a09,bd3882a1-2411-495f-8781-74da141a8fda,wallet,1612.85,completed,NG
f46bce3b-7a47-40ec-929e-18a265d40ca6,c05e6be3-278c-4841-9554-eb7ebbdf15da,wallet,587.42,completed,DE
6d1afe91-fb26-4301-a1c8-c0d561022ac0,a09906ff-f4c8-43d8-bb3d-984db68cfc10,debit_card,1495.05,completed,NG
b178fa5b-ff4e-4e02-b373-f67ebbb90928,80e315ef-9f0d-4eca-91fc-aaf0221a1cce,debit_card,158.45,completed,US
6d83d817-8cd9-409e-b242-3470b21e923e,0625b282-da36-4e3e-a4d2-8ef69de30402,debit_card,395.11,completed,DE
ae1b1acb-8739-44f7-8ad1-78b70dc3a141,50c35022-115b-406c-9018-976e55fb1ffe,credit_card,1578.63,completed,IN
32b332dc-fea6-437c-8836-96e0eec81571,3b2b488c-6791-4924-8743-ec1eea325db0,debit_card,51.1,completed,GB
cdb7a427-73aa-45de-afd0-3a4ec5599a42,4a01f4ab-00d7-44d6-9fcc-50ecfd7bc126,paypal,293.44,completed,BR
64909baf-deab-40aa-ba7c-2d98cd24c1cd,0d1674fc-a3bc-4bd8-9d08-5f6a90682140,paypal,29.79,completed,IN
fbfe8155-dfd1-4ff8-ad31-fa53dc6d0bb9,d59e7b91-4e07-4d47-b4ef-0c548fd03e1f,credit_card,359.79,completed,DE
a2f16cfe-3bd7-4fb9-b59f-eb146d1632de,2ddaf71f-82b4-47e8-bbf0-2691360d47cd,credit_card,559.88,completed,NG
305e2732-b52f-4bab-a6b3-936029218492,d507f4bb-679c-4946-94ce-fdcd28216e2a,paypal,639.91,completed,NG
f45fe18b-5991-49f9-bb86-38eb6affc4d7,58bab991-d742-4b31-a137-5790faf69df7,debit_card,1035.09,completed,GB
7fea4eb4-9212-4c31-8407-12c4c22c33a4,2a850dcf-5924-4fac-8199-0feda18067f4,debit_card,771.71,completed,DE
5bfd1672-5704-4e7f-b4dc-f16ef5f2f3c5,d6ee86b0-c3c8-4e4d-8b3e-dab7b0a4ee1c,wallet,448.06,completed,DE
4148d408-d029-44eb-b53e-7703f85ac585,7220948a-c083-4efd-bc6e-3a95a1865776,wallet,378.78,completed,IN
46597c15-b1be-48e5-a126-a764262bf620,31e9d703-4f2c-4140-8800-c815d65cd00e,credit_card,419.69,completed,IN
fada0175-b3d4-4fe1-9ae2-4ce23dd75446,6745bbd3-9fb8-4df3-8939-54bfb1be8ed6,debit_card,438.28,completed,NG
29301803-3573-4103-9c3a-62d32600d165,7c49b8fe-c670-4d41-8751-4a80cd404edf,paypal,154.04,completed,DE
41b8c527-1a41-4662-8f76-cbb37ccac438,9c0ede7c-58b6-48d0-a201-65bf912224cd,credit_card,146.92,completed,US
699cf725-61c6-4e39-8059-229b2cb798e6,55a3bb2f-959e-4647-a403-8ce9e0c79844,paypal,168.02,completed,IN
fa5f03e6-716d-4cd4-9395-96c40b3bcec3,4152cdf9-71dc-46fc-9aed-fc999cad030d,debit_card,196.91,completed,NG
6e85ea4e-1bd3-4a28-81dd-b4085f9aabd3,0463093b-768e-469d-8e5b-964a8ba9672d,wallet,653.28,completed,DE
4d0436d7-7d7a-45b1-8e1a-daa045aaa019,ec183ef8-6268-42ff-8343-7d892bb78dc9,paypal,1562.48,completed,DE
42786866-4000-4ca8-8847-21de8b634116,4f9e66a5-8e8e-4be5-bb4d-632994f8bf9b,credit_card,142.34,completed,DE
0ffd4f7b-734d-4df3-bcc6-4bd5852d5204,36869b29-89f8-408a-beab-7cc0145ad972,debit_card,324.26,completed,BR
367b58a0-c231-4e91-b9d7-b248b24af5a2,aeae4838-1611-4a29-8569-71335b9be63f,credit_card,251.75,completed,US
33006048-7d5c-4912-85c3-ff81c8e7f79f,38cd4f7a-4d93-4d20-844b-e539d7f8483a,credit_card,122.44,completed,GB
dad4bf20-b6e8-42ff-9b2f-5e3a8f9c194d,63635f1e-1c5e-40af-acb7-cbf691e44dad,credit_card,208.56,completed,IN
163c350f-3b12-439e-9527-ff4973a20bc9,e04fc719-5038-4231-b6d6-b8caee50b80a,debit_card,567.23,completed,IN
0eabdedc-cce1-45ce-a0a2-eafe1b9b73a5,d2c3fa95-f37c-4a0b-9649-ea4f557ab090,credit_card,368.56,completed,IN
82614e9c-cf43-4d08-8d17-0467f3caf374,a7797739-fc13-4f77-adae-60b444c9f3e0,debit_card,549.92,completed,DE
d49d0b11-0ac4-4819-9025-fea4e9973f5c,c15f257f-5d03-450a-a3bf-3ba382474a05,wallet,478.87,completed,NG
52f1c2a7-a534-4f0d-95ea-3345ebadfacb,95695318-11e5-425f-8717-3205c12e0b83,debit_card,815.95,completed,DE
084c1a8d-4ef1-4773-8368-681820ef4937,a27458e9-49f0-4524-bf9f-c8bdf42d40ae,paypal,578.54,completed,IN
a290ce32-4a1c-475c-96f3-9026fb2c26cb,ff762934-288d-443f-b937-c4b63e477599,credit_card,110.51,completed,US
de71325c-6c90-464c-9f6a-2491c349f9c5,6e505db4-4314-4092-801e-11885ca5c43a,wallet,365.7,completed,DE
9d7f7681-6542-4626-8df5-24ffc220752b,b3915307-cf99-4125-9b4a-b90ce0f3722f,debit_card,568.88,completed,US
2cb79eda-5f26-4c22-8bcf-4400d175ed58,5b5f73eb-5240-493c-a416-78fc27f8c968,credit_card,169.28,completed,US
2b9a5c23-4aa4-4f70-a1ef-59365cb2c03b,19011a0f-2a17-43ca-ae88-1956f5a87566,debit_card,271.53,completed,IN
d81e79dc-5e68-482b-b72e-b4d41fa996d4,f532830e-2612-4110-9278-d334d03cccc3,credit_card,299.95,completed,GB
1f4a2ab8-dfba-4ed2-9863-f34804e6eba9,5b9e0dde-7d7f-4022-a3ff-18c4466bb15f,paypal,2636.8,completed,DE
40162aee-f785-4be4-8f20-8eb3c375fac3,8c1af84b-590f-4645-9fca-7ba0289bf949,credit_card,586.81,completed,GB
2e1d11c6-d4bc-4fca-b002-14860e1df5f8,42cc6e13-e85c-4842-b446-c7c06e97647c,credit_card,264.0,completed,GB
28015a46-daea-439a-812a-0dcd7eaa45b3,0a59eb06-fb41-4d91-9ec9-ffccad9def6e,paypal,427.81,completed,BR
c6692f46-0c2b-467f-bab8-6329cf8da706,920c2b3f-d692-480b-bf7d-33d39f9db714,paypal,151.17,completed,GB
3263a1ff-e68c-409b-bbaf-25da4444bc49,fb857cb8-0a19-4062-b8ba-c883d6df60be,paypal,17.19,completed,NG
b992f464-9f8c-42d2-ab03-08c4091fcabb,41bccc02-ec4a-4f87-a572-6c843ab162a0,debit_card,1350.66,completed,US
29f5932e-a076-4d36-bd2c-aefbc353d0e1,e8129890-681c-40d0-b069-5697629cd222,debit_card,471.42,completed,GB
da9bfd21-e047-4f86-81da-aa94b471fd4f,00a2f839-95a2-47ce-828e-7411499da20a,credit_card,157.91,completed,IN
79cea2ed-2a41-4453-a8bb-4ebae94aa752,89db68da-5582-4b4b-8558-c5163f4e7cef,paypal,502.45,completed,DE
fd81b233-2d1e-47c0-9aa8-379d571304e9,2532fc51-1c0b-43a6-9127-4c690f58efa5,paypal,544.22,completed,IN
31687563-6dd6-4ea5-8d2b-04e7e6ba3733,0e3a9165-b4fd-41f3-8765-c1ac6bac3d77,debit_card,431.68,completed,IN
4f91abe2-166f-4475-a586-e6a73ea8a074,8e90b457-5688-48cd-8de5-b1342c9ea96b,credit_card,1934.5,completed,US
1cd85090-3e1b-47d3-83ac-f6265efd0081,dbb52b42-e20e-4c14-8dc2-02890ff47820,wallet,1881.63,completed,IN
2e97f597-aff2-45e4-999b-23791dbee3f5,3f1a7544-bc5f-4672-81d3-727ee4927421,paypal,473.94,completed,GB
774509c1-586d-4e54-af02-a83cc80d4f4b,5e04a143-5bfd-4c29-8fc3-9019deb80741,paypal,2533.95,completed,GB
450cb8d4-bccc-41c0-b30f-df61c53d5074,b35731d6-41e7-4191-9542-72686287b2bd,paypal,1124.07,completed,IN
c5725258-7abd-45a9-98de-fa0fcb0a3e62,d5978595-df2d-4cc0-b696-08c0f11bb9d3,credit_card,224.89,completed,DE
4ffe32d5-4c16-4117-9a2e-637d196944e8,492ba761-36eb-4d20-a009-d064dfc5135d,wallet,138.47,completed,IN
454bfe67-b1fa-4dc8-b4f2-ae83b08a1182,15003121-5bbf-4637-9dc0-a99a5ccac131,credit_card,1636.76,completed,GB
5e79f6d7-db1b-4c74-b8b0-d46b1b55af23,108a1095-8ff9-45e5-aad3-7f602faaf84c,paypal,512.77,completed,DE
ff22fd50-37b3-4f4e-99d0-080ed4b23b97,7f478a13-cf95-4969-8742-cebaaeef81df,paypal,253.43,completed,GB
16a9b1c8-9321-4cae-8a6b-724c1b0b5cb4,6ace1d82-3f23-4006-9e13-e32d31707c28,debit_card,80.28,completed,NG
e2dbd331-f59c-4030-8e1a-d900222013c6,f1104c99-1382-48ef-ab09-f33d7e2722ca,credit_card,216.09,completed,GB
83c5e1c1-a9db-4d2a-8f28-a241b72836ed,36567442-0776-4d79-a24c-d77047a41160,credit_card,463.78,completed,IN
5bb9addd-fc0d-4aac-82c4-5d4de1931a05,c5f2b718-dd98-4384-a873-c4eabd2286de,wallet,552.3,completed,US
1cbc4ecb-5444-4807-adbf-f841161d8b91,224722c5-37ff-44ec-9206-85c2f965a87f,wallet,106.05,completed,US
29e33894-2e6f-427f-aab6-96d7a474b79d,6881a0f0-fe7b-463e-bb92-17762a19ed32,credit_card,371.24,completed,GB
af06966f-3044-4ffc-9a25-3f71d4ebf8b0,63faa151-68f8-4802-82c3-ae4454eea962,wallet,198.0,completed,BR
1f1e672f-9732-403f-97e0-77c145dbca77,3cbd604a-f2ec-4d4d-a302-16a3c125f105,paypal,144.3,completed,DE
824c9627-ca7b-4113-9407-95020f37a1eb,6820f44b-6c55-4292-a5fb-65cdfb143315,paypal,904.25,completed,NG
7d6333bc-bdde-43d9-9be6-db8167949a06,e07c4ea8-9ed1-4f69-bc19-d3c76af11a7f,debit_card,506.59,completed,BR
fd4cadd5-ad7b-4f30-ae13-f681ae28b273,0cc8272a-bea9-426e-bd5b-0699e5fe3d71,credit_card,273.18,completed,US
fe70a441-e53c-43cc-a307-546ab933e5ac,842ce9bd-d76c-4ca6-bbb4-58c11e36f0a1,debit_card,53.31,completed,BR
7d170f2c-15b6-4233-a739-45eebb0b431a,2eb5b9ab-5682-4168-92dc-0413735e174a,wallet,119.17,completed,BR
312c4ae9-f2fb-4dab-b214-3d7aeeb00b2a,52a21dfe-a997-4580-9960-8549fd472a3a,wallet,392.76,completed,US
146a3af9-3ec2-41f0-b4c5-6f523de40198,386ed6af-6646-4bd2-a1a5-5ade8e0f9e07,debit_card,724.05,completed,NG
6118c5c8-8448-463f-b03f-d86c4cae8495,c57aae5d-2b6b-4343-82c6-39ef9fae8dd3,paypal,572.13,completed,US
4885bf25-3c32-4de3-b691-cd01fe2cd1f8,b2969a7f-8030-4f2b-a973-fd50dae865f7,paypal,400.81,completed,NG
100eea18-ed3f-416b-bd81-f176fff30551,8a2cf0e2-c649-4d21-a16e-cbc2c90532a1,paypal,315.76,completed,DE
04618580-57b9-461f-beb6-4d6a6f2aca2c,aab51ffd-29d9-46e1-bc04-3a294226b379,paypal,379.28,completed,DE
bfe764cd-fd3b-4cb3-914f-cf59476cd996,5e412d18-57ad-41ce-9ecd-d9a95601d493,wallet,57.3,completed,BR
0e064e50-e966-4c66-8d58-9f0bcaebd7fb,c5ec4f1e-6643-440e-8264-7f246049011f,wallet,413.31,completed,GB
86d8b64f-2839-4d4c-a65a-f9bd1f7d7021,f4f74543-2b4a-47ab-8998-e75a3254b4c1,paypal,140.28,completed,GB
996ac4bf-d660-4a9c-b194-99a54d10af01,ac1588f8-999c-4c3d-b0bd-0b2087e7a354,paypal,24.57,completed,DE
8e5cddb2-306e-45b7-a16d-31d5f6937d60,b15b9fde-49ba-4e29-8a98-df4bd2efa0c6,paypal,250.16,completed,DE
556c7bec-5c6f-4cec-bef0-6fe3325780fb,2db16a24-8278-4d5b-8c60-cadcc5cb6161,wallet,631.16,completed,IN
041efa45-d5e0-4509-b46f-4da9bd5240b3,10ce91fa-ff16-4ac4-898b-a8cd20395633,wallet,98.92,completed,IN
fd2a70f7-fe3a-4c82-9366-77e3ce6dc28b,14aa8938-58d6-4454-ba26-676fd0851a8e,credit_card,558.36,completed,DE
40267f05-e6dc-4c81-a2c9-334811ca95de,dc81c18c-ce36-4edc-bb98-df8d1a5f2c79,debit_card,762.48,completed,US
312ceb7f-b246-45e7-94af-e81a36b6513c,a9264a67-1f36-4675-87bd-2b79b934909d,wallet,165.07,completed,US
329d2b49-6a61-4c91-b76a-6f7163f51ebc,f484f8e0-e95f-4fe1-9789-9eae0951e842,debit_card,445.99,completed,NG
f88097a2-f459-4701-8218-6f9710f8f26f,aa024a4d-61c0-4439-9018-f20eb6437ac2,wallet,275.66,completed,DE
298269bb-385d-4c51-9e0f-8327639b73bc,c2c307c6-3a3f-4552-98a2-383292882fc9,paypal,139.72,completed,NG
50d1bb31-4888-4f3b-b540-cb42da648bf4,b61334b0-575d-49fb-b7e5-c39daa21f8a2,paypal,280.09,completed,GB
2ac5b938-34a9-400f-9edf-01d0b7f405f3,f4c68015-b6ad-4fe3-8534-cde9a67fedd6,debit_card,227.88,completed,GB
30c796e9-fef3-47c4-94fc-847f29c52385,10039ea0-7fdf-4a28-8a47-5bf197d9f78e,wallet,942.04,completed,IN
febf94c8-969c-4c25-a297-486b14f8c4b9,95f5c1e1-918e-4511-9c81-8f693daa7ccc,wallet,489.22,completed,DE
e4f4b3d2-f458-4374-af3a-7325e1f7c340,69e7d04e-6bb6-43d6-bb33-cb63d37d065d,wallet,310.2,completed,IN
d9c1d223-21fc-47ca-884c-a9786f8f08c8,790ea68d-d56e-4963-ad86-9e5f2ed69271,debit_card,624.67,completed,NG
ab6f6c90-14d5-4443-8487-29e8d928f957,087aff22-d68b-4593-b298-dae35e001c0f,credit_card,670.97,completed,BR
401b2135-95ae-4947-a957-9daa726d39b0,6bd5dcfd-a353-41ad-9dcb-abc1d87f0b87,credit_card,283.89,completed,NG
5f2613a6-cd5d-4e3d-b4e4-f8ec417690b5,6091a7c9-695d-494b-a8d8-fd3f3189e1d5,credit_card,867.5,completed,US
6d850473-760d-4d0b-a277-2af9c474df64,651a7863-9f71-430e-8ca9-d7c6586eb737,wallet,1858.85,completed,US
7980b8e2-1fea-42b1-ac81-26c8faad3061,65b77ffb-4e4e-40fe-ac8a-3981667ebd37,debit_card,1129.63,completed,DE
0bca8bfb-5408-4091-9ffc-f1260c46c8fc,a585aa2d-c312-486c-8b9a-47b2f4019b43,paypal,24.57,completed,NG
f6edb12f-b78d-4f3f-a4d5-f0cee090e7c5,db4b9c36-e521-45b3-bb40-2ae5186a916d,credit_card,221.17,completed,NG
9ba1d42b-ba5f-45d0-8986-9b2824c8f1a9,94e5f34a-a1b2-4948-8fbe-655c646904c8,paypal,400.8,completed,GB
b4556e7e-643c-4aa0-9ed4-95921657642f,7cd16f87-adb4-41ac-9ecf-f696d5f551bf,debit_card,673.33,completed,BR
e437c309-165d-4963-b410-605a6d795191,4400b533-7542-499b-87b5-1c010bed030c,paypal,298.13,completed,NG
f61390f1-3b46-4446-a80f-dd154400c594,8a065e2e-5af6-45fc-af58-94cdb297cc6f,debit_card,279.38,completed,DE
2052035a-bece-49f6-aaee-c45f206fda89,01e50b63-46df-4408-b10e-afbab976fd07,debit_card,1019.37,completed,BR
fc7232a4-4ce2-4ecb-8325-39df242a8539,23daf895-a3c6-41d5-94bf-f2dda4ce24f7,debit_card,1314.3,completed,US
2eb43f80-a276-42f2-816b-fe988aced2ad,8c212b76-a0a7-421f-898b-12961b1669bd,wallet,1754.35,completed,NG
31220bce-b65f-40cd-89e9-160a96a6c5ea,0cbca58b-a29e-47b9-8d77-97c528985396,debit_card,436.08,completed,DE
db0bb564-3b91-49e0-95fd-c5f7fd2d27f1,8ce0b2b1-71f0-4596-9677-7dfd2e7e2a39,debit_card,283.87,completed,US
7b7e3d58-f969-41e3-adc4-72a85e7fe08d,8f296785-01e5-4b46-a6fa-fc7bae2ce5b3,credit_card,703.81,completed,BR
67bad6ac-7393-4473-bb9d-0b3cef56e081,1de0fd17-86eb-4b8a-86f1-555649ed4319,debit_card,1572.63,failed,IN
51441866-7f89-4e13-b47f-28f88dec1a76,b81ea5c5-d386-426d-bff2-c6b373f43120,paypal,1384.56,completed,IN
f6a5fe4a-b0e6-426a-ab7f-9761429b4338,d588e51e-b89d-46bc-86c7-7ba9bde322f8,debit_card,46.33,completed,NG
2a26ac34-1991-4c63-a200-6e3379bf65b6,e3ae31b8-7345-4ed5-b016-2a432ac9e440,wallet,348.83,completed,IN
8f756065-a5d8-467e-90eb-33ccbd5f5f15,b24e7425-05d8-4676-b5de-0b00f1f26596,debit_card,455.47,completed,US
a8c710c3-0033-469c-96cd-1577ebe31757,3480440a-afe5-4ff2-9ee8-1fc85177b938,wallet,217.09,completed,IN
3144e098-f95f-4e29-b032-cd34a9641317,7b0caba6-1dd1-4b0a-b2bd-8230046d1226,credit_card,88.83,completed,DE
f00fdfa6-a22a-4812-9dcc-b1e5b29bce58,788f506e-9131-4ba6-b369-301582b19a20,paypal,159.89,completed,DE
62bec285-61a7-4d1c-9aad-a3ec50e48dd3,1082673a-57d5-4487-bd59-777c862eef2f,debit_card,106.09,completed,IN
afe7eb18-3fe5-4137-a2b2-9983681b0733,9f04c8df-c2e1-459a-989f-b5049c823fd1,debit_card,445.31,completed,NG
321ecd1e-eb1e-42df-bb5a-69178082c5af,b2288a90-d1d7-4f9a-b615-cfb34b3d4d94,credit_card,822.01,completed,BR
fb3d4a99-57e6-4f83-bdee-addbf10513ec,0a5c5ba2-64a3-4a95-9f17-6c35b5faa527,wallet,30.39,completed,US
7823fc07-1aec-439f-8c69-e5858c675ee3,f64897fd-5aaa-4200-ad0a-fc94f6912ebe,debit_card,2559.53,completed,NG
23d39f2a-fb58-4894-8d94-7331bc97e6ae,b0980a96-f2e7-4ba8-89d9-08a066e3060a,wallet,208.18,completed,DE
c43b8526-2fd4-49ed-9891-716aaf045a85,fc8e5d93-ed24-47b8-89d7-922237590af2,debit_card,464.38,completed,IN
d0e62b97-bb9a-4d62-be81-fb7a62509cdc,778b06f8-ddf2-4597-be7f-0edf4d1d62b4,credit_card,165.24,completed,IN
fb259784-1c5e-4f0f-a60a-447dc2d7dfd6,cfe182b3-edfa-45ad-8645-43d41567b5a4,wallet,393.83,completed,DE
a57b69cb-e4d6-4e80-8dc2-19a20af8b35d,a025f42d-8478-45aa-a9ea-f48810f4187f,paypal,625.22,completed,BR
9f9bf3b3-be6e-4d3c-b3cc-46ee0f1b65a3,4ecdffb7-bfe8-4709-918c-a5d95342094a,credit_card,914.36,completed,US
3e8aab46-f7f1-4949-bfcb-ec6b972ce852,92b40531-bbe0-4188-be16-1d7e47213550,wallet,678.56,completed,US
a6670969-c54a-406c-b56c-bcaf666492df,d99ecb3e-c078-49a8-a53a-de33bb82683f,credit_card,402.82,completed,US
f0a09b23-c314-4830-a04b-7009c3640c48,1bce17b5-0ad8-418c-9864-86ce05134ce9,wallet,489.42,completed,IN
e7c903de-9d8d-4fa3-8f74-7e7939adef21,f595fd6e-0966-4bab-a9f0-d207f1481ede,credit_card,558.69,completed,GB
ff5e5b2e-c7c1-4c28-879a-064510bc6f0b,c7dfef92-3eb8-4a6e-8993-72a1e77dcf71,wallet,1218.53,completed,IN
d0d0cb93-e081-4fa2-912f-ebc5df85045b,bd0fbd7c-c601-4bbb-a3a3-5b377ec29f94,wallet,214.98,completed,NG
f0c56052-eceb-4c5c-9301-1b01578bc94a,fa1d57f7-0b63-49b8-a82c-af1e4db1fbe1,paypal,505.75,completed,IN
64349b95-9220-4488-b53c-239d07b609b8,9fe6ebbd-62f6-4cdb-8d11-8b45aca669b4,credit_card,403.16,completed,NG
01da1eb1-5822-4a58-b248-1e84d6708a29,f027a507-7eda-42e8-8afd-cfcf02b2da46,credit_card,478.48,completed,US
55721798-cc8a-496c-93a8-62d4e0a19e86,10e77f48-9c50-48ef-816e-addbe866f67a,debit_card,250.15,completed,NG
b8995661-950f-4dea-9bf6-40d9103bfc53,8c24fef7-9c34-40b7-9cf5-aa3a545e5311,paypal,477.87,completed,BR
7ddfc0b3-6f49-4f23-ad7f-0aa02d813926,76dc8334-6a74-484e-bd11-5731b36b8a90,paypal,790.74,completed,NG
2e77f9fa-5dfd-4724-9d67-05986ab12ac7,8f5cc2f3-845b-4610-9216-c43c75a7e9d9,credit_card,542.37,completed,IN
06281cee-3e22-46f9-990c-073e4dbda1cc,1d861439-4d24-4b1b-97b3-f262a62da0f6,credit_card,262.38,completed,IN
21f8994b-db3c-402c-9ee9-71f344b9d175,7fb3410a-ae16-4812-97c5-55e0eadfd5f9,wallet,226.22,completed,NG
faa185ee-b569-4ee5-b597-21e12ae7c981,e7c1ccdd-c402-438a-990e-f6e822cd2854,paypal,13.73,completed,US
93d78413-c927-4215-a2ea-d8adf021b119,88395bae-8f7c-40c4-a7e0-6083d294465f,debit_card,580.61,completed,BR
f0e0fadc-464d-48ac-8824-b79207e539e7,cdd96a2e-e2ba-47f0-b77c-a31643a7ed7a,debit_card,352.37,completed,NG
1c61179b-925d-4290-a655-eceb305965d2,b775fb08-b18c-4a0c-8adb-765bdb78fda9,debit_card,217.66,completed,US
6a6931cd-a601-440e-afce-c399be01f74e,e8f0bc93-bbe3-4f48-a659-fa1397f7a0a2,credit_card,103.73,completed,US
0da76ffc-79f8-4ac8-9258-1006d4852d05,c78376bd-d8d6-41c0-9071-92f0159535b8,debit_card,841.87,completed,US
32d3f6a5-0e32-401f-be04-5039c5b6b933,28fba64e-fd43-41c0-9f86-15d585322f49,debit_card,524.79,completed,IN
cdf5a521-f253-460d-a2a3-6a290c721dc8,f2439198-9edd-4216-81e4-a176cf220bf5,debit_card,78.71,completed,GB
2375fc0d-af63-4409-bbb2-228411415b42,0421834d-c48b-4038-9ddc-9ae300928f53,wallet,579.46,completed,DE
8f4e9c95-922d-43d6-8719-54f4e7a1346c,3533f359-ca47-48d3-a7a9-0c61d535a0c0,paypal,340.99,completed,GB
892d1480-4f1d-4487-afe4-97d632069113,8758d62f-228a-40bb-a277-91db69f65244,credit_card,198.5,completed,NG
b131340b-f224-4ab5-9352-2dd9e5067b88,f3644a24-23d0-449c-8e2a-7e34091f8db7,debit_card,133.52,completed,IN
bd5b7e77-31c2-40bc-85a7-30dfc8c14f31,f32230de-54b0-49a6-a31e-458551e52ea2,wallet,648.4,completed,BR
78b76c13-ea6e-4ae2-a629-3f01c73b86b2,058cc3fc-e4a1-447c-90b9-ee52602eb3eb,wallet,217.25,completed,GB
f3a286ef-9c00-4c7e-ab4e-6f1662b4c41e,fa7e914e-5d79-4284-89aa-d30c588ac338,debit_card,2665.2,completed,IN
37b6731d-6d4c-49ba-a09c-b3697b9500dc,8b3eeda8-f951-4a57-aea1-adae3e25c8cb,paypal,318.99,completed,NG
b3d72465-c860-44b0-a1b5-014ac9423b02,6d1199f5-cb88-4b95-8be6-693a759280ee,debit_card,330.07,completed,IN
cf27de01-ebdc-4bcd-9a7a-66fd01d69c84,938b9909-76f5-45b3-a251-5eb2f3e9536d,wallet,902.94,completed,IN
f6017941-6dbd-4818-958b-2237889cb7b5,ae83411e-9280-4928-8d77-0965ac1450aa,debit_card,631.63,completed,NG
4516fb78-731c-4f47-b8e1-95b71a3527cd,92b12ab6-8b9d-4e9d-b3e4-ee314ab0db68,debit_card,378.83,completed,DE
5502a7c4-3d77-40b2-a720-b9427c0cf46f,2d12702a-a826-4305-9079-340e64c96898,credit_card,435.55,completed,NG
30a784ad-2614-4201-a5d2-53e2d6f4bf48,2023f574-ae9d-4acc-b294-dc46738ac027,wallet,261.73,completed,IN
13a673d0-a82c-4da3-9e7a-1ca680619c87,1fbc01b1-4f33-488d-82ea-6ae276e846e2,credit_card,229.21,completed,BR
4853d96f-99be-47dc-93e3-adc433fb625e,1d31b456-b854-4a33-8c9c-3bf69eb3f22c,paypal,161.15,completed,DE
b553eb5d-6a14-4681-a7e2-775b9582f69a,47a602f9-a5dd-49d1-9433-ce9c688907b6,credit_card,299.26,completed,GB
b76f0ce7-f1d5-4fdc-97d3-fcd018b4b4c0,0fc69c4b-112e-4db4-8265-1637587de34c,debit_card,389.18,completed,US
51910996-32ff-4738-974b-30d7d59cb953,e352b028-e19d-4660-bffb-101dd437cf1f,paypal,255.3,completed,DE
7371ab72-8627-4806-9ab2-f9ff02aa918e,6065ed2c-9579-4c59-affd-fe17ab58cf08,paypal,709.45,completed,BR
f0d2bcff-21d4-4819-8594-ae8af889c6e5,044f02f2-4379-47c8-a8dc-05ac2f7c9f43,paypal,234.83,completed,DE
01d889e2-c81a-4405-ba7f-e9f8cb290b08,0706b621-ebe2-463c-8c8b-87dfa609a46a,credit_card,684.69,completed,BR
4613e50b-07ef-4480-93b7-b78a19fc3b7b,fad29fc7-ed3d-49c6-b4d0-7413494934cd,debit_card,594.41,completed,NG
a8597e74-42a8-4351-8744-7fb570f4aefe,b9fac3f5-f5c3-40e5-b968-ab9a400628c9,paypal,530.58,completed,GB
c926651f-34af-4444-b971-9f254d381334,a220acba-fa44-41a9-acc3-e0e00400b0ce,credit_card,884.66,completed,NG
81ee199d-cfd2-4c04-9b61-35ca4b83f56e,e0a2af43-bb49-417a-8cec-86823b71cd96,credit_card,160.08,completed,NG
a6573360-9020-4f79-880e-ad5fd18ec9e9,ea09a366-2893-4809-8abd-75f95b0dcca8,credit_card,199.22,completed,DE
c23b5582-e4e5-4a32-86e8-98d9df2f4fe2,76f329a7-1283-4367-9e16-6ba5115faa71,paypal,639.25,completed,IN
36bb71f5-a2cc-4074-a181-623302cf6d6a,7fff9131-279b-42f4-980a-19fa7cb7bb26,wallet,258.08,completed,US
ebd108ee-d7a2-4710-a69b-1edd99c04c6f,ca16b362-230e-402c-ad70-8976e43c1478,paypal,499.67,completed,NG
ca6860dc-6117-4ac7-abf7-26e747fc7184,85162c20-cf2c-4123-b6c0-841393bf4d9d,debit_card,493.71,completed,US
5473731a-f10d-4c27-a920-1d4b6bcd039e,cda30575-405e-48fd-8f27-b7019603ed4e,debit_card,1969.04,completed,GB
4bbb8e35-1846-439f-abe6-babb7d572f17,0fd7ed9c-3978-4a3b-892f-d608804cdd80,credit_card,244.09,completed,GB
50ade11a-0582-4a25-9160-2b14b23771b6,b8d51aff-f0c8-403b-81f2-8ab146e51a75,debit_card,198.32,completed,DE
331dc780-40f8-421a-84e0-a6da8fdd7674,555ce8dd-da48-4069-805e-f5cbe40281b0,credit_card,584.81,completed,IN
fba6331a-0aa9-407c-9d36-290fcac7100b,6845157c-298f-4ff6-8bee-1590a703285c,paypal,169.5,completed,BR
c52ca392-4e4a-4942-989b-a1d17c59c269,877ceadc-85a9-454a-b58a-f6377605414c,debit_card,176.79,completed,DE
e22dce64-c9cc-4a90-9537-4ec80a8f6a02,a2b655be-fb69-466c-8f8e-752a9da7b685,credit_card,1356.95,completed,BR
4430bf76-3bbc-40b6-ad1b-1da890fa8d85,1cb63d43-8203-4c88-9253-b77654d4dfc6,paypal,1035.43,completed,US
f72ad71f-5aba-426e-a1aa-d57ec1fe4087,50c6f66f-7773-43bf-aba9-545d3aee1edc,debit_card,404.21,completed,DE
5e507e29-14cc-4754-b995-101aa6c6f4d3,76f11550-24e5-42dd-a79b-b42d274c1039,credit_card,670.53,completed,DE
28ddb000-5b9b-4ecc-b93d-3c985ed075d9,ee77657d-9b98-426b-b864-f2fb41d39373,paypal,224.91,completed,BR
5c833a4a-d90f-4921-8a50-5fcccf299e92,c0286ee1-262f-4242-a4e5-842f8dd79ddb,wallet,593.93,completed,US
8a6b1fc4-bec2-4fa5-b3af-2cf9faa257ba,dac68d37-572e-4d9b-9818-52e5977b16e4,credit_card,197.49,completed,BR
80335db5-445c-44d5-9c5e-9d90bdccf853,8b51970f-5a23-4c4f-82d7-cb8f1927b3cf,debit_card,500.17,completed,GB
36194963-f6be-4b8a-9b88-6e57926ad732,476a3a85-b2a0-4d2a-abca-e896a0681ae0,paypal,300.93,completed,BR
1e67733e-d361-4e29-90cf-7f28292a8172,0ce6974a-6e1c-4e11-8317-d41eef2f20c1,wallet,170.59,completed,GB
9faf4ee4-2dad-473b-9225-d55e2c2eb8a0,c641b8df-1a10-45cd-a025-2962061dac57,paypal,123.79,completed,IN
4302160b-d649-426b-99c9-af71da823d14,5c7c553d-63cc-4989-a698-e762f6590513,paypal,359.25,completed,IN
a1459317-6a4d-4404-ab6a-bd0f758c1713,5ea44ce6-36ab-46be-af8d-d2f9e61566a1,debit_card,161.77,completed,BR
ee7be086-e4ff-4dcc-9a9e-fc9d080afb74,377e6239-921b-4557-ab25-d086da30faa8,wallet,443.52,completed,NG
cd3d94d2-3499-48bd-819a-44dac15c6e66,71cc2361-3f60-452f-9ffc-3ac6c8778316,credit_card,682.15,completed,BR
e14ccac3-a61e-42b2-af4b-334c5fd6e27f,8d814535-f4ce-491d-9bec-c59a348c0b30,wallet,775.23,completed,US
a510a5d4-2a78-4dff-bb77-1fdd3445bd26,bed4df30-030c-46c7-b532-f8c220345c9b,credit_card,537.05,completed,US
41ffe222-78e6-41f6-a2ce-1aee53661742,29b29763-3a94-4fa1-862c-6635abe2a117,debit_card,619.87,completed,US
1deeec47-db95-4898-ac84-b311cd295f2c,e85da320-a761-423f-90fa-7244abf3381c,wallet,109.58,completed,IN
44473157-7894-4b54-949b-cb38bf97590e,c5fae2df-ca3c-4fd8-9905-d50970d28877,wallet,400.26,completed,DE
86063f6f-1bfd-470a-9bdf-78ea4b42bf81,405f589d-51d6-45c7-87cf-add6be5e413e,credit_card,571.59,completed,IN
609ca332-c3d6-4520-bb30-b54dc1fdd4b1,1b0e73b6-b0ff-4928-b4d7-38483058deae,wallet,849.43,completed,US
8675ab60-08f4-47ae-9099-b54109522f8e,a4878c8f-8c0e-4104-b99b-cbad1452ddba,paypal,203.16,completed,IN
ec94895a-6d78-443f-b16b-4c34be0d1b90,d3b0c078-9e3e-40e4-b6b3-3f01d8bd7a44,wallet,205.02,completed,BR
a5ab232f-0842-4f14-93f4-8bdcc0d62c1b,5fb39711-9cb8-4c55-b430-fef25f010df8,paypal,888.2,failed,US
b728a3bc-3660-4efd-85f8-08757e208c35,8bc683cb-efff-4428-bbf0-a65ec03fed97,credit_card,799.88,completed,DE
3032c507-3a3e-40ad-8f1f-18a9db37838b,f7454f0e-a2f1-4c69-941e-f2bdc564355c,paypal,931.01,completed,IN
de663b6f-b2f9-48a6-a9ff-0adffdc9219d,0092f9bc-a714-454b-a0f0-ab3c64062e52,wallet,219.24,completed,NG
af7f10ba-2284-4297-a3ff-099a8ce0e329,2d16ae39-c751-41f5-97f4-2000c7e5794c,debit_card,601.12,completed,NG
b296e04d-7f2d-46e5-8f21-1c58f00ea8c5,8d160698-5375-45e6-8699-76d067f2c130,wallet,1828.68,completed,NG
5b08a741-6972-4536-8bd7-5b152f14bf55,dfb74323-1982-46b3-865c-ac1331b5f3ab,debit_card,348.98,completed,NG
3ba04624-c52f-49b9-852f-bc6b6feb36fe,24af3349-a58e-44ba-8efe-275dc59ce2e1,wallet,201.61,completed,DE
658b57ae-9056-46d4-bb24-0900837b7582,d6b1ac99-0720-4abb-92a4-af006ec9a195,wallet,254.26,completed,DE
a944216a-f17f-46dc-8697-a2dd8681a925,3a030ba2-f047-48fa-acb9-72397d8e738f,paypal,423.59,completed,IN
4ee7df86-7998-43e9-9bb4-5f67c7be682b,b4c8741d-2e0d-4464-8ef6-c8f09ac40a3e,paypal,594.41,completed,IN
455b8efe-c099-4035-9497-c4abb888e6c7,5eb9b1d0-dcb6-40fe-881b-ca394efa8877,wallet,204.57,completed,IN
ca4adf4b-dade-44c0-9b21-bc06b71df638,d60b3989-b212-4807-990b-378eb487cdf3,wallet,406.86,completed,NG
ee4debf8-f4ab-4b15-afa5-9fdde2e72d14,37266392-ca8b-45e6-8cda-adfb5a9ede81,credit_card,611.5,completed,NG
e9f4c984-2faf-4262-9fe0-00b2d20e002a,420fda36-4c0e-475f-8b13-102c3e116030,paypal,202.87,completed,GB
d7016b87-11d4-4efb-8050-e072b7c16dca,b022bc11-af9a-450f-826c-20c9c1da5e76,wallet,361.07,completed,BR
d78db659-cd4b-489c-a728-3eb541369cf9,a9b6f83e-160a-4275-9493-ffb266aafee6,paypal,115.8,completed,BR
542cfae3-bb8a-4d89-a279-7ba13c621833,ba89d64d-ffd6-496a-bb26-fbb86d99458a,wallet,149.38,completed,DE
7262ae72-99ab-4dd8-babb-e135b6d92268,e6201ed4-ad7a-4e98-adad-71febac1867a,credit_card,495.35,completed,DE
ba1cb234-cb23-4b35-ab02-cd6d1f637608,8825e7d7-4f6c-4535-bff5-b32f2faafa36,paypal,259.23,completed,US
586d791e-8ecb-46d6-b135-fb683d76ffce,122b4a84-88db-4db2-a4c3-56b66dc3d932,paypal,192.43,completed,DE
d05b1837-e3c7-47ca-86af-1029f8a19f7b,1078439d-af34-4103-aed6-40663b54297a,wallet,75.08,completed,NG
d6b8bab1-d07f-407c-9a07-60dc81250883,698334b4-9d96-40ac-ba1b-a461e535ed89,debit_card,309.85,completed,DE
d490f396-c942-4444-808e-7bc34439a1ed,0c925d74-780f-43f2-82ed-1b5ad3b6d713,debit_card,529.01,completed,US
09d922a8-b458-43c7-8e47-5d23c1b05f51,1583d9bb-3bd8-4459-97bd-db55683c1c8a,wallet,572.21,completed,GB
a91ba7ab-4202-496e-84f8-ad348d4ddb9a,abbe90b6-665e-49c5-ac78-dda7e77301ff,paypal,812.02,failed,BR
3ea79bbe-52fc-40b9-9e41-6d0394a3db7a,2e941633-d96c-4a54-8597-23a244016b8d,paypal,433.26,completed,IN
95466e1a-ec19-401e-8f2c-ef710ab0330d,57d03500-b8c5-4e3f-829f-a6930366e824,debit_card,94.68,completed,US
912a176f-16b3-4535-95f6-1807535551c4,c29024d9-4cc2-443a-863e-9303159d53d2,credit_card,272.37,completed,BR
c4107726-5c71-4f91-ab5e-9e6da364a146,b896301c-a573-4471-a001-e524c5b9a1b7,credit_card,1587.13,completed,GB
5ee0d42b-3677-404f-b598-c4d706271f1f,842dd974-d877-43ba-bc72-3c477d7d4c70,debit_card,313.12,completed,US
a7b72b4f-6957-4dfd-8785-02369c0f45f5,1570ca02-db1f-4bb8-8c44-8dc155c6804b,paypal,399.62,completed,DE
7bad30f2-23e5-4230-9554-3c9ba2ce5466,eb7a0f8e-fb0a-400c-a30b-17776ecba737,paypal,689.22,completed,BR
fa44d344-de87-4ae1-ab1c-d5451390185e,15e16e23-da76-4cbc-91ee-2014d2999754,paypal,290.13,completed,BR
24b7dc92-fa6e-448e-9d60-6c2bcbc44973,15aaed95-657f-4805-abc6-aada82e63fe4,credit_card,12.12,completed,IN
a6055855-eb51-47a0-a172-5e021b435e7a,b38efd5f-a8f8-4067-87ca-b0a346d8d824,wallet,1182.4,completed,DE
4b2f24d9-9adf-48cb-b664-dd6938fdc2b7,37efb0c7-d14d-404f-ba8c-4121237c7a3b,paypal,413.69,completed,IN
270cfaf0-c497-4eeb-8c10-497bab323904,94ba705e-275e-43ef-9fc8-682242302183,paypal,901.61,completed,IN
b5fa2e04-4e9b-4c08-a935-df7a9520077c,d514888d-813f-4186-931d-42b032910f49,wallet,744.52,completed,DE
31cde77f-2700-4525-878d-f880511ded87,db5a8a28-0509-4675-b800-f45e2942eb0e,paypal,73.26,completed,DE
26b81b56-dcee-49e7-91d3-f19449c5b10e,11e142c9-1744-41a0-b8ca-f6eba9151f47,debit_card,1442.57,completed,GB
320b56c9-4192-46bd-83b8-70f0d4931484,32225272-142c-4e20-8be6-e2ef6da1526d,credit_card,574.39,completed,BR
12930e50-35b8-49d7-9496-f1dca3f95ec8,8b166e26-ed74-4081-8ba0-ea0d41099f4d,debit_card,772.02,completed,DE
7be43238-0871-4f71-8562-1c639e894e2a,b9bce943-3192-4725-936a-86661815fd29,credit_card,504.5,completed,BR
dea60a40-274a-4601-ab5e-3d1769a4e048,bd67fa71-29b2-43ac-8228-623746dac353,debit_card,402.99,completed,BR
ba70c62e-9c50-4a08-9f0c-cfabf3a89fd6,5f666dde-e3fb-4d5d-9afa-0afae92c5635,credit_card,254.85,completed,IN
bade3fd0-50a6-443e-b9ef-d7feafb3260d,986245fc-950b-448b-80ea-fc029d8e2e04,credit_card,109.03,completed,NG
c39cb716-0b40-46b7-93e0-20192189a887,3a57b6bc-1728-429a-bbba-b5735804517d,credit_card,121.32,completed,BR
9b40a1b3-8ee1-4ac9-b8dd-96e3399878f7,b9881e62-1cb6-4b33-8205-67ecb97ead15,wallet,244.25,completed,DE
a6aa2729-51ad-4e28-8aa7-25eb14bf88b3,aed22874-63e9-4286-8284-7c125d74bea2,debit_card,155.18,completed,BR
77809de4-e126-4cd7-96bf-3952120e3e76,8e79edd9-c049-4526-ab1b-f3b4f7a6b496,paypal,544.85,completed,NG
59d9ff3e-4e61-49db-8ba9-6eb728fc90ac,fadef9e1-66ab-4d39-b01b-d980ca2546ea,debit_card,402.25,completed,IN
517d86cd-dad2-4259-ad99-ea1899717dbd,319c14f3-e6ba-4293-8d3a-b0cca8c79f72,paypal,2647.26,completed,US
01b6ebbc-1b74-4779-8618-e20da8aeecd9,d6b0ddf5-03d6-4dd9-a55f-42d3902c2e33,credit_card,453.18,completed,IN
0a8bf5a0-96ac-4bd3-a969-aca198d3548d,c3790efe-b92c-4f55-9e65-9d24309a81db,paypal,492.92,completed,DE
31aba566-3844-44a8-bb52-5616bd241648,313d344a-5936-4ab8-94e1-5917a012e6c4,credit_card,205.07,completed,DE
c43bde14-def9-4e17-ab9d-f4c841382da0,ce2d1c5d-2ddf-4190-88fe-2d2ed8533fe4,debit_card,450.85,completed,GB
4b64829a-cecf-45b7-bfac-57555e8e6ec1,347520c3-ffa3-40a3-b5dc-62d5f5d60526,wallet,817.41,completed,IN
10089648-72c0-4595-9908-6355a7fd9b3d,465dec75-3a9e-41a4-9b1f-3b2ca7e9441e,paypal,339.42,completed,BR
0d06fb52-b706-46a6-8328-3e66e2564887,deded754-46cf-48e1-bde4-e13e262bab4e,credit_card,438.7,completed,BR
a5d35606-299e-4272-96db-9948fb0c51e9,e400402c-642f-44e8-b95e-dfc01b250f35,paypal,490.67,completed,GB
cc00df34-0826-404f-852e-019dba126530,ba70829d-a9fe-4e6a-adb5-3cab48572211,debit_card,191.61,completed,US
11212e72-4fdd-4f20-a963-a6d3f6a8bdb0,d62aa4e4-dbc0-417f-8977-3b92d63bd446,wallet,512.05,completed,NG
2a3ad7a7-f805-4c91-af2e-ead428735d32,0ba25807-da72-4052-a882-89505b2b05bc,credit_card,735.55,completed,BR
7535f1b9-a2bb-466e-9bb5-9028b3d31405,491fc6db-1cd8-4073-8b7c-afc768d8c464,paypal,43.22,completed,BR
f1149efa-77fc-45d2-8cee-ae4fc563ee25,f9a6be6d-f566-44ee-b89c-f515e754f611,wallet,197.73,completed,DE
8de7b0df-cad6-4fe4-80d4-597c25fc0179,0340b7e2-2636-4d92-9af3-9b42e04b572d,debit_card,222.1,completed,NG
58140ea5-d9ab-494b-b10a-009d98df8bfc,142c0fbf-2ec0-4e2d-9a5b-6a2bd988a322,wallet,258.06,completed,NG
a732f18d-af5b-4325-8ef7-71165fdd1ae0,0bdb8b44-976f-45ca-8140-93592b603b6a,debit_card,582.09,completed,NG
9e940004-5397-485f-a801-420258559b4f,ee579db4-16eb-468e-9939-e4df8ed77a22,debit_card,279.74,completed,BR
98d3c39e-4655-4374-ba09-44675f5f91c5,c47554c0-0e79-42f0-9328-2bce1871d63c,credit_card,1627.09,completed,DE
7c4087b4-04e1-49f0-8fa2-d844c889b4de,d60f3691-c320-4f61-9d01-baad796401d1,credit_card,100.6,completed,IN
33c59f07-6e20-4613-97c6-283e81a5d18d,2b79b356-6e53-42db-91d3-ff99012d75c0,wallet,843.55,completed,DE
553477a2-0a35-481a-b1d3-84a3638a5590,79f79cef-997f-4588-9863-2c5103dcf9ef,debit_card,430.89,completed,NG
8505d2ae-8dfb-4746-b294-febba8318abf,ac73fdc3-b3d5-46e7-ae57-2632ead5386b,debit_card,1248.84,completed,NG
d19c9a87-77c8-4bfc-a298-6d36af22c158,3d2ad673-f623-447d-a4f3-9917bb02f968,credit_card,276.95,completed,BR
6f35c1f2-b14f-49a2-98aa-2b45c4ae3b22,a54c09f8-f8d2-4ad9-a87c-c072c1536035,credit_card,815.4,completed,US
b3598c28-9f57-4bb1-b7bf-69b9569ea0d1,fceb62e4-be38-4de5-91ff-4dbab431caf4,credit_card,218.01,completed,GB
8f618e66-90c8-42fd-9033-487d47f7168e,4bbc15c8-5da3-4d03-8085-06c545a05acc,debit_card,341.69,completed,BR
8b305fdb-a623-42df-8d5e-a08cdeffb723,a42d7adf-609a-4a04-80e8-bf240953b84d,wallet,247.94,completed,NG
92191d6b-7cde-4a42-a998-636a296b8bdc,8e2d2f4a-9451-4f35-b918-4a34f270baba,wallet,380.81,completed,BR
ca84c4fc-cb1d-4ebf-9829-da70574d7c07,71d734a8-e1ae-483e-a464-8fbde1e90980,debit_card,531.93,completed,IN
27d2d28c-2f85-4ab8-8ced-9c6120d9f8bd,2ee3bb23-7f2c-4dcb-97af-f415aabfb26e,wallet,218.67,completed,US
a47ebfe5-0dc4-4793-aa2e-e1f0c3d49374,dc11ee00-372b-4c6d-8941-d6ef86a249f5,credit_card,457.18,completed,BR
6d5e734c-b069-40e2-897a-d21fa7b1a024,25c75648-4cbf-468d-be82-bf76c8e1ede1,paypal,213.66,completed,GB
77d87117-b53e-41f9-9f6d-e6a4a101ba8c,d4b2ce8c-74bc-4565-8c8d-071585306330,wallet,291.9,completed,IN
717fbed8-5cfa-4476-8863-5dfc46af103f,3cd5ad15-b7fc-4daa-aded-618232a25808,wallet,256.66,completed,US
7d354e5b-6061-4fa6-9c9d-0e3e3dac8a80,bf576253-fb4a-47da-9842-7742b2a50912,wallet,316.51,completed,GB
dec63cff-33a9-402b-9fa0-0fdbe46ae124,687960ed-6739-4e80-ada4-cd0be736634a,credit_card,40.32,completed,US
ca6381a7-5db9-4507-a5f2-16ab0a8cb153,25a7a1ae-d433-4da4-b83d-26abb88f2f27,wallet,245.24,completed,NG
22e0d97f-39a1-4d00-8237-a632af5979da,9a9c150d-cf16-4495-af8b-c52b6c6c3b25,wallet,196.46,completed,DE
eda4485c-a3c5-4e67-a5ad-b98b7b761d4c,6f1a5ca4-7613-4737-a483-809d992f2434,wallet,507.24,completed,DE
9f364e88-be3e-473b-8679-120ed256a6c7,1d001e62-298c-4efe-a7a7-fdfad25df669,wallet,652.83,completed,GB
c08b80d0-4821-4c2c-9c10-4a26bfbb3d38,ad88f363-48ef-4b2e-b2e2-7eda7a96bee8,wallet,116.03,completed,IN
79ed889d-4c1a-4cf1-8b30-d373768f6348,6a37b0cc-47df-4963-872a-f3b89e129b83,wallet,512.76,completed,IN
33d37d28-c3b9-4d24-b9df-7ff7ee92095d,6a8557a0-2747-46df-9e23-0f98949cb7d3,paypal,1270.23,completed,DE
064170ce-d35a-450f-a0d0-ff6f886e820d,45db1592-4603-4b26-b56a-18d966555bb1,wallet,531.82,completed,DE
af3b9033-44d4-4447-b533-5e776d274fa9,670c8c34-1bcd-49ee-964e-d965c911b5d9,paypal,302.39,completed,BR
65c8084b-fb58-4ad0-8d83-18ce1800330c,bdae3502-e4aa-4feb-a087-7ebcb4c86991,paypal,1263.44,completed,GB
97f33c9e-ecfc-48fb-a0ce-779d7068f10b,3c67d7bd-9894-44b0-8228-ebe55e5b1c15,wallet,300.09,completed,DE
352795a5-02c7-449a-835c-869b3aa59b9a,fc0ceac2-ee41-43fc-8c86-d35b50b6a8dd,wallet,1477.3,completed,GB
279b78f4-a16b-4c72-b4d8-3cf3d7a9fe05,89e02083-272c-458b-b5ce-e98583cfe533,paypal,408.1,completed,GB
e13aa97b-98fe-4c97-a986-4316c11a7a75,df363b31-993e-49f0-95a4-66e27d83cc5c,credit_card,494.7,completed,GB
ae44e3fb-e28f-4077-973b-dd3a4e34bbcc,40e33c34-36f0-4593-b12f-996349286e13,paypal,83.18,completed,US
5b92f4c0-76f4-43d7-b8b9-fe0e3a39e8c5,717ddcc1-671c-4324-9342-c65271b9b49b,wallet,298.88,completed,US
a650d284-d7cb-4fec-ab54-a54374ea34da,c326578e-0ef6-4e6b-9392-80b93229ce4f,debit_card,751.77,completed,NG
f72223aa-caeb-46af-9989-4bfcfaa9d70d,6e92437a-c01c-4310-9f69-ca88c28b9910,debit_card,171.55,completed,NG
78dd0b19-18f4-4a16-a362-0ffa146e0e7f,f3c0632f-e90f-4ac7-8f61-3ea8be9d6d48,wallet,2916.53,completed,IN
bfa4f981-893e-48fc-acd0-305f934f95d8,08e2752a-f318-4637-866f-1fbfa2c0e339,debit_card,1023.68,completed,DE
1179ea29-fff1-42b6-ae52-b7b7b54cb706,81d787ff-d16a-4e09-a70c-7907d06b6c00,credit_card,816.78,completed,NG
c42ed9c3-6317-4b9b-8816-a8ee826038b9,a16c2840-001d-4eb2-9d52-9dac060905ae,credit_card,188.74,completed,NG
93ed1984-73f5-4d59-a2af-76d9c74086aa,c92a66e1-906a-41ed-9774-744492459336,debit_card,200.28,completed,GB
130db78c-81f7-49ec-a88a-11e4ca54e379,063b3d19-680a-4391-9b6f-9d6d037ece5a,paypal,311.75,completed,IN
f77a1627-09e7-4fb7-b0d2-d527c2b9a854,2c6cfaa2-2587-4240-9c0b-32b0839bb575,wallet,803.41,completed,NG
a2615227-cef6-4d5a-bf1a-26777370974a,a218a0df-3576-424e-8693-0a1fab063b9e,wallet,508.69,completed,IN
563bad26-7ac0-4f7c-93b3-eeee634bd904,59526d56-cf13-4efa-863b-42c582f05a24,credit_card,326.88,completed,DE
e755a95d-1b44-4167-ba85-4b477d7c8034,70d3b2dd-20fa-4829-a25c-0ade01485cb3,wallet,276.77,completed,US
cd791c4d-a360-4d5e-b797-88e059194e20,5fa3bc24-3915-4a3c-bce9-5c78be28155f,debit_card,299.34,completed,GB
4579ad8f-c27a-4c23-a595-f2ea819cc9ae,b290686a-b403-41de-8bd3-0f70caff3bb9,paypal,108.62,completed,BR
04bfbc5a-5f0f-4382-909d-6133f7a0c5c7,0405edb9-5d5d-4440-a327-d76549f19b97,wallet,109.33,completed,DE
c4837570-f16f-415b-b55a-9e0faa05c1a1,c4b891d1-ed71-4799-b762-5b6d0f756ac6,paypal,466.3,completed,GB
1ad53ed3-c2b3-4402-86dc-ae5958c4aca1,d46ea807-8c0f-4054-a00d-3e8fec49b641,credit_card,800.36,completed,US
7e2ef9f0-87a1-4ba6-99af-1e9ce11c71d0,e6bef922-fe65-4d91-9616-323aa05acfd4,wallet,710.79,completed,NG
7bfac3f8-6393-49cf-823a-c5fca2d0fb4c,5e5eb291-53fc-44a9-a041-7e14de03d06f,paypal,279.19,completed,BR
80ad061e-eef8-4500-bc55-42df4a3646e9,40840c7a-6e09-4c67-8d0b-2ca33d7a9587,paypal,990.6,completed,NG
4fe9a1cf-5431-4127-95ca-68f0732bc72b,8fb6cc5b-f367-400f-a626-8f320dee2c53,wallet,126.64,completed,NG
c709362f-bd1a-45b2-94cd-fe3365561486,99c69764-36be-485f-bac9-7667cbaaeafa,debit_card,935.74,completed,IN
ca77e820-ff74-4f45-a75c-f8b3b12b74e6,3f1db80b-e08a-4e2a-ae84-19453f1d1943,debit_card,118.55,completed,GB
d0ca4fa7-3bc6-4723-be7e-0dff73dc99e7,9bebc482-f353-4f8c-aacf-6b5e03101d07,debit_card,29.84,completed,DE
9bf8503d-7d7e-4388-b64d-d1fed507ef3f,2ad9060b-c0ac-440a-9315-3808a8ccddf6,debit_card,374.46,completed,IN
4a641642-d715-4020-a1c8-0e1e94a6bb42,96ab1e40-55bd-4beb-acee-c2ba5ef35901,wallet,415.14,completed,DE
1db7fb82-def9-4b0f-a804-63de4e84221e,3d62582d-ac08-40f6-adf1-a2e233564e61,credit_card,544.35,completed,GB
b04cd867-84e2-451b-b818-b28b6b4ef064,bb077310-fcd6-43ff-92cd-dd5dd410a369,credit_card,1584.04,completed,NG
c5e7d3f4-caaa-407e-b157-5ed5357ebb7d,b4bc56c2-0a77-4f1e-a671-5bd1425025e2,wallet,631.09,completed,DE
6e047ae0-3c24-4e1a-b6be-8f5a020e421a,23be49ac-3f63-4207-b9d5-6b9d9b0827b8,credit_card,1596.83,completed,NG
a29959da-712b-455e-9694-0fdf0fcbdd53,06a1fdd6-8852-4459-b74b-09559358e894,wallet,238.33,completed,IN
77c09252-4bc7-454f-a516-151b98b3850e,23146e55-a159-4b11-b8cc-6d6a6228838a,wallet,669.85,completed,DE
81857e80-4e24-4004-8a6e-cb9e9d2b010e,339d0b30-6c9c-4ddb-8822-9ebce12f7eda,credit_card,526.23,completed,NG
3e0ae6c0-748b-44a8-9ec0-fb7785f6b66b,dc9dbf7a-7ea4-49f8-abc9-30b7034f7d57,credit_card,583.23,completed,DE
024019da-3c70-4e3d-919d-22c202060f52,2bc36557-4781-41d0-a55b-da8046888304,paypal,1292.66,completed,US
61327c03-da29-4803-a25b-8d23e751bd9c,a1bb6beb-5997-48e1-a412-7f9c8d44c57e,paypal,1433.57,completed,GB
35be28c4-a5fa-439e-b4f5-d1d920ca66e4,442a348f-f1ed-48a1-bd12-782a2564d4a2,paypal,97.3,completed,BR
228293b2-c1bc-41d4-a4e4-f76d821ae4db,6460bcbe-21ac-4f21-8f76-9d0f22daf669,wallet,79.92,completed,GB
a4bd3d27-068c-4817-8a39-4a24818d74f7,c882d3d5-81d7-4184-bdd3-5189dcc54f90,paypal,866.33,completed,GB
f31fa9af-5a48-4dbd-8d1e-98d44c27984e,6d58b7bb-f8aa-4d3d-a7dc-f3b6c63a8ae1,debit_card,690.17,completed,DE
cab34d3f-1c11-491b-9dfa-27a55035baf2,23cd830f-ca63-4c4a-8242-3c164e9b3c01,paypal,472.84,completed,GB
58f93019-d8b4-4489-9c6a-db629a2d9eb4,2c78f27e-1973-42a1-b219-5841f6b25746,credit_card,646.47,completed,BR
12a08561-fdbb-49f2-9681-8030676bdcb4,25bac7af-698e-426a-bbee-74554a1fbb5d,debit_card,276.69,completed,IN
a3c124c8-f3f1-4e48-acab-5c26d80bae58,c7b14f5c-e81a-462a-960b-f11b92ae26c7,wallet,1344.65,completed,DE
abd47ba0-0099-4c09-99d5-b47037f3f599,3eabc6e2-c8c4-4f9a-94f2-b82e006d8c9d,paypal,1191.62,completed,BR
26521b04-4b7e-44e0-81a7-e7d4af3d24d0,8a263a24-b298-48c4-8c23-d51d1554243b,debit_card,515.59,completed,BR
54f55ea7-0ce3-4c0a-9b8e-eb2c78a31137,deaf074c-793f-49e3-88e3-375601a4ec6f,wallet,118.03,completed,IN
d9ef4339-e3e8-4116-9bb4-7f93d32a3e6f,66ed0d7a-1e87-47c0-83ab-09d4d7250e73,wallet,519.39,completed,DE
547eddb6-b136-41ee-8873-cfb571e4a811,609ae816-6946-4544-827e-4345b9d93a1d,debit_card,95.93,completed,US
b50bf679-efd8-419d-a6b6-8590e4d46de3,25f00843-fda4-454c-96e2-21bfc373253e,debit_card,420.42,completed,IN
24df6d20-d019-4cb8-a717-b5e3b9f0ba1f,c4a25f3e-2996-4d28-8730-2b350f8e24e1,credit_card,8.85,completed,IN
bfffc2f3-2d2a-4f79-8efe-9d99eae1adfc,c794cfc0-d965-498d-a9ed-b0758ba86623,paypal,152.87,completed,IN
50a82bd7-7a41-4223-ac9d-f1a87b1e6f7e,389d6a25-eeba-4af2-accb-8aa45844f087,paypal,298.08,completed,BR
282f645a-3cc8-4207-a8fc-affb56f91325,b5941f2d-296b-470f-a95f-e4f3393fa937,paypal,648.84,completed,DE
b55d2586-1d78-4863-8a90-4a9a7d06e257,1c5c53af-b753-42fd-be72-9252e60f2046,paypal,581.06,completed,US
ac50f3a3-e957-4ad6-a559-6e5d36ef0788,305bacd0-d016-4409-b2f8-d5d6c77771c0,wallet,622.35,completed,IN
08bdd528-2e78-4916-84de-ce00382b5a5a,5e6117f5-045e-421a-a084-aff738ea2693,wallet,228.87,completed,NG
7268b8ad-f09a-42eb-9712-f7799ba03d12,42b3182d-0683-4b67-8f7b-5f7deeff5e0e,debit_card,2764.62,completed,DE
98a4f2cf-9ea7-4c79-941a-4f2841169fd3,3c0c029d-d42b-4b71-b193-6e193e3f6fd8,debit_card,158.38,completed,US
0da02983-64b8-4af2-a711-caf69033ec55,59d6713a-3384-4825-a475-086f7f99a283,debit_card,568.59,completed,US
d16b8392-0323-4821-983b-9d656eeecbb0,83ecd611-e860-41a4-829d-bd981a1b9788,paypal,328.72,completed,DE
8a3a788b-8986-42a7-9750-1f8afae47834,45329195-692f-42d5-ba31-61877828da47,credit_card,2531.42,completed,GB
df0d57c5-fdb7-428d-884e-ebf694278a32,c133591d-93e3-4760-8c8e-2f0c8177ce81,paypal,206.14,completed,GB
fc25000b-d947-4851-967e-160fa9f25e2f,3821fcb4-7cfc-4e68-9088-680359dcc2e8,wallet,372.8,completed,GB
d577f09e-2122-4694-9613-03bd1955ca50,b2f0fd9f-dbd7-4f9e-ab0f-42c0d6473d03,debit_card,277.8,completed,NG
edcb029f-6f72-4ff4-86a8-6371797ad7e5,c0fe9cef-577c-44bf-a60f-b35592b79124,paypal,210.56,completed,NG
8a756d5c-e577-4044-bba7-c273d884dfdd,f1c398b6-4f97-43f7-933a-72189c10e31c,credit_card,465.73,completed,NG
45393bff-83c5-46d8-9745-71c078a5bfbe,874a9fbf-0e5c-4c96-bc6c-86c1b6e7611c,credit_card,277.22,completed,GB
678612bb-7336-436e-8d41-39fecb44d6a6,8b18c56d-c3de-4f75-9115-b7c60f684872,credit_card,496.47,completed,US
869daca5-62c7-453d-9602-500ea14f9baa,395a5e23-b313-4e91-82af-74cfab6ca627,wallet,786.42,completed,US
3e35b1de-0358-4a1b-974a-3e5050313774,88bac185-1691-415c-9b00-248393498c8d,paypal,277.69,completed,US
33a0bc38-4c52-42b4-8e1b-51d77b6f8e68,2efef903-3427-4a45-939c-986f4068dab9,credit_card,212.09,completed,BR
d7bf53af-65c8-46ae-b98f-0734bc80aa4e,68e312e5-2add-4a7b-8643-98a4d4029f47,credit_card,289.97,completed,BR
3e3e3a1c-823f-4959-8016-52342c7da46d,889c3ce2-c193-4a7a-92b4-d9f8d7920467,debit_card,58.84,completed,NG
fc2a229d-f723-4b50-a419-b92d5a477a04,8f6d1ad3-9964-49f8-b31a-67780920a42f,credit_card,156.88,completed,IN
c69707fc-6f91-4ce4-999d-66fb235b2639,6c8c3619-1b6f-40d3-b287-9d2837af4191,debit_card,838.8,completed,GB
4ba7e310-93c9-426d-b2ba-884363e1b5e9,c050584c-e9c6-4865-923e-f00ca005b698,wallet,521.04,completed,US
9eaf873b-0a08-4720-94f5-d12d4d2ea62b,e440b3d0-3056-435f-a3da-10de7b26a365,credit_card,442.71,completed,DE
26279139-9a0a-46e2-a2a9-83abeb4c95f5,f96d78b6-d67b-4a2f-8652-b5ef16a9f543,credit_card,231.04,completed,US
99d21a7c-4d8a-45aa-90ad-389fb668acbf,3961672a-ccaf-415b-b502-df05919b6544,wallet,704.57,completed,DE
9ccc1687-39ec-45a9-9033-1a1d2342baee,04da6be7-dab2-4432-8e65-c065dc68ecbd,wallet,1347.1,failed,DE
db2e258a-70b4-46c3-9bc4-58659fdec851,b5992ec3-b33a-4c9c-a0cb-967a6ff1a30c,debit_card,50.34,completed,GB
aa347f61-d469-44d2-be10-ed3ff558b978,fbee21de-9d13-41fb-a730-a55ccb34dfa6,debit_card,488.06,completed,DE
355d3a15-d79c-4931-95e3-998e03e129d0,f0686414-16a0-4ee3-aab6-829273a3d2f6,paypal,33.27,completed,DE
e89b5eb9-5a4e-4f00-91f8-b98eb3942bf9,8f7c15d6-8858-420d-bbd0-e7020e92c73d,paypal,618.94,completed,GB
e4aaa1ff-e39d-442e-acc1-9e1139d2ecc1,93ad7f24-5238-4155-9c26-f438f0b86147,paypal,172.81,completed,US
4d2d156b-b94d-4180-81bd-42d69fe9ade5,c5807904-216d-4b2a-b02b-26cd40f51e23,paypal,168.58,completed,GB
6ecb98d4-1bec-4a0d-8dc9-c6763f1fc0f6,31cfd1d5-32fa-47fa-bbae-b944a22f03fc,wallet,476.87,completed,GB
33bae9a9-6160-4085-abda-534d523471c0,ffaf080c-5e08-4dec-847e-f33244661f22,paypal,522.94,completed,US
4bdb50cb-28ce-4dbd-a131-47d987f08009,52c7f214-5b17-44ca-bea2-dc26de749ac7,wallet,214.41,completed,GB
3c5039be-7a70-4932-9580-723b4774aaea,b0c937da-bdc7-41d3-9ae7-edcbc59451d9,paypal,136.67,completed,US
15301d6f-6b60-4d20-b05e-a9f979675db6,54261bd6-8e5e-4657-a573-03366a4cbae0,credit_card,511.03,completed,IN
09cbda97-5366-42cf-880b-31baaaaec546,9a6653dd-7ecb-450e-a848-3564bce205a8,credit_card,504.62,completed,NG
b03cc9bd-e1c8-4944-92f6-463ccfb83c77,fe534cef-4d8d-42c4-9576-06025af80602,debit_card,344.56,completed,US
623a7616-7337-4978-a20e-13366bb4b81b,3e369e60-8f1a-49dc-b2dc-7e75251f9987,debit_card,783.07,completed,GB
9e3788cd-8db4-4b70-aae2-8971cc0f6d26,087f080a-80b4-4d6b-aeab-42cf8b31fea2,paypal,1467.74,completed,IN
30f68cd1-8a0c-4c41-91a8-44d349b38bab,d72d1b80-f433-41e7-b1de-ff8bcb56e2d4,debit_card,75.08,completed,DE
e4b914ff-4d08-4ae4-a10f-4914b30df143,2aac2fa4-db89-410a-a9bf-6f8ef53263b1,paypal,1195.49,completed,US
39d8730f-dc37-4c39-8733-952d4fe1b0ed,1909c207-81d3-4c8c-813d-526d7fc78cf7,wallet,579.6,completed,DE
bcbcc6cc-91f4-42b9-93f1-33ff7c8a9775,efce14a9-19db-45e6-be89-7f932a19e089,paypal,227.55,completed,GB
4599ac89-d45c-4826-8989-40cc9d9ad2bc,e21b42b4-8e03-4836-89d7-747692e23e4d,credit_card,43.22,completed,DE
d220c0a3-9f2b-4ab7-9783-deb019d149fe,198c8abb-d29c-4bc1-89a9-77a7144de47f,debit_card,112.73,completed,IN
510de37b-8591-439b-9987-0883575a3d44,ba22196e-824e-4d41-ae08-f4ce4905cdd0,debit_card,656.12,completed,BR
bc929d9d-266d-4358-99b5-eee0bc218871,782705a7-32da-48bf-85e5-d7b1d4918ddc,paypal,55.55,completed,US
f15a2c40-fb63-454d-8679-da932a3f8719,9dd5115b-34e6-4eff-9e2a-dd2b90a23590,paypal,478.61,completed,IN
f659ca98-2c33-4564-973a-484a31b091c4,f29bc2aa-6ca7-41f0-aeda-549f0cfeb7db,wallet,341.98,completed,GB
051f7fbf-2c80-483a-a9e0-faf44e8c1bfb,4212438a-1162-4596-b7fa-08241233da5d,paypal,122.11,completed,BR
0ee2222f-64d9-4e84-991b-837087afca4b,a990a2db-3c73-4ec9-aabe-e6717d28f16c,wallet,90.91,completed,DE
bc05982a-8bd1-4a4d-9272-c590a532a3aa,ceb673f2-ba3a-4df4-bb0b-451024dc9982,wallet,716.43,completed,BR
d4f19aaa-eb58-4ced-8bff-e3b0a7098ba6,fe2004ef-241b-4507-8819-052b16988e24,debit_card,594.32,completed,US
1309817c-7915-4872-af20-67a754da9021,b7700611-52ff-4924-b10e-a5855b927315,paypal,200.59,completed,NG
69fbf3a2-8c83-44e4-a85f-cfbf07ab48bb,43a7f94e-03c3-4a8b-8f7e-64b2e07a70f6,debit_card,2162.28,completed,IN
8552dc20-a141-4fc0-b091-59688ad34bab,1ccebe7c-58eb-49fc-89a6-1f5b7e845d61,paypal,864.1,completed,IN
78aef1c4-9686-4a89-b524-472171aaaa47,e481113c-10a9-4fc8-82cd-f3c01912f578,debit_card,533.52,completed,US
3a450166-13bc-4927-a098-fcaa88a15ad0,f2afc1ce-5888-4dad-8ccb-0eaec59d3cc8,debit_card,383.78,failed,DE
4b9e031b-23e7-447b-b9d7-50b7a84a02ae,c2d6dd5c-df67-464e-a6c7-ca18ac23ac86,debit_card,61.49,completed,BR
d2aa9c12-c31e-488d-8218-761e8bcc151f,2a00fcfc-07f9-47ed-97d8-dd05b90fba8d,paypal,210.24,completed,BR
42358f54-bdb9-4e96-ac7b-c4ea3116bc15,bab6a701-03dc-455e-8248-425ec975b028,paypal,458.38,failed,IN
345dedb3-34db-44f4-9a9b-364562482b61,ee52a41f-c60d-484c-bda2-95c7e8382d9f,credit_card,225.37,completed,NG
176b8166-cdb6-4eb8-80b2-b4b078628a53,1ee782eb-5890-45c8-9818-9eb28b96f81e,debit_card,1173.32,completed,GB
f9ccbaa7-e0cf-4e6b-a67f-d4aadcb34c37,03776adb-73ca-4a51-b2e2-256e8aaf2361,debit_card,414.25,completed,IN
0fbb07f7-9cb8-4d24-9d85-196bfb0b6bda,e22bcf9a-aae5-44df-8d02-da5522b9b803,debit_card,323.57,completed,IN
e0842dde-de35-4945-ac8a-f649f9c712aa,e77e0eb0-a255-4230-9200-6f436889ec6f,wallet,1396.32,completed,IN
8cca4732-28df-4488-b453-7095843116f6,80e22dba-06ae-48fe-b341-1169d9987cc4,wallet,176.28,completed,US
1296fc5a-e62c-4fb4-b8fc-14007853fae2,c81e4ee7-2857-490f-99f7-b211007bf0c1,credit_card,82.32,completed,US
108affdf-5844-4e53-9a96-a5cdb279b785,bfb182ea-c7c3-477c-9246-faa2faa4f1e2,paypal,327.07,completed,DE
4be4fe6b-a17a-44cd-8d13-af4a46655b0b,4327ac28-72aa-4c3e-afb3-88ea8e0e12d5,paypal,362.38,completed,US
6ca725b3-a9f8-4ef9-a24f-2bb15bc4b684,4db76281-af9d-4a89-a96d-f916604a827b,wallet,239.35,completed,BR
bc239773-f177-4e3a-8fd5-57b41b424d6f,fcfd5a23-42a4-4caf-9cc0-b5720dc3ef15,credit_card,592.49,completed,IN
5230791b-bb1e-4f05-9e37-9a33b8506aa5,ae42fa17-e34b-4883-8431-62073764d114,wallet,722.98,completed,BR
7ac067fe-af4a-4c01-9033-9755f6dbb9f7,3af204d9-2118-4597-8b67-82175694d08d,credit_card,360.03,completed,NG
955ce0c3-4c6d-40b4-96f7-e3121f29e5b8,8df65e35-36dd-425a-a347-e99ac9095c3c,paypal,143.35,completed,US
08039d3d-e85d-49f0-9ae6-82ae0cee33cb,116af50b-bf2d-452f-ab65-b9a19cb6cc68,credit_card,212.39,completed,NG
ff5ff79d-8c79-4fd7-9f10-223d8b05ba4e,24c8c2c2-6c6d-4034-8453-2e043120c6d6,credit_card,397.9,completed,GB
cf33b7d6-1838-41bf-baef-f712a5887b42,864bf2a8-f47b-4bb2-bd80-ffc062681175,paypal,27.5,completed,GB
dddc7140-22aa-4a2e-9fa8-2e09434c7312,f1fe4742-f854-401b-8ac0-53d641860510,paypal,396.73,completed,NG
527bd045-6d8f-4374-b834-5b664a3b9077,d9e7b4f5-981e-4ed8-972e-eb181cfb35a7,credit_card,693.76,completed,GB
142cd1fc-2cd2-4fea-8941-3955fe068e3d,2f2ecd55-810a-440a-b0a1-e77dd21b22dd,credit_card,179.19,completed,US
a42b5990-bf88-4324-85b0-bf31e2256ef1,348e324a-d741-4c8d-ba1e-11dbcca60ccb,wallet,572.78,completed,GB
24a323f0-d07e-40c4-8d57-6e401a2a94ff,402e38d8-5612-45d4-8650-61fa3b24d174,debit_card,77.89,failed,US
025b4ddd-7f61-42d7-9c37-56e0e851697a,41a194ce-8087-4b39-ad64-7ab871202816,paypal,64.06,completed,DE
ab5eb029-728e-41ac-8f58-3a26b2be4002,2d31ebbe-2a73-40c5-9acf-e23eb7e899f1,credit_card,412.1,completed,BR
9fd49383-e75b-4644-89d9-9d1cc8f614fd,1e1ec27e-02da-42dc-8669-6e1726bae039,paypal,914.03,completed,DE
b2cf6d30-a0df-40ab-8fd9-28d7b5dbf94a,6a3e54b5-c795-49a5-89e6-61d19b5a633d,debit_card,575.75,completed,BR
f2d83d04-3701-45cf-8004-70a68a2447c7,05bcf6ed-a828-4d9e-a38d-6c96053ba822,paypal,1066.53,completed,DE
40c345af-de17-445e-9994-053e8967d804,92a27669-ba3b-43de-a7b5-5e632087b4d9,paypal,620.33,completed,US
b87efb5e-df9b-4050-b6f3-1164da480357,0a0a3596-1e14-4486-8234-62f88a90c65d,debit_card,477.92,completed,NG
408a75e7-8653-4fce-aa94-551e9862047f,b1f468ea-8799-47a4-8bc5-36351de36d32,wallet,120.2,completed,DE
355ffddb-50c0-4aad-8c13-5c335e711e6f,0acdc745-e9d4-4bc7-9571-f2b14db53bf2,debit_card,316.79,completed,GB
30811702-154b-4a1f-9ec5-44c9672c61be,623ace5d-f0af-416d-a8d0-f9d873b83a5a,paypal,259.86,completed,DE
1c77cbeb-9fde-43e6-83cf-82abea0f8e97,5d0b8633-c039-4320-9f0f-5f21e4eccc41,debit_card,635.63,completed,GB
796bc5d1-6613-4e02-89a1-4e65aa70456c,486fd403-e72b-48b7-b057-386a1cbb589c,credit_card,113.41,completed,BR
e71cc0c8-b3be-49ef-8c3c-2f91072948e7,16af6b81-8700-4ec0-ab43-9d8692bf5790,debit_card,196.16,completed,NG
0cd06cda-3c3b-41e9-bd13-08a0a19fb62c,b3d08ace-1c20-4c82-b078-f057d0244923,credit_card,1174.59,completed,GB
94a97746-3f9b-43ac-9ec6-8e6d13e0aaff,0b6fde32-2eda-4b85-8728-71b3b46e3400,paypal,27.77,completed,US
c59dd83a-5ad8-42f7-a008-47f079cffedd,ba54f52f-6781-4399-9185-48baa208b9e7,wallet,779.51,completed,GB
c27fb4c6-7781-49a9-9fad-14a8e644ecea,7dd3a4d1-71b7-4df8-943d-8d0b41cfac3e,wallet,2286.88,completed,IN
0e7ba104-cac3-488f-bca7-c21c20edfb53,aac3da5b-240a-4853-a299-25d47d49cf17,debit_card,105.12,completed,US
344095d4-bf1c-47c8-93dd-f0c88503562e,ef46096a-33f5-42c8-bb34-f948d2c12841,wallet,378.76,completed,US
3cc02eaa-ffe0-456b-9394-c62fb699ea65,3659e5c2-0c5d-4165-b475-4d9f253dbcaa,credit_card,1086.92,completed,NG
c290c07a-8bc3-4b19-9db0-58e7f28f9ef0,52213287-f323-4a80-a32f-d7435e040919,paypal,562.61,completed,IN
0194d175-19cb-4c04-b1fc-b41cab686255,8e831e49-f685-4213-a269-2321044c44b4,wallet,184.37,completed,NG
f8167645-6066-4931-a0fb-8582112d797b,fc4d03ab-19a6-4b5d-a19a-8a2ff60d46a6,credit_card,91.44,completed,DE
4ba8cc99-189d-4a17-9c96-f69a5d8b3904,34d93dc9-6fb9-44a0-9b56-15ce882ece53,credit_card,189.39,completed,DE
05d043e4-16a0-451d-9d55-f354d0bce932,3691185d-e7df-43ae-8a1d-e6b1889951ec,credit_card,567.47,completed,US
6dafee07-09f7-4655-bf67-5c7ace522691,1759ef8c-8341-44ad-b028-d969a9c491b1,debit_card,1298.48,completed,IN
06c00fd6-8d50-45e0-b362-4847ee08bf93,4e134dbe-85ba-4d02-98c0-d5957e3631e9,wallet,232.64,completed,NG
9f6c5401-3581-41b6-b44d-60ca7fccc162,df94188b-4573-4c4e-99aa-80766721fa34,paypal,126.79,completed,US
8ff64061-b420-49ea-8827-a8a42a93c029,7adc0f56-92d0-4d80-8e1c-fe0b59986c6c,paypal,738.01,completed,BR
af4becbe-956b-44e4-8f54-c2490b3f42f8,41b7057b-3619-480a-b683-c10a68757942,wallet,354.02,completed,DE
20187225-7afa-4664-981a-6ff767aa1ee3,cde7ebde-0842-4d75-9bd7-e35392f16eb9,debit_card,115.02,completed,NG
3ac20986-11ea-43f7-99f0-a4781080081a,9e00877d-78eb-4be1-9c2e-14a51cf4c6e3,wallet,428.39,completed,IN
7e5f694e-ef9a-4ae5-ab56-74ab837aa847,fd3ec106-bb47-457e-8f17-63b529b95c67,wallet,154.69,completed,DE
79d09dc0-67ab-461c-a645-781149f6e097,4f31e3c0-465e-4a48-a444-06e7aa1f8cfd,paypal,571.12,completed,GB
9e5f02bb-8cfb-4b3a-89aa-a6fb80b340b5,1e1439fb-f8bd-464b-9e19-b736742e6be0,wallet,343.44,completed,IN
aa5fd4fb-5d87-4f91-946c-829041d629e1,5802f430-fe4e-4b77-a6da-20acfaaf2e83,debit_card,462.89,completed,BR
3eb8cba9-1af8-47a1-8fcb-cd6984c9a19c,fe508353-2ed2-47f1-bfe1-e66787b10385,debit_card,534.94,completed,BR
64e28103-de4e-4c5f-a3f9-351f8c0e4e47,f54509fa-168c-4782-af22-9ecb11108358,credit_card,299.28,completed,IN
999d0622-3d83-4932-b435-6d1b1160a722,5d705a71-d134-4b3d-88fa-d62dd2ba7683,paypal,448.65,completed,IN
29541b7c-838a-4c51-87d1-7c2d60aa794e,44396c55-c355-43d2-a789-d511de5eeda0,wallet,219.55,completed,IN
6d0224c3-208d-4f79-a616-07b71aa016da,591774bf-c0a0-4829-866f-431c05658011,credit_card,96.89,completed,NG
96a6af56-f6ad-4606-b02b-eaf09c34751c,3269ccdd-1e90-4c56-9afe-c0021dffa89a,credit_card,618.74,completed,NG
21ba91b5-bb0f-41c3-b5ac-1478a39e5aa0,cccc4cb5-3448-4ab2-9ff3-e3a8ab7d8846,wallet,192.87,failed,IN
85fdbfaa-e1b3-443e-b1a3-6214560c1169,2c7f235c-5fa4-475d-a990-c07c533afd16,paypal,168.32,completed,BR
b3b4a215-1ae2-4046-b6c2-ef03b22f0690,525ac101-92d0-488f-b676-a3138140b8ad,debit_card,1008.16,completed,BR
000cf709-1b2a-48d4-b124-85f4d06f5e4b,e5c17162-a94b-49db-8ac2-d41211cdc6f9,paypal,580.94,completed,BR
4dc1d0d0-57d8-4508-93d5-022a364b0698,a1ec7fac-5cdd-4f4f-8995-7cb54cedc295,credit_card,1875.56,completed,US
c09b54b9-ad58-4e48-8e05-c03f28c06288,6fa28e00-45ef-4719-9937-9e5e793bebf2,wallet,221.17,completed,US
5b32f491-feec-46d8-9b0e-062fb0d2a21c,697f20c7-848d-411e-ade8-652768c9a719,paypal,597.13,completed,GB
025765bc-5bbb-4424-8c4b-7dcc13cb7815,6a0117ea-7d89-4c27-b98f-8fae36e3c699,paypal,901.01,completed,DE
6bc200db-5ba5-4250-accf-cd0c54aef9e8,3105b24d-08fd-4162-b21d-18c3f3c1cc61,paypal,302.19,completed,US
bac58fbd-4b67-460a-9572-efe08d8bb369,bb499726-b021-4ad0-8e6f-b1417b33bb6a,credit_card,415.24,completed,DE
0f206d6b-f9f6-49f2-9764-095eedeefa78,36d5e582-2ae8-4b11-965c-9f506974119e,paypal,104.6,completed,DE
e3199411-9269-4b94-8932-4da22592fb72,60ad625f-7b00-4e8a-9e84-0c288a324592,paypal,1138.37,completed,NG
36da6117-8573-4530-87a0-9ecdce36460a,a09f9582-8650-4f18-a55b-df5d621ce2bd,paypal,193.73,completed,US
cf948591-7279-4829-919e-5889648aca6a,b5c97ccc-827a-486f-9b99-633f0b06fe5f,wallet,77.44,completed,US
6c9a3a97-dc5a-4ce3-b117-0d38badd3616,6cdc75fb-f695-497d-8852-4f8ef592669f,wallet,471.19,completed,DE
f6f5fc41-7847-4cd2-bfbe-825a42bd8d84,5b15e853-9dd9-4a0a-b18b-0baa61859702,debit_card,121.64,completed,NG
45945cc1-df45-455f-afbb-a3babeec5336,2dd27072-01ce-4b48-9a91-8645c543955d,credit_card,2061.67,completed,GB
6bc0caba-e4fb-43a4-a610-379108db0566,c90063f3-b2cc-4b82-8e28-1aabb6ae49b9,paypal,1142.79,completed,IN
80f737a8-bd32-4ecb-b8b0-4df85da61b03,8190cc85-1c45-4e70-87d8-6b939252ce35,credit_card,433.84,completed,DE
7f88d65c-b503-45b5-89bb-7202f5fa0804,7c4fc975-e47f-4f3a-a8ac-4c01d177b26c,credit_card,170.33,completed,GB
ad993150-0f9a-4e11-8aca-b67b0b8dab74,b0050781-5639-4796-aa37-c5e8562290a6,paypal,264.56,completed,BR
a6c57225-e91b-4a68-b038-05c519aae8d3,ddf5d39b-b5c3-472b-ba3f-dc379877e331,paypal,560.59,completed,BR
d3779987-dce8-452b-a611-ccb9f87f24a4,68b27df7-c201-42e2-bd87-f0bdaf9b170a,paypal,353.23,completed,DE
2b7029ff-5c8c-4d41-bc5c-3b36218df563,b4d37d63-6327-4e0c-bc23-aee15aadef50,credit_card,981.77,completed,US
b9374170-1a55-4583-8ab3-91ca5728163e,9668ab20-6cea-44a5-9604-38e4be7654db,paypal,114.95,completed,GB
298eff61-6287-4b73-bbbe-96e5e5d462b5,58484e42-d08c-48a3-8648-1a130c11632d,wallet,288.0,completed,IN
82cc9823-0a78-4da6-b796-39afcd2dd5e2,521c4825-2e50-416f-86fb-90c650b0ae11,wallet,516.06,completed,BR
b0bca667-b6b9-40d1-8632-366ed4df5a2c,5570ae0f-18db-40c4-ad6f-9cf7fde3bf8d,credit_card,411.01,completed,BR
49185453-c16f-4381-bb71-c29b468e4225,4e3e48b8-ae1b-450f-a172-e1c576585f17,wallet,1509.2,completed,US
8f6a0aaa-9ea1-4cf9-a01f-54e04f7eb816,03f7d5c1-3bf0-4d56-88ad-986759b8e086,paypal,453.53,completed,BR
f816f6bc-8647-44d1-ac9b-8000b70f85de,f5143d75-ab97-40e1-b727-072ff27ab91d,paypal,645.43,completed,NG
d76f3fc1-da4f-46d7-97c1-968d94c538bf,027b9672-adaa-439c-8047-0d64f793cb13,credit_card,588.93,completed,GB
afd9dfff-1454-4993-beff-8ecff4d91bff,d9dfa23a-18de-4c5e-9588-24454dc744e8,credit_card,886.51,completed,IN
1a411184-7304-4959-8352-f50ac9689ce2,ce20e913-26a7-4a73-93fc-0dba81e25675,paypal,67.16,completed,NG
9f289588-da4a-45c0-a5b8-8a0e6f4e94e6,2ca12c40-40f3-474c-bc6c-14b7f7f88d0e,credit_card,731.21,completed,BR
f0cd92a4-897e-4326-bc3b-831954f8953b,bea505f1-f7f5-455d-aa07-089b093eb93f,paypal,1367.16,completed,GB
79246a96-31c2-42d0-950d-845235074e3e,8795f989-0cfc-40d0-a63e-f759a1c1618c,paypal,155.88,completed,DE
3b0a3533-07d0-4451-9826-1133295689c3,1efbe3b0-f634-4b82-b27e-9aef6f419881,credit_card,4082.2,completed,BR
2c00f6ee-90f1-4998-9f7b-bfb67feb7d72,d99bbf82-39fe-4d5d-8fce-e28803bf6ada,credit_card,802.09,completed,DE
94b16f83-4a42-4e05-8860-9ba2b208a079,0781c9f0-2ec3-4f8c-805f-0836fa7a1ab2,debit_card,297.21,completed,IN
f321ac51-ec8e-4930-b8ed-ddd1172b50bc,fe80c66c-4c50-4f73-bddf-7bd0df3b9e1c,debit_card,620.74,completed,US
4b4ddc33-7777-4fb6-ba1f-bc56e9c20aaa,73a4e51e-ae0d-4749-bec6-5aa7a8929a24,debit_card,274.12,completed,DE
16fc7f59-9308-4de9-bb18-e0c1345e6b51,76e63d51-d908-49c2-b8e7-d04b55a8c10c,credit_card,735.94,completed,IN
760ab9cd-040a-4087-b2a9-52d2e5f8b95f,cdb96ba6-fa78-4f48-922c-eb1ad5b431bc,paypal,293.1,completed,IN
ead4d680-336d-4ac3-aa61-0f3653a7d3e9,291304b4-0444-4e31-979c-19f54944e9a1,paypal,40.58,completed,GB
7817e67a-5302-4f48-ab9b-0afbcd0cd7cb,bb91b369-ca1b-44b0-b754-e59ec06e760b,wallet,509.2,completed,NG
9b4880a5-614d-4472-a9c8-ee29dbe4cf3e,97fcda57-3842-4112-8781-7e05d069ae10,credit_card,834.56,completed,IN
5528f32a-922c-4bf0-8b4e-e792aad4d67f,ebda5f77-6e65-4662-8713-172857f4ba38,wallet,231.25,completed,US
aa5e9c80-5ef1-4418-be16-378227fcf930,5326969e-12cb-4457-a15b-5f4c40a16a45,debit_card,626.07,completed,BR
3bc6a3bb-2ec2-44c8-8a4c-8ec82ccc7125,6cd3fa95-1b58-47e8-9681-e4acd3e59f7b,debit_card,538.41,completed,DE
22f6aa3b-ebce-4825-97dd-cc2f795c7102,7a76ce5b-0686-49ce-8d40-e6a9e7d7e1ba,wallet,753.5,completed,IN
34e49e00-91f6-4365-98c9-3e5fd9e83dbb,1bfa3a5e-d7f7-4a62-84c6-05aa4741f228,debit_card,592.15,failed,GB
72bbfc8c-6d78-4fb8-8015-ee27386a5cf5,2561c8e5-ae52-4ee1-9c02-b2efd86b5f17,wallet,650.34,completed,IN
97050c8b-aeb5-41db-9404-393fcbaf51b7,ece395fd-4356-45b5-a960-2e56c0c9348f,credit_card,158.47,completed,DE
e5ea17c2-f901-4de8-a603-c6092de52ecf,651cc23d-4148-46fc-92e8-f2204e8e1b2d,debit_card,251.35,completed,GB
2602a701-fc34-4558-ac9b-244e24ab77be,1b932360-9615-484f-9082-898355458116,debit_card,729.03,completed,IN
47cf384b-f5a0-4683-b631-79a8972dd118,32d253f4-78cd-4014-abbe-7175b484922c,credit_card,1575.06,completed,BR
bc78ea73-0163-4d96-82a1-3c639e1fab01,69f8ad4b-f702-4d76-bec7-0418c3b7c4e9,paypal,1610.46,completed,BR
4c97af95-710a-407a-aaaf-164c2e735e76,8aadd287-101a-4e86-9452-a2185d30d658,credit_card,112.27,completed,DE
44f10317-cc5f-4c4d-bbc2-4a23a0734cbe,08ae72f4-8edf-4a06-ba79-4df8b8de6ede,credit_card,1256.91,completed,BR
4058d709-c408-41bf-a247-5b30cab845fc,eb7ab471-3b12-44e6-b9f2-6bcacb8ddae7,wallet,708.25,completed,US
6ace3898-983d-4353-9108-ee8c7e70b8b8,da471793-9ba0-49f4-a0a8-bcca6b18db96,credit_card,537.24,completed,GB
4caed8f3-aaa5-48e9-8964-3e84c0c8270b,f8acfe58-1c54-40cb-8c7c-0d3b1ae90ab1,paypal,425.63,completed,IN
9e0562bc-efe9-4305-9a49-25b65f362e7f,ef7e13aa-e537-4809-a440-547333f24521,wallet,222.71,completed,DE
ae1e6e2f-1fc8-4dc9-8777-d06d0bab5455,1c604741-ea14-4be1-b746-f30306f0382e,paypal,62.56,completed,US
84a88e90-3c8c-44eb-ab8d-03da97b13012,ce664879-1c32-42ea-a665-2a4c1efe1509,paypal,819.86,completed,DE
ee6af796-b870-4a0c-b6d8-d30cd463760e,1a4052ae-4623-4004-a12c-23c48a5e0bbc,debit_card,363.12,completed,BR
6d4d2585-06b8-4d26-85f3-382565a3d752,2a2edbb2-94bb-4440-b016-1b6a9bec87dd,credit_card,138.5,completed,US
4b102549-3d96-454d-85a5-daefc8dd54eb,4343e842-9068-43fc-af6f-f36b26be82ab,wallet,706.82,completed,NG
20c6a4c9-1c0b-41fc-9110-1b49692e2a77,eb413c4e-2b5b-45e9-b26b-d6b8cf1d43d7,debit_card,286.75,completed,IN
c6cae3f9-be50-4b33-945c-7cdeb3e2940a,1ec53f6a-a5c7-47a0-a89c-794b8d40e439,paypal,1127.59,completed,DE
9145bcaf-64f2-4161-a97b-2ee16f970fb7,37cabcfd-3df8-44e4-a5ef-34973396b354,debit_card,741.38,completed,DE
d81f75b3-0c54-48c9-9d3f-8a20a2d16b73,0cd5d7f3-562f-4749-9f82-2259a9ee025d,wallet,117.98,completed,DE
a39c8211-787f-4816-a9a8-5ce0365067ca,40d7f5cb-09e6-4346-aa3d-b86f5126473c,credit_card,229.4,completed,BR
b743ac0e-7b51-4178-ab65-2a7dcfa33684,6af0825b-8734-444c-9073-16fde004aab3,paypal,208.66,completed,GB
76be7446-c2f2-42cd-8bee-82ef9aed0471,52f864e9-47b2-45bf-b711-c2f3a07054c9,paypal,177.2,completed,DE
520ba440-d485-44fd-b8ea-fcf91c10df88,9b44cd0e-8de9-4824-b3c4-4408ae702c34,wallet,534.02,completed,NG
502a1aab-1e63-4c24-ac10-5d185c1159a4,9e7324c8-4b1f-48f7-a8eb-3a4c9f654d08,wallet,1007.3,completed,BR
acc9a33f-db84-4e04-97d4-aa0aba400a86,c792b4ac-0260-435f-9e5e-42375f98f04c,credit_card,297.59,completed,US
5c820970-4b7d-4243-8ebc-26dde059747d,410e5f9a-1015-41e1-aeb3-67dbf0c9745a,paypal,193.95,failed,IN
475b6fb1-aa29-4064-b747-7e22f4462df1,67dce112-088d-4b70-ad9a-881f482776ee,paypal,306.66,completed,IN
6e89c61f-ff64-4584-adfa-024842c27272,3ebf0bc7-8d7c-45ed-9dbf-86d289236909,paypal,194.73,completed,US
314a062b-d1f6-437b-be16-087cc0bd9eb3,0e72e102-6a80-4f46-9a75-0636cf2d21f4,wallet,336.12,completed,GB
6c3783dd-73fd-421a-99e0-459b018901d5,1f42456a-8bc0-4dcc-9ca8-46f242297bb7,paypal,731.03,completed,IN
d89f0713-2f37-42b0-8395-f498db384efa,7ca8e096-04e8-44ce-8868-10ba943cbd76,debit_card,576.88,completed,US
8a80476d-7342-46e5-8b6e-c7b989b4cdc2,967790ff-6c74-466d-b2f7-8fef388e841c,wallet,413.08,completed,BR
6cd349a7-1a3c-473c-80d8-e4bf64709652,6d8013c3-d037-423f-8d6d-d3b7d2669a7f,wallet,949.71,completed,NG
974d6f64-fa22-4319-8994-02d36a511b4b,69eec6e4-f764-4904-a971-ac726d18b3aa,credit_card,358.28,completed,US
1a7a5a4c-60c0-424b-ba36-855b74ca51e6,2b117956-e910-423c-9d0a-ac436a6d3ac7,debit_card,283.44,completed,US
847f10f3-e368-4291-87cc-f2dbd369846e,13a52483-3e80-4886-97db-fc168fc5ead2,paypal,1554.19,completed,NG
12d04c15-edc5-4040-aac6-ae5c23541346,17d8113f-e6c6-405a-9e4c-1b10f1efac85,paypal,327.83,completed,IN
0672b16e-b50f-4d9c-b145-8e10a75c2793,89ffb4d0-e743-4c67-9aee-f3bc3ae63c7f,credit_card,357.39,completed,NG
68048ef5-7cf3-4402-83f1-bd2264ff6737,dd3f26ff-243a-4eff-a23c-363459121e8a,debit_card,10.28,completed,BR
55b087d2-7b85-4ee2-a18e-1a5a74378437,d2363feb-aba1-4bd7-8047-d760c0c53095,debit_card,559.9,completed,NG
e7ecae5d-bbc1-45d6-9a79-2d9381031e5b,afba4501-585d-4b14-b95f-f2a5dc888ac6,debit_card,289.62,completed,US
38dfb062-fa01-49f8-9cc7-04fcab0d7723,42f87c1b-14d4-4fd9-bded-be5c061b87dc,wallet,345.27,completed,US
de0720d7-d4cd-4f33-98bc-eeb299d41df1,d8e86bff-b59b-4a43-b50d-788ab8a1fa6f,wallet,1527.39,completed,DE
b6b9f7a9-3f0c-4aea-87fc-5095454e2551,d27f6762-f996-4e4c-86f8-8f5eeb7d0d16,wallet,97.88,failed,BR
1140050e-f3a6-42b7-a1a3-0378f98472a4,2c50ca3d-e06a-4d0b-b5d7-007b864f2c37,debit_card,124.34,completed,DE
3f50b534-e766-448c-8c3a-05ec631b838e,b46846da-1575-48f3-8aec-dcb95034c100,paypal,1435.62,completed,GB
5df76173-baf6-4784-a34e-71e4114700a7,9017b42a-6232-4cec-96f2-ef1b2cadb452,debit_card,338.74,completed,BR
a8824918-2833-41c7-b10f-bfeb53a31e6a,a5f73170-ce1a-4b78-b69d-895e399fc050,paypal,372.42,completed,BR
ff1736c6-4001-49ad-a21b-4604c7465cfd,9d59431c-3232-45bd-9505-46028c6c4d3b,debit_card,264.34,completed,IN
9513ba0b-1f72-4945-83bb-ac42ecc36ac2,93e4a46f-ec6c-4460-844c-d229ab198bc1,wallet,472.51,completed,US
7d68c3ad-77c6-4ed4-819f-4640a032ab9d,f8d62e50-5712-49a2-aad6-c1eb164808e5,credit_card,688.64,completed,IN
5cd264c1-1d87-48e5-b255-f9b4941ea0d8,735c12aa-c144-4da5-b0a9-005cd9cf6f09,debit_card,436.76,completed,GB
3133ba27-3c5e-470a-bcfd-f0c5f4219f65,7ce17287-30a0-4881-829f-5721a5a26717,wallet,137.56,completed,BR
1d23e72c-14bf-405f-8625-17e68ec6ca65,baf008d2-3c7d-406e-87c2-d57af30b2f95,debit_card,323.12,completed,IN
bd0004da-044e-4e07-baa4-190f9aaee9bd,c3863a76-8742-4d8b-bdf1-25fa6e847c24,paypal,881.01,completed,IN
3d446826-2bef-4c26-81f0-9845c9bb435c,ee7d6d51-e7ac-4602-95d3-cb3ba4516b01,paypal,387.06,completed,US
aba6dea1-aa37-45ed-834b-97b19c420452,4f2ab71a-d7e2-4f62-9148-6895b82b961d,debit_card,1495.46,completed,DE
e23ba007-ae05-4476-a7a4-199e6924d66b,fad08545-15cc-48bb-a014-1e19fe4217be,credit_card,1114.75,completed,BR
865991ac-3931-44e6-a08d-23ba75624d65,233105fc-b0d7-4837-aa7f-81a074e42362,debit_card,42.25,completed,US
6b990634-3c52-4957-a8d3-2878ccf8d8df,4b019c32-8771-4381-bc32-b4e667cd1114,wallet,998.74,completed,NG
21d5a842-c9a7-4f92-8aa9-cb7f34853e27,5da8583b-26cd-4fa4-b3b2-ed37ab5f614f,credit_card,359.5,completed,IN
65a1babe-0c16-4881-9721-13e2a09ad7b4,e116b815-cb91-46be-8dd4-0af2b8080c17,wallet,474.65,completed,GB
aa303e57-a4c9-4641-8bdc-e41dc8cbb676,b86be147-4385-47c1-a766-154623dd67e8,credit_card,407.88,completed,NG
ae018b00-7851-4893-986e-e9f75e3c76c3,0be3f4f6-df7c-4f83-bea1-54ffd02a5311,credit_card,324.86,completed,DE
8a8d6aff-fa0b-447b-a5da-ce18baa32db2,207da1be-4e8b-4a56-a1ae-86dd210cdbc4,debit_card,880.3,completed,BR
4e6743f2-f08c-4662-9f39-5bafb60fa833,6861b136-40e3-4737-8b5f-18dde52f322c,wallet,71.96,completed,US
46f48dee-3aa2-4df6-a530-d9293f0ad6fc,a1070a6b-58b9-4530-b28b-793b7bbd1b6e,debit_card,80.71,completed,DE
41b1e4f3-2c26-47c4-a568-9ec50af9be84,31e80c58-94e0-446d-9140-e0082281cdb4,wallet,291.52,completed,DE
3ab8632c-6f7e-49af-93b4-0c2d742393f6,01677083-40b0-4400-bf21-eee2a4982a20,credit_card,1392.5,completed,BR
6f0fd490-f34b-446b-952f-70cb45ba4554,c6731067-d6c4-4f65-8102-90c392e89866,wallet,180.53,completed,BR
6b3a244d-4df8-44a9-b1b5-4144b57c7232,99b5636b-8754-4099-ac38-39b389b3dd3a,wallet,444.35,completed,BR
6bb0d1c8-816e-4638-be82-a0fd14e682a4,5758a084-db8f-466a-b29f-68def92e392b,wallet,469.43,completed,US
0eef4961-5c3c-44b8-992a-68fe27949398,ef540ade-654c-434d-ba81-b583fdf6dc6b,debit_card,140.72,completed,DE
d7f9c078-8aae-4a95-ac54-589f3713dbbb,e6314b19-2577-4f47-9d48-5a52c9638bc3,credit_card,149.7,completed,GB
7e73199c-aa10-4664-b2a4-183892fc2481,6f3ed971-4230-4f61-ac31-0718fdbaf2a2,paypal,587.93,completed,NG
6602ed7d-198c-4c26-8a9b-ba4448951068,e720f315-adc5-41ed-a019-1326ea347a65,credit_card,816.45,completed,IN
0ff24370-f1cc-4530-a072-33700c269bb9,38b17d79-a80a-4403-b22b-225f1375f49e,debit_card,157.58,completed,DE
b6c77814-a03e-430a-89ec-5c10f51d391d,c1466fdb-e7b9-4c49-ba32-9fe73344c997,paypal,269.53,completed,US
93149e7a-5a54-4ab4-8d0d-2faffa966312,d8982a0c-3ee0-41fe-897d-ffdaaaa2b5fa,paypal,170.29,completed,IN
4dba1395-af41-4ba9-bde5-04c2346d52d7,83f91a57-4459-4f6c-a52d-28b2902b302c,credit_card,745.6,completed,US
23086587-3d88-4736-a4ec-6963326e56ba,fea009e7-bfee-4305-ac26-ddf11ee15901,paypal,118.86,completed,GB
0b4fbd98-bfca-4715-a2c4-b0c21f0f0d18,2bac945d-f53d-4542-9780-80107f576a34,paypal,428.04,completed,IN
1917e6a4-658d-4eb6-a9a6-b6c58d75712e,41fa309a-2042-47ba-8a41-7f8a68d93f8f,paypal,78.69,completed,BR
6d674c3c-2246-4551-afe8-074e5b1a7b8e,60db7c7e-9cc1-4bcc-abd4-4a20b8e95ed5,credit_card,386.56,completed,US
716fbc66-19f0-4d6f-b6ea-eacae4ff3e4c,94a4f682-000a-41f0-8c39-f2d7166a9b7e,wallet,294.71,completed,IN
bfc50a07-7cae-4c30-90cd-c8fd313b4eff,c2a47f05-62f0-40ab-aefd-d71baff37c53,paypal,244.89,completed,BR
cceb619b-ffb3-408d-aeca-4633965963b7,0f0b6a9e-acd1-469b-bc45-03f5103b3afe,wallet,41.76,completed,IN
37780cbe-57e3-41e6-983f-158a8767b777,2da4908c-8368-4f6e-84a6-1faf62bacd04,paypal,123.64,completed,BR
c2662b61-5ac8-4e18-bc50-b6f8b892478a,9eaa809f-c0c0-4723-987b-a0fb6f86652c,paypal,747.2,completed,GB
77acc21a-3729-4d5f-83e5-040ead7c2c30,a193f580-c2c2-4692-b17a-eda9a671a9ea,wallet,68.74,completed,DE
82dc3ca5-2915-4460-8bf2-cb065259a19b,5cd69d12-2e1c-464b-a4c5-681de05f83e9,debit_card,190.56,completed,IN
6130cba1-9610-47e9-901a-c9b3fb5e2bd0,521257c3-f4f9-4090-b5e6-53c97a4a4288,debit_card,974.0,completed,IN
8e918973-1d92-4688-b9f8-c6d08296acf8,f57b68e4-4a8e-4711-ac96-8b181e55f18a,wallet,1079.1,completed,GB
f136dab4-4fcb-44a1-bf66-90e02e32d23b,e768b76c-f46b-418d-89b2-2c40d38c26c3,paypal,660.69,completed,GB
89a654b9-a42e-46a4-8857-1181739594cf,bd5e9cff-7e85-41fe-bd0f-18f263c0884b,wallet,404.61,completed,IN
a3140d59-00c3-4a70-b50e-e961a48c14d6,44fce661-6af5-416d-9710-89a9d0f12da1,wallet,138.54,failed,IN
e6a23da1-76be-45ed-a383-47a15d049a34,124342d7-5f0f-4fd9-956c-fc4550263765,debit_card,620.42,completed,DE
c353f6fe-b779-4248-b337-40f98a2b7b9c,8ebd2e6d-da53-4233-9e26-95ed919b41e0,wallet,376.77,completed,NG
23e42911-f0d9-4726-9341-bfa5b13016c7,42185481-5f97-4146-89de-761e023434a1,wallet,583.15,completed,IN
405e853e-a9e3-4e91-a00f-a5d5845d54b5,7e41c5f6-e510-497f-a8f9-ecc8b72741bc,credit_card,619.56,completed,IN
7cfd2c86-64ec-47cd-b9ad-8e05384c92d3,e5e11fe7-33b4-4617-a149-66ff46c7e8ee,wallet,726.34,completed,GB
6b6ef0a3-f75b-45b4-a1b0-b8f014df5190,e6ff3981-1cab-48c4-b85e-66ba6ad05005,debit_card,351.75,completed,GB
eea35b81-7d9e-4766-a91e-e97a8442a2ae,c510da27-3900-40fd-9480-45f07ca3cb20,credit_card,418.75,completed,BR
4edb5e45-461c-46e9-b63d-7348956948d4,eed3058f-6fd0-44a0-8868-3059cbf5c4b5,debit_card,596.59,completed,BR
83c10ebc-2cbc-4843-bc40-74a66f085c4c,630bec37-7ccf-46d2-9fbc-51aaa2305ec5,paypal,376.76,completed,NG
1f552af9-1fe8-403a-826f-c2b31b1d2a98,f992b88a-bf44-4d91-ad4c-1ebbd32efb92,paypal,168.09,completed,DE
45778f6a-28cc-4aa1-8615-838f7b4c2b70,cdc3060d-95df-495e-b814-ae556343927f,credit_card,284.96,completed,IN
d4df8fbc-b98d-45b3-a61e-8063e5951560,f03c48e2-339d-40b4-89fb-faf59f2de6b0,wallet,104.46,completed,US
9d48a760-d2df-4686-945f-e0c11e634dca,fc88204a-9c2f-4789-b436-73dcacd5cb86,wallet,770.98,completed,BR
170f963e-8cd5-4421-a3f9-f2045f3b76df,bbbd4c79-cdde-4918-bce0-a8ccefc43575,wallet,329.85,completed,NG
416756d3-4367-433e-b295-6d61f8f0f194,6aa5db02-4f2b-464e-bf46-ddaf8d05b97c,credit_card,76.09,completed,NG
562639fc-7214-4f56-85bb-789a8709d72f,c9e5eb7c-ea2e-409c-9dd0-728e93ce45f5,wallet,47.76,completed,BR
1b3fd55c-901a-4d79-b678-a1b4203de616,c918106b-9847-48dd-8f08-ad1996a56632,credit_card,322.31,completed,BR
320f2afe-d8ac-490a-91f3-eee79aef5c00,7c987692-ca58-4c41-86d3-997576afdbc4,paypal,671.33,completed,BR
f02fe2d0-e4ad-48d5-913a-d83b061cad50,764d6307-ab37-4248-881b-64a76605c942,wallet,904.79,completed,BR
b371b3fd-99ab-409b-9f9a-c0e4341b6da6,f103c636-6951-4c55-a5eb-22864cc978fd,credit_card,762.11,completed,US
c3c4d0e5-128f-4049-b527-4acc8f7c6805,e6012466-bfdc-4638-b7de-fb316bf65afb,wallet,4.33,completed,GB
7e7f403c-187e-481c-8950-bcb1658084d4,e6ebcc86-6e3f-472c-bdbb-74fc69aea1ae,debit_card,372.18,completed,US
b7d0713b-a131-413c-9a6a-8cefc725022a,45c686af-9007-4524-b6c2-4c7b4391a066,debit_card,517.89,completed,BR
55428432-42de-4c22-b279-80c191fdbd45,44ec988c-c59a-48ed-88ea-c594e3ff6620,credit_card,479.21,completed,BR
a27158d9-04e5-4460-ba7d-b37329339888,eba797bd-eadb-415a-9d7b-fba91969b35b,wallet,377.21,completed,IN
1a834e31-4d73-4f98-9f44-86f2ec3e4649,93d2737d-5d51-4a20-bee6-552e5168dd61,paypal,57.64,completed,IN
dfba7a85-710c-430b-98f3-fc086bc49d41,48f52dfe-77dc-47a0-8739-0290b2d4493f,credit_card,464.55,completed,US
96da8f37-a8e9-4dc6-9fba-6e7939e8aae4,e5b73100-7883-4ac7-a798-d0ad14a7bab8,paypal,460.12,completed,US
789aa567-ee68-48fb-8b4d-b2476933fd5b,681cdc0d-3f55-4412-8456-6eea8a714032,credit_card,549.44,completed,NG
2a7930c9-3ce8-43e0-bc74-1b17db1c467d,5273e139-938f-4fd2-be15-514c3b0193e6,debit_card,478.52,completed,NG
35cdcd6a-a6c0-4e84-8bf2-bed74bfa60f4,b8a0ba76-393a-4281-895e-461000b73372,credit_card,2000.07,completed,US
8f814b0a-1751-4066-be06-dd514e592e42,265a9765-ee7d-4197-9441-1e6d78e06de4,wallet,260.75,completed,BR
62030fb9-dadf-4afa-a737-6efbf4e65a35,d113f821-ba9a-4741-80d8-61416af267c6,paypal,417.25,completed,GB
c920a402-78f0-4fc9-95ad-992a058a63a9,f4b9ced1-3bd4-4a1a-b622-c871e2b1766c,credit_card,859.1,completed,IN
cd0d278a-6cd1-4966-b6de-5d384d013581,11b8aefd-4451-410f-863e-70cb6e66c54e,credit_card,319.78,completed,DE
ed22a33b-7805-4594-b951-e71cbb317023,f30d6da5-1af6-40da-9b2b-9ed9a5150388,wallet,998.47,completed,NG
94c2a66c-0881-4c5d-9e77-5358a8e6a9f9,6537058c-2843-4fe2-a08e-d2ecee358d5a,paypal,15.59,completed,IN
7fd216f6-1f60-4374-aafb-d1300c7d6821,3b8a58fd-6a98-4580-b0d8-b17c8a3a3beb,wallet,534.18,failed,US
19bbc4f4-b7a0-4b5e-ae01-82f746dfb634,06b83542-c28d-47fb-a676-a69b1a3d78b6,paypal,908.83,completed,IN
d51f6c74-088c-4467-a1ac-1a89c93fe2eb,ecb63e54-b5b9-48b9-be1e-4e727181714a,paypal,1426.95,completed,BR
fd1ff6e6-e3a2-4c91-ba63-e37d3a0dc75f,5c9d956d-cc61-4297-8e7f-b391e30e72be,wallet,60.87,completed,NG
d4f01821-db02-40a1-b61c-2dd88ae17ea2,82a52347-15ed-4730-9977-8ab636330257,debit_card,247.53,completed,DE
e269d79e-3613-4147-9a06-d4ec9b42ffda,2ca7ec83-b280-423e-a861-3531f1f9202d,wallet,775.83,completed,NG
0769dd6a-97e3-4eaa-8010-e9d2f2f01407,32e7516d-ceb0-4967-b51e-ddb75b7fff61,debit_card,564.32,completed,IN
c84b1ba2-4a5c-4e47-9eba-e69263d4aa0a,465b8147-d38b-472c-b786-e7ff95a91e62,debit_card,49.25,completed,IN
b67231f2-12f6-4c6e-bff7-01ffa8a61d18,61bc35cc-80f9-4f3f-b96b-bd27876cb432,debit_card,108.35,completed,DE
39322cb4-ea69-4769-b990-2b4476a38be5,d473325f-bb1a-40b5-b2f8-a5e8da8a33fc,wallet,327.69,completed,BR
18be6c8f-5def-46ff-80d1-0a2c4b73441b,e1365c8e-7862-4f1e-ad45-de1681995280,credit_card,281.62,completed,IN
6eef4ed2-77ae-472c-b562-c8fbe8bb1e52,78914ddb-e8c6-4569-a0e8-5fdd5d9573e0,paypal,642.22,completed,DE
e582ef5d-65b1-4379-adf0-6e9251486008,83a313a3-d517-469f-b229-8c33d46055a5,paypal,543.6,completed,IN
fe88d93a-10f8-4741-bbcb-4dece35b6f10,5a0200e7-d898-49de-a569-c780b8c736e5,paypal,102.81,completed,US
e9cf9c61-def3-47fe-b6ca-72561996f3b7,604d8ec5-5643-4996-a081-09d860c158e4,wallet,369.86,completed,GB
78b0ebd2-67bb-4e69-85b4-cd6271129e57,db551984-9774-4d25-b260-358292b04b02,credit_card,172.56,completed,GB
3a1f05fc-bf53-4490-bc0b-e4e70912cb9b,605f6201-79ea-4cd1-bd6e-2bf7f93750b7,paypal,301.32,completed,US
5177005a-05ef-4765-b887-75faeebc88a5,83c75ce7-de2c-45c9-8fc8-36332c54316e,credit_card,586.57,failed,DE
2d4c1914-1eef-4b95-ad20-cf54d5e5a502,49996fb2-b71b-4d60-882f-aa6c71fe61ed,wallet,429.82,completed,BR
4e0f8d10-3215-45ba-9dd4-2e99f5dec0be,05e7fbe3-7080-4e06-9759-7f0fc4c3376b,paypal,1351.32,completed,NG
d653d8c3-427d-477d-8384-0cbb3dc38732,9d5c0c62-2c5b-45fc-ba7d-75cd5b5a6518,debit_card,916.53,completed,NG
3c1d3547-82d7-4e91-b113-cffac86f01eb,201ae6d5-0ce3-4a9c-838b-a9ab3257a60c,credit_card,530.08,completed,BR
551c7ab0-f646-46ec-80bf-90d449717fa6,f88ab301-f4e2-4ef9-9ce4-41a84e8f8f8e,wallet,536.38,completed,DE
1e483cfc-b7fc-4c6b-8164-3acc42913158,10def41b-cd27-41a9-b809-434c4d8c5946,credit_card,1057.69,completed,BR
c05e2574-1db3-49bf-9811-ce871e72c704,40114b8e-5903-410a-a137-e620c52e95c7,debit_card,915.9,completed,DE
a4752753-7a81-4f5b-b803-72e1f41f9180,c8b8bb1a-a78e-46ac-b13f-2df373baa49d,paypal,87.62,completed,NG
28006555-fdb3-4561-b302-3e1f234ea0b9,1f46ce02-7db0-4b0e-8df2-b396e37dea39,wallet,177.83,completed,DE
5031cf7e-acda-4fde-919e-9e8a6eb55560,71ab77a1-4e3b-4a6c-978c-9f9dd47eafa7,debit_card,286.25,completed,NG
cad8734b-b9c6-4c16-b0a9-7a552849ddf2,cd648de5-1e90-41ec-b8e8-3f67576288b3,wallet,385.74,completed,BR
a037d6ac-3bb8-4618-ae07-02f9c03ad09c,73f115b9-f584-4448-86da-d6452e58c492,paypal,576.99,completed,IN
6d50747d-4ffc-4765-8475-fd2f53307c43,cb8c1a07-bbe8-4535-a302-a34426cf388c,credit_card,1583.79,completed,NG
d628ba83-7adf-43c4-ae80-9f7a90c8824b,ea6d8d31-f234-442d-a62c-6d6da785d062,debit_card,7.54,completed,BR
826563aa-88f3-4fef-a38f-f9a5288cf704,54c1c832-afa1-4afb-baba-4357d1041f91,wallet,348.28,completed,IN
fc5bbdfb-b5e4-46a0-a194-ae5af92afcd3,3cba5997-751c-4b67-88f1-5fbae4e731b5,debit_card,268.81,completed,BR
940fdb0b-ee59-40f8-9e4f-48e33f9988ec,d7c73347-2f1a-4904-9d89-43a84307ef0b,wallet,181.62,completed,DE
e2c2fb75-5170-4217-afab-1062ead5f62f,3285fd90-1d60-49ed-9ce8-f783976296ca,debit_card,173.48,completed,NG
6abfa0b6-c86f-4dc1-9cbb-894911b6ce7a,d21accc1-c446-458c-9ffa-9731ea8a3ada,debit_card,350.53,completed,GB
bd97de34-ad7d-4640-928c-c4a30a97cc75,3af33178-c1de-4348-8b53-9ccfbce02260,debit_card,406.9,completed,BR
8d555c23-9a05-416e-a221-e0d65d0ae3bf,0b88f3f9-74c7-4ac6-b58e-ff3887906cca,wallet,569.58,completed,IN
9ade008c-8e16-4c6a-ad3b-ad9e21f22c97,562fd88c-d874-4bc8-a903-f00c6071d233,credit_card,29.05,completed,DE
c6e657fe-9299-4580-887e-d6fcfcc368e4,4a155845-6a91-4924-b9be-9aa4df160046,debit_card,987.15,completed,US
6a0533c7-ac45-4d8b-89b2-7babc0d869d2,ed06c369-eb33-47c8-beba-6518d2f4abf2,debit_card,404.29,completed,DE
434608c5-30cd-4a57-8d14-438455b5f0bb,de5791f5-016d-42db-a523-3fe2afb1ef39,wallet,270.52,completed,US
8803079f-4a94-4434-8ff0-6423ef8860f6,752ce0b4-8762-4445-b89c-4061a1a10ae0,credit_card,298.49,completed,NG
2297c283-c4f4-43a9-b106-7f8f2a882b4f,7d83f884-e758-4956-af3a-57d833c24da4,credit_card,113.34,completed,GB
4c1ae3e5-b16c-4c7b-b97e-3561b2160cce,f3b30b33-ff83-4be1-8029-66415bd6dd32,wallet,38.72,completed,GB
df85f82d-9215-4d55-8cc9-b05161a6d8a8,bf265113-005f-4250-b147-f5f029a66d8c,debit_card,501.81,completed,DE
922ed43c-3cf1-4ad8-a006-b2748a614e63,07a1d93a-c564-4d0f-b1e9-3c9a134d43a5,credit_card,223.2,completed,DE
bf4c2f67-6e23-4c21-b463-dffe70b8f5f8,a50a1edb-6ecd-40bb-82a1-56a7a8f53192,debit_card,1252.33,completed,DE
5e5af557-8c26-4d21-8761-00d40ed87486,d3057830-1dbc-4564-be5f-c27cf71026d3,paypal,412.61,completed,BR
a0741d08-6b12-4d1e-a889-406d121115c8,99c256d4-c1fb-40ed-b75b-15489eebfc39,debit_card,181.45,completed,DE
dc2cb63f-46c1-4cfb-b26d-d6f22a150dfa,2c644eb4-d258-48cf-a5ee-47b25175c2c1,credit_card,291.78,completed,IN
575e08df-33b3-4829-98f9-63bdddde4379,89b1c5e9-75e3-46c5-8261-5e4ec122558c,debit_card,434.53,completed,BR
646d5036-b0a8-484d-b3a8-73b70e8e89c1,dbd63e8e-4462-4ef5-bfec-dbe021d2a127,paypal,464.68,completed,US
7ab228e6-0ad0-45ac-a6fd-9adbb200ed3e,74471df6-7d64-424d-a1d1-679ae4004e17,debit_card,626.88,completed,DE
235d2890-29e8-439d-a958-2e4833cfbd81,b5e63dc5-034f-499c-917f-b122ebd95af8,wallet,1449.57,completed,US
12fd2e3e-a68c-4c6e-b018-43f0b5aa8083,e1ea2ddf-2059-45bb-97e6-5e9f5c325bf0,debit_card,222.1,completed,NG
c125bcf3-efe5-482a-b4e3-5794d12c71fe,f8ddc9b3-f135-4164-8d4b-4790d547c6fb,wallet,200.81,completed,GB
7f716519-aa78-4a61-bf50-2e6664d0d82b,0c340088-1a24-4fee-a789-300bbc004a11,credit_card,518.07,completed,GB
ea2bddd8-ff86-4eb5-92a7-d94a9a2c21b2,132787c7-410e-43ac-a206-0c13c329ff3b,paypal,194.55,completed,US
bf9de45a-b1da-471f-882e-9b204e34ffe4,dca94418-9b4c-42d1-90c2-429c7f6be2e6,wallet,808.54,completed,DE
bb7de228-6f43-440e-8e4f-8b9733fd38d9,bc15f298-42fe-44c5-ac36-c5e8bf7e2dbf,credit_card,2077.22,completed,GB
5255bb1e-77c3-4a7d-a1c0-e1009fa3f11c,be38214a-12f0-4cfa-9cb0-479e0f409f96,wallet,873.29,completed,BR
4a8f976e-bf2d-4740-a458-6e536be11a57,6f5f595d-d6c8-41fb-808e-a811eba105dd,paypal,951.67,completed,BR
d6890327-4c45-4131-8d19-b94074ef398d,a1c2950d-16aa-4cd0-9fc0-023442db207a,credit_card,398.92,completed,GB
e4b8082f-93f9-44c7-a598-c169b19d56c7,3426e330-7afb-4909-a48a-ef4cf9c3dc16,wallet,579.61,completed,US
e53c7038-b9ec-4624-ae37-0adb132ade52,76bbd773-9d9f-47e7-a3eb-1404e80de729,paypal,725.3,completed,IN
af0a663a-9c7a-4d77-af99-cb5ca17b9400,859124c7-53d7-48bd-b49b-a4ca194ddb05,paypal,208.09,completed,DE
30b884a1-32dc-49fd-9478-e62d2b3c1e35,7aee8bf2-d5a9-4828-81f9-554be1fb9a28,wallet,481.45,completed,IN
57977e9f-5592-4ff2-b561-ace756156bf2,e9d0b5f1-0c5a-4615-ae71-7a97a789c5a7,paypal,1018.01,completed,US
aa8a3d22-ec22-43ac-9726-ff95227acfe3,9ea5217d-9d69-4ec0-970e-91b12340c241,wallet,342.98,completed,BR
a3a23257-d4d7-4f66-b056-f0eb728bbd87,3df0277d-e500-42fc-ab39-8de36580b3b0,debit_card,409.07,completed,DE
8909c8f4-6696-4e59-9399-366586539dd7,afb477ae-4bd1-47c1-a6ad-922a8322bf14,paypal,327.7,completed,NG
11823d23-bf9a-4c78-a2e1-f6b34997b934,1bfa4d50-655b-45f0-b9cb-eba0ff856658,wallet,451.23,completed,BR
3d20407d-12b8-47f0-ab93-a5991616d83f,22152a3f-5f26-43f3-83d1-6b017527dfe3,wallet,2120.61,completed,BR
afeee1b1-a0db-42bf-9a76-bafc97add393,77252ffc-baec-4db5-8738-46e986d672d9,credit_card,383.35,completed,NG
e060cf07-e50b-4b87-ac06-9f78baf896e1,eff7c935-7aa0-44d5-bd8b-7e93e29f0e4e,debit_card,478.83,completed,GB
1df3235a-ff06-4135-be3e-1135754f0ef0,c3d886ad-1769-4a79-aeec-3c82de10e842,debit_card,416.56,completed,BR
a251a469-29c8-463c-a685-d193b20d1bda,e8b8c437-5304-4ec6-893d-4df98771f145,wallet,401.53,failed,BR
1843029a-edba-43e0-b496-3aab12653d45,8dbd4295-abd9-488d-a490-0dc42dd6075a,credit_card,498.36,completed,NG
8181c103-bfbf-47cb-9ff0-5d8faddb24f9,2a154ca0-1190-463e-8aef-bb6bb4819927,paypal,588.21,completed,US
96282a42-a6fe-41a4-848f-7aff23f963c8,fc2bf3ec-e7d1-4d90-bf1f-6f4a19729029,wallet,235.56,completed,NG
70118b8f-e4d2-4aab-ae1d-72f6341de4b1,93852e09-d366-4637-9935-4e437f46cf32,wallet,922.24,completed,NG
a16393be-26d5-446b-a2da-af9e56cbae7a,1bc9fd9f-872b-4902-952c-2f1fa596a01d,credit_card,353.95,completed,IN
69e2b167-37fe-4cd9-9158-67700c63168b,89531414-8348-4ebf-ae61-162ac825b360,wallet,619.51,completed,DE
4640a346-26d0-4b3c-bc40-9467d77cc775,840649b3-0366-4708-b7a0-8ab822e85388,wallet,934.0,completed,IN
63269a6e-a7ef-4052-978f-2e1d8df09e15,de687c2e-eca8-4e7d-a448-bdf1a2d565b8,debit_card,60.63,completed,BR
6f966404-6608-4f72-944c-05282c6cd526,64df9d88-8058-4ad4-acf7-f3573e994d99,credit_card,1147.43,completed,US
84c71f7c-bb5b-4146-ba73-a9aae0c2ff79,9cfa1aab-9835-4b08-923f-a3a03a583e2b,paypal,316.7,failed,US
202304be-aefb-4ff6-8057-41ef65356a07,31a81ff6-9843-45d8-b852-2bb2a2c10a45,debit_card,1390.59,completed,DE
4982bc6b-94fd-4ef8-a418-a547a289cbf6,ec4ff346-9624-4378-8c48-a3a3f7c9af91,paypal,40.66,completed,IN
452817aa-d378-4f19-ad64-61b76f94fdfa,f7fb7341-7ff2-46c5-a5cb-45d1ba4b6be8,wallet,1102.04,completed,GB
0b2f86d1-fb24-44a9-9344-850b3df4a4a1,86070660-ed6e-41a0-ab65-10a886e3546f,paypal,913.58,completed,IN
d74233fa-62f9-49fa-a8fe-e3957fe4d952,c7045054-1070-48d8-a8e5-5d1ec0cd2415,credit_card,510.01,completed,IN
0f9ca88a-a9d8-499f-b6b7-4af3a6d8a734,d4bf2bb2-4a77-43b7-a9b8-5ce9278bf2c2,debit_card,262.03,completed,NG
35bcc0d4-08fd-467b-a01f-b20f05e05bee,82fd3743-c3f3-4c39-8c4b-4c454ab6626d,debit_card,1232.8,completed,GB
3c3dafee-630c-4bd2-96ee-cd718c71087e,8569b5c6-b91c-47c0-a194-bf2e1abb9c66,debit_card,42.39,completed,BR
c43c74bc-f1b1-4f5d-86df-f12c62e3500b,9afffec1-c335-4a71-ae33-0e67554472ae,credit_card,1290.25,completed,BR
e434b501-5fb8-487d-914c-cf1dbc17f6b7,ad130e3a-f530-4ef2-9ec0-79d1f9f39865,paypal,306.32,completed,DE
7cbb85db-8bb7-4715-adeb-94b78307bdcd,73f5c183-f702-467d-bde7-6f28c1fca6ee,wallet,668.1,completed,IN
b1b4267e-6dc6-49bc-9a3f-b6a2682f4889,78e3ae9c-45fe-42d6-9791-d5a063114c07,paypal,126.64,completed,IN
8d4f5512-2dd9-4d3b-9291-86a2da2cb229,a06874af-fa01-4193-bc1f-fd7150ae2f34,credit_card,196.03,completed,BR
f42a4a39-7b47-4080-94ca-465498189a65,80877359-9d17-44ea-9460-2a2fec163a8c,wallet,294.91,completed,BR
7433d0f4-87cd-4a35-8aeb-7219127774f3,52842097-918a-4c86-b8f4-aa486495b3f0,debit_card,904.01,completed,IN
3c46d7f8-a673-4eca-8457-b58ad05e58ec,89035f4d-b330-4c3c-85e7-4dbd318a6883,paypal,252.18,completed,NG
fff61bad-d4dd-4cd2-9ade-3552e17f744b,c0dd53ec-e590-4bd1-98d3-beaefb7cb2fb,debit_card,241.36,completed,IN
36d6e5b4-4dcd-4c25-b522-d7b34399dc57,5e21268e-74b7-44b1-b79d-cd43fa238c77,paypal,1220.13,completed,DE
40ddb681-e9ad-4349-847b-e129f78a32b6,8e374e6f-4234-4e8c-968f-8ad99cab8d3d,debit_card,134.38,completed,BR
0a6d1db8-19ae-402d-8e0c-ad9c48b6412c,359b2660-7856-4923-b390-c9e7f8b1e1ee,credit_card,683.16,completed,DE
5faf2fad-191b-4614-87a4-f31e90788a50,6385ddf5-9f96-4aec-89ad-362ba596d274,debit_card,166.62,completed,DE
b5f3090e-4a44-4c16-8601-0c7047529c6f,27a462e0-5a9b-4850-ae25-041e655bb889,credit_card,635.62,completed,NG
cf69d142-a5ce-442a-a4dc-60fba5ae82a6,bd1f69ba-3591-48ef-b10f-2a1f50a03a31,credit_card,148.46,completed,DE
6018bdf8-52e5-437d-b7f1-a8c9d8511e6c,5dcb8542-c243-4223-b021-cdc3b8a2a6c2,debit_card,588.03,completed,GB
2d3d14ba-3222-4dbc-8d1c-b8d52249685e,76b17847-3c04-4ce7-8454-5d66c9d88417,credit_card,159.93,completed,BR
41e4ff49-f9cc-4205-b503-d30dd78fdffa,c016b425-fe2b-482d-a908-5a02fa4bbcb1,wallet,6.62,completed,DE
59b7f0f5-c20a-4d0e-b4c4-9af751541468,68796d8b-a595-4d53-bf42-5ef4bdd6afb4,debit_card,74.7,completed,DE
ead7dc8f-aefb-4d6a-b8d8-00b3a69d4fd7,826c16e1-a514-4f08-918a-9f38af290fe7,paypal,451.83,completed,IN
e6b2e0f6-30fd-4a54-83a9-d407e03c3209,a143bc24-c783-44ca-93fe-4d73279fd7a7,debit_card,38.67,completed,US
5ae97e9d-dfdb-4713-969e-e9a9ec05119d,b82c9115-c3aa-4dd0-88b0-b88b83ee007b,credit_card,494.05,completed,US
83ba66cb-912e-46ca-8916-5274b8857adc,13008fc3-c53e-4826-8b29-7823d65f1f43,debit_card,330.6,completed,BR
73a5d89a-c0da-472b-a52a-0b164b6b9a26,9e81bdae-3303-4e0b-803b-e2fb195cbbb0,paypal,1147.4,completed,DE
ced35fb9-e3b4-4529-9d51-906e4fbb7dbe,c231fc2f-87df-447f-bc07-16a901d03923,wallet,210.21,completed,BR
a0cf2aff-ddc4-48f2-8426-0675dacf2505,46a85bdc-7bb7-4035-abf9-e3fbe9672b88,credit_card,420.65,completed,BR
48e4c970-40e1-4f6a-854b-26d65c279dab,aff93385-f26e-4b5a-8e60-f3cf6287709d,wallet,32.45,completed,GB
2e68acbb-d023-4f1e-98f0-c54b3eaac6da,6a91c954-c1b4-4be1-99ee-cf816cbc4a47,debit_card,193.27,completed,NG
9ce9b875-fff8-417e-b9f5-8b835dcbb265,072432e4-4d92-4016-b433-d62c09dac607,debit_card,636.0,completed,NG
2974f48d-4b2c-41cd-8a20-c8b86147602c,ccdf923c-33ea-405b-91b4-99da5938582c,debit_card,2331.12,completed,IN
0657b956-7e12-4a72-90aa-d84221a0ab2b,d2376ee5-93aa-416c-8ccd-9ee52974417b,wallet,273.43,completed,GB
ad9c1817-17b9-4f2c-9fd6-fa6fb3fc58fa,ba0891b1-0e42-498a-b1ca-3f9b20284c4e,wallet,861.11,completed,IN
70751a73-727c-4b2f-9d2e-60b307f6eb2d,2884464a-2d85-4af1-b5c3-e8a7807d7fca,debit_card,621.92,completed,DE
f30d7bc5-2168-4a87-ade5-e62b71a02287,7f14c74d-4a6a-4398-b6f1-b7dc44d09ddf,credit_card,313.36,completed,BR
ac0c794a-3226-46f8-8971-e2b8b2b7e4a0,f06a0777-b44b-4b39-8cab-7f849ad0c521,wallet,446.92,completed,GB
b2a122b9-9b77-484b-98a8-f75918616918,d8d45092-8780-440a-83dd-98d5c0b1c95c,credit_card,517.23,completed,US
2700a394-88db-4762-befc-86e7a7de5849,11c23969-0c1c-4fff-85ef-af400352e377,wallet,427.66,completed,DE
375a7a56-d792-42c2-b990-8aaa1b7626b8,d747184a-7fb4-439b-9dab-dea25ac2edcb,wallet,193.51,completed,BR
61c38bd3-d5a1-41e2-8127-1a8cf9f5b19e,4b6f69c8-cb57-4699-a4b1-af7291064c6e,paypal,1451.23,completed,DE
b5e8d8a9-2a4e-4875-955f-6b63f7e2e0db,e8718e02-291d-43d4-ba03-625551439302,wallet,599.33,completed,NG
448f5e9c-8c8b-4d5f-83b1-3659e49892b5,1ab87202-f6c1-4b48-b4c4-a90f9c42a596,debit_card,642.28,completed,NG
b261210c-3dff-4634-bafe-7fd8549c78d3,9c00569e-6d49-4f34-bc79-e81c44b9dc2b,credit_card,476.64,completed,GB
bcd24f6c-f81c-4b27-9435-5b1726cecfa6,a3f64720-3eb6-49e5-945b-576316e88703,debit_card,1115.11,completed,GB
b66ff708-32f2-464b-bd2b-72aab095724e,3dcd9981-b958-4710-9c5e-8a65e2f79a7b,paypal,208.07,completed,NG
27a13f08-4056-419a-b39e-9799582958ba,f4939b10-31a6-467a-aa4d-dd9c78e5d35a,credit_card,1356.02,completed,DE
be98eaf6-1aa6-450c-8b38-8af62c44e3b1,4ce05fe9-78c0-4ad0-8710-677da5d75908,credit_card,1117.2,completed,NG
2d1e7c93-6b02-47be-93b0-dc41c37e71f8,8a1b08fe-0daa-420b-bec0-f33beef4c529,debit_card,669.03,completed,GB
0239eecd-0c3b-4cf1-b6a6-308fa8efd817,76d7d2b5-f58d-4970-af4d-2ff5096e95ef,wallet,359.44,completed,BR
153c63e6-d83c-4787-b650-b36bb6103097,529a08fd-5dd2-49b7-b3b1-e0e65c8e2686,wallet,1472.6,completed,DE
564b1c78-46dc-4af2-8b8e-c92d642f8a00,2b3d1edf-0877-4ff4-882d-8efcdec0d1f6,debit_card,389.91,completed,IN
5217dc8c-ab02-4595-8cdc-5a86ed7efb34,cad0e565-086d-4149-97c5-6ac0a9bd6676,credit_card,617.81,completed,BR
e452e080-f5fd-4465-9a0b-ca93473c3762,6d5120d1-a662-4771-8148-6a42316e4586,credit_card,158.91,completed,IN
acd431ee-afa2-4ea8-9184-51ac8bb8635a,1e7ffd2a-fffe-453f-bca1-67bcea438022,wallet,314.31,completed,NG
aef406c0-3b71-4f6b-a773-9d2767fcfa1f,ccf68ffd-7433-4d55-a528-41be1e7674f6,paypal,376.7,completed,US
7c05d4b8-24ba-4875-8d9d-cfa4bbdfcf7c,e3d430d2-74c3-4a35-a427-9928ac9edf33,paypal,1789.91,completed,GB
93532c3c-eba4-4f72-8523-d964dfbb6365,bf1f9453-7be8-4ac0-9310-a90c88ba710e,credit_card,464.06,completed,DE
11f8cf6f-3ac7-4af2-a42e-057e69658499,93e2fd6c-9173-4911-8561-272951942d0d,wallet,858.2,completed,US
1e4def96-7586-4c18-a47e-ed77183e548f,360e2102-c44b-4bd1-b3fd-385790ac323e,paypal,1182.64,completed,GB
8b27eb15-34dc-48fe-b5e2-0a0a6124292b,1fcae495-ff6c-4a08-a6f8-358cf3857808,debit_card,30.14,completed,GB
6ab005b0-3657-4651-96ad-c51504127aa0,6413ba0a-5500-4a75-b542-8005c8a2244b,credit_card,279.15,completed,US
2198fbcb-6096-4502-baae-5cc82605d084,beac7724-cc6b-41fb-866f-48dedd1342de,paypal,866.7,completed,BR
3acdc79a-1847-4d06-8273-04e83bc46b10,29edf1d5-20b2-497e-8676-357341f8580c,wallet,329.36,completed,DE
d2cf7ad0-c053-4029-b155-6adfe972c26a,69d5a305-7148-43a5-98b4-a2de596b7744,paypal,845.28,completed,US
7c035d01-155a-4b42-b8aa-3b5b7e64498e,75579314-f65c-48b1-a8fd-787c9018f042,credit_card,159.76,completed,DE
ef15098b-f34f-42f3-a962-86710638ca56,da29b699-424f-42bb-bf0c-3fefd587b4f1,wallet,818.9,completed,GB
35f026c1-e806-4cf5-80e0-2f55c2949cbb,4d955d32-eaf5-4033-af07-e9c67cee248c,wallet,559.67,completed,GB
f66d9911-aaaf-4fd0-856a-07957085b4e2,3d59cfd6-c64c-4212-9d21-1f8c9267a525,credit_card,74.44,completed,BR
61e8a4f4-da12-4801-a6fa-a680fa3c3f55,711ba32c-0ea1-4bcc-b57c-aaeae7138452,wallet,349.94,completed,BR
5ba0da3a-3451-4afd-8c62-973ded45fbf7,307a8cc3-0556-4cb7-88b0-95288bf9b2ba,credit_card,152.03,completed,DE
06ed5165-278d-4fcf-a658-920d5858846c,a0b4d335-df0d-4e50-8a4f-f2165bb4a7e7,paypal,88.55,completed,US
57223177-b400-468a-af44-97e099dbf86e,3795b583-d6e3-42b4-a946-0a647be7ad65,debit_card,343.87,completed,DE
a3b08c4d-b9d6-4bb2-a88b-f879a8b33ee0,dfe23f42-5d24-4ae4-9516-55b2f734594a,debit_card,283.29,completed,GB
608148d6-4dc3-4347-a905-1c15601b4fb3,4e1c1569-3197-42d4-8023-08634ff3dd36,wallet,36.43,completed,NG
53833620-986f-49ff-85ef-e35b334854b2,3d2ddbdf-9477-4b09-a5f6-bd5cc700a447,paypal,324.04,completed,DE
e7e84b4c-dc81-4185-affa-77729b40e759,c30ad2a7-f90b-4ea2-86fc-212b56206a4a,credit_card,657.21,completed,DE
f490e336-8949-493e-9424-791221b40232,42471cf1-cdeb-4dfd-a3e9-f466eb7a93da,wallet,960.65,completed,US
ec79db2d-a4d6-4414-b4cc-a53af667096b,bba402a9-128b-485e-9c26-2a6560c36d5f,debit_card,38.91,completed,NG
a544eb43-562b-49d9-9e8f-37a6fbbabc1d,b207a569-d9c4-4868-a225-93af2dde7f50,credit_card,291.2,completed,US
5155059f-804e-4ba1-8a33-71c499d468af,bc9cf7cf-f455-4dba-852c-6ecf61dcfab1,wallet,1327.0,completed,GB
10adff49-fd7c-4e77-8231-64f8c4baf36c,dae74625-b212-40b7-bdeb-92954e2045ba,wallet,193.16,completed,GB
b23fd08f-f558-4010-995f-01e31b991a2b,07fe4624-f0d2-4c4c-bfb0-750350fac05a,wallet,418.59,failed,US
e64a0e3d-78fc-4870-b6f5-22e958cabaeb,df878f73-44ff-4b38-8d74-0b093f2f0164,debit_card,1267.22,completed,GB
166667a1-44d9-4c5b-923c-6132ccce52e1,4df72ffc-fb2c-48a7-9c40-0d8940849c14,credit_card,281.41,completed,US
b13c715d-8c82-424c-9e3e-89e92000937d,4e580203-1010-447c-85c2-b14459e21567,paypal,66.76,completed,NG
e4eedeb3-cabc-4b64-bbe5-6b22fc67c2f1,3cceea02-ebcf-42ae-b3c8-314de7c9148c,wallet,460.78,completed,IN
43fc960f-c289-4db2-82aa-5b25da3c5e9b,01ab5537-376a-4b9a-8fe8-23260d54291e,paypal,38.34,completed,BR
1c809d8d-65fd-4a5b-a556-ab58afd93133,41f0396d-f741-424b-b5c8-b850b8364313,credit_card,332.09,completed,BR
6f981f2c-5f2e-4473-8472-6f657307d48e,a041c42d-05d0-4802-a116-74177949a20d,credit_card,71.96,completed,BR
6e52afa1-2424-4685-9272-7ce2da83c56b,c1019ef3-d8a6-4d52-bfbf-ac7993d8e178,paypal,547.85,completed,DE
aaf9bafc-d26c-4b20-ac8d-3f6c5737ad85,28d35750-200d-44a2-9e29-6c0a24c27506,paypal,180.07,completed,GB
f62eda38-449a-457f-b54c-24d366c409de,1a389ed0-d771-415e-8d99-6873188486f2,wallet,565.5,completed,GB
ede51b81-b615-44fe-968a-ebdf37dae3a9,e7f371ae-3789-4bef-bf8d-edf5cacd1c10,paypal,274.14,completed,GB
bb28a13a-3891-4722-8920-8979dab3d883,202f5b50-7e77-4b3e-9706-aaf1f884b0fa,paypal,305.24,completed,NG
893b28d7-3b59-48e1-9a84-8a45e7e4bb39,a6a1fa8e-7baf-4f81-991c-228fa30d4be7,wallet,1767.85,completed,IN
fb483f4d-f78d-48da-8673-831474461c92,baa1ced9-01d7-4749-ba52-3752d24314b5,debit_card,249.41,completed,BR
b2c65323-db9b-407d-8e1b-bbdc6b99f61d,ea87c019-fe94-4cd3-a7af-c184d2b5ff2b,credit_card,306.93,completed,NG
911ea28d-0e73-465e-8ba8-b7a614ce00b9,9d5d8122-a40c-45e8-9250-7ebb052338bf,wallet,227.55,completed,NG
8af71251-e77e-48f5-9702-61c239cc48e1,682d0998-801e-4afb-814d-5d602afde84c,credit_card,901.0,completed,BR
3ff78d00-10f2-46b1-836b-736b9e9e80f3,5c8deadd-fe93-4b68-8756-3fec95b8d25b,paypal,231.8,completed,DE
bc861cfd-b2be-4ea6-8526-21af775d79ca,b4a098b0-82f0-4efc-b990-86c70b30da76,wallet,320.67,completed,US
c2cf0b62-af68-4d80-a797-b7a4962707be,8be23e6a-2dbd-45ef-a12e-8dd322dcbe76,debit_card,374.56,completed,US
a26040c5-1ff4-4413-b0b1-cf76b671bc60,fb613848-a4a3-4e7b-a76f-01017c309c36,credit_card,415.93,completed,GB
7a0b69b6-01d1-48cc-8656-a05d4b0840c0,8701d527-fe57-419e-9af9-fc3077f0557f,credit_card,43.38,completed,IN
cd460a1e-9ca6-4740-a93b-23930e0d9e66,20ac88c3-fe46-449c-a2e3-368c4341474c,paypal,358.31,completed,GB
0f4fa73d-2534-47a6-8d0c-f172f88bbd36,486a29aa-51de-43e9-a402-40c205a39cdd,debit_card,224.19,completed,DE
147d6e06-b057-469c-a3e5-937ae420e115,000d549d-7458-4bc4-974b-5bb8f169cebf,paypal,1099.87,completed,GB
25d0be5d-3136-41ce-a824-70464d03135a,a9de384c-a582-49bc-9c08-7791f7297ebc,credit_card,527.09,completed,US
13d82ebd-1b0a-4d87-a4dd-1ad09236f188,985976fd-cabc-4e10-a9e3-18a579affc61,wallet,465.03,completed,IN
fecbdbbf-be88-4363-b44b-7806e059ddfe,9e30b999-117c-4087-8ff6-2639a4a0c5fc,debit_card,328.66,completed,BR
237c36a6-5c09-46ea-b183-8553742647ba,31e909d7-33ca-453b-b94a-27a555657981,debit_card,52.41,completed,IN
46c6e8c4-7e81-46cc-9d37-e5d4e884327a,d5c28b89-010b-47fc-8177-89bb3260d205,debit_card,445.82,completed,BR
c6985b5a-127e-4df8-b3ec-d007a46392ac,b7f77010-169f-4841-9655-3a4703837ac7,credit_card,115.96,completed,GB
ec040b54-8068-4efa-81cc-6cb06132e2e6,4fa000fc-dbb8-4e58-bb93-cbcbd394583c,paypal,158.52,completed,US
44a1545e-ef51-4ef6-b5c7-0a141943e9ae,5bc14185-17d5-463b-a5ed-071025a2282c,debit_card,652.93,completed,NG
a2b0d9c0-2611-4547-9348-dc14c1b5d5d1,686f960e-229c-40f0-82d0-702c65db4da5,debit_card,514.5,completed,US
c967309e-b134-46da-9257-7ad2155e323f,9555f9e7-f7e4-4574-aacd-abe908b0eb81,debit_card,500.8,completed,DE
4917a6d4-d75e-4348-9b9f-097b2155f0ad,d35a153c-d34b-4d18-ae4e-2eaa1258ce87,debit_card,769.63,completed,IN
69e43757-b8f0-4107-96e2-650b336813de,68f1620c-2a98-4944-b3a6-b4abedca4406,debit_card,672.7,completed,BR
40a433b0-ca15-468f-a589-bd12f0dd82c1,8c64c076-6496-4b9d-a6d1-0a401b1ac181,paypal,476.15,completed,DE
f352d799-340d-43c9-85e1-b36dc553ab8a,b18a134d-4923-4bf9-ad85-69df5053b35e,wallet,17.54,completed,NG
c2662213-4232-4b4d-9d66-677991445099,6f728e31-9c54-4ed2-846d-44c18e757734,credit_card,148.66,completed,US
60f63ae8-8ff1-4800-8af7-461cc42698d3,ecc8c6db-4b42-4459-9f8f-a6fa9ce89831,credit_card,540.54,completed,NG
934ee858-37d5-4fb8-9fa1-4a22dafde36c,22126e8c-4522-489b-bb4b-a6a308956abd,credit_card,860.04,completed,US
ecc8cd87-a3b9-46f3-acf7-6b45078361ea,e10e513c-37a3-488e-81df-d1ca88c60859,debit_card,338.65,completed,DE
1e4c786f-8048-4403-bf5a-be38299e65c2,f84076dc-855b-416e-a16f-aebff7f486cb,debit_card,93.66,completed,BR
792773ff-2db3-4fee-aa0c-c3dac1481da7,2e4dfc3b-6bd5-4287-9faf-68f0abb62b22,credit_card,838.77,completed,GB
7c75116f-20f4-41b3-a3af-9e2295fab0dc,0923c3cb-b2de-424a-9086-6bfe4bb8848f,debit_card,747.63,completed,NG
00e8366a-5d5f-40ca-9e69-4c9bdb6fa4ef,6223c8d2-0192-4a8e-9b96-940c2e820e14,debit_card,293.56,completed,GB
2b9268c3-451a-4ce1-9053-e77d56d3e69b,f4f9a13e-b3da-4ae4-a051-6b04eaf003dd,wallet,590.8,completed,US
4ac003f5-4922-42f2-8080-c13042449157,76421c2d-1b53-41a7-a38d-c58187eebbbb,wallet,102.95,completed,GB
888bd2f6-4b4c-4620-a789-488405e9f32a,0c1eb3eb-2150-414a-aed9-264d121a2344,debit_card,472.68,completed,US
8625f0eb-ae57-4506-9b73-6b1db1201375,c83789b9-1487-4e6c-9523-1c7c8122d00c,credit_card,929.06,completed,NG
7dbeb5de-53eb-4863-ab80-be2b0f09459c,e97dcb92-fa37-42c2-9a87-bf7f3cb9d6b2,debit_card,200.65,completed,DE
c5fe0232-8ee2-4981-92dd-ca6d003e5927,c5ca33e0-bf5b-4c72-ba5d-dfa0612c3c69,debit_card,709.25,completed,BR
cdea9551-1ce6-4edc-a3ee-569fb6219969,284223db-a98a-491b-b7e2-ae45c22f2337,debit_card,286.26,completed,BR
77852b1b-7f18-4141-a31f-3ce5cb0b6bf1,ed763a9e-8867-4121-8d03-7216cb7f2f05,debit_card,289.24,failed,DE
ab1377a8-0fa8-4474-bd41-c03aa82c31fd,cd0f66dd-deb3-4099-b522-61a92751b07c,debit_card,630.88,completed,IN
13792562-a581-49e7-b997-296b1090caca,9fb359e0-09c9-4977-b778-cbcb058a8c6a,paypal,432.34,completed,US
c8a13a70-c57e-4633-be7e-46cb64964ab2,8727443e-e2e2-4a51-8e0a-119b63fc6014,paypal,166.81,completed,BR
e25d8b45-af5d-4d60-96d2-b48156063880,535007a5-fd73-448b-8246-9c38f87b55f4,credit_card,656.72,completed,NG
ac8cf99c-2763-419f-b4e3-4677f4604d70,00b7bfb8-b927-4caa-9931-10138257deac,wallet,714.29,completed,GB
0f13112f-de73-4106-8640-06e705f75b41,65f25506-b142-4ccf-a348-bfead20c1da2,debit_card,680.57,completed,US
0294ef79-b950-460e-894f-6211485e7df6,e04d3879-ff6d-4896-a744-5849c62ce47e,paypal,815.85,completed,IN
925d6dbe-97d0-4e27-977c-c32ed1f3f94a,14ad0565-a921-47be-a33c-91751131b592,debit_card,478.18,completed,NG
ada11190-ee74-457a-b3fb-b32fc91c2af2,183d68ca-defa-4f72-9ed1-3f40126575d2,paypal,33.04,completed,NG
06be16d5-3c4c-4821-88b7-5e53cb38b6a4,a3be24b1-490f-49c1-8c61-1e574bf5d465,paypal,76.13,completed,GB
a611d9e5-a647-42aa-bf4a-29d0b78fd259,e63c9677-2671-403f-aa0c-263a05b33c7e,credit_card,256.0,completed,NG
c94fb459-8ff2-4e40-a4d7-e8543ce1c6c6,53816ecf-060c-494d-81fe-b3f3501bbc14,paypal,349.85,completed,IN
7eec7072-ef0d-47d4-bd3a-52315678c95a,294c4ebf-c4eb-409b-822a-42fcffe91265,debit_card,316.91,completed,IN
af499184-9859-4a45-9933-e0ade118e1a3,fa7333bb-23ba-40c6-8199-e3df3f2f5ce3,debit_card,184.28,completed,DE
5f5366a4-2f54-4190-bc8e-cbefb2528687,6a8a6638-f395-40b7-abea-b0eca599a50e,wallet,1025.03,completed,BR
28de17fc-0421-4f65-bb1a-75f6a9b67d30,0e69fba7-12b9-42d2-9fac-8700d7a3f29c,wallet,242.3,completed,GB
d8a21180-f969-4de6-ae6e-88ec549f5ab0,c4f8b0fc-fa3f-4ff3-b3af-7caaf5302e06,paypal,34.08,completed,GB
12a45872-3e8b-4ee3-a2f9-fed0141afa2b,fb5b2bc3-b337-4813-aa23-bde4caaa0eb2,credit_card,1041.18,completed,NG
bf51436e-ba77-4d87-a1c3-d24b3c57e8e1,a5e8c666-b45f-48a0-9a33-34ca98094e0f,debit_card,113.7,completed,US
42a382af-d423-4536-9339-ebf1d2a1db6e,08c35bf7-eaa0-4fcb-aeed-e60173965125,credit_card,196.16,completed,NG
a52f6661-231d-42bb-98d0-b62a917e49c2,9e0cf0b1-4074-4c70-a67a-21bb37ef936d,debit_card,246.99,completed,US
848b0f5a-bc08-4eec-89b0-da3dbdee2202,43ab1d5e-377b-40ec-91b6-5ee2b2cbf161,paypal,580.58,completed,NG
c3ddb0be-61ff-4957-9bc3-95f945bf49af,77f60098-f451-43a1-acbe-af3b25ba92e6,paypal,1930.22,completed,US
16cb92d6-4e7d-4357-8c98-0d39fd8d1768,2b02ca39-78f3-4654-a3fc-ec58d4dc14b0,paypal,416.15,completed,DE
1d53e68b-5cf8-4e68-ae6b-945a0791d7fa,c5711865-4796-4557-b853-2efff98641b7,credit_card,549.27,completed,GB
92c60482-628d-42b2-96f9-6346630aa07a,eda0adf4-6829-48ac-9065-7e6fa7bd101b,paypal,463.28,completed,US
2982bce9-b3c4-4f5d-95ac-2a61892222b3,dbd9f97e-9fda-4650-8c9e-74759e1a4264,debit_card,351.62,completed,DE
b2cfb67a-32eb-494b-a2f4-f5e30e75420c,e1870485-10aa-4545-97ef-fba95b79d03d,debit_card,674.26,completed,GB
2fc6c248-054b-4077-bcb6-e19052809ce3,c2ec4c16-0ea4-4bc0-93e8-8110bdf80e1e,debit_card,466.78,completed,IN
6c39436c-3b10-42d7-b20f-384ceb9bb349,1653b5a0-cd26-44cf-a0ef-a5504bd3aa79,credit_card,291.61,completed,US
4752401d-bfc0-4d6b-b876-ba61d0d4f16e,de5e3e53-57ed-44c0-be4a-32c6c9408e15,credit_card,763.65,completed,BR
b7ee6554-fe71-4188-9b8b-302f8971a048,a1374c5d-748d-4d77-80c4-d578dd70da97,debit_card,208.24,completed,GB
c766543c-0d73-40c6-98d4-061b4755cf98,2a4606e2-fb7f-43be-883b-97a9ce444a26,debit_card,440.97,completed,BR
0852df40-83ec-4d0b-87d0-6429b892e311,46d22a83-8c77-411a-849e-fe523e051ab1,debit_card,320.97,completed,BR
48e2e935-5d94-4caf-a8d8-c135d6d26605,0de785b7-fc03-4ef2-992e-aab0f3016eb3,wallet,223.77,completed,BR
5690fbcd-9f72-40dd-8435-d183c3390f59,715945b0-563c-425d-bcec-bcfb9a08a8e2,paypal,1553.1,completed,US
424da6fa-f896-4eaf-9779-9b4a29eec74c,0316b020-9c93-4bf8-bb1e-e3f6a3ee07e2,wallet,419.31,completed,BR
2b008b18-8d03-4c22-a43f-d97725737dee,5e4683fb-7165-46b7-a423-f4ca47069f08,debit_card,1136.35,completed,US
2441a8ce-6d63-4e31-bb0f-dbcb9fb67194,6e97f084-8d6f-412c-ae89-5b8e50bbb78f,wallet,554.5,completed,BR
13f7b51b-0d15-4435-8186-fbb5340e9fb2,4ffc4714-3a72-4aff-9e69-12c690b8fc52,credit_card,160.34,completed,NG
d722c4ec-dc30-4fc6-b0c3-cf780cbac429,e6ea85fb-5964-4137-abad-986e8c582555,debit_card,473.29,completed,IN
84642910-86c0-4749-8a00-fb709895853d,dec5f169-21af-4eb2-a9ca-c0f3a7afff07,wallet,11.81,completed,DE
c44d4df9-0716-4b7b-b993-b951d29a02b2,02cc9223-27f9-44e7-bfcd-ec90ac116dfc,debit_card,846.38,completed,US
dc26e82c-8d44-4acd-874b-846838368d6e,be388e07-f907-47a0-afee-0b017c19a7a2,paypal,84.92,completed,DE
90f1f339-0762-46bc-8267-be670e82860a,b582b4fb-7926-4eb0-813f-d6fae7428ed1,paypal,262.74,completed,US
f533930b-8000-431b-ab77-9a59f90b660d,e12a5ab5-f402-43ff-948d-e5b188c15e5a,paypal,513.5,completed,BR
93ba9429-0473-43a7-9d00-12efe95d4592,a887dc84-1eb1-4057-9716-3365393990c8,credit_card,363.15,completed,US
edf8c28e-cc20-46f4-8dc4-b9c2b60a9d0d,39553e9f-b598-4b09-b25d-d29faa24018f,debit_card,535.5,completed,NG
3ba6fa64-126c-4b92-85e9-052593e29dfe,83c33865-dacc-4a3e-8f2f-ed4755a6873d,wallet,537.67,completed,US
b7788d73-b831-4e8f-b709-5131a4f1a12c,ee143f37-3054-4df4-84a3-f4a670e30f68,paypal,482.04,completed,DE
1dc329e7-ed7f-4b71-b860-bb279b277ca9,48eb9991-1ba8-4a58-a15d-8eadce0b80bb,wallet,698.15,completed,GB
abe0b822-534c-4829-8b00-6bbf2531bfe3,190f680d-480a-4698-bb8e-311fdc18fcf8,credit_card,391.9,completed,NG
05329699-35db-4148-856b-703b5245f106,17416985-0f36-4af8-b365-0b407ce377c7,credit_card,356.03,completed,DE
bf984e24-5bbb-4c26-b6fe-2a7afd56aec9,83b15caf-d0f4-4ba2-b99b-35af3c7cdbd2,wallet,358.43,completed,GB
f487d1e4-06fd-4712-88e8-d3b987be026e,2dddc302-5f3d-4a37-8062-f6fa77db6032,debit_card,262.82,completed,IN
9deed299-a677-479f-b86b-4c756e210314,1f96512d-0ecb-4110-b1d4-fe86f7375791,credit_card,372.69,completed,IN
81bbf05b-4576-4834-91f2-a6e2908c1b7a,84b4c98f-b30c-4bc2-b910-a9459bd7d943,paypal,363.61,completed,DE
7ff3873b-dc0d-40b5-9ae0-d8ebc8ae97d7,3027bf41-7c63-40ef-963d-c0df01d2f167,paypal,510.81,completed,IN
88dcc113-7c94-43d5-b414-a15e1802e376,d19ce9db-1006-48b9-b78d-6d851acef026,wallet,58.86,completed,US
3ed89a1f-44e4-4efa-bd93-d2af8ac07d82,e4e45a4f-416d-49d6-a73a-a7a54d8c60ea,credit_card,85.3,completed,BR
cc0f30fd-241d-44dd-bed8-45861f31b84e,5930f02d-ba02-4f0a-8f62-cb828a88addd,debit_card,303.96,completed,NG
0c94da0c-6a20-4a2f-aca9-b4968c7eeacc,ba9439b7-2eda-4840-ba79-99921aba70de,wallet,154.66,completed,BR
289a5be9-b62f-43d7-8a9d-93faf4dab401,54a0c3f4-4481-4b40-bbc4-7d51e37e0b98,debit_card,26.64,completed,US
4489ff8e-66ba-4c16-a651-299df03a67d2,9e290a8c-f03e-4e9d-92d0-1a35c2f4b006,wallet,74.12,completed,DE
c167e405-97c3-42d4-9ae7-d70915617f0d,01e59530-b293-4fc5-800a-63cfa7a5aa35,debit_card,1772.67,completed,BR
49ddcc81-df34-4a8e-a74c-ca81a4ca6749,dbb7ff90-cb78-47e3-be31-d3cb58c47928,debit_card,48.71,completed,BR
b7edc92a-96f5-4b74-998f-5f2d3a96d7f2,6a72a453-83e8-4dc7-bd87-69c6fb8298ba,credit_card,1132.47,failed,GB
639f3a7c-3764-4bb8-9cc5-74ee05c3cd35,5037eacc-a682-4d29-a465-cfdb5fe76921,debit_card,391.36,completed,US
d2184a7c-ccf9-439d-b242-40118720931d,9aecf920-fa5e-4f0f-9712-2ce5a55ab1fc,wallet,590.43,completed,US
162cb591-f017-4f80-8e07-2f327d0522c2,33010c5c-0f72-4b68-94f0-697cfb32eef8,debit_card,1258.62,completed,BR
4d5edad3-7729-4d09-a717-dace415222d0,7abbeba1-b2ea-424c-be63-9f15fdc90933,credit_card,1375.35,completed,GB
3bfbf5d2-eb26-4cbe-9e08-cd9a51859586,966230e9-8c2a-474a-8f42-444ae3f95cd7,debit_card,614.08,completed,US
1881c9a0-8800-46db-912c-2e13f5686c63,0a29e093-acb0-45ce-a620-617a4ca784ea,paypal,1095.2,completed,GB
b14d3ed2-2179-4182-8827-ed3445684b35,a93cda7d-e789-44f5-9953-5ce8708e1aa6,paypal,642.18,completed,IN
762cc4b6-ca7e-4906-a28c-853be1743fc0,00920d5c-9609-49f5-8cbf-6e9c7c98c7c3,credit_card,268.24,completed,NG
ba823453-0c62-4506-bc34-8c21f1772d52,3c466ab1-f416-4758-83f4-b65152c0963f,wallet,171.02,completed,BR
eba5fa80-be0d-4f6c-9423-9e751494f999,23dfcfe7-26f1-4d29-b476-6cce12e8f555,credit_card,527.12,completed,US
f21e8965-02ea-402d-9cb1-ed942e562d72,4e609c18-024f-414a-8128-423213281e84,debit_card,681.72,completed,NG
9df27c95-2bac-42c4-a092-2e8682a33e9b,24136a9c-b2d6-4ff1-ad67-36563a1bcbc7,wallet,621.6,completed,DE
0200820e-b8a4-4ee9-b4e2-78f4f2cd6369,7b46f0a1-0992-441b-b931-b83d06ea691f,credit_card,129.48,completed,IN
be71c5f7-8e85-4485-9a64-5fbe6ceb6b74,efa5ec72-b20f-4930-a939-d517736b15e6,wallet,294.25,completed,GB
1b257d81-9348-4aff-8910-78dcc4308f21,3c868ebd-ddcd-4e4f-8a2d-93d4a5c50d0b,paypal,311.89,completed,US
2bbe3cce-5faa-4f91-a830-36eadbff0639,8cdee98c-9ece-4921-98a0-1f42638c83da,paypal,99.84,completed,NG
a5d87098-a0d5-4c61-a780-48aa28055d6b,63c08254-d4d3-4f2a-921e-fe6884bdcba8,wallet,332.07,completed,GB
0bfcc555-f945-41bc-aabd-27d6820bd11b,36f4d337-2a99-4fbd-b72d-30e7a842c2b0,debit_card,193.6,completed,DE
9cddeaeb-9cd9-4884-a1c0-1c3fa8d435e0,8bfc7a0a-d318-40b2-b8aa-d353b9d0ac31,debit_card,1240.42,completed,GB
d92a815b-561a-48f5-8c5f-2f7c6bc6dd48,a449be9a-4f97-4092-802a-d41b3a054a16,debit_card,1685.03,completed,BR
6e0e872b-bce8-4b25-93dc-1fce6250f32b,d14bdbc0-8d7c-4e05-927f-d9cf94733d8f,wallet,885.45,completed,BR
58e1405b-1fa5-4ed6-b7db-b5c461045dbe,a698557b-5fa0-40fd-8092-904ca6372ba1,paypal,174.02,completed,NG
cdd049a6-0722-4186-b6eb-ce6be36c5bd4,497725ec-5a71-45eb-88e6-f20747126c37,credit_card,628.28,completed,GB
72a30391-7a2c-47c7-986c-d54c1798aed2,d9c80fa2-bc15-48ad-b5dd-37abddc096de,credit_card,562.51,completed,IN
1fbb4afd-6e47-4532-b89a-785a3df8cf6f,a43fe1b0-2476-4569-9a9e-f184785d167e,credit_card,173.24,completed,BR
3a4d57d3-55b8-461e-a90e-6708e28e15ac,4d77d499-dd34-422c-aa39-e20c5632b255,wallet,412.27,completed,DE
b327c3a2-4d86-4168-bae9-0c02ef611667,ef21b3a3-e8e3-4d58-b57c-f26b6a47610c,debit_card,1682.3,completed,IN
91a1b781-bdf2-4b92-a438-4946cf3c1bbb,174b684a-a73e-4a12-bb81-b67a5c35bbda,paypal,465.75,completed,BR
1ebdf1b8-04dd-4bc5-a293-3429e5add147,4db80098-5920-4137-bffc-8ba39c211bbb,debit_card,1028.57,completed,BR
34568bbb-a87c-4e6c-980c-833a62b000a2,73e76991-f05d-4d42-bc84-064e96145e05,paypal,145.23,completed,GB
10149b83-7cbd-4f58-81ab-2776d2f2065a,071fb4d2-e926-436b-98bb-2d30bb619cf0,debit_card,189.41,completed,US
6a77b7a7-abea-4db6-a280-cc24f08fa09d,4305f033-9ab7-4de6-8196-4ac51adbbf42,wallet,481.28,completed,US
50a3126f-fd4c-45a6-8219-afe9dcc4b278,832283d0-c530-431e-be9e-9d6f0ae8a99b,paypal,145.7,completed,GB
f00098ae-fb3c-40e3-ab6b-65571feb3ea2,99961396-edce-424e-bc6c-1f7d975c7d8d,debit_card,523.84,completed,IN
36332485-ce31-4673-ad7e-ef088992fb9d,0459537f-818b-4a7c-8c3b-30fd65734481,wallet,159.53,completed,DE
50586084-a4d5-4472-bc6c-93f1e8ca35a5,a0cad604-e3d0-4ca9-bb02-6666a4a8ed18,credit_card,414.33,completed,IN
4f520aa4-ec23-4596-811e-7a25017418c4,29bf5ddb-3a95-4779-832b-e99a0fed5174,credit_card,807.6,completed,GB
d8c6e13e-af8a-4b3b-96d2-8a5b47da2628,3b877f07-3313-4435-a659-e874bd774365,debit_card,123.75,completed,DE
f56aa4ee-8bc6-4992-b22c-0efb0e81307d,b2b0f46f-91f3-4b93-a851-2714ed1d3b96,debit_card,423.5,completed,IN
a64159bd-03c5-409d-be36-7069139ec389,9eef49aa-c6df-411f-9398-10f30aae746f,credit_card,273.31,completed,GB
066cf18a-3fbd-48e5-9e73-8e32e85e45ff,a6588f35-8824-4562-a9e2-52962b5f44aa,wallet,177.66,completed,GB
8619acd8-8b53-44fa-b23c-db87130466f1,afbbda41-3645-4cfc-9666-7d80599b8b8d,debit_card,617.66,completed,BR
083931f5-d103-4b20-8c99-b749df54ff8c,8d60d46a-a5c6-4294-be5b-3d72c24320ad,credit_card,467.77,completed,US
1fc466f0-b048-49b6-a872-9a59042db7fc,e308a5c4-050e-4ccc-8c10-8f0efacdbc11,credit_card,1080.39,completed,NG
b6f171ca-9b9f-406e-b090-dc1ab8c4d414,9a73b7e7-8244-4edc-81db-9efbf1719dcb,paypal,52.86,completed,NG
3c3fdcf4-1429-4470-9e64-d8410a2bfb01,aaa5956e-7842-4303-afc9-abcb46fd2011,paypal,155.18,completed,IN
e8db5f9e-e812-48b4-a9ed-20a60f0f99cd,ceb21302-caa5-4a0c-8c3d-da8090a2f0e4,paypal,594.7,completed,GB
163fa835-b955-44d4-9a4d-8ec92723ff37,cc5dd66c-37d3-42c6-871d-6265725f00a7,wallet,188.57,completed,BR
ac19fcc7-5e9e-4983-8905-2edfaa980201,4bf8db52-3389-4f07-9342-8077e41e2d7a,debit_card,533.54,completed,US
dd7d81b3-ba79-4724-b7eb-2dd8737f4b2d,f19b1ff2-250f-4e3d-9ede-d67d248c5587,credit_card,381.11,completed,DE
39e297f4-dbbf-47e9-a7f4-82e4770d869f,d231cda3-c15d-48af-ab2d-7b0b94fd47ad,paypal,799.08,completed,GB
cc7f6041-4319-4961-bf1b-59c903d90eee,459b8e95-249c-46d7-b89d-51f0ea5d7c67,credit_card,366.44,completed,US
bcdf8f66-9de6-4b5b-bfb8-405a9dbf3f55,d7387dbb-2eb1-4e93-94a2-91cd8a5583e0,wallet,105.24,completed,NG
0a45aa58-a39b-4a8c-9949-ff652c9c6541,88c20ea0-1a4b-4ea1-aa0d-a22d865dbffb,paypal,2345.42,completed,GB
6ecfeb43-3747-417d-bd98-9e45116a8374,94920566-4f6c-47a5-bca5-f4137b0574a8,wallet,309.23,completed,NG
62fceb08-745b-4a09-93d0-97a399548572,2d58df54-1bcf-419c-93ce-1140e9a54b20,credit_card,192.93,failed,NG
a3327618-6227-4282-98f1-3b09588f31d3,94057588-117c-456a-bf42-60ddebc0159d,wallet,1161.53,completed,BR
d1bc0859-21f3-46fa-b76e-cd7fb76bd900,65e115b3-604e-40bc-9f36-a184885128f4,debit_card,287.82,completed,GB
41751549-ba36-4ee2-b375-63b31c0b17ac,c5e2d54a-d636-4b12-ac41-12ae7726eafc,credit_card,257.24,completed,IN
94d97fa3-2997-4abc-910d-ebb9743d0917,866d1d4e-7252-49e6-9830-a9757b2d0a9e,wallet,270.01,completed,BR
a3e895d1-63e0-479b-b318-c7f281a5a5d9,a94793fa-bf5c-4c92-8a8c-c48001870fa3,credit_card,1731.58,completed,IN
4ee93442-3893-43b9-b853-46f25080cbcf,ed9fcdc3-40aa-46df-9e5b-e11eab43c2fa,credit_card,352.73,completed,IN
fb6d903b-d0c3-4fda-8065-1688c0d4e649,3b2943f7-d30b-47d6-8ddc-1dddb37aedd6,credit_card,309.44,completed,NG
eb993443-9dce-434b-b85b-16f396bbff5f,5a700148-ca59-4671-a056-c6f5bde9be38,paypal,468.31,completed,NG
2e6fbc16-1912-4dcf-ba5a-590a58ee88a0,ca72d28e-f0f2-428d-99fd-1890ee8b1fb9,debit_card,580.42,completed,NG
32e35d25-b69b-45d3-b2dd-6ab9b636ee1a,4805f4c9-ffb2-4770-ad1b-b8b9a0775083,paypal,725.78,completed,US
ba2c531f-9fbf-4ddd-8482-25bcfb4a9d25,bfca6cd0-4aa9-43b0-a613-bb1e9eea7816,credit_card,319.63,completed,BR
efbbe992-a7f3-4bec-ae1c-075e95794113,94e2c82f-0948-4f31-a91a-b94bc767b6eb,wallet,110.85,completed,NG
fbb1c571-a4a4-4e2a-ad6f-19d03b1e693c,45ca4e4d-2c4d-401a-ab12-712d6361bf4b,credit_card,421.83,completed,US
c653f1ba-fc37-473d-a5ae-edb36f260786,ffc93039-a093-4353-96a8-826ea3b1e3f1,debit_card,177.88,completed,DE
b9a40e93-ff52-4361-a9d8-2fc6d16ced2a,26cfec6b-acdb-4955-9063-e8f810bb6670,wallet,534.8,failed,GB
1d6aa966-a54f-4704-b4e5-d90a4867b9d2,c0dc9701-93dc-451e-a13a-916ebb77debb,paypal,150.99,completed,US
c7adace1-e61f-4518-9974-06301a68c0c9,42635f6c-cef0-4845-aef8-5b2bd1954b83,paypal,811.71,completed,DE
e8582190-5867-4e74-93ee-8c261dc8fd34,d1f4ab06-cd5f-4f54-9b7a-151bfabc0414,credit_card,494.53,completed,GB
9c25c5b6-7e34-4e3d-a715-be03389bed06,14e38424-3cf0-4437-a949-aa65cf29915e,paypal,339.68,completed,NG
94a28f09-647a-45ef-a3ed-91d74fe5d6af,4d60315f-34a9-4d1f-9e89-466dcb2a2219,paypal,783.81,completed,IN
4a7b2f4e-5f0b-44d2-af8c-289d1dc4e54b,f5f18d2a-a1fe-4509-803a-8e44d1301c44,debit_card,266.98,failed,BR
cc179730-2b72-4a6d-9206-6899ae3ac517,724e41c3-288c-45dc-90b8-6883c7dc2f70,wallet,909.46,completed,BR
1ae4be66-b39d-45f0-8c62-999f2f3d0eb7,2ab99a5e-bca7-4b2f-bf5e-e66cebda58ad,debit_card,113.33,completed,NG
6e127d4c-f142-4954-b3d9-e91a6c64649b,b6b40450-0fe5-4922-aa8c-e63990a6b544,debit_card,175.6,completed,US
1127260e-ba4b-4680-bb59-64cc21f7301d,da072ce2-5d7e-4cb1-aa4b-47aee368669b,credit_card,671.68,completed,GB
065d9861-01c3-43b3-88db-f6a10a947a52,b0b46aee-e03f-4fff-a226-1b079dea7c38,credit_card,447.11,completed,NG
5924c873-d583-4725-8128-f62c262dab11,a3461fc6-8669-4a95-8a64-05a3e278699f,debit_card,672.44,completed,GB
1360438b-65a6-4b39-b493-dae5d147e68b,2c03dc76-22b0-4dd1-b938-f31ca93b8d18,credit_card,589.75,completed,DE
b44dd3ee-224c-442b-a48e-05ada09d3ca0,71e70a76-158d-4813-abbe-a5f820cd968a,wallet,1033.67,completed,US
655162f2-3cea-421e-adf2-b40f9df7caba,2cf2487d-13fe-474a-a282-c46286a13fa5,credit_card,217.57,completed,GB
ad96074a-ba3e-4aac-90b7-7b76f08958e2,62d18a9b-0f70-4d63-b178-8aaaf8ab9fc7,credit_card,504.49,completed,BR
d81a2ee5-c168-4465-873d-70f25040f1f1,2a50933a-0041-4a7f-ab6b-212d67805448,debit_card,145.97,completed,IN
310f9f06-5c28-41b4-b2e5-f0f9cf770475,434c065f-fe1f-4283-9f62-e9a972833d9f,wallet,223.44,completed,US
1592144b-71f2-4b88-9d7d-f5eefee672a0,c148761e-2f55-4ed6-8fe2-0bf88e809bc8,wallet,460.63,completed,NG
8fd9b1a7-c151-4eaa-a494-522949ee4a2c,fc3c733d-12da-4795-bf28-1788d5edc58e,credit_card,328.98,completed,GB
938439f5-69a7-418e-9019-646502093747,614d1d6f-94cb-4e58-9020-a466700df7e1,paypal,2193.03,completed,BR
b08caf53-f443-4de9-96db-37e59b149202,27a7e34e-21e6-4494-b635-2bde1d75cdf0,paypal,435.42,completed,GB
c34306bb-d99f-4567-996b-6309a002d236,395bb3ef-f5f6-41e0-a275-fb85db2473f6,wallet,3153.5,completed,NG
5b62c470-ee8a-4b45-b6b6-bfecbf92d638,cdb70138-e9c0-4adc-8414-d3f6c1197402,wallet,356.85,completed,IN
80267693-15b8-4cb4-a2b3-5a4184a9c76c,76513ae1-f1fd-4301-a2f4-37453bc6c3af,paypal,86.56,completed,GB
3f2fed52-eb79-4ed7-84df-bd794ff6adba,6e50ef29-e240-4414-b341-3ddba249f27e,wallet,441.86,completed,BR
9442b084-562a-4aca-a6e2-0dacdfeaa841,98aa9b80-b0fc-4f16-8241-36a2f11afc76,wallet,2446.25,failed,IN
c69db358-6ffe-4e08-b8a1-1210076047fd,893aa681-b08f-4b5b-b378-df04bf616f7e,debit_card,43.43,completed,BR
cff55387-7d59-41ff-b7a5-ab1f67970991,e6d12aff-250c-4352-b238-6bce6b895f7c,debit_card,350.62,completed,GB
0b0abd25-1d59-40d0-9834-9a219f62ff2b,16e8c782-1b87-45b9-95df-50c2167a4f5a,paypal,460.51,completed,IN
a0ba8eaa-1698-486d-8f39-5d6c00d7be4b,3a10ae5c-4154-441b-b5bf-5d81c6422bcd,credit_card,1428.08,completed,GB
1d2510dd-b736-4981-90d0-33fd1d5129d3,a12b0a33-6273-404b-8355-cd5dd7c88cf5,credit_card,1023.42,completed,NG
05d69585-5b39-4564-b179-c4ec9c5f6043,c6ce3baf-224a-40f0-898f-e36f090679cb,debit_card,1033.65,completed,US
6991fa63-fdec-440d-ae18-9cf25060a98f,2cc2f2da-e26f-4a25-984b-0cde9fc022a3,paypal,19.2,completed,US
2755dc0e-0799-43ed-b330-e5629b551457,42ad172b-8578-421a-adff-823d98f31e11,paypal,303.15,completed,IN
a2783f3e-986b-4230-b76e-a1428b294765,fe2b1861-152b-456d-bad2-a56c894ae981,debit_card,88.83,completed,US
580cef10-8bfb-41c2-a21a-ebf856ecf425,2485e476-6cf0-4bf6-9c5f-67753efe5f8f,debit_card,194.57,completed,IN
e1b88fef-4dfc-414d-ad20-e9720790a37a,50a940c2-c44f-4a8d-b0b7-8255a077db5d,wallet,598.98,completed,US
192de9ee-9c6e-4aae-a329-068f08f87d30,7c7733c7-e068-4eb0-8c28-e9293cc9a0b6,debit_card,196.27,completed,IN
c4788869-08f2-4150-a47e-fbd6d9068372,f3205080-e71d-4fe6-8894-9dd5706ef5fa,paypal,492.24,completed,BR
a653d909-bb06-4be6-bc68-6844509f9e0e,632b7301-612b-4d7d-9db0-e91bc6eb6975,wallet,412.92,completed,NG
74556937-a0d6-444d-aced-f4df21053ab5,1b8fb9ac-a2ac-46a3-b014-3e9581e247c8,paypal,80.01,completed,IN
766543c5-02bf-4ae6-810f-38cfd001fd7a,7245e450-1e57-4a7c-8ef6-9f8d9b35cf70,credit_card,1026.24,completed,GB
75a56774-56e8-47da-b3ff-3c921400fe84,234d9e26-1fb4-43bb-918d-c312f6cb48b1,paypal,367.95,completed,DE
0a9beb0b-c2c0-44e0-8fe5-8e3bc2ba4c05,38991f31-6d4a-42fc-b687-586fb51dbf5b,wallet,141.54,completed,US
4a9e8e31-39f6-40c9-8174-0254c19eb358,7862db0b-c861-446a-b021-50bd52315386,debit_card,2365.49,completed,BR
d7817b88-cc00-48ab-873b-0acf5501a3dc,c3ce4220-5cdb-4f4c-ace5-1674f697a880,wallet,454.04,completed,US
bac95e24-ba1c-4755-b79f-54aa2694fe67,31422c28-cf0c-425b-b787-8f6fdeb9633e,debit_card,73.5,completed,IN
a36ca68d-5c04-438b-909e-34502c182af8,d5884045-734e-4522-ae5f-7c2420a7f6b7,paypal,479.55,completed,US
3060ecac-eea0-41bb-a317-3f0cf182a22a,845b190d-d373-40f0-a164-d81b5cf74ea2,credit_card,366.67,completed,US
e7f1a584-53c6-4438-9ca7-8c7e7f4950e4,a56a1d33-bf00-4e7e-9199-3ddd9b3da4d4,wallet,408.13,completed,IN
9d8a8b75-c983-42f3-8ba0-91a8e3e943f9,edaa9668-4520-4606-9257-26dc8a3fedf8,paypal,260.89,completed,US
f57a3085-8495-4b08-90fa-b7ce1cb3c70c,185684c4-9c1e-45e7-8c83-24d14a2cc2a8,paypal,694.63,completed,GB
5b862b91-d867-4d45-bb5a-8570dceea911,595cd6b3-3d71-4d0b-a3a4-502fbf68898c,debit_card,573.08,completed,NG
c1c2e604-99b4-48fb-99f8-5801abdfa68f,b09f7482-09dd-454b-bccb-3f4ba4d28041,wallet,367.05,completed,DE
9296dd0a-9b9a-4fb1-9a97-5c3142a32ee4,9339cb0c-08e3-4c01-ba92-fc183cb6b887,paypal,215.42,completed,IN
7d5d2965-66c0-4dc6-8913-6b96cf8cbf46,dc471a92-6337-4d1d-8b48-1638507f5690,credit_card,755.89,completed,BR
05c3c65a-80e0-4bfa-b8bf-23283f8c5d77,545e0755-0393-45ef-9899-3b25219d36aa,debit_card,645.71,completed,DE
d52dc2d5-29c4-4aa1-953d-8dba84d20ee7,c5e2ea75-ce38-4ff2-8811-ef2fbd62ce99,paypal,982.73,completed,IN
7cc3a0dc-82e5-468e-8551-fdaac5abb451,0255e0bd-28a0-4794-9827-a8e61791d950,debit_card,205.27,completed,IN
5631c6e3-b22e-4980-bbb6-2e7d5fdd9512,2e46cb10-a1ab-4562-b152-5ff9447763ea,credit_card,50.79,completed,NG
1383e21b-1924-49e1-879b-290e9d59a226,9e9cc7e8-7f52-442c-b196-d6a7bf62bbb4,credit_card,684.83,completed,GB
c8087397-c7ed-4838-8460-a1a48af8529c,97191f32-e3af-4e6d-bd14-382bfe442816,debit_card,785.06,completed,DE
f244d0d0-bb48-437a-a114-ee3e532c662b,d4e36126-4bfd-4428-ac50-cebd8687d9cb,paypal,518.97,completed,US
1f5a9081-1e5c-4234-8604-6b93bf5ccffa,8b12f596-67c0-4ed0-8011-f52aefc861e0,wallet,610.77,completed,GB
85be0a43-7949-4bc5-83ea-667ca2cffcf4,6565c315-d929-4763-94b8-3ee9e1ee1c3f,paypal,1846.0,completed,US
4baeb7ab-73dc-4842-bf9b-fdd995dc22bb,aa5d88c2-16c6-4e37-885f-febefb21bc98,wallet,214.98,completed,DE
8b5a71a0-a1ff-4fd2-99b3-ba000261c777,b16e30ae-ae75-4514-813b-ce87f1215b93,debit_card,227.01,completed,NG
f99d8359-d5c4-4c4e-a5d6-e6c98862adc3,31d60858-f784-4cdc-870e-29a08c584cf1,wallet,1177.71,completed,BR
6f2aa4ba-c63f-42e4-849e-26bf2d1015ea,8e61da64-d9ea-4ba5-9c27-52ae6dbb3977,paypal,78.03,completed,GB
dd1140f2-2743-480e-910b-f28b94eafb01,a8a576ea-e929-4738-a23b-197cbd8897cb,wallet,1781.72,completed,GB
176a99aa-c334-44d9-8b13-0f31c6439832,9e828eca-4b5c-42c6-8375-727b6a9ae717,debit_card,388.47,completed,NG
e4ad746e-e242-4ba9-9eb1-5c052ce86852,14c5a6a5-105b-4d89-97e7-97cef946d61b,wallet,464.62,completed,DE
a81ca7d4-89f8-458a-b943-ea47c8937019,5b0d84be-ff75-4df6-a81f-3472e85f0a2c,debit_card,690.16,completed,NG
168aa4a6-4029-48c2-ae9e-3cb3ca12739e,7b455008-f632-4086-9915-0d16887fc336,debit_card,261.98,completed,US
e9dc7536-97ec-417a-8724-637934762e5c,a247a684-711d-44a9-999b-4294f330da79,debit_card,112.61,completed,DE
041b9355-0aa8-4749-99de-4662ad11f220,d06806e1-fee9-42aa-a67c-7eacee67dcdf,paypal,228.95,completed,IN
ef41e4fb-dfc2-4afc-a135-5813dff01786,f83a82fc-3d80-4e66-bcaa-6b4af2c2d074,paypal,337.36,completed,GB
6d5f613e-1ec8-442f-b4dd-26659312891c,93cf3d7d-96c3-4eb2-a4ff-757e0fb9c53f,wallet,445.43,completed,BR
e8d074ac-cdd9-433f-a0fe-abaa62848f8c,6ce197be-7605-4b6b-955a-e116d2fa23e0,paypal,920.91,completed,GB
09a39a16-1e05-4c7f-b6b8-cb3be0fce301,5b77f757-961f-4370-9fd2-35fc8942ecc4,credit_card,261.45,completed,BR
8c587204-07d6-4264-ae63-d8c0fda0dfdc,04a2b9e9-7f91-42c6-9c37-80710afd8744,wallet,799.45,completed,GB
ef415cb4-b129-45dc-8e1b-630840f77782,caf9d775-a2f1-47a4-a3fd-fd02b03dfe79,wallet,52.98,completed,US
c07458ed-93ad-4408-8e2a-3bddaf834b42,7de1c607-98e9-404b-a768-9caa20e658a3,debit_card,336.64,completed,DE
95e64247-da4d-490b-89fc-4a7b43bc61bc,3d5ac780-0a60-4e6e-b932-336af13c2c9b,debit_card,686.92,completed,US
cd23a19f-2c4a-4118-86d3-4d12f73d7079,25fdfb99-e068-44e4-b668-745b67c3427d,debit_card,562.78,completed,US
0d66e693-096f-4fc5-a761-6c0fc95a2c88,c31d7b36-ce6e-4d1b-bd5d-c233d7f4965c,wallet,344.49,completed,GB
32745df0-bfa2-4b22-a3a7-f847a122d417,2ded2864-666c-45b1-a62a-ddbe4a0b00da,debit_card,737.39,completed,NG
5c296235-be85-41cd-bad2-935b35822a13,65751c5b-07b3-4580-8a1a-146f902a0e68,debit_card,1068.81,completed,BR
127b7c32-cb87-478e-9682-10209376139c,5882662a-c1b5-4dea-968e-32620cec7c35,wallet,96.43,completed,DE
3316d89d-9043-49d8-99f5-77ddc226248c,32562a39-536c-41e2-8a2c-4431d98b990f,credit_card,101.19,completed,BR
225f9212-d2d9-47b9-9acb-b3d828ff081b,0d05644f-b7fb-43e4-a22b-a30f0af7b181,debit_card,327.3,completed,IN
2dc9c6e6-93aa-4d13-a9a1-3f7f640be550,db499743-77a3-4bc9-a2db-a63814815ad0,paypal,229.43,completed,BR
f75d1968-7fd6-4c48-91cf-adb173a117c9,f1d9372a-46d7-4d70-812f-86b76aecf33f,debit_card,339.66,completed,GB
c73fe6e7-1391-44c3-b6d3-3d64972d85f4,a378bac6-3cb9-4774-b2c0-e6d608c6ef86,wallet,317.48,completed,US
8b986943-237e-487b-8c5c-2316cf8be230,1e75b10a-f8de-41d7-9dfe-0fff4150ea27,paypal,891.16,completed,US
3e7436a8-3e94-4e84-bc41-733e542a07d2,48ad7da3-d59f-4cac-aa7d-f7c654298fba,credit_card,1315.7,completed,BR
70c442da-9f91-4884-906e-ad5d9c71f345,5e908740-77c2-4b3f-bd71-9505ddb572de,paypal,740.66,completed,IN
95536bd7-dd64-4f15-8bb9-d5de5bba6a7a,3063cf4e-c0be-48dc-9478-19c8a2fe96d5,paypal,131.95,completed,NG
21f6539b-f0be-462f-b7b3-6e1a25b48ecc,67997eb2-ff31-4385-acd4-87c8a45d3e3c,paypal,446.99,completed,IN
07ea2126-d258-4014-9750-0340ae7ddc71,08bc3f65-f875-492b-bbf4-dcc94a122bef,debit_card,1023.4,completed,US
acdadc3b-303e-4f86-a9a8-8cc91b6eaad1,7cea62e4-8fb1-4898-b595-ff183095ab32,wallet,1052.67,completed,NG
76944ba0-615f-4557-8f5d-3b9c0aae5c60,b512eed8-f6a4-4352-9a1c-56974da9cff6,credit_card,500.87,completed,GB
07d28211-b1bf-400d-95b9-45b6927e5e57,5b9c132a-2323-4f76-bc1e-227dfae71244,debit_card,247.0,completed,US
a23ab806-c2c8-4bf1-b8e0-8389acbf092c,51fa5edf-e1e5-4cfd-bea1-e883904a8c76,credit_card,323.92,completed,NG
6365df2e-ab52-4f81-b5e0-389020451332,90eefd37-0289-467d-a593-524492f01c14,debit_card,613.28,completed,NG
66e97001-3fdd-4ed0-9bd5-04596c7e50a7,68ca88a1-d9b0-4459-bb06-a841d528b2c4,debit_card,1623.1,completed,DE
8677a72a-7af3-4a7f-b711-1dedfce87ee8,b5a41ce2-200c-49af-b1f1-27e2f3f24f88,paypal,397.82,completed,BR
16155d77-8a02-4f08-a935-c3b56a51f1f3,52e58d32-2f90-4ab4-8fd8-07b4400fb433,paypal,80.77,completed,NG
91dac930-120f-4550-b076-e35556947dcc,90b4db17-6f3e-4676-954b-37d9061679df,credit_card,188.37,completed,DE
c68acb96-ae5f-47bb-a73e-bf725ceaf789,9030a138-ccef-4c98-aa4d-ab75872c0a4c,credit_card,531.64,completed,NG
14f25afb-14d8-4e5c-8088-0fe868e2419a,f89238ab-d8a7-41ae-a2f2-fbfedcf50e60,debit_card,86.91,completed,US
a5465fc0-4d4e-47dd-9601-79c769f4dc20,06a123ec-2433-49fb-9a15-28248dcbe5ed,credit_card,43.54,failed,IN
3d71cd1f-0d82-42bf-ba39-5d497a72b213,c1de2491-c761-4b0b-a4bf-4c7ec2e86415,debit_card,593.42,failed,NG
8f0d437c-f789-4901-8ccf-d262b7e86c92,d34b459e-7e36-47ba-a4f9-d159c7f57c0e,credit_card,191.35,completed,BR
4d025c20-2cbd-4812-80e3-0852dd9c2c1a,9f386011-cba7-4af5-8300-576766a9738b,debit_card,337.04,completed,GB
feb5b4c7-05b9-49da-8da4-b075ea391518,f90b1df4-1272-4a5f-b7d2-eca80a4fc546,credit_card,1347.22,completed,GB
435872b8-050e-4933-ab84-f73d6ed8dc5e,133eea25-672e-44bb-b52c-7b9a2c865a55,debit_card,95.93,completed,BR
8a76dab1-c480-41cf-bed1-e8aacdae396d,954ff699-164f-4902-a4d0-625b298e7399,debit_card,558.47,completed,IN
7888024f-d07e-4c3f-87aa-09bc39336312,70d2126b-dbc2-4fdb-acd5-80101b2d0173,paypal,473.04,completed,BR
3d22f481-96c0-4d8a-beda-cbb8a1f5868a,7d51c832-6b60-4bf8-99d4-0ee470bab6c1,debit_card,189.78,completed,US
a6d886cc-ea4b-494c-b05e-b8b8bca3fbf7,20eba648-8f87-4184-a7b0-69b6d2a73c65,debit_card,323.81,completed,US
d4110f9b-d5c7-4845-8066-9e36b89ad122,dc4e16af-0936-4301-ba4e-1caa8cb1a871,paypal,400.73,completed,BR
14e0ed2f-763a-486d-b6e1-c6761f9d8e76,10737198-2a65-42d9-9de3-1c803b7a1545,debit_card,510.88,completed,US
b653a37e-e3bc-4d3c-b2fb-f81f966800c7,bbccff00-b271-4023-82aa-5856ea24da71,debit_card,791.2,completed,BR
53bc14ef-998c-4178-84e3-84ac34cda644,da7a01e0-fcb6-413b-807f-06b46bc4cd1f,credit_card,277.72,completed,DE
dec6acb8-36df-4e4a-8151-1ad7982b7512,0f4f25d9-049b-4862-afd7-0f7276be15c8,wallet,276.97,completed,DE
986237cf-778c-42ff-94d4-36923ae8b348,db52ced7-282b-4afb-a354-cb0381510d51,debit_card,215.95,completed,IN
68951d45-01b2-4752-8f38-67fd99994b2a,ec4e10d1-a9f4-46ef-82d4-7781eee85ec9,debit_card,158.36,completed,BR
32e7bf77-0611-4b95-b9db-0af15d4b98e6,4dc13919-163f-4c5d-8846-386d420434b9,credit_card,17.62,completed,GB
4f5651bf-90b2-4227-bde9-3acccd9e214b,12c83a1c-a811-4c25-87ae-5544459aca4d,wallet,555.48,completed,GB
896391ef-9794-4db9-bc6f-2540ac69c25a,6d169ab5-101a-4811-832d-3871eb6cc360,wallet,154.68,completed,DE
3a0d54dc-ed22-4422-94d9-9e17df081c13,f8851919-fa80-473b-9326-52047db500fe,paypal,359.42,completed,GB
7ea7a9c1-d89e-4657-b76b-fcc9e5606465,322d12b3-8397-4989-a2d3-af7c5dccf777,paypal,240.08,completed,DE
bc404517-dfdb-4f76-adec-2005dedf82b5,b054556e-01ab-402a-a02c-70584ad0f509,paypal,431.44,completed,NG
35e3ea3e-25c9-462c-bb5b-29df9bcd66bd,45f4f08a-464f-4fce-a6f0-845eb6b8a1d8,wallet,515.82,completed,IN
694981b7-a038-4d52-b6c5-8911370a0029,ac74c037-a593-49ae-b1d0-79c9392f80ac,debit_card,260.8,completed,BR
f67678b2-d979-4f63-a2c6-cab6907a8025,e5ba560c-cab6-4995-b1b4-4616c64624fb,paypal,312.07,completed,BR
75302530-b8ac-4c89-a810-d0d97e2a86db,3a276e95-e62e-4ffb-b0be-962340bb204d,paypal,233.42,completed,GB
f4abe513-5505-4a26-bc29-47f1af994078,30de08df-1a09-4940-acf2-ac3e1e6f6b1a,debit_card,462.49,completed,GB
71862d5c-2216-46d3-891e-21f7b53a96e1,c0d3fc89-0f63-441a-bf7c-7a550a8b5141,paypal,553.98,completed,US
406da5e0-dad2-4ff3-ab0b-194ae414294c,b8cb2105-3b47-4fbe-9cbd-9b7e96a06d79,wallet,97.78,completed,IN
c5f7296a-ec23-4626-971d-771ac62b8952,af749d9a-41a7-4579-bb2a-2a26119ed2d4,credit_card,480.94,completed,GB
d75b6e20-4472-4990-91d4-9b8be1a0daf7,6e938049-d658-403b-9a81-2ac02e38fe5b,wallet,1296.52,completed,GB
b626882b-00a3-4148-91d9-fa5b812b3d6b,bce567c9-a95c-4de1-9aea-240026eb25b1,paypal,549.8,completed,US
f6f67542-6b83-4db2-b6bd-cf550c0a584d,4eba8a73-9e61-498f-80f1-023cf8ad8fd8,paypal,956.18,completed,US
09d49e14-78e5-44d9-915a-4e37adf684b5,1d07ee55-fbfd-4037-9ddf-ffb8fdf73218,wallet,121.39,completed,DE
b26e2ae5-e1e7-45cf-945f-6c937da4ba3c,024768ad-981d-4211-803d-ec895035fda4,paypal,2858.06,completed,US
6e83ab7e-7555-4671-8574-abf5961a795f,af1e0f72-61bd-4acf-a1a3-65c0d3ee3893,paypal,577.48,completed,BR
f752674e-e426-4122-9463-e365340a9595,288a4bc6-c28c-471f-979f-1c59361ea08a,wallet,1121.7,completed,BR
2724e743-c83d-4680-b7fe-ad6d65bbd41f,eb5fcc28-e936-4bf1-80bf-f162114b1f52,wallet,304.09,completed,DE
1024e383-32e6-49ab-b319-7784503f1d88,c69de4da-b6ae-45b5-b587-20467b70c733,wallet,679.3,completed,BR
d8469683-83ba-4077-a50c-edefc4e56586,81d3ecf8-0bc0-4f3b-a4d3-269bf6b36334,wallet,513.96,completed,IN
918195e2-2966-496c-ab46-2fc5c8906af7,4f6b63c2-47c2-483f-a121-6f42f6c0bf2b,wallet,265.33,completed,US
7308993e-2ceb-42f4-af66-c6959c5629b3,727c9aad-1c0d-4658-a647-f8f67023f69b,paypal,282.66,completed,NG
61358787-db24-41f0-bf62-c72edbbbc8cb,a5c24f26-1ce6-4267-aa10-4cbb0fe68afe,wallet,351.45,completed,US
7f39c56f-86d1-4bd5-8dba-59259aedeae0,60c95879-081b-49ad-a988-cef8f37f6575,credit_card,772.16,completed,IN
64c14b17-928c-4bd5-a50c-000090e25013,aa509bb3-3f4f-4d13-957a-faf22c71d190,paypal,199.32,completed,BR
b3304667-93d0-451b-a775-62162ea5b411,c4ac7981-56ab-4157-95b5-81c72da7bddb,wallet,746.12,completed,GB
910c2255-6bb6-410a-a868-9e90057e4906,32b1fc02-db0c-40ad-a69d-2842d0f7d1d5,debit_card,953.11,completed,BR
469747e7-c015-4bc8-91c7-e3a4e1b31cd0,00e41d55-b63c-41fb-a1c7-bdec019aecb3,wallet,466.41,completed,NG
d13a91b8-9084-4a07-9f9c-68008334aaa2,33f70eeb-962e-4e55-8e8e-ae846621adcb,paypal,214.98,completed,NG
943bb198-d99c-4595-bb9c-d92fdbc74d09,0dc470be-4375-4b7b-aef5-1e2ab91a0ec3,debit_card,1787.55,completed,IN
495aff8a-98c8-417b-a44a-65ac8aeef327,d5f3e722-bafd-4a60-aabe-4d02a37b28a5,debit_card,295.45,completed,US
4aeade62-c601-4e08-b42d-1a815ea1ba33,5ed6a69c-a6d7-47da-8f30-87e86a1127c5,credit_card,71.96,completed,IN
306949ed-abd3-453a-af23-fdab15080b3b,7a3398da-6599-48ae-b00d-00903c535bcd,debit_card,579.74,completed,NG
bee7b9f2-eb00-467f-ad03-770bbb5320b3,7282ac57-7ae9-4f9f-8257-7f97dff4f5cd,paypal,341.25,completed,US
f4c164c3-84bd-4957-bb4a-b8a91dfc5ef2,b09dbb36-3e56-493f-98db-4dc593fdfb54,paypal,2768.72,completed,NG
f9cd5fec-cca3-4ffc-ad55-5da37cf4fee1,14250a2c-7be3-411b-815d-0379f360c519,debit_card,763.84,completed,NG
5f3beab2-70a1-424b-baba-e782c39a520c,175d9ebb-0adb-4e58-b5b2-3ba78aad41db,wallet,282.77,completed,GB
53833a45-7c50-4387-98f7-1fde2f2e89f2,0354d05e-8def-4482-b357-ed397bf7136d,paypal,537.91,completed,IN
6f0eb141-eada-43d2-b599-17a5196aed68,b2a2cecc-95a3-4607-99d4-d188c803501c,paypal,336.48,completed,IN
02f99d78-7602-4999-a6ac-4f504e0f90c0,39d34115-4adf-4029-9d72-1c67ff94bc7f,wallet,335.28,completed,GB
5bd7ba8c-0fb1-4420-a592-201dee39bee3,497c9649-a15d-494e-a3bb-d98f1b57bcfe,debit_card,709.35,completed,IN
69a44607-fdd7-4201-bf1a-b97f2fdc00c3,c9bf3fc1-6787-4871-956c-14ff46fbce2c,credit_card,762.37,completed,IN
064984c2-e986-4c86-ab62-9effd91020f9,fd32a16e-1c2a-457d-89fc-1bd8f2142de4,wallet,2742.4,completed,US
155010e7-0fb5-4639-8f2a-9999cfd70f74,8b4826b0-1648-4d2e-b872-9f11a658627e,wallet,323.5,completed,DE
24823b48-10a8-4d0d-9d99-f7886e358692,00878055-8e18-49d3-b88f-dd84b5e9f883,debit_card,365.27,completed,DE
7c27afb2-6842-4104-8bb8-ad2e3c5ca445,e182e810-57e3-438c-9adf-6b436721d9a4,credit_card,379.14,completed,BR
75e73697-3898-4614-80cb-12aa764db8b4,50c65ad1-05d4-4a96-a868-ff7a6b5f54be,debit_card,383.12,completed,GB
ef415ab8-8664-411c-a687-4e4db9a077f6,4c23fe68-f25f-4269-a410-e0f457eaa85b,debit_card,543.17,completed,GB
8b1d9b4f-ee4c-476b-848f-cb144b639291,76361371-ab53-4318-a466-b84063105144,paypal,456.59,completed,IN
bee8ffb9-cf29-4738-9117-9f0277094d17,003426d6-7582-456e-8068-0645ca69875c,wallet,133.85,completed,IN
24f109fb-d277-4ef8-837d-fa5026d5cf44,4b124da3-6e82-408b-a032-4e9973efdb37,debit_card,200.47,completed,GB
18dac345-415e-427a-bb05-47ee4c78058c,4efda064-f66d-426a-960d-25c9727f26be,debit_card,52.41,completed,GB
a62441ea-eab1-4aa6-b8ec-0bd40d8a40be,590176d0-4bef-475d-8ff1-78d52addba22,debit_card,85.94,completed,DE
5de96bc6-be83-46ca-8c25-891fc088c36c,952be538-1dfa-48ba-ac50-e6c583fea14b,credit_card,736.08,completed,GB
ec95c0e6-1f95-4f0f-8d4f-4884f34eccbd,2fbdfabd-77e6-4ab3-b812-d0baeab10704,paypal,200.15,completed,US
570c4bfd-6803-4d7f-82a3-f5a15ad3effe,861ee91c-0248-4a51-aa71-56faf6de6324,credit_card,145.36,completed,IN
a64586d4-4018-4397-91ad-c503cdcde379,6388af1c-ef74-4a57-bc13-ade4c5e6175c,paypal,507.81,completed,US
54379a0f-6d70-40b8-868b-73e402543140,70863534-372f-4fd2-b19e-96a4ae927a90,debit_card,291.39,completed,BR
1fc423e7-9730-494d-ad2d-c88ccc0229a1,771fd576-f3f8-4633-9444-1960cdd862e0,credit_card,96.75,completed,DE
f73d4e31-7218-4057-bece-a4aa09f51113,6a5fd92c-7fa4-470f-90d5-29c044ab23bb,debit_card,171.39,completed,DE
aab0025d-1882-4d05-97a8-63eb56c2ed86,9cb09263-7f97-4b6e-918f-0a3749b7779c,debit_card,434.03,completed,NG
32c2ded0-26dd-44a7-9325-5169f5614c14,e21c7bea-9b54-4237-b190-180b863ba8d2,paypal,382.19,completed,BR
56c9d02a-90a6-46f4-b13c-b7f611941f8b,74d600bf-b5ce-476b-acdd-caa8502eed24,wallet,439.8,completed,GB
2fa8db85-08a7-4909-bd6a-4cbc87e9e36c,0648e950-814d-4ae9-befc-1bb846b45a94,paypal,699.17,completed,GB
474a1b4d-0459-4202-925e-fd1621ce7f56,e4a31ab7-f0e3-45a1-a178-5143f1f156f6,paypal,322.25,completed,IN
c0f8e03d-75d9-4dd9-ace3-becbd2886773,b4f92761-3a73-41cf-98ff-cd14f8f6f2fd,wallet,169.2,completed,NG
c8e2df0d-b8e9-4b73-9cc0-e183ab33c2bd,2f41412d-86d3-406e-ba4c-572c7d42defe,debit_card,980.07,completed,NG
7166a4d6-5399-4618-ad07-287d1c11dc63,cd073736-78e8-477c-9e8a-f4da34bdaa4e,paypal,339.12,completed,IN
992f76eb-9726-4eb2-8b92-9502d210c9ae,6dbd36c6-ea9f-4b05-b447-83a0dafbb4ff,wallet,37.31,completed,IN
0becb598-e3ef-4125-9bd7-276e5190f67f,d9573982-0f6f-425e-9e53-016cb19984b0,credit_card,670.0,completed,US
64e03545-6ce4-468d-82fc-6db004897117,ba2fd303-ffc6-4eaf-b519-56febbe335fd,paypal,252.06,completed,IN
16e93e03-38a1-4048-b49e-a7e2e80406ac,79166194-206d-402c-a7e7-cfc543aeeb48,paypal,478.63,completed,GB
11ef525a-f328-4955-a156-9cd10a8a40b9,7c7d2c58-fddb-4315-b702-16dfaebf1ae7,wallet,450.69,completed,GB
91d332ac-f586-4567-bded-43348c947bcf,daf7116b-96d2-4da2-ba92-5171539a4c43,wallet,148.66,completed,GB
ef4874ce-6a51-4621-b2aa-58e71efec4d5,7ee1d10d-2db1-4034-bbff-1ad48256a6a3,wallet,1702.57,completed,IN
a067f399-21b2-4318-a21a-5fba4b637f9d,0d98fb28-1620-4e11-a26f-809fe3687c85,paypal,36.53,completed,GB
4e4510e3-9ebe-4d83-a27c-d5f2074cdf74,1faa1664-b0f5-4b3d-a7f7-25eec9a66862,debit_card,369.73,completed,DE
5a9826bd-d8c5-418f-8d2c-e96b9ac5eef2,d8decb93-c9d4-4b76-b1c4-2dd626e338cb,paypal,247.08,completed,BR
f2e2f12f-cdcb-4290-aff0-51cbcec9e965,cd039c77-c10a-4c7d-bafc-0412c2023505,debit_card,485.83,completed,DE
735e558b-54f9-4b89-87ce-fc9aa37fa5a2,5288950b-c85d-4146-92dc-692f650ca3cf,credit_card,170.08,completed,BR
3bb736a6-3a3e-4e13-aab5-7e5592c40f63,593c28c4-1be2-41fc-88d0-df022f00afdf,credit_card,717.18,completed,DE
d1a40b8c-26e5-4d16-aaec-6e7263b26da5,4ff5c75f-0224-4966-b4ba-c51a33e9600c,credit_card,558.13,completed,IN
84ea9b28-45a0-4fe8-81b0-912f6ad0d978,3171a192-5a15-47e4-af67-a8b0b5396d24,credit_card,234.75,completed,BR
d0b422c5-df7a-4ba1-9255-4459c4074d23,67bb4fc5-6130-4568-8f25-78c061bf430a,wallet,1508.38,completed,GB
87446ab6-0944-4c63-b644-2474e387d2d8,aa7aeb77-4243-4046-9cc3-540e66a4a0a3,wallet,117.98,completed,DE
0de4b566-0d17-477d-81c3-a9dd82cd4957,a6c1fe90-f695-4028-8137-8b4ebb10f6b7,wallet,407.87,completed,DE
4182bf56-feb4-4bff-89d8-88c9242cb3d6,2ceee8ca-e7f2-4040-b00f-f7fee18195c3,credit_card,307.47,completed,DE
68149923-5fd7-4008-974d-1f6810160819,62f9b734-1dc8-4384-ba87-a4eb74c8e90b,debit_card,458.76,completed,BR
a034fd20-90c6-4224-aee4-74bc10b60a92,b078fa5d-b89b-47c2-bebe-4fc1b9ab9031,credit_card,702.59,completed,NG
176d662a-bf5c-43bb-8cb5-1f57018cb885,82342511-d066-4dbf-9aeb-e11777300add,wallet,142.34,completed,US
a503df1e-03fa-4e2a-9df4-63e95c8e81a9,5334a191-2924-4b28-ac57-b5fafa0e9537,wallet,273.5,completed,GB
41429e87-84c0-49af-9768-4b8304e7afb6,caf3d9f5-b601-47f6-ac5e-b5dd669eb00d,credit_card,699.25,completed,IN
e41c1079-5b28-4bf2-a0c0-57a6ae4c444e,820bb837-5c6e-4cd2-8437-d112a5c60947,credit_card,1141.27,completed,BR
b65d06df-ddea-4a06-bc93-fb60045680a8,879c93b9-5ce1-49ad-b995-ca805327ecbe,paypal,496.27,completed,US
f7e900ce-3de8-4604-b0a3-6c1061c621d2,04e673de-8723-4cbe-b7c7-2bfc7c3c4cce,credit_card,239.71,completed,NG
d517367d-7ab5-40ba-8d80-fc56126554d4,c900f3a8-8d2b-4cae-8b4a-c0c153fb56f1,debit_card,780.69,completed,BR
c12b81cf-634b-479b-a8be-ac329d9a7d66,ace867a9-0dbb-4fa5-9711-b7408c3b977c,wallet,177.93,completed,GB
96dbfa9a-db64-4432-89e7-e4818aaf0468,c6d18eb7-7019-446c-aa2c-079d919e079c,paypal,522.5,completed,BR
208d320b-8777-4c0c-a535-e3f1dc5748fe,9cb46aaf-1062-49d1-a5f4-13ba06fbad81,wallet,236.29,completed,NG
d3362c1f-440f-4334-8e24-2a9732263940,e998a694-7806-4902-9c50-847593005f73,paypal,976.15,completed,BR
b1af7961-af6e-4b10-ab23-6f3e41652128,829b8ba0-1146-4588-ade8-03befe543b33,debit_card,505.53,completed,NG
63f2ee64-7f35-45ee-8afe-93304b69c399,e4cd8e63-f39b-42e5-83a7-b46bbea8887d,debit_card,1514.73,completed,BR
58947bd5-1b79-4d19-b4ce-afae43d535f0,7ca464cd-f5bf-4273-ab97-1ee2e62cc0ac,paypal,23.57,completed,NG
9a45691f-9659-460d-988d-6f68acf64a4f,5276b85e-f642-4893-a8ea-a05f5e0a6997,debit_card,1475.49,completed,NG
43dc5e76-46f2-466b-a681-9c4eb66d0ed3,a3e01697-abf5-4850-8b40-7574608ca11e,debit_card,2010.75,completed,IN
13961f8e-881f-44dd-b4d0-ba680ce06b82,65246591-cddf-4960-8068-6eb0f397e3a6,debit_card,316.35,completed,BR
19799e58-f2b3-4024-bec5-865ca037bbeb,812d6b77-9aa1-4769-96e4-e20f48a2467f,credit_card,239.9,completed,IN
0ae516db-3b24-4d53-9a6a-214ddaebd7f2,243a35c8-824f-4344-a22c-74837e3b6094,paypal,1201.88,completed,US
22f4a573-771a-4c5e-bcbf-fe159c77beb7,b9b5e61d-092c-4a73-92ea-37760d9c9175,paypal,175.47,completed,IN
531a90e7-beeb-4cb1-8207-a74072a25d28,5e97266a-5c5c-413a-94e4-cac6a21893da,wallet,463.29,completed,NG
c4338481-bd66-459f-820e-5a92b146e390,f29a45b3-f51f-4079-a65d-a63e60af26b8,credit_card,678.06,completed,US
8bb2095b-5c10-4aa2-a191-b85242ee35c3,0bedb75d-cad6-4ece-9f6b-18497be5c2f4,paypal,1030.4,completed,IN
e994c755-0a05-49d3-baee-11e0c8f64fed,380aabe5-3662-41a1-afe8-a5df589a525c,debit_card,147.49,completed,DE
97fdf8e0-c719-478f-9ed0-7bf10c4b47a7,57a01a05-4848-457c-b489-625f44ca9008,wallet,645.28,completed,GB
af2f521d-e57a-4e68-8e12-87f1dc01fb4f,6b34be1f-bfc0-4b46-be00-783a5cf2322a,debit_card,453.92,completed,DE
5abd85c2-aab2-45d4-9faa-d44a6668cd0f,80d7a6ac-94b8-4cd9-b33c-1cb421886d78,wallet,2109.7,completed,US
3436ef59-8a08-407d-8d7e-99d0810fb22d,452b7506-5d1d-408a-803a-9b5e491f05a7,paypal,489.49,completed,GB
a42786ee-29e6-4422-b93b-41ea530317a0,68f14b40-98f3-4ae7-aa98-a69a28db3019,wallet,1028.14,completed,IN
8212845d-8d59-4d68-9954-367258146c99,49c21b2c-2874-43b5-9326-8e971ebebb5c,paypal,538.28,completed,NG
3010cb5a-a335-4f13-a3a2-9f43285ed25f,a9e4a8d5-8f09-4f56-8717-b8dbc0f5341e,wallet,436.41,completed,US
281cf65d-c699-40c2-bb6b-0ec5ab45466e,ec3d8aa3-eddf-4969-86e9-36c9d84eeb1e,credit_card,1378.52,completed,NG
6752d962-5135-4754-9ebd-a10a13feafba,307061bd-3c17-444d-a827-b3a48a1ed8ee,debit_card,461.88,completed,NG
3658acf5-d395-44f5-9225-a3b2f7f45b8e,31e591a4-830d-427a-b013-75cb1713461f,debit_card,323.22,completed,NG
cbb8df36-12f2-468b-b85f-58c16b0f6aa6,e4719cf6-5f7b-42fc-84e3-40e9e6ba38ab,wallet,908.2,completed,US
6e3b8693-28a9-4ec6-8344-150c61f2bc59,9ad04bdc-8d39-465d-af98-8523acfb94bd,debit_card,17.36,completed,GB
1f580c42-33dc-4489-a790-d7899c69bf6a,4c4af6eb-bb74-4661-b4a5-43852a87825b,paypal,230.84,completed,IN
f4616bbb-d54a-4fea-93e1-91f8481d89d7,9ab9fbe3-213c-4e08-9b8b-dd14797669ca,debit_card,22.57,completed,GB
034fa2e7-6832-459c-8110-e0fc43a49f5d,9d8cecda-a127-4393-937e-da18d3198458,debit_card,237.14,completed,GB
eb4c55b6-3b20-4bf6-a2a6-732257f53964,72d1e846-0595-4fc3-855e-64e9bd2f5b79,credit_card,47.34,completed,DE
b3eaee92-d9fd-4e87-b1ac-cfd213726b7b,feda08f7-693c-49f9-b517-3cbe947ed760,wallet,837.67,completed,BR
27243454-5357-4487-9b14-fccc134516b3,5315f2c6-a33c-4b65-969d-649242cdaa23,credit_card,687.76,completed,NG
89cdca4c-9969-4f79-8e2e-1acd356a2b4f,d1f217be-23f4-403c-9c21-a115e7b3eb21,debit_card,354.45,completed,NG
aedfba3a-d8f9-4073-90df-339a4aacb27f,61d57e5e-cf11-4032-aafe-5fba9e35a2b1,debit_card,355.57,completed,IN
16081e70-29eb-4a55-94c4-2e038550651f,50dd969e-6c37-42b6-9f39-549c6a308685,debit_card,193.86,completed,US
45afb48c-086b-436d-a800-fd18e09f29eb,e95ba66b-448d-4073-9a84-bab13b438af5,debit_card,168.09,completed,NG
319a6881-73d4-45eb-a800-ae1af67348db,a7d7ac89-6437-4e86-a1cb-ebb034ad3080,debit_card,401.68,completed,NG
dc0460ad-197a-45e2-98bc-15a8f4030ba9,fe3fbb19-8271-40cc-9e6c-9f18f3c3799b,paypal,111.7,completed,NG
bba04867-89f4-421a-9f5c-228edf482d6d,bf514b90-d08a-4587-91a2-fe8185c6d397,wallet,142.34,completed,NG
03c70483-af5f-4af5-8ebf-09bc4756229a,40ef32f4-b772-480d-9663-ed95b60d9809,debit_card,777.98,completed,IN
5765137a-21fb-44e2-9f4f-6bed67c9ec59,978cc2fa-a521-4ce9-8265-b90d55678bb2,wallet,283.66,completed,NG
21326bee-d1de-4436-8adb-0d933432d255,d8e08126-5afd-41ed-bc92-a898fa39267c,wallet,616.37,completed,US
fc060dc3-3444-4834-b98c-b47a40296766,142ba8f4-554d-413f-af40-e419ced9a3e5,credit_card,125.57,completed,DE
1092e236-9250-45bd-837e-4b94d0d5688c,7b9cce08-4d4c-4d74-ae03-1912a755ad50,credit_card,258.55,completed,NG
99433b18-7a87-44d6-bdf7-d9cf1b047767,e8124eaf-0507-468e-b1f5-86a7edd65150,debit_card,425.14,completed,GB
7fee99cc-fe0d-4a82-ac5b-3c3a87c63dae,b88a0b20-b098-46d0-9315-e4bc7e12f62d,credit_card,147.82,completed,BR
13a3465d-b8f0-41b5-a8c5-1924f6042589,2d607b30-9b7f-4106-b88b-5573aaeaaa21,debit_card,309.9,completed,DE
8c794441-0b05-4451-aa9c-c55e44ba7d46,45039e29-0494-44cc-be88-7dda317bf430,debit_card,102.52,completed,US
a92c4822-a8ff-4ac8-99ee-a111d3b5f200,f84ad34e-fe3c-4fc2-b4cf-6808cbb31aa1,credit_card,387.66,completed,US
5dae2d6f-c61b-47af-b7f5-dc15b2c0899c,a1d79aef-7d87-4e5a-b00b-76d366d9172f,debit_card,567.24,completed,NG
5b6ad724-af5b-4925-9659-8c3cd63b75d3,527274f3-5a75-4537-a91d-3fa4cd98e873,wallet,126.23,completed,DE
7c1f85b4-4e6f-4bb7-a77e-ea9dd106d9df,28fd409e-93ae-41a6-84da-686de3c3b5b0,wallet,555.95,completed,NG
a1fc51c1-0444-48ff-b313-3e4e82642792,bdc1e941-061a-47de-9a46-7bbf3616a153,debit_card,332.88,completed,GB
06e76378-c6e2-4a2d-a25c-8bff13e30722,d3a05ac3-5358-4037-a7d4-1d54b22b457e,credit_card,492.72,completed,GB
7d6a71dd-e3fc-4a57-a5ec-280d28a834e9,39605bd4-f298-4cb1-b192-b96b09f6678b,credit_card,666.88,completed,IN
592a7dee-763b-4423-86b4-34ce31f8ea8a,498b2e58-d010-412f-9f2f-e826257de7d2,wallet,776.74,completed,GB
dc02e48b-557c-47c6-a6f7-2a30ffb95ea1,209c24c3-058e-41ad-b26a-43c41a49fc22,wallet,2756.45,completed,IN
ec77e6ac-a012-4613-9f47-4ec68afb507f,17f7853d-75bb-4b9b-8f0c-33fc19c7478d,wallet,90.0,completed,DE
0a40f007-78ad-4e5e-9934-83759badbfab,29ff2e65-7083-4ab1-b122-40a9cd3b2d6f,wallet,217.59,completed,GB
af91930d-131d-4b0f-8b46-86d78f6b79de,fc3abfc3-97aa-47ff-99a8-eed838939d38,paypal,658.5,completed,GB
22ed9ec8-3737-4fad-ba77-21b18a892ebe,c827b54f-ca69-4244-b529-827785b4384b,debit_card,604.84,completed,GB
0869b56b-8fa6-4d43-aeb8-b6dadae79cae,64b21b45-2979-475b-8b06-bccab46cd14c,debit_card,311.14,completed,NG
66016dce-21e3-4b12-96bd-797dbce906ee,96434d39-b7c2-49c7-a802-900ef37978cb,wallet,111.1,completed,NG
ebb7ab03-ac60-4942-afb7-49c43370e937,a871e742-79d3-4c4e-b2c8-e1c1f2b547e5,credit_card,54.25,completed,NG
217c950c-2550-46f1-a0fa-e8d9f853a0ce,fe6d4151-c1d9-44d2-86a0-ef8a71010cde,credit_card,193.51,completed,BR
f60d65fc-fea5-4802-9fc7-4aa1d4588e2c,7d20bc08-7ea2-429d-8eb1-6f61a964d667,debit_card,209.13,completed,US
aad5c053-b7c2-4f71-b553-331f836f62a1,e44dfe3e-eae4-4ffc-b45f-102afde3426a,paypal,257.86,completed,DE
e7517fb0-cce7-4c20-804d-22b9eb899b68,6fbcac29-3634-434b-a39d-a5db82efe37b,wallet,440.09,completed,BR
931f135f-0fc3-4544-a948-14e98cb79d25,d8729a26-33fd-4fc1-97e0-ed465c0835a3,paypal,452.82,completed,DE
9ef32e42-e79b-4bc1-a7ee-27ef07770ba1,c1d50eff-7962-42cc-b068-a25e14a844ae,debit_card,352.5,completed,IN
7fe4c456-503c-4302-9d02-3049e05fbefe,8cef4ed6-063a-4037-aefb-48c1a0445d60,debit_card,428.91,failed,IN
c071596e-7296-41d5-bf46-ce64a739a9d0,aadbfc43-464e-4508-8ef6-2ce83eb53ff6,paypal,154.74,completed,US
a254bc52-6bae-4771-8ca2-e56fde44df83,cd5d6d27-17e4-4ff4-bff3-e76e543288e0,paypal,259.27,completed,DE
45c3c1c7-d36d-4947-bd71-7ff8a11494e4,9534f05b-fb94-4452-ae5f-fea5f6d2a70e,debit_card,759.46,completed,NG
e5353d1f-01e6-43be-ac1e-9dadc7238951,939859a9-9778-42ea-8267-61a20bdd0b9f,wallet,148.41,completed,DE
d643d517-4834-4655-9f0d-d8774c5f669e,b6a24455-1cf2-4a0f-8c73-cf4c2b952509,paypal,735.31,completed,NG
850cbedf-b40a-421a-8331-9e9156e3321f,0cd1cae7-0775-47c5-8b10-0ecb7435cf7b,paypal,332.51,completed,IN
b3990773-b554-4d64-a714-bcaa47a54d15,f7c6e45d-ea21-4067-a6ca-c4a69b1c5664,debit_card,778.95,failed,GB
4bb7b280-0fc8-4ddb-ac9e-901d0bc31cb2,25d6d54d-7b67-41f4-aaf4-637120eb726c,debit_card,422.52,completed,IN
9537e377-adce-47fa-bba2-27798ccab1f0,657db268-58fc-4698-8958-620d68d5c3d9,wallet,239.69,completed,DE
dfdd2423-406d-48ae-8f12-048afde2b240,d33915b6-c446-49f8-98e9-1e6135e9aea9,wallet,610.03,completed,GB
98cfe665-dfad-43ab-b2d7-f3b3467342d7,15e2b25f-ad2f-4ad7-b479-0ec33952f3ab,wallet,494.43,completed,IN
5249bb32-52fa-431f-b1c7-443425e403c6,82103c7f-5405-48ea-bb74-6eaab0f4929f,wallet,511.3,completed,NG
2c46a842-8131-4510-988f-58ea76e102f6,681006c6-5fae-4921-a331-cd5a40cabd31,wallet,849.68,completed,GB
e122fb9e-a0a4-4f5b-829b-06747f07c646,c04cc712-1ee5-4897-93a8-6f788dccee6d,credit_card,485.87,completed,NG
44821365-1a10-43d7-ba1a-329123649f35,d760b0b9-c2ae-4f6d-85d9-5904c9e626a0,credit_card,29.52,completed,DE
928ae464-cfc5-4af4-a799-d164ca43b34e,c0025711-ccfe-457e-8e61-f1432d271966,debit_card,887.26,completed,NG
6e91f8c9-b4da-48f7-b989-f0d036c0f608,221f9985-fa38-4f84-8fd6-3e8f3e6d5cf7,credit_card,725.25,completed,DE
1e468ef3-e969-44a5-b74c-7130e252d669,77f43eb4-abbd-4d6d-9956-d7b374c67882,paypal,649.72,completed,BR
aa0df155-6709-4d13-b52e-1ce4adbf1345,de335949-67e1-4c44-a156-d13e92394566,wallet,478.92,completed,BR
430bac95-c8d0-4ee6-8e60-ef37e4779a02,e3429105-c763-422b-aead-eff0506d119a,wallet,45.19,completed,BR
f43c47cd-9772-4e33-a455-cb4c673ffaca,4c168ce3-6496-4a3b-a0ce-acb5bcd6a74d,wallet,890.67,completed,GB
1a238a5a-b5fd-4f21-b077-8c544b70270e,2cfe5aeb-1910-485f-b618-58a1206cac8b,credit_card,144.03,completed,GB
a7b9d5d4-19e0-40b6-815f-4c10958b0267,77141351-eadd-43ac-a22c-e2c0b2ffe89a,paypal,370.2,completed,NG
fc9d2a9c-af08-47ba-89e8-1dfec2e6ff3a,ef8bf191-2cbe-418e-8923-4e9e2386b92a,paypal,323.68,completed,DE
a7847eca-9f08-4ec8-8fee-46e0acb6e243,3ef5a23e-ee33-455a-b762-fc7289cd09e1,debit_card,748.44,completed,GB
a302155a-4579-434a-b70c-2272352bbdad,f321a182-9dd2-4207-8dc8-a1617e104df0,wallet,1839.06,completed,BR
bda7eaef-f0ee-42de-8929-e512a5e5ac2d,56285953-38a4-4fb2-9666-416e6b671de3,wallet,240.39,completed,BR
4dbd4374-3549-40ef-b84a-4470662e2623,d0df5908-bc23-4a0a-9d04-d1c503eda435,debit_card,672.82,completed,BR
566db231-18ee-40a6-b3a9-ae5a4885b9ab,1d5cafdf-7934-4a4e-86db-ed26335f5611,paypal,78.03,completed,US
97f56b0f-611f-4095-b4ff-f581682a234d,a75ac17d-c753-40bf-893d-4f6438c67076,debit_card,36.19,completed,US
5788e6c0-daf9-4a7e-a1b9-2042ad9d1aa2,e699398e-6416-47c2-af74-7c4929a8d895,paypal,2545.62,completed,US
5021e913-20f8-4265-b396-5ba8de68feeb,96763d4c-3a61-405b-97b7-294a0998e4f4,wallet,513.89,completed,BR
65a31f33-471c-4d0a-bae0-75af33ec327b,42fdc1be-d6ae-45b4-bd7f-5857a3063ff6,credit_card,560.61,completed,GB
c662f18e-9383-4cc0-b27c-5e5e38fe4458,cf2eefa8-17a1-49aa-b24f-3b9db856501b,credit_card,880.26,completed,NG
160e7a2a-6c25-4416-96e2-e965c2b3b99d,34acc1b3-2393-4d98-8e13-af3959104835,wallet,553.95,completed,DE
93ea1426-03cb-4f59-ac1f-112820c8d3c2,29ead8aa-c6bc-412d-85a2-c76f4dfaa96a,paypal,519.83,completed,US
c749e402-ecd9-40c3-8d8b-1d1217c07d53,0fdf89c3-8ce1-4387-96fb-f5af209f9b40,paypal,660.75,completed,DE
df0f1e75-32df-4799-8781-4ee14309117a,01e059ce-42cb-4c1a-98a3-b4e70c9946c9,paypal,765.07,completed,IN
f2cccb49-9d92-4c27-928c-e9a9c02c5239,5a316ff0-7319-48d7-91d4-9bfed1eabf8c,wallet,196.16,completed,DE
496fc2f5-7952-4c8a-819d-623765ecb030,f17e4d11-e504-4979-b9b6-e7f16b2b0f46,paypal,406.38,completed,BR
e2aa101a-2677-4cc5-b2c7-4f7f9fb28d3a,63a0f45f-2da1-4656-819e-5059496aa135,paypal,1615.5,completed,BR
3949109e-b59e-4dd7-b6bd-54acd8fd6cc1,21643748-abd0-4533-ad97-345f09872d06,wallet,574.7,completed,GB
e2193049-ae2a-4760-884f-d8cd5accc0bf,64e63203-3a9d-421e-b520-1ac549b0ba3d,debit_card,138.88,completed,DE
62725250-50c9-4388-aa39-c49ca94f551b,3ac3bd85-e7b3-41ae-82f2-93c0f9209987,credit_card,1966.0,completed,GB
5cb6e19e-97d4-4986-93d7-1655eb1e9ea2,a430149b-b4ca-44b7-93d5-2ad9f24a34f9,debit_card,154.59,completed,US
941037bc-55a1-4fb8-8725-b29137b84349,843fab5a-7680-40a1-bbc7-df0990ee049e,credit_card,126.23,completed,GB
b0059f60-2b71-4a94-a76c-fcbd54350a17,a57719d4-fb82-454c-825e-10af491ca394,paypal,361.64,completed,DE
750c82a0-b78e-4c39-bec8-a0bdee089593,1c80f8bd-251e-4178-a3ea-c884d70058f3,paypal,246.65,completed,NG
4c41cdf5-790a-4b54-baa1-757aecb7ccbd,d643b899-d68f-41a5-8864-a157ef71059c,paypal,1061.56,completed,BR
c5d7ff3d-63a8-41db-b921-e711dddcf16e,05377a2d-3392-473d-85df-e974096f16e6,credit_card,1970.63,completed,IN
e6ef999e-b0da-484d-b7a9-b20219809faf,b5106990-2162-4fe9-bd21-66ac1c00fbc9,wallet,17.36,completed,BR
35120d49-e437-4c5c-80a5-65029f7bd5e0,4f320980-b0c1-495d-a708-9e0a7f1bd15a,wallet,98.58,completed,IN
29b6fbc0-dd17-4c6e-986f-bd7d6fa7c897,c8a12dd1-a3fe-46a4-b445-c0e2f6562931,credit_card,137.3,completed,BR
7d96a3c4-b845-447d-b6e5-7bb1017f3a8c,afaad39c-ecb1-419a-8454-ca614bd0a762,paypal,167.74,completed,NG
f29d1011-8a29-45bb-8d40-a18aef82fed5,cdb6e594-d73f-4fb6-aba3-b3eedb6392a9,credit_card,346.45,completed,BR
a50de0fa-ee0d-43eb-835f-abd69ac64604,ceee408b-41bc-43f6-b4c7-42c98cff4965,credit_card,193.64,completed,NG
a6cb1aa6-7300-4034-beb7-1993eb677519,5355d361-5bf9-47ee-846d-674bd9c42cb0,credit_card,440.47,completed,NG
2b20a599-ae06-4aa7-a259-8b4651dbb88c,19d8fc79-bf02-4c20-8988-dbbc9356aaee,debit_card,334.72,completed,GB
3655ae3c-4ea3-486f-a747-81474f8aa6c1,dc361556-2857-4e85-9b06-e7eae42e075e,paypal,386.3,completed,NG
d20405e8-3880-4551-b11a-eeaf8ae5d445,33d1b75f-4c4d-4010-bef5-dc4abf5067d8,credit_card,884.78,completed,BR
5b0f2918-0530-4dd8-87e7-959792b086de,391b154d-2d63-411f-a1d2-16d754659775,credit_card,219.15,completed,NG
f4d47027-69ab-4276-9e25-13468a48c33b,ec66798e-c3c8-493a-8c54-90592403c0fd,wallet,502.24,completed,US
ab5a070f-905c-4290-bc08-f1a74577c58f,3f01d7ea-9a89-4ea7-939f-f7b3689d4099,credit_card,649.5,completed,IN
156aeb0a-273c-4db2-88c8-47c03517d96a,50c3788b-3431-4c81-8a27-a5925f814a56,credit_card,163.5,completed,IN
4aea89fe-ab24-4d1a-b76b-a05756f9af89,885f1b38-3d7e-469b-89d8-ec922686a7ca,credit_card,420.8,completed,IN
0634253d-16dd-415b-afc5-45c01f337c2e,5996db7a-dea2-43ed-bed2-0eeeb639ba93,wallet,183.6,completed,GB
f0e2ef28-1206-4ea5-b67d-67f569faa7a7,fe9388c5-a1d3-4bbb-9574-eba36de86b12,paypal,515.91,completed,BR
6be3e8f6-9fca-4b3a-8407-b5f2d4cc1600,56de0855-cd36-4050-aabe-caf313c81f16,credit_card,190.34,completed,US
3c3fbfd3-e241-4eeb-9516-4acf0efafa1f,d581eedd-1482-4ca9-94c6-7fde43cbacbf,wallet,188.46,completed,BR
e25b8c37-68aa-47ba-a8df-600237d123b5,424a0271-f371-4c52-a084-1464cbca3f23,credit_card,158.12,completed,GB
4fa09920-61bc-45b1-92eb-c3b3960c6a9d,af6747a4-4011-444a-b1b6-f2e323b8e56f,paypal,263.36,completed,GB
bad4d8a4-9d8a-441e-b923-97ecace7e428,1ea7bc55-52fd-42cb-8acf-34a64a7c1b6d,paypal,534.74,completed,GB
6b99f6bd-d1bf-4bfc-8023-2daa3b038442,e7aa9bde-e4d8-47ea-9729-813ce7609033,credit_card,220.34,completed,IN
c7162e43-3895-47d9-ba85-90e6e062fb4c,9a0e1469-a7d2-44f3-8b6b-f82b88674cbd,paypal,296.47,completed,BR
31b39000-b116-4d3a-bc1b-d2b5b61d60c1,00e73ca9-7888-4719-aef2-1a9a356d016d,paypal,617.9,completed,BR
8718cb61-25fc-4e89-a1dd-dc99ce3f8e53,1598f504-a592-4749-a206-6c3191b587ef,debit_card,432.78,completed,GB
d3906494-458e-42ea-b45b-99be1f50df20,7d4ed542-397f-4f1a-9fc5-9f12c27c3b35,paypal,157.12,completed,GB
7c43f7e0-44f2-4d13-bd7d-a957a76d2751,8a3c46d2-758f-4702-8148-bafb1d846729,credit_card,333.97,completed,DE
3b09c415-685c-4acb-bd60-d81f626a50a9,b86beef4-d327-4572-8625-ef018fae5d0c,paypal,596.46,completed,NG
0fc2b759-1c10-45fb-8e3a-d4d6848c4b5d,5da6ed98-1360-493f-8c38-957c89c38118,credit_card,688.0,completed,DE
d24283ed-a943-40c4-b19a-03d46061dd4b,15a006ef-5ded-4df7-aba3-c82753d34340,credit_card,2470.52,completed,DE
a74c090b-4d0b-41ac-b3da-a5bf7b0eb59b,eac3bcd1-47e4-4000-98df-2f0fd0e71078,paypal,901.66,completed,GB
f6e84c64-ab77-4044-ba04-0fdadf3646f8,981e15a4-cc4b-479e-8fef-d54fb1caa3db,wallet,298.53,completed,IN
dc55074d-1778-41b2-a721-fd9640820020,71a448ec-8637-4840-b30f-7ac7afb79ed7,wallet,189.25,completed,GB
0b58a5c3-9856-4371-b56e-500a6886f936,afeb35d1-b26f-46eb-a9ca-0344138c6b32,wallet,2091.37,completed,NG
3f87a619-44fe-4083-997b-54b2b4c8c9f7,a94446b1-c2df-4f72-9678-c4bbcef06d73,paypal,399.83,completed,US
e2d481d2-b409-41c6-80c5-75928afa3ef4,5af20cc2-7dde-42d5-a2f5-99a56e244c15,wallet,57.3,completed,US
5b9f93a2-afd9-47bd-837c-645210b46edb,a75c74b0-37be-47a9-95e5-41009b7c8acb,paypal,429.73,completed,GB
492b74ab-8a64-48ff-aa7e-46cda1eda0c8,b11dd67f-93a9-43ce-b2b3-c1a63e4146b0,wallet,571.49,completed,DE
e81df5c9-7cc7-482d-b6e0-9e442a8afa85,e37def99-465d-4202-85b6-87cb3195f1f6,credit_card,145.36,completed,DE
44277c2e-08bd-44a9-8579-00bf7424edb6,14823e36-68d6-4804-90ed-85c1bc82a482,wallet,1649.5,completed,GB
8a6526fb-d722-4ab6-b8df-ce34a05a165c,06363d7b-2048-49b8-8687-d6e45e668bab,credit_card,407.37,completed,BR
c1a6503b-e1d3-4b0a-88f4-548521a883cf,74ab58e8-000e-42bf-b00f-6f80e6d86a95,wallet,94.39,completed,IN
c2afeff7-bfa6-4dbb-99fe-6ab03f046775,a81ac220-2535-42eb-8212-f8291d1e8e7a,credit_card,615.76,completed,GB
50697166-4272-493e-99e9-da8856446a06,0f21287c-32d8-4f5c-a4a9-f21b75b46c03,paypal,1184.57,completed,BR
dbcf855b-4c79-4f25-a57d-2f4fb2b12a7e,ce6c0c79-0e41-43a2-a410-81b20399f760,credit_card,330.17,completed,IN
973b61f7-e553-4e10-92e1-3d86c4ad59d7,6a1bec25-9273-4e2a-aec1-9bceb550f8eb,credit_card,459.12,completed,BR
40103de8-7cb6-489c-9d16-67fc4224bbc1,3f504262-40d5-44f4-92be-eeed8315935e,wallet,918.03,completed,GB
bee64c37-7d17-4597-96cf-579cbe769e6b,ff856c6e-7d62-47d3-808f-e0862159ba53,credit_card,283.3,completed,NG
dc11d49e-a89d-4df7-811b-87c4635d1eb1,385387ee-f1ee-439e-9f1a-8f3ce1553859,debit_card,536.21,completed,IN
f75a6ec1-3279-4d60-bbd5-58baed90183e,bc21d8c5-0aa9-4887-a3d6-c5fb9c1d7cd0,debit_card,312.25,completed,IN
3b742712-9a32-4a37-ac0a-874e337973b8,416429bb-f430-4e22-8453-b91b714aea63,credit_card,648.68,completed,IN
38fe7cba-1d1c-42c5-aabc-5a032cf32fad,275d94af-7d21-402f-8b98-bde6ac817c61,paypal,495.22,completed,DE
6aed15dd-72e8-49cb-b35c-18498c0b5ffa,0b964d65-945e-4ec1-b7c2-88d16d88e12f,wallet,334.3,completed,GB
ab84ab58-9646-4947-8aba-4ac4e513e2bb,df613262-c198-451e-b1ca-89ccffe0a432,paypal,107.61,completed,GB
e7168fbb-4e18-4117-a960-a5a05d08f772,0c30e322-678a-4ec9-b76e-26d8f67611c3,debit_card,1030.96,completed,BR
0975351e-97f8-4fd5-9ced-072d2615c6ff,ae9110d5-9f6f-4201-8c57-0395531b0343,paypal,255.24,completed,IN
9a9a3d24-4dde-4de0-8a1c-b277f384cc4a,d09caa72-3cbb-4e12-94ac-ecadf814524e,wallet,305.73,failed,BR
8d35f155-e624-4716-80f6-84940197df65,7c2ac406-f458-460e-ac49-c344926edf70,credit_card,366.06,completed,US
c6035130-cbc4-41df-82d1-cd4f77a6b502,70cb1499-60b0-45da-9ea6-05c666262be7,debit_card,138.85,completed,IN
bd9e1eba-b39f-4852-824b-022739bb6c79,c578ffb6-e3ba-4a33-bf27-fd0204617383,debit_card,413.05,completed,BR
07ddf812-6174-4e1c-b2f9-e1aae76ef2ed,725d9355-dd78-42a9-bd8b-1c228383f588,debit_card,318.61,completed,US
7e9cc8e2-b487-4918-ad66-b73dce4f8b4d,48df5bb7-c4c3-4087-a773-7b580790e9b8,wallet,596.38,completed,DE
c912eff0-d610-4927-9db2-8f54f315d208,9604a02e-9153-4683-b94e-84214de57d06,credit_card,235.63,completed,IN
413dd1e5-22b2-4078-b2a9-77c194f423f1,56ef7ddf-1bea-4f8e-afdc-e2f607a28f6d,wallet,369.85,completed,BR
52b3e593-6b7f-421d-8aa4-185f18f9d914,69fe2dfa-6c88-4329-95b3-00725dbe73c9,debit_card,436.21,completed,IN
5f2f349a-1b15-4af6-9217-96abe711d5d4,54801c26-b9db-4d48-b716-2f68d6706084,wallet,449.25,completed,DE
737021ab-b607-4d28-a44f-b7796af422a7,c3e45b86-4105-4d5f-ac70-8540b9c73511,debit_card,6.33,completed,US
a52d2033-1e41-4b05-9332-f57d1fe19872,b4a88466-8fd8-447c-bca5-9386f5ab599c,wallet,718.84,completed,BR
395134a2-0c81-42a6-ad09-a0e8f386b0f8,a3e285dd-b37f-40a6-bb70-e9af7eed0729,paypal,83.75,completed,BR
5594f144-e839-4615-ac49-dbedf32d5383,a7299a61-035b-44ca-b9ec-85ecf5342bd4,credit_card,245.23,completed,US
2ff604f4-32ef-45f8-84c6-6d737295c1e5,8c7a3b4c-f416-4bec-b3ff-bbe4969f2266,debit_card,633.55,completed,DE
f561f65f-f586-4134-b14e-ee87e5479127,acb4304a-1a8b-4d64-92d5-d8cbbd59c08a,paypal,1583.68,completed,BR
bcc13d21-4948-480a-a6e2-dc59cc786bf6,be4147ec-d807-4220-b7c4-fee386c02c1a,wallet,152.98,completed,GB
7a36e28c-333d-4094-b2bc-26f7bdfed260,45546b30-16a3-4087-869d-6e94e7d9a4de,credit_card,355.84,completed,US
b87b7aef-0642-46e1-a451-097bfa5d2a37,3daedd59-9823-4ed8-b3d0-205d4b2433b6,debit_card,215.82,completed,DE
8f327e23-5efb-4ec9-83aa-d8ca36a3bddf,6b93052e-adcc-4c97-b1f0-fc5503548c66,paypal,272.99,completed,IN
e983f81a-02fd-4639-ad61-912f9e28af71,098120bd-3670-46a0-835b-886f9f8f6277,wallet,240.46,completed,US
a49a0b3b-d22d-4808-ab7c-5efa28d86321,048ae954-de72-4dd7-82b1-d3db008ed44f,credit_card,8.85,completed,NG
f27b8e91-0ea3-4247-b913-3af8f4d2031f,5fdf3e33-bb14-438b-9cf9-ebc60aa4d81e,credit_card,33.96,completed,GB
d3479c72-8dfa-47da-a734-c2330848d757,502746ca-e516-4ba7-8f68-4057080ac417,wallet,1848.33,completed,GB
fc6e9b81-40cc-49e4-a769-d94a2976b90c,8984dc86-5709-4ddb-9a4e-1e0765bdd806,debit_card,265.24,completed,GB
975adada-b9ca-4133-bd70-59061ea5b22e,d8cbde47-0d41-46da-ae4d-d0d99673fd02,paypal,572.55,completed,NG
0289234d-4466-48cd-b80e-17de572dc2a8,a4fad22b-bf96-4866-9fd0-969010913d94,debit_card,545.99,completed,DE
0bde4925-296a-4726-8bea-bdda6989124f,fa8a338e-fd9d-4c86-974b-ecaceada0012,debit_card,1457.78,completed,IN
be71dcd5-f812-40a6-9c80-131926ec6c3d,694f5946-3063-4de4-bbe4-abff488609d1,debit_card,718.94,completed,US
8645c427-2c19-40e4-93c6-f2804955e17a,32ee0daf-75f0-4f52-9809-037ca0b1d113,credit_card,52.97,completed,NG
1c23d3f7-8a2a-41da-8a2d-ec7c2bee8e63,7374a674-a02b-4693-ad2b-ba8ca78361d2,paypal,419.34,completed,IN
11a242f3-0592-4624-adac-dba5a4b36424,b1dc1cb6-54a6-4231-a491-1f55090c86c9,wallet,1129.82,completed,IN
d949bb54-ee0b-42f4-b59d-161789934f29,c084012f-4c6e-44f0-8523-9ccdaf0b260d,debit_card,994.93,failed,IN
5a77422d-7134-4ce9-8be7-d69f24fd29eb,91229150-2cb2-4c59-a220-75cb985471a1,credit_card,1195.19,completed,GB
48e56287-16d1-44fd-be61-d815b379d29b,793ec128-de8a-4fcb-be58-4cea8b15a010,paypal,783.31,completed,IN
d7d00cac-5414-4899-badf-72d674443a16,4c5429eb-7526-4826-a8e0-5f025e26088e,paypal,277.53,completed,IN
2ffebb9a-2ea6-4d93-9f51-eb8d064ff722,652d6af4-aa84-4d71-9b51-b0e7718519b2,paypal,582.83,completed,US
580dbdf6-3af7-4a06-ab52-813d654c38c3,c3d8ae71-2050-4bd2-93fd-ed12bc4c6be8,paypal,416.05,completed,NG
16e122c8-4c19-42de-8c7b-bb9c97ac6800,60f80fd0-48ea-4706-81ef-59049b1eb074,debit_card,238.15,completed,NG
ec099992-cb1f-4f9f-99dd-cd488a08d4c2,a2587400-d308-47de-b392-617dcb0b9f0d,credit_card,726.51,completed,GB
29fc9d7e-4055-4763-ad74-55444bad6855,d64cf81c-0ef7-4b05-be1a-32ff2de5fa84,debit_card,668.73,completed,DE
156a4a0d-edd3-4d51-8e1e-c76f6e62ad05,6ee28b16-7014-4423-b36f-836d2e08a998,debit_card,261.02,completed,DE
33306879-06d2-4ded-ae1b-fb225e8a9dfb,4796f01c-9790-4d01-b76e-475ecbd136e2,wallet,347.59,completed,GB
0a0446a6-0819-4b1a-b0db-d4b8aa2db561,e3523ec1-65a9-4f11-b5e4-5d2253c83f11,paypal,871.58,completed,DE
e58587e1-0ca6-4145-8e24-58c30c2071c9,a450cc07-1b79-49ed-9475-dc68ccdc7384,debit_card,455.9,completed,IN
d50f0626-4ed8-4a5d-9b93-0e9f236cf81e,73558483-b556-4e75-9564-c96218ac4dd7,wallet,372.8,completed,US
f0de6f24-2c91-4168-a476-6810ef09a108,f1102cd6-4a83-4aec-b157-434fa88d9188,wallet,431.79,completed,US
1650024f-b0ee-40f1-a82d-8ed1a82fef4c,cebc2b26-bc83-48bb-9369-a716254dd95a,debit_card,474.01,completed,IN
f2efbd7f-9e18-4c7e-b55a-3eb61623b488,0656a148-9cd6-4b48-b083-f47a025aaea2,paypal,575.58,completed,BR
6dc76287-46da-475f-ae46-35fdc6780030,dae7cccd-7de8-454f-bed9-6f6049b5817e,credit_card,356.68,completed,IN
6ee97a3b-a49a-4a75-a3f0-4faba242c8cf,d13ca190-9346-4fa1-bfad-e2169a27dc4c,credit_card,829.17,completed,NG
31f9a3b1-fa3b-43d9-ac91-4d2dad5e95ae,580bccb3-2814-4b76-aa36-19cd2e4debfd,credit_card,444.1,completed,IN
046321cc-5d8d-4f1e-b690-715b2bbfbd52,23b88c26-60d7-4a09-900d-2326a26b1928,credit_card,102.29,completed,NG
248b6ddd-47bc-45db-b254-0fb09e7b7b05,db479aa0-2f85-4aad-9652-ad5db91aeecf,wallet,1499.31,completed,DE
3bd4b2f8-1d16-4b64-9521-b2508fef2d19,611da485-55a3-423b-80c3-729f0b58a93a,debit_card,205.59,completed,IN
1e36a814-0e33-425a-b4f4-b82a72c42f17,c57301f2-fd1d-4bb7-a96a-937065b56d53,paypal,416.09,completed,DE
5cd2fc75-1786-44a6-8f18-2331d5be28d2,6f0044a5-0165-4893-8953-5029dfb58cf1,paypal,254.13,completed,BR
88d1c3fc-7a7d-4557-a49b-1e741799a8d8,6dd17786-bbbf-4be9-b472-a2e54536f46b,credit_card,697.62,failed,BR
1b9fa32b-6b18-4c87-9575-82fa7c7cbcd8,575d4779-ee69-4ea0-97dd-78856938f08d,credit_card,113.33,completed,NG
f376e51f-b35f-4f9c-b397-d53740eee1e9,7ccb3b68-c5bb-4f66-a2f5-18962c7bf147,wallet,306.47,failed,GB
e77e0d76-5a22-4390-9d4b-cea0004df826,d5aadd28-54e4-4a89-8441-87fcfb59e3ec,debit_card,633.08,completed,BR
b750f613-54d4-4642-a9bd-fc94bcb96226,539189d9-8bb5-4e04-82d5-edf0ba296565,wallet,238.23,completed,US
71671694-aec3-49b6-a9f6-04dff46421d7,0f271123-ec0b-4db5-b442-d22b4e0a9e68,credit_card,340.08,completed,NG
3217e5a4-4570-4982-929f-abcad928edc3,af1ab143-d2e0-4d32-836e-bc7308165c41,paypal,157.99,completed,DE
7149d333-b88b-4ae9-a8ff-ecce0b6ad0bf,14f6a508-5d10-41ce-a35a-d513eedb6d87,paypal,80.86,completed,BR
8ff9e0ab-8f48-4ef3-a959-c88f59a6b246,cc70b960-1a4b-4a74-866e-b304e694f148,paypal,237.97,completed,DE
951a6748-4ee3-4ced-a03d-600e7c02a07b,a0f15c96-eddf-4b25-9901-7e33de1b8a37,debit_card,321.45,completed,IN
3f7645a9-519d-478e-921d-95bc72d93cc5,4783b38e-c392-4227-a938-eeebb5145453,paypal,37.82,completed,NG
57d439a5-f147-4fb4-9c14-6f960d8e8aaa,2e3ff0bc-fe47-42a8-96db-c8a09adf6e3e,debit_card,234.67,completed,IN
b4cac2f8-51ce-45ee-a0e6-cfd9f506fd2a,cedafcd0-36f9-416c-a953-9339db826f03,credit_card,535.48,completed,IN
ce473579-bd8a-488e-919c-59d332c4589b,83cd8538-0c03-4819-9dd2-0c40510bc34d,debit_card,290.58,completed,DE
5c31ffa6-5d88-44f9-93ab-ba3d37e84e0e,d45c3029-40e2-401b-befd-6ae738ca0d5d,credit_card,537.04,completed,BR
74d5a624-d75d-4b82-b86e-6060a88ac839,1a524d53-88af-4088-bd18-a2dab867582f,paypal,329.08,completed,US
cd503993-6010-49c4-9c18-7186835aef06,965fb93f-2f30-4760-9183-d9073dae011a,paypal,1196.47,completed,BR
beeddb6c-6598-4ec0-9543-368a45609d61,ad77c7d1-4590-4e65-802c-1e2160761672,wallet,538.6,completed,BR
369113b8-b5e3-4e33-9c00-6c5a5d2aea03,b06df612-2219-4e2b-be73-c77855bf2429,wallet,491.11,completed,DE
ee256ad4-e20f-4b51-8903-2864977fc27e,da0ecb06-a0e9-4e3e-8cfd-190edf0caee7,paypal,203.4,completed,US
a312b319-cd65-4720-9e90-6ce309f89995,6c9044de-a6c0-475d-aa4f-bfefa2df1561,wallet,267.38,completed,US
beace6fe-2e19-4a9e-87aa-8f8eb666c324,a618832c-cf05-4bc1-a4e2-c4405cf44a7c,credit_card,714.48,completed,BR
4837eb8e-8a0d-48d5-a151-7d6e2ac40e6d,f069f076-0d11-4f79-9cb7-22065c9d5e05,debit_card,16.77,completed,IN
1a2847d4-df57-4c7d-92b0-185307367513,8aa1c10e-e807-4261-a424-e0ffac95d8e3,paypal,508.82,completed,DE
810585ed-37d0-40b1-9e05-0ddba8adca0c,6896beb3-8e7e-4bd7-9023-6cbc44b296f5,credit_card,692.43,completed,NG
6163aa88-7618-42f8-a533-11b55ea8bee7,a23a6069-1e52-4988-8ba3-9a1deea6bea9,debit_card,640.86,completed,US
85a550f3-f65a-4fa5-b7dd-3f75d124140b,c9b3703e-5a78-4887-8c22-c39d7cadba14,wallet,111.47,completed,IN
43495430-790d-4907-8a49-8e1c9ccff9e8,87ead5f7-9f61-4c89-ba4e-bbc97cf7056a,credit_card,344.58,completed,GB
3ae73cb7-9af2-47eb-89a5-c4f910ef4032,a77c7fd9-1e3d-414f-bb69-cf4c8fe3b270,paypal,539.57,completed,US
46681952-6365-44e1-b9f0-b25c15150c73,a1339800-7c5c-47d6-8cdb-f26340688303,wallet,590.62,completed,US
97b3bbee-d937-4af6-8aa1-86547b0db33a,a34edee7-2c14-4f98-b980-6eb2c70c8055,debit_card,213.76,completed,DE
25e56dc8-ddab-44b8-9240-58de3983417a,53598f29-9122-47cf-978c-c9583357c985,debit_card,230.92,failed,IN
8c5696ce-b704-4b3c-be9f-1b5fa47953c5,ca14989a-88a5-4e27-a734-0a89fd166a69,debit_card,313.59,completed,US
bae099a8-74be-49e1-a079-67a4609ccb74,eb30dff7-c6d6-4bbb-bc83-c1f5bfbb68b4,credit_card,366.41,completed,NG
b93c28ac-d10e-4403-99c1-e4eaade187e1,ba39afac-4422-4147-a681-cd0786f6ed9b,credit_card,60.0,failed,GB
fd9cd581-aac5-45b4-a0a7-a33311ba8e34,9b438c72-374b-4060-a847-b67f0f108cda,paypal,508.21,completed,NG
f6dca234-2734-4cfa-97ec-30b801738091,95f2b032-46d5-4ee3-b3ee-fa5c9fc1bbf7,wallet,163.76,completed,NG
d11caec9-c71a-4854-a06a-919da4533769,da35647f-d31d-4089-9607-ea0f473f1381,credit_card,81.33,completed,BR
697b62c8-fa99-415a-a302-3476fb653926,3c5f93c2-7f30-46e7-bf63-83f6138f695e,wallet,374.57,completed,US
ecb601f8-b40d-4d01-b927-8a5b0b4dafee,de7a0560-6c13-40cf-902d-d5647e85f01a,paypal,281.06,completed,NG
eeeef4d4-14b4-4485-932d-2fa6a78bcaea,80a87a4f-7ed8-4f16-b6c0-9fc68293654a,wallet,161.77,completed,BR
b85cb5bb-6ca6-442f-91b7-ec9b894eb128,f47417f8-a510-4947-aa82-a25b75b34ace,wallet,453.56,completed,US
5c3b4a57-bfdb-4399-8d54-331cf8d2b979,d346c977-fda0-4598-8a1d-2bc199373911,credit_card,1347.49,completed,BR
c96af3d6-d719-48e3-9430-7236a6d53e03,1da0f473-37b3-4b75-996d-7a2fa76a6b66,debit_card,1523.25,completed,BR
a4f88652-74d3-48ec-91f0-8e4438ee5a67,172492e6-cf43-46c0-a138-7a4f02b3e8d3,paypal,38.91,completed,IN
4d969398-1674-4885-b895-95147c8e7f60,f69e30f7-d9d5-436c-9729-f9930dbe7efc,wallet,593.98,completed,BR
e9bf94f9-5658-4e7c-b91b-774b0009b480,692a87ae-3911-43af-bfef-393732db4731,debit_card,578.99,completed,IN
6301608c-82ec-4b6b-8bf6-2d43e3a0bbe1,368385bb-9002-41fb-b5c9-c5ecfd3fe9a1,paypal,165.5,completed,IN
87fdea47-cf4a-40f1-948f-c8db1277dbde,8f1e44f0-ed3b-44bc-828e-0291aa934113,wallet,424.69,completed,US
4a8ace11-abe4-4795-b352-a38d70df3b61,4e0adbd0-c78c-45fb-8c9d-8bbc1e40e06a,credit_card,846.61,completed,NG
8f8018a3-1361-4861-869f-953d588ff9ec,59f4ad95-3df1-4f6b-a1e7-941f2772c6ab,paypal,752.28,completed,US
f32cf7da-bfd6-48a0-a5d9-31ff57a4b119,6a9c765e-17bd-4d35-b98e-e4c1936f2fc2,credit_card,1693.47,completed,IN
94df1b66-1af0-43ec-bb27-9bb7510b8838,100c97ad-e440-4699-aa93-ad09267c0655,credit_card,434.39,completed,GB
847dfba9-482d-45fe-980e-3dcf5a744d0b,8601cd56-0906-44da-bba3-aac8691c3ecc,debit_card,546.28,completed,US
51601354-8fec-45c2-8759-cb3c54e5fd01,5b744a76-f5aa-4048-b369-1ca33cec2ce1,wallet,221.45,completed,US
bf2ad881-0349-4396-a2a2-3d0c71705230,406320c3-b659-4420-8ddf-1af40f9b5e10,paypal,630.99,completed,BR
0e022687-3d3a-41ac-a5c8-3b81e5664b07,eb547f99-d5b6-449e-ac17-60b26bcad537,wallet,659.21,completed,BR
70f27118-5e13-434b-8192-523356582626,8c0cbea9-6a67-4795-8c8a-24d461102059,wallet,916.83,completed,NG
d0be8bb9-1672-4e30-8dac-e41209d70bdb,1248b159-adfa-49c2-86cc-d0d366defee9,paypal,250.18,completed,DE
d9555c9f-ea77-4bf8-817d-b7f293e3645d,e52b8fed-24a1-4b06-851c-42a8e2e12787,debit_card,1271.94,completed,GB
cfc8e657-d5d6-4659-a95a-e362098605c2,1cc1d98e-c46f-4cdf-9ddb-c42cf2c63eee,wallet,368.44,completed,IN
ab532270-a526-4b28-a7a0-862b54c949ce,45544e50-25c4-40db-ba46-3993f4114d33,wallet,1409.21,completed,NG
9c9a591a-6981-4dd5-886f-d19705e7d11e,d2d30810-9220-40dd-b5ce-2f442947a065,credit_card,580.15,completed,IN
dc3b6dc5-5d3c-4be7-81ff-845abf81c4d5,d856d68f-30fa-4e2c-aa55-21641505ae29,wallet,602.06,completed,DE
d632642b-e9a3-400c-bf62-5d05550edd3d,7d1f1666-358c-463a-9990-01f1be789571,paypal,231.39,completed,DE
489c4aa5-0324-4c4d-abc9-f5a95163b9e5,964df5bc-7655-4368-a7d1-473dbb78a6de,credit_card,371.03,completed,BR
c2ea8bf3-5c74-42c8-b915-36eb5896e3e7,b175bd89-2030-4ee8-b004-a7af242cf98a,credit_card,517.72,completed,NG
2c3939e9-0a9f-44b2-b53a-e3b00114e3e9,2c40237a-62fa-4d3f-8d64-6c9de1634bbc,paypal,610.94,completed,DE
7b296b1d-77d9-4d29-8797-8b27fd9f7413,f884da48-012c-4afc-a5cb-ed25df581042,debit_card,221.17,completed,BR
f034c3ee-f739-4cca-9c98-f111f0d867e5,687b8214-877c-43a9-b7b8-51f65e3050df,wallet,1467.63,completed,GB
c41ef8cf-0d64-4632-b25f-27137b80cc8f,03c89fb8-3b1d-413e-9766-920d8cd80a67,debit_card,797.89,completed,IN
a8dc5d39-f680-450a-94e7-a04161b7ab83,91cc537b-ea2a-4e0a-b899-b3e0769e0b60,debit_card,309.28,completed,US
eb8c45c9-969e-4a5f-bff8-bec9f3db7299,2c4cdeba-94be-45d8-96b0-017d6171439e,paypal,292.94,completed,GB
a23b0f76-6997-4d31-bb4a-f019a68b9d61,3f375b68-69b9-4c45-808e-3bf65fbc2a31,debit_card,148.16,completed,IN
35603e88-8d79-4604-bb8a-6f91343e725a,020405c9-fe70-4eaa-a145-1d145c1983f4,debit_card,88.77,completed,GB
04007f76-20db-414c-b58b-60151d9b93fe,9deec2de-b0c1-4bfe-818a-e3030fa39db1,wallet,1066.97,completed,GB
84865a44-403d-4b5a-8348-a89572143b9e,6a2dc8b3-40db-4b0b-a79e-267d24654ee6,debit_card,139.84,completed,GB
babf3326-234f-4b57-8c58-6bd4ee0293e5,baeb6f67-5a71-4a1e-9a70-1b71ffa887f1,wallet,317.35,completed,DE
ee6c5004-1da9-4eb4-81d3-c454d75b4a07,768e9c7c-9166-4d16-a43b-a1bed31e14a3,wallet,588.15,completed,NG
775755a1-6d3d-48c2-889f-d07515198f4b,8d7b3de2-b04b-4720-bfe6-478ff9d53da8,credit_card,760.06,completed,IN
f57bae69-c8c4-4a23-8761-f75989c080ea,53410a17-ace4-46f1-9c5f-32f2dd71287d,credit_card,84.75,completed,BR
862b1850-43b7-404c-bd31-69b5bc3fe466,7fdae3d6-4938-4d9a-85cd-e13e9facaa71,debit_card,156.45,completed,NG
61f08c3e-812d-4384-8f86-946d6a3f4fec,bf88ff39-9fb9-45a3-abba-fb966cec7e8b,paypal,1146.83,completed,IN
140ac035-d62f-4b54-8fa9-2a8494e01e73,d938ef42-2683-4ba4-9697-39cbd5249e4d,debit_card,443.15,completed,IN
597d3f11-c469-4154-8679-d5dab969e15a,e4486d03-5974-4599-a27c-eee28dffd348,wallet,339.25,completed,DE
60ab88c6-609d-4082-ab61-fe10b44ea420,cdfa9d1d-4292-410f-bb8b-56ad2677a820,paypal,1648.22,completed,GB
c3db9bd9-259d-491e-8565-56855096cf20,595e0dd5-fb34-4889-acb1-13db2a85385e,wallet,633.26,completed,NG
6b5a189f-28a5-40bf-bb95-5c55fa83d2d9,da3687d8-a1da-4608-99e6-b7f0d8653030,credit_card,687.4,completed,IN
88789b09-455f-40b1-a400-0a115bca7950,99ac0b2f-80f4-4e5e-99ec-2ea94e8ffd84,credit_card,493.26,completed,IN
0c79ce10-3447-4c6a-b4a8-57ae10003d01,db85ca3b-20c7-4f65-83ff-34ddeb1c40aa,debit_card,722.72,completed,GB
14443008-e8e0-4bd4-ab86-3f39f3d8e147,9c1b464b-0ac4-42c6-8514-d5fe73b65119,wallet,256.69,completed,BR
d036d0a5-983d-41ba-b276-a30ecea58384,81eaa474-110f-42d2-827e-ba5bc0479fb1,paypal,6.72,completed,BR
d7e63ae3-a44c-4468-81a0-77435ddc08f9,fbc959c7-a688-40b1-80e7-0080504fb659,credit_card,400.52,completed,BR
e2b97721-3492-4dc7-ae9d-ccd296d15994,02754d6b-19f9-44dd-92db-e447f4765afa,paypal,857.28,completed,US
827db052-b510-435e-89e9-14c338bf4eba,2f37039b-d4b1-418d-82c5-c38244ad1045,debit_card,625.1,failed,BR
d1164495-1efb-4672-bf1b-d971b182aa05,9974e240-73d6-45f8-85a7-230a6c20049f,paypal,1124.58,completed,BR
92a3fd35-de41-4752-910a-1cfcf47d568f,6b626a59-3b1a-4052-9fb5-c171c7472c31,paypal,1011.47,completed,IN
a62a1b52-bedc-4abb-9d08-82388799c39d,4b474a86-3231-4c0d-9f9c-6b08ccee327b,credit_card,1125.9,failed,US
5a77ee0c-5e45-4480-80f4-795a7ab4582f,78e7bdcd-40db-491a-8526-2c5c81e66149,paypal,793.0,completed,IN
b1610013-d496-4b5a-ae1c-2c7460e3fb83,64b63a3b-c4fe-4f69-ad48-111aed7d1331,credit_card,201.46,completed,GB
ee2717ce-fdcd-47ef-b947-f6d7ad127e67,b778125e-0fde-43f7-8a28-93698f595e85,debit_card,357.8,completed,GB
144d3dd2-a490-4c2e-ad91-041e83c36bfb,f044b250-e350-4292-a98f-80523333c9f0,wallet,212.4,completed,DE
78ffe349-30ff-4030-974b-a14a305e351d,e50f83b3-0941-4443-9121-955655e53b2d,credit_card,1009.62,completed,DE
937f68c3-96b0-49cf-b406-21aa016f2af3,7ce51df6-639a-4fce-a3c1-1f98fc2b7740,credit_card,128.89,completed,NG
0ef42bbe-a0f1-4e19-a86a-427422eb07e5,ac300053-f2e2-4462-b8ca-5139137ac41a,paypal,256.86,completed,DE
1830c0db-a398-4cd0-a8c0-e621ff95bc4c,1afe85b4-a35f-40ae-a1eb-dc3c9946e78e,debit_card,264.81,completed,NG
0928159a-8946-412f-a2a9-a79ed15b01f9,5dfcf363-ae22-4bf8-938b-93bdd53180d6,paypal,76.13,completed,IN
21555195-2c65-4deb-a9f3-36f65443b15d,7218c356-1586-44fe-a04d-885150b35372,debit_card,89.84,completed,IN
ecf4aeeb-153d-4311-9731-bed80c4b95af,188fe65c-c454-4386-a9fc-27437077412f,debit_card,260.69,completed,IN
a1d81e4e-a286-435a-9eae-e78b50f9131b,8bf56166-1bfe-40c6-b6d1-c9a3fd184a71,paypal,198.0,completed,DE
5e18175c-8490-4f9b-9f94-80c4a827f11f,bd2551d2-375d-4738-819d-cbc67d0d6f7c,paypal,285.52,completed,BR
319b4450-48fe-4079-95e8-578f27ff2d9d,e491b9d0-8de1-4468-85a2-e7bf24c67d3d,paypal,3490.12,completed,BR
85040e71-ca2e-4e84-afab-e1f2bcbf7fcb,915d21dd-a579-4ec1-8b05-399d09d542ef,paypal,159.14,completed,NG
bd89d98a-56b1-445a-bf51-508f4fdf5850,b89af7bf-9066-4202-90ce-4b9f08b58533,credit_card,366.67,completed,BR
0948ba37-eaf9-4c65-9621-0dc6b9c41792,d034f6b8-a36a-4ed6-af93-67246f537f58,paypal,280.39,completed,GB
a38744c3-5262-4cff-be5b-3612bc28d60d,63cbed0e-ddef-49f6-867d-1c1f5076f4bb,debit_card,164.04,completed,BR
25b7ecc0-8586-43ed-8064-83b785e50cb2,58bbf811-633f-44e7-bc3e-749e5e75cf22,wallet,194.96,completed,NG
4cd51e4d-51b4-49ff-9b48-7fec0ed8cc55,91e3cbb8-7687-49a6-8394-81976e31a994,wallet,949.78,completed,NG
6d099555-1f0b-4fc5-9226-32291b10c1f7,0ca33fd0-6bd2-4403-aef4-98aa20954174,credit_card,570.53,completed,BR
3480a05b-8790-4abf-bb08-4d99b956d841,104c0eba-7c4c-45cc-882d-0414a1109491,wallet,529.67,completed,BR
23d9ff96-5462-468e-ad9f-56bc76d4bfe2,bddb388e-6198-4007-8843-cd4a58c817a6,credit_card,1062.59,completed,NG
8f77e254-1d45-432d-9def-b7e962b24106,8f02a187-7ed2-4344-89f8-8813a97273ff,wallet,1444.52,completed,IN
e04c2bd0-1aa8-485c-9743-3db4f8a3d79a,f51ca580-7f82-473c-9983-edd9638a0955,wallet,469.74,completed,BR
e9243e2e-d194-47df-b4a5-02e65262459b,5e59d006-8781-4a45-b196-564c30dfb0cf,debit_card,366.85,completed,GB
93ba3908-2b0b-41a5-a1c1-1871504c9b03,1fe5979b-8ab6-4963-a921-7a08e544f188,credit_card,170.72,completed,NG
710c8683-16db-46e3-b386-57cf5af8aaa2,850b3f2c-bca7-48ee-8fb6-d52b537535a3,credit_card,448.86,completed,BR
3fbc1f11-7e21-46be-9267-179a20bea4f3,071f6b6d-ed26-4c2a-bb1e-b112b9e5deee,wallet,328.9,completed,DE
a8f72ef4-ec6b-4f57-967d-387dd88ca8b5,dcea1e15-3015-4313-84fa-7068cd06c78f,wallet,264.66,completed,US
e810625d-da69-4b37-b48f-723546a8e65f,5e9269fe-41f8-4693-8249-ff6956aef20a,wallet,642.6,completed,GB
fdf9171a-5dd7-4047-ab02-02e8e8f27444,5a11b1dc-b984-45d7-86a6-a41c2789ce73,credit_card,188.91,failed,US
256436f9-df65-4c09-aa90-242d6d4dcdc4,a60f8576-f6ca-4cb0-88e5-87117d8de08b,paypal,166.35,completed,BR
79635b3a-0b1d-44cd-9cd8-baffdbf4974c,05ad8130-3e99-47d0-85a3-55c338fe8d0d,debit_card,174.59,completed,US
ef66a712-ce33-4158-9ce4-57e11b3c6a49,9e4e04d9-c75e-482b-b5ed-0682ff9ccf5b,debit_card,212.65,completed,GB
ae2c283a-c2a2-4d36-aa52-22823dc1db28,53128134-23ef-4310-a752-f3e16821e266,paypal,1210.54,completed,DE
6593c5f6-3c0f-4203-b331-d1491a8e2df3,c1b88cad-88ba-453d-a9ff-d6f159c83501,wallet,289.25,completed,US
699886b3-4e44-44bf-ba69-1e1a29959293,836878c5-b24b-4f1a-877e-145b33febc39,credit_card,461.97,completed,BR
045f82a6-1687-47a0-af1c-d09a4d3e0b12,ee51e3e0-c430-4d91-9e70-d7fd4ccfff5d,wallet,96.85,completed,US
9e316c5e-a55f-476a-ae9f-ceb98a03ad64,d93d0c68-9c88-45fd-9189-3d400cc792a5,credit_card,1940.67,completed,DE
b6f84983-48b4-4bdb-b32b-71cf1fead79e,e2421a17-5bcf-4aa7-ba07-f19c4bf66a5b,wallet,128.69,completed,NG
e8d7c311-fc3b-4839-90b8-57bde732e342,ac062561-970d-4fd3-93ec-a39b0e8ae79e,paypal,281.06,completed,BR
1506ecac-8c7a-47ac-b8f3-eeed0314f0e1,b0de6a22-7f5d-4dda-9fa7-631f1ebc439d,wallet,424.23,completed,BR
2e99dc10-0cf2-4827-9a2d-cde7071a9160,1b102d56-c98a-4cef-8e45-534c384d19f7,credit_card,357.39,completed,NG
6be9533c-5887-41ec-b1dc-a0e75f0f99f1,3c615af1-e291-4f2a-803e-dea193f38b58,paypal,644.52,completed,GB
1924654a-7f5d-4e7c-90c3-cf1410764104,f179f5f9-155d-4104-ac9c-08ac8a641632,credit_card,207.54,completed,NG
0dca536a-a74a-4a3c-8682-d158e99d7237,378935d2-e753-4b24-b046-2f4d827fba86,debit_card,690.45,completed,BR
f397f14a-d186-4d84-a45e-62fc5cff4f73,5ca71ad8-efae-4fff-94b5-84cac978d54f,credit_card,1523.11,completed,DE
788f9d49-ca2b-4cdb-a7e7-abc1c00611d4,fb0b3cb9-a602-4593-be4a-0a7e1a89348c,credit_card,71.96,completed,GB
511424e8-76ec-48fd-bbce-38d6b810279f,73190f08-994b-49f8-b086-6c9e4909bd7c,paypal,375.56,completed,BR
730aa9b2-fd83-4035-9825-600e5207c70b,bc89647c-746c-4ede-8b52-c19da16a9b3c,paypal,899.4,completed,NG
1e24b395-a6a8-4147-b636-bb6ce5b8fa59,7db2b283-c0d9-4048-8c7e-1918c0a709fc,wallet,238.45,completed,DE
afee3e51-a64f-44f0-baa5-efb1c6390c45,076868a5-ce94-4a67-984f-5ac5c73b20e8,credit_card,375.44,completed,GB
5d13889e-a7c2-4cca-b195-08f87ef8ae24,13d4125e-8694-43f0-a814-5b89775c129c,paypal,170.15,completed,GB
142a3f4d-fdd4-4ec8-95ac-9f23c801ec89,fc55974a-5200-4cca-ac31-d8860297f069,credit_card,517.58,completed,IN
4406bfb4-f961-43f7-8bec-595616b8e7da,abbcd97d-55bb-4082-aad2-5335fb46e934,credit_card,3077.17,completed,DE
5f61fcd8-257b-45a4-bd17-b4258efc6d94,8abbb710-d1cf-4438-9782-e8df1c0c48ff,debit_card,1073.78,completed,IN
40e22e19-a400-4545-8fd9-32ec8c2c3f5d,9d69ff26-d965-4c3e-856f-72f54d88934f,wallet,157.36,completed,DE
1a5d1d09-0049-4df9-b304-4f3d6ebff829,e0e7cba7-fc34-4e39-8bb7-c882ae7dcbed,paypal,388.59,completed,US
80c5a8dc-7ecb-49c9-a8d3-e75687c07ee7,739934fb-710f-4d04-81e2-d1c3fc3f9ace,credit_card,156.59,failed,DE
dc0f9c6d-e915-41d3-9d1c-90bf42d6ec5a,ccdc48be-6fdd-4398-b463-bd06f4f33645,wallet,240.99,completed,DE
9e9f89aa-128b-456b-8414-fa0dff39fe92,7d76f583-bd74-4c2d-8068-d569f3768960,wallet,1034.58,completed,GB
8f407621-671b-40df-a2cc-946241f25fff,39f9733d-e8d8-406e-b06f-30df1b307f82,paypal,1140.72,completed,NG
2cc6f1bb-4d96-4f96-b60d-c4c9b334c1b7,aec5a40a-f3e9-4b0a-b61d-3341ea6894ef,paypal,78.03,completed,NG
8036e597-ec00-4a35-bf9b-d33f2e34c997,c090a455-17d2-402e-9145-df148d11253b,credit_card,829.18,completed,IN
55de46a1-d3f2-42fe-813a-e64fa4725d77,23290dbe-9b31-4375-b466-4d8a284eb00d,credit_card,319.3,failed,BR
bc7069d5-2ae2-44e4-88d8-39b703b35f0e,e0c90e4f-5ad2-4344-a6ef-1e957fc73540,debit_card,11.27,completed,NG
237b5dd2-9df0-4c86-acc4-e2c5eb77d81d,92f85a8a-e66c-40fa-8509-f6020b55cbbf,paypal,44.26,completed,DE
fef350d5-891a-43e9-84f9-a58f43a9550a,d75b1b52-405d-4ca6-a4d1-0be6ca98e73c,debit_card,270.52,completed,US
161fa6fe-5952-4b5d-b0ab-f2ec3f18dea7,dc44cca9-045f-41f2-81aa-7f234ffad2f3,debit_card,8.85,completed,GB
7318fb9b-f2d3-48e3-85da-21a1f27f498b,76d9e8c2-0792-4ce0-8828-018890173cf1,credit_card,854.53,completed,DE
9d3e1ac8-8884-4b11-baf2-8f22d45de613,7d028989-6d44-4896-a475-261bd244249b,paypal,200.15,completed,IN
efc0a283-7ade-47bc-bb2e-a8586d3d5089,a8b44444-a23c-4928-bac6-f196126274c6,credit_card,432.3,completed,GB
42d89598-4d99-4a76-bb36-1a2cef64716f,ef2f1198-024b-4245-9667-cf8da24324d5,wallet,450.72,completed,BR
1c7ae078-f8e2-438d-9376-95591559c8d3,420cbb60-27f8-43aa-ab13-2d78692f8664,debit_card,1370.8,completed,US
15d451df-d21c-4313-a9d7-2680cbc1d9f1,7866ae8a-16e5-4971-b7ec-860b3cdba612,wallet,3039.25,completed,IN
ddf2f2eb-f8bb-42f9-95c6-100df9da8ee1,db8f35fc-0567-4386-9cf8-a67b77697d6d,debit_card,297.45,completed,DE
460577e8-107e-4e85-83b7-6e44739bb1bc,6f9dd87b-e37b-4a39-821a-3e2edf8edcba,paypal,510.66,completed,DE
02887463-0537-4661-83bd-4ab65720532e,beb18d89-02a6-4c06-adb3-27cc95336f91,credit_card,121.17,completed,US
fc75ac7a-6652-4f90-84dc-a57445d4fb01,c68d2f05-6714-4518-895d-5fc603ecc95c,debit_card,152.98,completed,IN
e0e8b4ff-d234-4a0f-bb62-5bab18b023a1,e66fa7dc-fcf2-4ed5-abd4-f136dea28f01,paypal,1434.84,completed,GB
4eae1b37-cb8f-49a3-a032-fbab72c2ad23,d74544cd-e846-43fe-946c-948490f245f5,paypal,239.7,completed,NG
721b00b0-ad65-472f-a422-f042211f78f9,977cd59d-21b4-46f0-bb80-7147944bc899,debit_card,735.92,completed,US
d94bc402-72a9-445f-a136-627be26397be,c77e304a-aea6-418f-9e1e-6feeb8086c13,debit_card,442.37,completed,DE
a929370a-eceb-470a-bf23-bac661f00913,496433d6-4f69-43f5-95a8-7516095c5778,credit_card,441.34,completed,BR
a4605ee2-7446-45e4-b307-28dc2b5aa4de,d14923d4-db1f-4c46-ac8f-f7cfdb60490a,debit_card,483.65,completed,GB
f46324f5-3629-4dfe-8c0c-e2d0e109ec1c,abe5f303-1de8-47f0-8c76-f597ec8df91b,debit_card,1017.71,completed,US
3ccea73f-0769-4dfd-87e9-46fe48a7091a,ecb91203-1c71-4314-8b3a-7e086344c5e4,debit_card,611.25,failed,IN
60e334ef-247a-41ca-9b8f-682166755f68,03baf9d9-3e39-4612-b4c6-ba852019924a,debit_card,578.08,completed,GB
cc03ed41-6a47-4b68-a583-5112706bc179,7768bb6f-599b-4ef7-866d-18408de689f4,paypal,494.63,completed,US
932d28f3-bad0-435f-9a4e-fec9d806a041,c84cf1d6-3f10-4915-85c8-b65e764b5a08,paypal,667.47,completed,US
6b0df48a-2462-4ce9-b041-ca4546f64d98,5086f369-6b0e-41c0-b75b-7864b3fb1569,paypal,447.37,completed,BR
7ad3b449-6a4b-4ca3-8082-fc0212c026e8,2350b06a-64a5-4dfa-aca8-3dfd05ebaeb6,wallet,158.16,completed,US
db35bfe6-f2ce-4363-8be3-4404061baa75,0e79def1-10a3-4264-a924-0f642a663799,credit_card,229.17,completed,IN
736231b7-cd6a-43ce-890a-e1f76eb2b790,90dc99b2-1c25-4f46-a7f0-3cb747f57a1f,credit_card,764.94,completed,US
f81d84a7-1237-41f2-b600-4365314ae7aa,2de68297-cc01-4a32-ae3b-3a4871fa7a7d,wallet,651.27,completed,BR
dc9fcdcf-5a45-4aa0-8fc9-184fd0207ec4,ce53f52f-f05a-465d-b9ba-5b3e2b56ef4d,debit_card,176.15,completed,NG
23afbdac-1040-4805-956c-aed7825d7826,fd5059cf-6ba7-42a1-8a62-d27e465e60d0,wallet,417.94,completed,US
c1730cff-df4c-41a8-b8a3-8baed7ef3093,8951487c-46c6-428f-9ad6-9b9d6afcef61,debit_card,58.3,completed,GB
b2880957-c9f0-4bac-a4c4-d9fd694f17ed,831ec38f-0d97-4181-be78-8fbc5c493d22,credit_card,605.68,completed,GB
3f770a25-7dba-4fc6-b9ec-1e8498bbbaba,7de26e61-785a-4227-8c6c-506f0dffef91,wallet,421.5,completed,US
db78cad3-997c-4abb-b2ad-13061d2385d9,585011cc-7446-42a2-9ceb-b9c6df6ea13d,paypal,74.12,completed,BR
9abaa801-f942-423a-8d5d-602f6e285c67,235a066f-2d0a-4aee-8755-122a68866e1a,wallet,688.63,completed,DE
3a701fa1-c4b9-480b-8a15-20e0d992fde5,16edc385-a13b-46e2-ac89-bc0c2c80c253,credit_card,73.26,completed,NG
c9301687-6f45-4b78-80d2-52cd00883667,3a35647a-2e64-420b-b4c3-0207bca879c8,debit_card,191.66,completed,IN
a9bdd174-b0dd-47cb-8693-3f1786104b2f,2190b818-a0d2-4661-b61e-15af2448fce1,credit_card,593.82,completed,NG
f9b71efb-01d9-457b-bd47-78255394863f,c0335fd5-582d-4f34-86c9-17c4a431fe3a,debit_card,955.95,completed,DE
27df818b-a07b-4221-9984-e2879dbcdc94,dc4048a5-27f8-4ae3-953e-b11552312cbe,debit_card,1003.47,completed,US
867af59e-4f63-40d7-ade4-90673a747080,4e9b641a-4952-4b76-9957-79381f8b7217,credit_card,187.39,completed,DE
c6ed5401-3b31-40c8-9382-c5f1753cc93b,28ffc533-8357-4c07-9b19-cb5f0bf049ab,debit_card,212.5,completed,US
47a19af8-4591-44a0-8956-f5f236ed9a6c,c3292403-1f91-4793-9ff6-df7b0695141f,debit_card,301.86,completed,NG
04ba56a0-9b13-4da6-bbda-db2a54f35258,1ffdd61f-bef9-4686-90ed-c075a58a4609,wallet,438.62,completed,DE
2a0ea6c7-09ef-45be-a36b-bcf81f9d4a11,bc427c46-cabd-41a8-8d12-360afeedca15,wallet,1222.01,completed,GB
2b1106b1-4c69-4b00-8e4f-6fc49351c6b4,3284c906-a58d-4474-b7a4-8243b333fdbf,wallet,489.73,completed,DE
9d56fba8-a9ca-4b03-b9dd-f7f6d2bd3481,8824410a-c0a2-4194-90d6-72fbe9cb033a,wallet,286.25,completed,BR
722f1ea6-09e0-4f46-854f-9aed2e494013,89b91c6f-4df5-474e-87c3-116ad0533426,debit_card,781.57,completed,US
e12b92ff-910d-4b55-a31d-fb6d90b228c0,cfaf322f-b493-4b9c-8d8d-2d832bcbe391,credit_card,279.35,completed,US
dab19115-58f9-4c1c-af8e-f7d7be94a82e,317f7867-2ffa-4b46-ac5f-5c648530b43b,paypal,511.37,completed,US
5b5972fd-5290-4809-8547-a0c3e2c24789,17fee442-821e-4c6e-a721-00704cd68ca9,credit_card,958.34,completed,US
33606706-18de-4b4a-a10b-da730a073a0d,84dcfec6-8911-43b2-8445-c18ff6eb73f2,paypal,303.72,completed,GB
dbfb5707-2643-4128-8a0a-bfda5dee187b,e77f66d0-e167-4d79-8a20-6a5b18938598,credit_card,791.15,completed,US
faa02e2c-d8b1-45e1-9136-d1b50b75076f,a26d72f0-e9d4-4d6e-83b8-45163d29c149,paypal,295.45,completed,BR
b2448380-52d2-4c70-986f-83818c7629d1,e82a9425-3f5d-4d77-8ebd-f6b91cbc81be,wallet,175.57,completed,NG
594a4b5a-ba00-42bf-a958-bafc3a03f9b4,7ce0a38d-c32a-4d27-9a9e-e1d3a0cb4448,paypal,22.57,completed,NG
87c2a3a0-ed49-49f0-b91f-4fe4571a3f60,be500ab9-f585-465b-ac3a-2a995708d676,wallet,139.1,completed,BR
c2093746-f77d-4b11-9022-fabd06f9851a,39134e00-3656-4fe4-a489-6820e7dd2650,wallet,312.07,completed,DE
61373b78-241c-4b06-9e01-17f014a4ecb0,09003abe-a51c-4e4c-9b06-1a752900a42d,debit_card,120.52,completed,IN
e2ca6754-e914-4464-9b2e-4d2c735d3292,fd423b7f-6b73-4a3a-8fdf-358019263516,wallet,345.19,failed,NG
a1b23606-21e7-411d-803a-4091bd5bd55a,9d9d3538-92e8-4d31-aae4-a2c216f8bd13,debit_card,338.44,completed,GB
f130d271-415f-4992-ba50-3b240138193f,7f712a91-c2b4-4fcf-b92a-0203cfaae3a8,debit_card,1126.28,completed,NG
d16cb2fe-2a08-4408-b084-f03e0d50e48d,abf09db5-6aa2-4e51-827c-d55fc4e20b46,credit_card,518.66,completed,DE
e0cc26ab-d330-4ef1-a650-098704b9fe30,b3104467-1430-4b6d-aa9e-9600d34cca1d,debit_card,302.5,completed,GB
7671343d-8da1-4bc0-a414-5eaa96054458,92e22596-035d-4b3c-af80-19cd184d1afe,debit_card,674.18,completed,IN
eaee6467-ada1-4e58-8261-ad07475f853e,75b842a1-92c0-4425-9b24-e7950dd4c820,credit_card,290.1,completed,DE
97df5222-cf14-4930-a952-8b617d5b25fa,a3313557-7937-4a01-b69f-cce422ec90ce,credit_card,139.72,completed,DE
58b704c9-3fd7-42eb-acc7-f4c63c4cd260,0cf75ecf-5435-4484-87c7-1fbd2659b8a8,paypal,1539.37,completed,US
e959eebf-b809-436c-8760-10ab15757f7c,a8f3db25-527b-4af2-a5c0-7084d4d226f3,credit_card,529.95,completed,BR
e0b4a066-d607-4f77-8f9b-9fd16c0427ba,b6750df3-2f3b-4097-8b8c-d4f69904f2ef,wallet,177.63,completed,IN
f4800f21-ad41-49ad-a275-edce1e0cd13a,997b1549-1eb0-4083-ace0-0a2e93544f33,paypal,103.87,completed,GB
3bfefa84-f83c-4c56-8c89-94e440ae98a1,ab551408-2ded-4750-883e-2ccd7d875ed7,debit_card,232.37,completed,IN
4cc648a0-43e2-4013-90b8-b40cb154e5a7,d71d3355-a920-4d90-9340-8b343e55da1a,credit_card,145.51,completed,DE
ccac38a7-51d0-44cf-82e1-3bb1ac446e3a,72419881-60d3-483e-8cfe-41be7e8f7376,debit_card,623.95,completed,US
95a7c27e-a714-466a-a5da-3b42c4652156,98be530d-1fc7-4e4b-9beb-3798e8bc4d82,paypal,763.17,completed,IN
b4ec75d0-0562-4413-8027-7124e5918ec7,a4ba97d5-63d7-4012-a87e-50a43cb57cb2,debit_card,155.26,completed,US
89615248-8b2f-4c21-83e5-55dfc1b95b70,a4e1c67c-0b1e-435d-9354-3c4e146a01b5,paypal,142.28,completed,BR
fcbfad80-bd7a-4fae-ad5c-9eea0007375e,c6f39da5-46d5-4f87-9f54-759840af7d34,wallet,1132.55,completed,NG
b41c93dd-0848-40a1-ab9f-7a3a4bcb099a,94fc0b48-8591-41aa-9ae2-a026f42a03fd,paypal,307.45,completed,BR
08cd43ba-9d34-42a0-a149-b380a4e5e1c2,0096a7a2-e8d9-4cd2-9c36-f2647b44c797,debit_card,534.62,completed,BR
7bc49393-6d5b-4d7b-b255-7a43437d3d27,5ab2044b-5422-408e-8df7-c685277eefc1,paypal,195.23,completed,GB
df7d9cde-36b9-4e27-8c77-d609e67724f4,30f35148-0210-498e-922a-daeeed1c84c3,wallet,205.16,completed,BR
4bd3dfc7-ab2d-474b-b5b4-cab88f4c35c6,3877f441-c39b-4592-8c73-608700306504,paypal,367.11,completed,GB
bb17a508-8c26-4087-acba-eacae5d23e1f,702e763b-363b-4312-a59b-3352118803ad,paypal,2049.84,completed,GB
c2ff92cd-a9cf-47ba-b9d5-97e84fa9a225,e188910e-163d-405f-89ec-89e41c3b8292,credit_card,93.81,completed,GB
94260269-8247-45a4-8cd2-f512f1168287,045814b6-697f-49bc-afbf-8bbfacca21b1,debit_card,105.44,completed,BR
1ff8a254-c7e9-4ab1-8b4f-5f6e3a9694fe,42c19397-717d-461d-a73e-3bea681064f2,debit_card,740.25,completed,GB
7dc6c3ab-0536-4f18-9d84-305f405f332f,8d926fa0-d985-44ab-a51e-6afe7cef5b00,wallet,83.36,completed,NG
5060c9b3-5253-44ea-a478-ca946824614d,e5978765-5ca0-4fdd-86e6-de8cc209ceaf,credit_card,368.35,completed,NG
218de2ff-b6df-4b12-80f0-91b65343715c,bfe22e75-2d0f-430e-ad5a-1207244e1142,debit_card,209.58,completed,BR
1967f58d-e231-4e6a-93d1-2dfdf6de75a5,e5bb1e6a-fa6d-4edd-9b89-534c17c8bc28,paypal,43.22,completed,US
931c77b1-deb7-4f66-8ca5-535d5f61d91c,c27643d2-e39a-4ced-aa0d-f29dc9b6e401,credit_card,1050.76,completed,NG
ae5ca9e7-1b6c-4ade-92c2-ce3fee46de0d,3ef98c8c-9df7-4921-a051-03f56c1f83c6,wallet,421.87,completed,IN
ed508d25-48c9-45fc-98b9-5d940a209f49,d9b06a12-ad9a-4e1f-93e9-2e9a56ccee09,paypal,217.14,completed,US
f6c5a225-9aca-4e5e-8e9f-fb57afb2618f,2110380e-30b3-488b-a372-f4e5df08335f,debit_card,2088.38,completed,BR
0135d196-3aef-4282-8875-7bcb37eb2a74,97aacbb5-f973-4189-8942-a9afee2dad26,paypal,207.13,completed,BR
a3b88d0c-8fc1-40da-84cd-af8718e10b12,0363e506-4d60-4e9c-bfd1-99aefe277448,credit_card,465.39,completed,BR
5decb563-5090-44b9-9ac5-ec0705cbde00,66342ee3-b0ce-47d2-8a3c-092824daedcb,credit_card,591.81,completed,DE
29e92163-a4a9-47e2-bd5a-ca8ca2dc4779,31822621-a243-4da2-8462-1516a198661d,debit_card,175.47,completed,DE
7028037a-1048-4ae7-a3e9-d911ad65eafb,5f8a6b50-7f4d-4614-be6e-0fdb7336ab96,wallet,212.09,completed,IN
2a1e6853-d580-4091-ba0b-71dcd1cb9da7,34cf237e-bccd-431b-863a-b0d97c81d231,paypal,664.21,completed,GB
a556305f-023f-4226-aee5-ded7a3a1f398,7a61704b-4e2d-4f3e-816d-bab315cd1021,debit_card,2312.03,completed,DE
316d4ec3-6aae-48a9-8232-7897687a3aaa,c6214dc7-f639-4e5a-a88f-c595e6d92fa6,debit_card,439.96,completed,US
f2118afc-09ca-48f9-8682-01f9d743600f,bc50b4df-775d-48e8-b5e4-9b0e13ef349c,wallet,778.18,completed,NG
3d6ef90a-4948-4323-acd5-857504c4988e,1be9d9ce-0034-45ec-aa9c-ff9620da38c4,paypal,923.09,completed,GB
35a95eb1-17d2-4108-85c5-7725d26d6cf7,52bd9601-d20c-4fff-bf03-e31a4492b75b,debit_card,222.02,completed,NG
771227c4-b2b0-494c-b564-b17ac58b961a,417b09a7-8901-4f94-9650-45e1c6dc6a5a,paypal,450.79,completed,NG
c752ccee-d799-4e4b-9610-12a4745fa397,d6f110c4-8bf1-4938-8b40-1ce677b2e4be,wallet,344.12,completed,US
2b6e7ba8-2ad4-49bb-9395-6579f5d4c600,2a12f459-e881-48fd-9d76-968fb29cda81,wallet,101.33,completed,US
f6c64b0a-abc4-44c7-a235-ff6d21178279,815ab594-91ba-43fc-92b2-7109de155932,paypal,82.89,completed,US
5f3bb752-2b4e-44e5-8d2d-d41bed88b406,315fc3c5-c550-47d4-94ef-1e0af5ed7289,credit_card,508.83,completed,GB
30483e99-3d8d-462b-9719-3748c656e295,8ffd4541-9292-4bc7-b828-58e812aae1a8,wallet,98.7,completed,BR
77b4cb02-b948-4c44-a528-72f42f0588bc,2c46bfe7-0b78-46a0-9ba6-71f796211fa6,wallet,2272.17,completed,DE
3adfc01a-abc2-415e-9d8b-24930ac8ec5a,c0b7f9e8-10d3-4bd9-8132-20bcda09c0c4,debit_card,138.88,completed,IN
f64bce22-b1c9-4b54-a7b6-f3a7918cec7f,23c8b04f-7013-4fc7-842f-6f73b195ee12,paypal,767.38,completed,NG
9c0df891-43c3-4c8b-9339-abf261e4cdfd,63c672e0-51d3-4680-bea8-66a5763329de,credit_card,815.93,completed,GB
a22ed4c7-e96a-4fa0-8086-f0b6c50265e8,62eb21c7-c7b3-4309-9712-354782647a03,wallet,152.43,completed,DE
6595fc30-8df3-47c9-8f32-84a4ca6de4a8,bfd7882a-13dd-47b4-a5c3-2dbf7fabcdb6,wallet,703.1,completed,BR
5a51845c-0e2a-455e-bea6-3de29cb43a84,1a092c9e-90c3-4516-a56d-41fe485904e1,credit_card,559.44,completed,US
84f3ff6d-f939-4044-affa-c147f7725737,808dca8e-beb6-445f-bb2d-14ea6ba5e7dc,paypal,395.46,completed,DE
5a209b13-f740-4056-8450-61565190474b,45aeb57e-908a-4cc4-bcac-6f92c18642ee,credit_card,974.56,failed,US
a2f23f05-75bf-4566-a8e5-9d4fc0447f95,70e2d2db-6592-45e2-889f-eb3be0b84ecb,credit_card,285.01,completed,US
8d1cd42c-4ad2-4ab0-82c4-f3e6fe703745,6bbb45af-915e-4bfc-a2bf-9d96ab398bfb,credit_card,54.1,completed,GB
33e62969-1cc1-4d53-85d5-630b90fa5270,8302a44e-fa9a-4f23-9641-8c7267e93cce,paypal,430.81,completed,GB
f646ab0c-245e-42ba-a866-79cf5fbe1e0c,4e831ef1-18dd-4639-ac1d-1520779b0ef7,paypal,656.77,completed,DE
89d1ffb5-ee60-4f8d-93cf-9c9adf7d0719,6b934525-006b-44bf-8fc7-020908f9de6d,credit_card,488.62,completed,IN
7383deb5-c9f3-4257-af09-2c6d5b8d5d33,45faff1d-683d-48d9-b5fb-f703e34b0454,credit_card,558.57,completed,DE
d229f279-8ff4-41ea-b017-3b9c7dfc27c1,e5681886-a59c-4db8-93bd-37ea1c0a1567,wallet,1571.25,completed,US
2ed0a922-3943-43e1-b220-2c46b47e8952,feb7d157-e859-4e9a-8831-810f56252bf4,wallet,445.8,completed,GB
d4c75be7-ba7e-4e79-b054-f39259cb724b,cabbd864-da73-4f72-b1f7-e8366770fe4f,credit_card,301.07,completed,IN
d6acb50a-48c6-468f-b9ca-cbe15c890d6b,f74bdf37-ee9f-4974-8441-ccf6c69a19dd,paypal,556.11,completed,BR
f3935a1b-a9ec-4d57-b0f7-f557fea42aee,2f10b057-436f-4676-ac52-e22c24c7f7a1,debit_card,367.07,completed,DE
ae90d9db-057c-4977-8ad1-94c6a847f009,bede6215-fa19-42dc-b8a1-7661e993c7b4,debit_card,306.54,completed,IN
8f80e071-cebb-4bfe-b11a-8abc2c7b6fa0,ceb62566-8093-4104-b3e9-a8d3c24c7333,debit_card,302.4,completed,NG
86200da7-ac68-430e-9147-838af7bc7768,1ba60993-ae77-433e-b85c-c5797fcb7434,debit_card,511.79,completed,BR
fc02ef19-859a-4990-a438-5a030478dcb3,a1026ddc-e890-4ab4-88b1-ff2ae3a66ee1,debit_card,257.3,completed,IN
4336c261-56f5-4250-ba1f-6f09bfbe720d,bd50c922-cf0a-4922-ac9d-9ce977363cbe,debit_card,1387.51,completed,BR
c5d29950-f49c-432a-aa0f-5278d46d37f0,ffada1c6-046a-4b83-aab6-08b345157362,debit_card,352.63,completed,BR
c1ae3c96-559e-49af-a70a-0fcb04b29efa,e77cf9d3-cd82-4dfa-829d-58703f59e553,credit_card,33.32,completed,BR
3b5e8106-8cc3-49b6-a8c8-c61287bcc585,93d6a243-2f3d-43c6-a0e2-748f222ba05a,debit_card,381.52,completed,US
65cebaab-993d-4a7e-abc0-abcad45a4db5,74191814-e691-4812-8f73-c653d9384aff,paypal,2558.81,completed,BR
afca0879-abe0-4982-a627-3b999cb77b9e,6612df5a-b6e2-42c4-879d-901234d64ad3,wallet,930.65,completed,IN
b0e861e9-a272-4b64-b905-b3d2e2f10f1b,6cf5678b-70d9-4625-adb0-256bac132843,paypal,307.74,completed,IN
6240aa5e-0a6d-4910-aa69-d19a19767d7f,211098e8-9273-4e29-9044-e16ff5455d4f,wallet,2426.7,completed,NG
67420819-e924-44c3-9797-3349118b7713,bf094690-0760-4023-8e4f-010c08f86468,paypal,439.46,completed,DE
907a0cf8-3b11-4aec-a551-be47ea1b0198,609f94f2-0346-40b5-9b34-d1e1ef436d52,credit_card,264.45,completed,IN
1bf9a47e-9ff3-4cc1-9f2c-e601d8156d71,7f9dfe79-662e-482b-9b05-e927eb01afcb,wallet,1255.91,completed,DE
3655cc30-4cd7-4835-980c-029f25d800c2,240a5b92-e0bc-4c26-a7de-04d3b5f84e59,paypal,615.54,completed,BR
19a4b7b7-77db-41b8-896b-b27107754d3f,0ba8073e-ddc2-4663-876f-d2d04d4145e6,debit_card,189.26,completed,DE
27c07920-7150-4632-996a-e1363ba20f1c,4e82cda4-f1b9-456e-80db-c746d9f39a78,paypal,17.36,completed,NG
e69fda01-bd50-48f5-969d-69102a25ea50,3cd52793-d5df-4766-ba0f-88dd1ac80103,paypal,497.71,completed,GB
a47e28ba-d6c6-4e53-9490-d1fc2331e297,019bf6a0-cee8-43cd-a9e1-ae0a6c08d243,wallet,57.3,completed,BR
0a07af5c-68b5-453c-bcb6-3a189e71131f,a66fbc9d-4b51-43b3-a6b1-9769fae01d6f,debit_card,360.54,completed,IN
cb9317a3-ff82-4a8e-8a27-f5f089e34dce,e409ab71-b02b-4d1c-a32f-5daf499a398f,credit_card,248.04,completed,GB
1291712a-ece6-492d-a911-31aec332f838,45671a83-ba3e-4f9c-a8ce-a47d41a397c5,debit_card,351.36,completed,GB
e5c13d82-a1f8-4c5f-aa5d-314330114cd6,49e2ff51-8dbe-4df6-a535-b874a601738d,paypal,1092.81,failed,BR
e98bfe38-f52d-4215-ab68-0e49f9c1d8c2,1fa59ba5-95ca-414c-927e-868304c2ade2,wallet,50.34,completed,IN
e59ccca7-f360-4a4e-b7c9-6047e9d10c35,ff4e9420-d552-4948-80ba-305f67f2dce5,debit_card,302.26,completed,NG
3a456cb0-aefb-4cf3-b389-5b1e861b72c0,0c6437f8-e350-4aa4-91f2-8f3e7c540eb1,paypal,73.83,completed,DE
f46c7f57-77d9-4c4c-b19e-d9ddae0e41fa,c550d230-1a08-4c1c-a8f7-43411fa23f1a,credit_card,237.98,completed,BR
50ff59ce-55e4-4767-9577-3d9e1a64a190,e8d0a723-3e7c-466e-bd9b-67ec7906b2a5,wallet,10.52,completed,GB
a10abe70-343b-4984-b3f3-99c79c4dcb0c,c178de22-19d6-4d96-83ca-06012b478f8a,paypal,116.33,completed,NG
2a54b94c-8268-4c50-977a-00841db09f97,eafdd4d7-fbd3-451b-90e9-bf43e1393e14,credit_card,340.64,completed,BR
98add02f-bcea-4bab-80f5-634970efb48a,213d9a40-5d9e-4d84-9738-2adf05c1ef23,debit_card,112.57,completed,DE
fd074232-f9a8-4b55-afdc-334509344ddb,285ac092-3232-45c7-86be-164f05dfc0f4,debit_card,222.1,completed,IN
b68e64f0-2b63-4310-80a6-bdac60f83c2a,0a304ba8-365d-4bb4-a227-4c095fd2cfd6,debit_card,166.23,completed,BR
a19f4bd3-2a14-4661-a646-7a498bbb84d2,488d7590-2800-435e-848b-827ff51d58c2,wallet,550.08,completed,US
0c3ef920-8a5e-46f2-9ba9-6a88a1f02c64,972787d8-064b-4b69-9cb7-b980495a206f,paypal,1268.89,completed,NG
681f6d6b-d10a-46e8-b77c-057c19bfea0e,cbf368a1-2982-430e-9b49-caef3fff30a4,credit_card,411.15,completed,DE
a4b8a748-8635-4201-a6e9-4060ecbda60d,e4991227-3de8-47e9-9de2-c612f0c5e224,credit_card,233.83,completed,US
c78b6345-c48f-48b6-9173-4f394d6fe6cf,74f9a093-906e-49bf-86e8-f24d2c5ca6e7,paypal,872.84,completed,US
a353c474-3757-48ab-9844-aeb011f2ca3c,eee3ad76-d4a0-4506-86e7-4d2dc355d28d,debit_card,96.77,completed,IN
374051e6-3e8a-4c53-b6f7-de1e5ccb9cfb,f0775d52-5d3c-4f6a-9700-93fa1dbdc66c,paypal,696.11,completed,GB
4ca71d5e-b816-4142-9083-6f63320731d3,8bf92d9f-a30b-491c-99bb-a7c9308ce51a,credit_card,1122.54,completed,DE
3d6eb5e2-de9b-4b9d-ba8b-8f60e6a53897,1de99895-985e-40c6-91b1-65cfef5a2f47,wallet,478.05,completed,US
1aaf77d0-2e69-4fd2-ba55-770256872e78,ac6fffab-372c-456e-9681-bab401f8135f,debit_card,303.14,completed,US
5bca8abd-1b52-4a89-a8ef-94931bd82d35,ebaae632-f021-4f51-9c1e-9fcb52513026,credit_card,7.79,completed,IN
09260fc2-1626-4972-918d-d5599b9e8a93,6843d34d-0997-411c-94a0-59e36a5837c0,wallet,29.28,completed,IN
6d0084a3-4381-443e-94fc-f50e5ce57b2b,ad80b8ab-0d51-4e25-a7d2-b9a6eb0eea95,paypal,61.95,completed,GB
bc6a448e-8227-4091-80ab-291c97ebf13e,2199e4a4-ae04-430b-b239-02b922ef0595,debit_card,359.76,completed,GB
ab370616-b275-4e39-bf44-51cde7a2dcd1,9330ecef-833c-47f2-a24c-fa75079a3a2b,credit_card,1415.45,completed,IN
b5a6740d-c114-4c2e-ba50-c4b821022c58,edcf293a-b1d3-4a3c-bfc2-b2f943e77201,debit_card,470.93,completed,BR
3ff2b5a5-ae55-4061-abe8-f8cbf03e2c68,49c84178-716d-4413-9492-ee10d496f187,paypal,199.63,completed,BR
72576552-ee56-4dba-bcad-f6bfd1349b7f,9d7f6daf-71a4-429a-8970-6f76b290a7b3,debit_card,704.32,completed,US
1757421b-0175-46dc-a0b8-82bb75b4f14b,c9acc3bb-990f-435c-81dd-3c9690c946ea,paypal,2320.0,completed,DE
c740789e-6404-42aa-8f66-251950f62f6c,ddbda16c-4798-4249-b636-582e44b1b722,debit_card,312.55,completed,BR
fbf5280e-6465-4dfa-b516-ff9069ed8cd8,bd9aacae-5959-48fb-a70c-b1a0ec6c420e,credit_card,1883.14,completed,IN
486eee1b-67e0-4c67-acc0-aa2a533df3be,0198d699-4fb8-4356-a11d-fa58e1e51d0b,paypal,522.43,completed,GB
9b6ac680-ae15-4974-aebb-aa3611e2a9bb,cc0c034a-400e-4838-9fe9-2566a7f986f5,debit_card,831.87,completed,GB
16d73b60-3818-4ecc-91b0-d8c0b90399b6,9998ccc5-42af-498b-8a88-be6fe3d52fe9,credit_card,355.98,completed,DE
a0e4f265-1863-4b7a-b4a3-fe71059ba841,06c7ee7e-d3b6-4626-a635-3e4884bde10b,paypal,301.29,completed,US
11e79314-c707-4a85-b1ec-d461a1ebb010,a5a5f434-d0a7-468f-8be5-d61fa4913db0,wallet,729.04,completed,GB
4fe1f333-d78a-4428-93a1-677fda1366d3,f0e1cc13-9d47-4da4-b3d0-5b14200f0d21,credit_card,759.05,completed,BR
214f8033-3de9-4a3e-95cf-f8a10953491e,4ff9ca81-542f-4bf8-acbf-da1573866ee2,debit_card,109.55,completed,IN
8fbc446f-02b9-4de3-b1c1-90e571d2ed53,7e34165e-d02b-4d75-bed9-2180758b273a,wallet,1505.48,completed,GB
523cd5d3-6d3a-41fd-b2d3-e1717ce0a207,f07a94fa-50f6-4e16-98e3-dc6e083312a2,wallet,140.55,completed,US
3f2424bc-89a3-4b75-9553-fa949f879934,dad11fe2-bd2f-4360-8788-c21d5304bca8,wallet,1006.11,completed,IN
6ffb7d6a-e4d2-44b6-83c3-3067fbed074f,b3a73c3d-957c-498c-8d9b-c8b751031835,debit_card,50.34,completed,NG
06b6fa3d-f1f7-493e-be12-45c6017897ed,9b11800d-8c65-40c3-8ab1-c2f80c0a62f2,wallet,1804.19,completed,GB
5c13e3fe-8405-4207-aa17-16221043d8f9,c883fffb-eb5b-4b93-98ca-3a71ca365443,wallet,257.32,completed,NG
d3e97c73-a188-4ac8-af41-95bea89777e1,3f5187a3-f2b5-43c7-94af-c3a97767979f,wallet,567.79,completed,GB
48057aaf-423f-4119-bd34-5676cc59c9cf,bb3631a8-0bfb-4718-9979-67ba640c99a3,paypal,191.97,completed,GB
a212de2f-3781-49b3-b9a9-bddb42d52712,f28ee7fc-a1c6-47eb-af74-ce86a5c01c3a,paypal,2703.12,completed,BR
9c3c6357-c9fd-4f57-b7ae-259e6b38ac97,8ac03de2-93fc-4d07-9a59-1ab53e952447,paypal,306.05,completed,US
1bc9e8ca-ac08-4302-a056-bc735f1e42d5,d395bb88-fa44-4306-af4b-944001ea1629,paypal,694.89,completed,DE
4848f540-81c6-4d22-96f6-089a7e2fa6ce,68fff91f-4980-48fa-8aad-5bb819c93f6d,debit_card,190.76,completed,US
f011a25f-1556-48f9-a5e9-9b066fc341ed,8f162671-04ef-4b3a-ae93-8d6016edd4a1,wallet,207.69,completed,US
32af8d7b-5997-4f64-afb9-e8fa64a930e2,ad78d5e2-3034-4ef1-9a7e-7c95eab76413,debit_card,502.67,completed,BR
4cbd166b-6588-4c99-af1b-7ce016553449,9f2b2312-f925-48cb-a3c9-eaeb171cbc4a,paypal,750.53,completed,BR
cef56fd7-be12-4090-b221-8f5cc493e9e0,bd2fe2bc-286d-46e6-a9cd-4961411588e1,wallet,322.94,completed,BR
c4326347-51a7-454f-b534-300e6d28d8d6,eef507c5-1eee-444b-9229-e748040e8445,credit_card,206.39,completed,US
34b77850-1e3c-4bc8-a80d-af6e6f775e11,48fe46f4-76c1-4a7b-b0be-25975d59a5fe,credit_card,691.6,completed,DE
fd88d161-7dbe-431e-9e0a-c39b343b7c3e,bf7f4eba-3e89-4337-99c9-82cad3fe8167,debit_card,1239.6,completed,GB
6905dc29-2610-49f1-8963-bf81357c1501,d5b3ff83-af4b-405d-a11f-e3cb30d682d7,debit_card,334.2,completed,DE
478e8c73-d335-475d-a61f-3a01868d6006,5824e148-301d-4201-ad6b-7c63f1a3cee2,debit_card,609.42,completed,BR
32c282b3-ee6c-4092-a6ca-223b65bd5dcf,acec51cd-1db9-40a4-9be6-8702b56a4991,wallet,934.22,completed,GB
9213951d-475d-43d9-a716-9b6bf2f40dd6,112d6b8c-7894-4692-b55a-bb1225b37578,credit_card,186.03,completed,IN
4588f27e-04ff-4175-acd8-80f9fbe9c7d7,6dc9fbff-e6a5-4665-b3c6-fef4eb1b8ee6,paypal,356.71,completed,US
ed855d25-4b7e-4263-9b43-7106a92b8571,7cf45e57-ebe3-4aa8-8c45-eef5c4a0add1,wallet,1393.35,completed,NG
e2d0e68b-0f10-40a9-a6dd-3672c12506b8,898fd0d9-30bd-4298-8ec0-42af130b4c99,debit_card,567.8,completed,DE
d5b89c46-14db-4196-8e35-f72dda86d43f,ca59a482-2ca0-46bc-bd9c-87d6ca6c903e,debit_card,366.94,failed,US
37751f6f-5f91-4724-b5ea-62e281344e36,892cfe42-7ae4-4f0d-84ee-2c9f87ecda48,debit_card,109.97,completed,GB
a4ccdd36-364c-4f3a-87b8-145c79b06f3a,2754bc5c-d625-4f8e-8b27-d4b7da8d9136,wallet,859.85,completed,US
7b25c1c7-2b06-405a-8cc9-ffb2cc894ad1,6a2fe277-e31c-43a4-984b-2e4f9f6ef881,credit_card,607.42,completed,US
67278aea-b887-46b2-a550-b79eb466663a,3c54a8b3-5f2c-4f24-81d4-91690adb435e,paypal,495.43,failed,IN
f818e0b2-17f0-46de-83d5-b4506e163d41,d1b58a1c-9d59-4851-b492-ce866d00364e,wallet,382.96,completed,GB
54b0c664-9408-41d9-9892-40c73c462831,d5339285-f103-40e6-9a28-e2ab02637d69,paypal,793.19,completed,NG
bffff4f4-259e-4581-aa66-49d40206cd01,a174bd75-bcc0-4ca4-adfd-274846ae7fdf,paypal,329.11,completed,GB
35a20ea6-4b2e-4d63-995e-4996b54b1d47,4b52f257-c1bf-47a3-94ad-c34f68a7422d,debit_card,189.41,completed,BR
c83b36ab-ac56-41d1-86ba-1324aafbf9b2,6f2775ff-4dc1-4b33-9827-5feab99d150c,wallet,567.41,completed,IN
f741cd82-63fb-4267-9914-dacc9abe619f,9adb12ec-26fe-437f-af96-1fe615b1bbc3,credit_card,122.14,completed,DE
19dab16c-92b6-493f-9031-661fb243df48,e46c7a1d-2ae0-4b10-b7b4-dce58b5038df,wallet,40.58,failed,DE
1e4a7a84-7bb5-40f2-ae10-f91a3c791cb3,e442ef59-d7a0-40b5-92aa-45b29a60578b,debit_card,438.33,completed,BR
d34c3660-2783-487d-9c72-197fee037094,77ea1096-c1d8-41ed-a0aa-fe1be968d8ee,paypal,222.12,completed,BR
7f78ffc9-ccf8-4c7c-8dbe-f1b9733fc23b,20033f11-b3aa-451c-903b-87ccf0eb7788,paypal,144.11,completed,DE
9de8e7b0-5898-4bef-ab05-d7097f3dc6c6,de8f64ef-3d53-4838-ab76-5c2f9427133b,credit_card,755.2,completed,BR
134ee546-bf84-4383-b0c6-2ff1fbcff4da,f9188a89-bdd6-4743-9db1-12aa5f085190,credit_card,645.09,completed,GB
9e8308c9-fb2d-4788-8e9b-4ff3fc1285b9,a1b8d1f8-1905-4051-80db-af203acab778,credit_card,231.71,completed,US
12d70fbd-9c62-477d-901e-6a0a71fc3d9e,1d85e9ee-68d3-469a-9f0c-6b0b6f2de5bd,debit_card,262.73,completed,GB
8c4bb222-f942-4ac4-b4c3-fa4bb7f7b85a,375776fa-a0a5-4e92-a950-87081095bea7,paypal,275.28,completed,GB
dd11590f-ed1e-4f7b-aacc-0b8ed15da297,63fa7b82-7591-406a-9d1f-56e3e5f34d98,wallet,486.26,completed,DE
10bfd194-2b6a-43b3-ab98-f170a5e4ee4f,594b91c7-2aba-4a20-a764-9bfba5ef716f,paypal,280.94,completed,IN
03e593ae-23b7-4d3d-bfd7-cd9fd479223c,987ce247-5003-46cf-818b-acc464c3561c,paypal,559.35,completed,DE
ccc56bf3-1fbe-43dc-87dd-504cec8934a0,0ba84043-35ba-4679-b992-f4206ff7e002,debit_card,195.41,completed,DE
4cca3fc3-bf09-4589-940d-6ac0a220ee9e,e5920c78-7929-49d0-8adb-b30fe3c71581,wallet,592.16,completed,DE
752e121e-4dce-478f-9dc0-fac8a858dede,a5cb3e7b-b2c6-413e-af89-1fd9dc0b1542,paypal,1595.25,completed,GB
5cb87d42-24fe-491b-aaeb-44b9848746d1,98f51037-6a71-49d5-bc2f-5a0c94df34f2,wallet,380.86,completed,IN
7b669af5-b9fb-4ff9-9857-c2ca1c3d75f9,28bc338c-891d-4576-873e-8d8b2f316be1,paypal,475.69,completed,NG
96e5f39b-1535-4ddd-9822-0128cc725f4c,feb74a63-08d4-44b0-a7fb-7c0328029349,wallet,747.28,completed,GB
d04026ae-2ed3-4865-834f-41cca4c9a692,e8bbb8c5-9d80-44d4-825c-8d750e23bcbe,credit_card,391.7,completed,BR
f3db7958-c6f6-4253-91ab-a65166aa7b68,6f00102d-4f5c-49ea-9a20-eef86cfbe3f0,credit_card,129.06,completed,DE
0a41a3a8-0c4a-409e-aa2b-39105ed41b38,15b1b77a-bfd6-4ab9-a159-351f8eb9001a,wallet,407.82,completed,IN
8416edba-f95f-4402-a6a7-05e57dc0a748,be5db16f-067f-40d6-aa9f-c5494dbc68f5,wallet,363.12,completed,BR
da573ecf-807b-4482-8d8c-1360cb48f0db,600eec78-cd4e-4a39-8477-c963c7330324,credit_card,45.53,completed,NG
3187ce35-c33d-4d64-a699-072aed44cf5e,455d309d-d36e-4857-96e4-f2732a91ff12,paypal,159.53,completed,DE
d4bbaa11-2550-467a-b980-4b08783f5b61,d25a7c8d-8af3-4e04-b187-ce695d347996,credit_card,233.1,completed,GB
a70dc2f2-905a-4a78-9962-fe6ceb7c5281,b0dc2956-7a6e-4249-b462-f940ba49a24e,credit_card,435.86,completed,BR
e62dbf78-7ec8-400c-99d9-f03957b9d575,2a77e7e5-8426-4c99-b2ce-0b1754a83eb8,paypal,457.43,completed,US
fed716f9-2e4b-4121-8358-a3184812380a,7dc0b67c-bf8e-4757-b6c4-9f1f660c1dd3,paypal,620.5,completed,GB
99242534-61e3-4d42-880f-0b1eabb66c0c,0f9bbf68-4fd3-474f-b8c6-ca8feaa0bd92,paypal,430.47,completed,GB
082fdeeb-7d0b-4fc1-8b70-d50b3034ee6f,3e8c31a3-d30e-479d-98c5-79afd0a2e04d,paypal,454.83,completed,IN
0fe9a7f9-54f8-4800-bd7b-13762069def1,81a99406-7447-4030-bfc0-aaf3c387ba58,paypal,465.11,completed,BR
2b018e16-9a6e-4848-baeb-da188c72aeb0,2621e625-d873-4f02-99c4-97060886d7cb,debit_card,625.88,completed,IN
27b3c70b-6ebd-4876-b3e8-bf52e7d01464,85b834c9-393b-411c-99d8-c49fcb905208,wallet,6.72,completed,DE
283d1218-0d61-4b65-aa9a-7ffd5040eb64,361a666e-a7d4-4dbb-bfbd-53976475ee67,credit_card,747.43,completed,DE
69a82b4c-f7ef-47e2-a359-2ae5e9baafd1,d038eda0-0717-47b1-988a-b82d6c14d14e,wallet,554.74,completed,IN
3dd8f041-99d0-48a4-ac46-acbeef310176,5b52185b-ae56-4d10-8cc4-7c335b9a05f8,paypal,1533.7,completed,GB
3bc9cf96-dcf1-477f-ae50-a210f455b844,69092204-4724-44ff-9cbc-ae5678dc1525,wallet,1253.88,completed,BR
73b5f6fb-a56d-417e-ad02-47469203b5c4,53de3fa3-e02d-49c0-b38a-39ff0694fd42,debit_card,1825.62,completed,GB
9c2d9dc9-4355-4692-9c04-f85b5a209b7b,2f07a9ef-10d3-48b1-a794-ca554eae820b,credit_card,114.64,completed,IN
f6b606e6-35d0-4c7a-80c1-3a726c8b261d,1eccf8b4-0c0d-46d8-9e29-cad19c6ca1ef,debit_card,1172.78,completed,NG
36740a5c-223f-4ae6-93a2-9662e7e33bc1,8bf7e305-23c6-430c-974b-db9247c87453,credit_card,271.56,completed,IN
89775445-d79d-4104-9f41-e1419e7b1b2e,75ada3df-ca51-4fa8-aa32-7e0021e102fe,paypal,145.14,completed,US
e80ffc23-db5d-4e17-9cf4-f92e92eb82ce,56738efe-4168-419a-8889-5aaa4f5d3eb3,debit_card,188.96,completed,DE
673ccd86-4f61-462c-8361-d9e5a1d9024e,8f029663-5064-4f67-aff6-d5e0ea4dd91d,credit_card,62.56,completed,IN
c52a3c31-b6de-4a45-85cc-f5ecaa3aa76e,2a25f311-48cf-40ca-8e5a-7c9722915b47,wallet,1135.62,completed,GB
08c36163-d387-4ff9-9e2e-7afa636d5bd8,3c1b0c5b-cec3-48d6-b62c-af2b739e8ff3,credit_card,1087.55,completed,DE
f93fe323-bff1-4424-9d4c-99b3771c1fac,920abe05-d66a-497b-983c-bc9b8c4d1051,credit_card,475.26,completed,DE
57758ea8-3bd9-4d21-911d-c8b57873f88d,6ba10ffd-f436-476f-9356-049f081c47eb,paypal,1158.61,completed,US
75e5093b-462c-4b0a-9e6e-31d5e8c09379,f1bdb5ab-5e99-4879-96de-4dc671c49269,wallet,570.95,completed,DE
f48cb7bd-b0d7-4cbc-8d10-fb630d0181fb,b1db4425-2cbd-4a9d-b258-47930e108560,debit_card,1289.88,completed,GB
a65aacc2-c731-455b-9672-b61760b20789,acff5974-9202-4bed-9506-4e3c9070ff2e,paypal,314.83,completed,US
b3c7f503-684c-4350-9260-7aec53b3ff19,651dd661-f830-455d-b0a2-98a76bcc948c,wallet,478.1,completed,DE
ea85dcce-4297-4913-bfb1-64d94f671aa2,0f486a6d-4b84-4aa6-9994-ea57ac3f3fba,paypal,1376.95,completed,GB
a9cd5323-01ca-4250-8b85-4cc50c82c31c,f05b609f-61e9-4627-85d4-11102a601db9,credit_card,3305.85,completed,GB
5492fe10-6a61-48ba-87a3-13c0c61b3a98,bd9dfe47-c4f8-494b-8511-4fb54530b78a,credit_card,558.45,completed,NG
ce324bdd-4145-4095-a544-d0d31ec58655,03139687-1517-4554-ae4c-623d0efc47d7,debit_card,501.53,completed,IN
3b6dc354-1c18-4ae1-ace8-6ae48dda13db,97587015-6ca3-4b3b-b163-cb76980cab94,credit_card,1459.69,completed,BR
af1d95cf-aa2d-49ae-99a7-e59b7b94de5f,55445973-971c-427a-b31f-9a7929ae5be0,wallet,145.01,completed,GB
9a537bac-79e3-4340-9fdf-b73f57c5813e,951a875b-350d-4fd2-b1d6-d58522601709,paypal,317.7,completed,NG
32f6d8f4-158d-46a9-acf5-a33dbc2f556a,34ed19cf-9d60-445b-a07c-1565b55bb52b,debit_card,906.91,completed,DE
3c64f097-e41d-49f6-88dc-df3339a44afb,94ec994e-9320-49c7-b7bd-09631c08ce4d,debit_card,462.31,completed,NG
63ee2cd2-660a-424b-9a68-65196f7f88ae,ecd39ac5-a8f8-4786-b91f-52db5439f568,credit_card,328.21,completed,US
168c56c8-0eae-4cb6-a6a3-919456bfc92a,7e6e8c8d-b9c6-4624-bf68-70c53b741008,wallet,122.83,completed,IN
2df80bfa-331d-4e2e-ab56-4443fb48d2e0,6321cd81-b8e6-422a-ab55-bfeb227f71f2,credit_card,1277.49,completed,GB
e2a03617-4d19-437d-b803-40cc0623211b,1910f64b-6d9b-4b8c-a17c-3663f7d99b61,wallet,391.95,completed,GB
deff753f-49a6-4960-8a0e-c9878b11fe0e,99c39d5c-a962-4c10-8a25-442b5fe291fd,wallet,122.09,completed,DE
27e87ca0-8a37-40af-9a2f-cd95f287a6f9,74f927cb-d988-4698-b083-2a328bcabdc3,wallet,387.86,completed,US
dc388706-8eb9-43d0-8d13-b0f2c1e87623,d58ffb25-4acc-427b-96dd-fe144d61ef63,paypal,411.95,completed,NG
27e1070e-041f-41e7-ae4f-7ca5bbb77c40,6d58d6d9-f2cc-497b-8256-a15e51e8f620,credit_card,730.31,completed,NG
5d0c6042-d490-43f2-afe2-5ca5280c9b4b,4cabbc62-35b2-48af-b50c-de68e7a9ee5d,wallet,215.81,completed,US
75bfb571-c136-4669-a100-9c16b6a929a2,e9716e69-1abb-4b68-bad0-6f9511cc0117,debit_card,137.3,completed,BR
eef5a9c9-ec40-45f6-afbf-0734131b493f,18695ba1-5be3-4820-819c-e98f98e5f3a8,wallet,1061.98,completed,DE
a391236d-47c1-4716-9cce-37d2918548a2,2119f4c0-a0b8-4fbe-aee6-3990aa0cf021,debit_card,1161.27,completed,BR
d1ac6fd2-529e-4827-a01f-fa0e8f58485e,f9f3a9f8-77b3-4438-b358-e1da074e7cd4,credit_card,357.08,completed,IN
a97a6daa-0351-40de-afdd-0deeecad866f,c8330b44-e06a-4707-8001-85dc40f60e7a,debit_card,453.61,completed,DE
6caed278-2c60-4b9e-9e4d-1e624bb9c313,4f24799e-a569-4493-8f78-0b04c1cb2086,credit_card,503.92,completed,DE
15256986-44bf-46da-b2ae-bdb24fa25eb5,1c387097-cca7-46cc-aef8-6de687850549,paypal,199.51,completed,DE
874a4bb9-87f9-4ce3-a2fe-7ec14726e32f,8ddde927-7b94-4ece-a5b9-61a63185a1d0,debit_card,600.28,completed,IN
a7a40f3e-b730-4a40-a9b6-9ae9b9afe8d5,0efa62e0-8623-467d-b71f-e394fa9d2ab1,debit_card,1624.28,completed,US
157e2a21-f758-483c-a244-ed64410ffaaf,d68014e9-5ed9-4dc9-b212-bdebf6bdb586,paypal,402.13,completed,DE
f5cdd941-fd08-4d0d-a8c2-d3f410434ae2,5e43787c-1d9c-4c82-aa7d-f9cf861d787c,credit_card,504.81,completed,IN
6b0c9183-5cf3-41e5-87f1-f5c32d7ff767,f28f80d4-a93c-47ba-a5fa-9c211ab144e5,paypal,298.11,completed,GB
70a734dd-b213-46bb-aaa9-30b60929e488,d4e39adb-b654-4f30-8354-98b981e1a61a,credit_card,249.77,completed,IN
316a1fda-c594-46a0-a438-f76fbdea891e,8cf69c84-49fa-4148-8fd8-8be368c6e04b,debit_card,598.29,completed,US
f607c296-85fe-4cb4-aaa4-24d962d0ba7f,c2c11049-fa33-4bac-ad2f-05c398f819df,wallet,332.26,completed,NG
6cfaeb69-7857-4436-bceb-544edf3e8382,0703c82c-a5db-49c4-9666-28b963970f1b,wallet,49.79,completed,US
04bc0841-2f49-4278-8d1e-4a72047ea7c1,92df6bef-6f0a-4e07-854d-6edeca7d9827,credit_card,88.58,completed,US
6422b7f8-7174-4fe3-9488-9c3ea22035dd,043aef12-7e74-494d-a00e-5eb93e6d6df9,wallet,327.01,completed,NG
304f21d5-75dd-43a6-a14f-1c4d0155c3ad,67776f38-77ee-4632-b91f-abc4841a4eed,credit_card,389.24,completed,US
87bc26c1-027a-46ac-97a7-d2523a1b699d,2a474593-c41c-419e-b373-bc06e114857a,paypal,518.26,completed,GB
4e00c4bb-6dde-47bb-8331-c6f952ee4f1d,ee223903-0005-4b35-91c4-3d2b678ad40a,paypal,533.02,completed,IN
1a71c252-6d96-44ca-b6a4-43f7f078b20a,7482ede5-445f-4cf4-ba2b-af9a94f9763a,debit_card,399.85,completed,BR
c3ac4abf-ae60-43f6-af5a-950478ed8f30,d43a0a84-7573-41a0-8b63-69ed9ba94d37,credit_card,222.86,completed,BR
2741a864-ed61-4fc1-a3bf-bc28c571d1aa,fc321187-69e0-475c-a310-39d1d6e6a691,debit_card,425.68,completed,GB
319a59ff-d650-4a90-aaa8-f8927d81fd3f,d505587f-589a-459f-af17-d02eea6af5a0,credit_card,882.63,completed,US
f7304146-21e1-4f77-b0de-39b6bb67f87a,9983293a-0b80-4e7c-b240-fb4aff66284d,wallet,453.09,completed,NG
adac2c35-a02b-4fb4-b261-e2c9057b24f8,de5d4e16-4acd-4426-bdc6-a77bc6cf3ae8,credit_card,429.81,completed,GB
871ede1f-4c30-4f8e-98ba-08e8840ac23e,e9efd11d-6351-4c08-95be-64839250f18c,credit_card,414.3,completed,US
85d839d2-bc50-4176-b090-5b9369dc0c84,79685a1a-6569-457e-af1d-988df2ee288b,wallet,1274.12,completed,BR
c6242cd1-415f-4bad-ad22-f7351cd1860c,36d9e38a-411d-4090-a448-4db100d95cbf,credit_card,190.03,completed,US
7faba3ad-fe63-41e4-ac2e-44f9a6fadb14,f4f41958-f65f-4561-a6a4-1c6a6246a85a,paypal,710.47,completed,NG
b42db128-3286-4347-9a71-b1be166f49a8,abb78f30-71f1-4e54-b9c9-d4e83aa7502f,wallet,282.61,failed,BR
a73bfce1-c05e-4b80-a49d-5cd8a6a770bf,fbd0471d-0004-4441-8e3a-332c32674266,debit_card,929.34,completed,GB
5d413c12-08c7-41e2-aa5e-aa8c646a59c9,7b271368-e1e6-44e8-abda-fd45b6591080,credit_card,9.98,completed,IN
e90348ad-d51d-4898-aac5-69727e381291,fa5a4839-9cbf-4eaf-a8df-fd3090bfc202,credit_card,1172.92,completed,NG
5222f5d6-6d7a-404d-97ac-294a7eb67c99,edaf2002-1d42-4304-9941-698b49dcd0dc,wallet,206.85,completed,US
69aaa2fe-5d5a-4ae4-895e-c5f74fa6aae7,6202076c-3802-4e4c-8ed9-5b5d83fa1d4b,credit_card,239.55,completed,NG
29cdf702-e415-4499-944b-8a8313d85150,fd6c5032-ef5c-4665-8993-c66717842ee2,wallet,842.4,completed,NG
cef02afe-15b6-48eb-9c8f-47c639e70f83,a5737696-4979-42f3-95fd-4fe8a339595f,paypal,148.96,completed,BR
9dbd5ec6-a607-48b3-8a69-ab6e26fb0f8d,9554b0b7-2ba6-4e50-8a93-5d8d9ed49a2a,credit_card,273.58,completed,NG
09d663d2-ca06-4179-95b6-5f895d3a27b7,5254c199-c26a-4111-b2e4-9ddd94e38924,debit_card,122.84,completed,DE
84be0bed-3925-4b78-9cbb-4f476a6649ff,bcceb7c0-a5e3-4fb4-89de-35cbbeaff96c,paypal,2039.17,completed,DE
77cfca46-f40a-4bfe-8ae9-4e6a988f3ce9,caf8384d-30e6-4318-93b8-7630951e6784,paypal,372.12,completed,IN
5759e7bc-faad-4763-8282-a32dbbc51088,d4f1f917-1865-46c4-87ab-6876f2c127fd,paypal,223.26,completed,DE
3a5ad0bf-d087-48c2-ab7e-e26f8074ab7a,d1586e77-e9c0-4e4f-855f-6d6936c445dc,credit_card,103.39,completed,NG
f3ce5aa8-79e4-4b41-9da4-f2f77837dd3d,1927150e-0b4e-4c93-8e53-4562fb861ee4,credit_card,831.61,completed,NG
c50998ef-e0a0-4749-be01-8afe65a8fc73,625ce52a-9b44-40bb-9b2b-226701cdb3cf,credit_card,49.88,completed,DE
5b613adb-be19-42e1-813e-5a44279099b4,fcd2f47a-1ddb-4dc5-a036-9230a505c46a,wallet,288.36,completed,GB
e418eef1-24ad-4c0f-ac6d-268730162178,1ea0dc6c-f929-4cd3-b03e-211fbed34062,debit_card,1150.99,completed,GB
00db36a8-7c94-4eda-ac09-9844633ec8b9,e9732c39-dc0a-4df1-b645-ad83ee0bfe75,paypal,236.69,completed,BR
46a24331-82fb-4fd3-a4f8-2183dfa78112,8a7d549c-f1d0-468e-8754-6d5d489288ad,paypal,127.31,completed,US
e028ea00-910c-46f8-acfe-1ba1e27923c2,91367e08-3fa3-4050-8dff-0a127ad60b06,credit_card,516.52,completed,NG
91c6ecd8-37e5-41af-90d9-0c74abcfec3e,e40fbace-e6fa-4b35-8af5-27791c36d033,paypal,180.35,completed,GB
c1be42c1-c48f-4f07-9df0-7ea4af292ca4,c62db72a-147d-4a39-9c7b-726a89dcd96e,paypal,592.55,completed,NG
54566a5a-fb2b-46e0-a6f6-7027134cb761,1fae7e7d-5aa4-424d-adb2-deb5c70f1a05,credit_card,1406.25,completed,GB
1adb8610-044b-4d82-b734-dc15e096d94d,fad420ff-0832-4bbf-95b0-bd52dda708cd,wallet,171.0,completed,IN
f900ee94-50de-43da-bf32-99a934f031ad,702df48e-345e-4b10-bacd-faf83617fe68,credit_card,283.73,completed,IN
b12cc386-16a8-4ab0-8141-5d806c3978a6,3f0a3a20-de36-4d0d-97d0-cdfcf3a55eef,wallet,1861.81,completed,IN
39b6f919-84bf-4347-8695-3f68249929de,7edac2ef-7e35-49ad-bee7-3b4a36efd984,paypal,580.21,completed,GB
9fbeebe2-6ccf-4e00-878b-1059b943b3e8,1d62c4ec-4d70-4e5b-bf17-5a09c07b066c,credit_card,556.96,completed,DE
ddc3e817-beba-4093-b041-48bc9eac925a,0535b73b-74e4-4384-9b81-2a1928c124d0,credit_card,498.52,completed,DE
3556d78b-56bd-408a-824f-3a57188bd267,5a74ddc5-30c5-4265-b8fc-b4263b40600e,paypal,1473.87,completed,DE
d60d4e35-96b2-4dc7-a794-7a4b3b27d2f2,27a9cfb7-9d58-452d-a53d-e96bc5931e1f,debit_card,1173.68,completed,DE
e7ddbc14-69cb-46a2-87b9-682d4e15dc6a,61fea66a-0497-4e55-8e17-4bf2484c808c,paypal,699.55,completed,BR
6bf97e51-708e-4621-a678-b0bce6ca5d1d,f3dc1558-35b4-4958-ac11-197b6ae34740,paypal,456.1,completed,NG
9726e25d-4703-4d85-b174-478401758e29,0b8e3c95-103e-4fbe-91f1-f3c41fe508df,wallet,898.84,completed,IN
f0c42c8f-c704-4768-a69e-0e14026a5257,5933484a-51ca-4423-bf43-87f73e636da1,credit_card,53.04,completed,BR
53779bb4-3899-4130-8cd4-40ed43d216d7,fc9443c1-c2f1-498c-b523-40a17ac83210,credit_card,777.14,completed,NG
6cb88f1a-6bcf-402c-a93e-ea84f5e8ecc3,5f567d2f-a9e4-4c85-982d-813d9a4ea0f2,wallet,373.73,completed,US
a66f2ea2-cfea-4570-871e-e2b73755a606,7ea771f1-49a0-44d3-89d3-c842f2df7ad4,credit_card,371.06,completed,NG
03223c20-3367-4bf2-acac-d58ae076226b,48f16552-e305-4883-883b-abef8b81dff4,debit_card,175.82,completed,IN
e6e5d762-95bf-4636-afc9-197a3464817e,31bbea52-7abd-4f22-8ad6-619ccaab647b,credit_card,316.43,completed,NG
b8ca8408-2f57-4c37-9e97-cb169d3e5aa6,26ae2c4d-bfad-4699-866b-ead3e0565b66,wallet,465.29,completed,GB
5ae4179b-f0c2-4ace-829a-58b14dc02d20,d791abdd-c601-49bd-89fc-7a34f960bc6c,debit_card,373.92,completed,DE
cffc6ac0-0027-4632-88c2-a2ee9577baed,b879e4de-aa2b-4a72-9b45-9acf967a6692,wallet,493.67,completed,IN
da7eb153-0be4-4d5c-9bcb-8b5b8bb14553,41aaa4df-f46d-4ad4-95ce-a385b18f2635,wallet,424.5,completed,IN
a7bc1c19-d3be-49e6-8546-aebe63fbbe32,e2f94516-a4bd-4e2e-8eaa-fd9e9ba43bca,debit_card,307.95,completed,DE
a47f0ff5-c1fd-4f9a-b5ae-175f976cdbb8,1a1e95b5-1cbd-47d3-8f70-0a65e78b7bd7,debit_card,163.39,completed,BR
43e3a1e1-d10f-4137-9e10-bfd4aa7ebf3a,e666e097-d409-4aa3-8bb4-a4d62a69505f,paypal,197.53,completed,BR
c9fc8229-c38a-4274-8b21-4d8509df3180,d5902526-13f0-4f75-8682-9fe6dee932cc,paypal,2618.02,completed,GB
a3448432-f841-4012-b05a-201348b01d02,03748070-89ec-4c66-b3d7-3235c90ed244,wallet,397.48,completed,NG
4174e1c0-076f-4311-b81a-43a3283fdd32,844e4840-f307-4b62-aa19-d5578305705f,debit_card,17.62,completed,IN
98c88a0b-7c45-41c2-9485-5497c3df6047,3e71adc1-1891-448a-8e21-113d8b6368d7,credit_card,308.88,completed,GB
8956d405-8ba1-429d-805c-b3b3ffc21b27,3ecab1fe-29d1-4b28-8dc8-0a1cde97d7f5,paypal,473.56,completed,IN
b9b3ab67-bff2-45df-8f51-b7338a7abb48,f67a66b8-1102-41d6-8b27-ab7564474c9c,credit_card,1950.79,completed,DE
e550e6c1-d684-49f0-999f-3e21f097aef2,7571405b-87b2-438f-b8e3-68753ecec189,credit_card,698.57,completed,NG
101a1768-a8f0-4aad-9241-942c6043706e,b1d98300-8d46-4eaa-86f7-d8b384912666,wallet,572.97,completed,IN
84dbfc65-169d-4ede-af8d-38819e90706f,92fe995e-6058-42a0-9dd6-835c7826ed9a,debit_card,374.28,completed,BR
540b2920-c4ad-4f2e-88d2-ea7ee338e591,f190dbf2-e066-43ff-99f7-6653f86d45fe,credit_card,15.85,completed,BR
e2cd339e-8a24-4fd6-971b-a9a692c27089,1e226900-c668-4a6a-af8c-7c3b23f6f345,debit_card,2504.65,completed,GB
3d2ed5cc-9ef8-4ffb-91ac-587dd0948e81,a1653b73-33cc-4fc5-9e3c-5b0e1161f1dc,paypal,181.28,completed,US
b057008d-223b-4a7d-bb7d-289ab0162aef,19a5de92-391a-419f-9d4a-152d37d0cd46,debit_card,448.5,completed,US
3d7a90b4-dadf-47ef-b74c-093e60780fa6,169f431d-6ac8-4d80-a047-d30b6492e106,wallet,159.52,completed,US
6c055b2e-fd1b-4b37-8e49-c9dbd696f399,7a5df62b-bd97-4c70-82d2-b741e56f1c3e,credit_card,8.35,completed,IN
be6da3f6-6654-47c9-af52-e0bd7db3f58c,b4592e24-62b7-468b-8146-16d26409e1e7,wallet,108.37,completed,GB
70424550-e166-4e04-96fc-fabbb9e03e1a,755ab312-01ee-4dc2-b213-8bc0403d0f0b,paypal,749.39,completed,IN
db285def-432c-4a42-bd1c-c63ebe568865,5f8c039e-9efb-43de-9075-e14b46b5edba,credit_card,271.92,completed,IN
5adfbfcd-c027-4eb7-ac11-4f99e88f2e40,f4bdf409-fba2-4533-9835-8afa6bd9290a,paypal,1934.51,completed,IN
b514645b-28b4-443d-9a0e-96197504cedf,3db3f271-2830-491d-be10-4d2f979cff51,wallet,605.05,completed,IN
6f2acacc-de4a-458f-91ec-50c3391f4add,ce5d8870-70db-4ff7-b8b9-25f03a291044,paypal,255.78,completed,DE
cf852448-eb7c-42f8-86fe-42b24a2192cf,658f2514-cf46-4790-bf0a-3d197bcb5ccc,credit_card,662.31,completed,US
370578e3-21e0-43c9-b2e6-302c8534e627,b43af3f4-effd-4d16-b748-3f75e2bb36a2,debit_card,331.66,failed,NG
20a12d40-bfc8-4863-a26c-6b0a942113fd,03a9f9dd-0c64-4fcc-bd34-c8511f004b9d,debit_card,241.33,completed,US
0f0157ea-aca0-4fbf-9cd4-7b801dcebd2a,9f557f98-dc36-4749-81c8-96c37788a608,debit_card,1192.05,completed,GB
42a0766a-2bd3-45ae-95ed-6336bd12d023,be3d6e3b-5f96-425e-9d89-bd4538f5a8a1,wallet,133.26,completed,GB
69b4a7f2-22ff-4fbe-8b6c-e09788250088,0435b15b-4613-4298-91ca-6c9d770172d4,debit_card,249.64,completed,DE
ab6a0042-0efe-4ac6-a582-67db32574a19,c0312c29-3fb2-4c22-b45f-87de85414215,wallet,124.19,completed,GB
4a98f11b-f417-427c-af5e-fc017f6762c1,7cc8a8f1-12f2-4c01-a08d-25e1ee243832,credit_card,353.58,failed,GB
7e752ea5-d75c-4cb2-b167-ba30e6271ced,780d1460-93b4-4222-af80-797545fb811c,credit_card,784.02,completed,DE
43f3d3d8-6d7a-4235-8624-d5bf0c3b11bc,1dc30700-bfd8-488a-aa9c-b24274ff52c4,wallet,500.01,completed,US
a4d834f3-3a05-4a37-aced-4f6b35dbbf41,557427b1-422e-4224-90bf-c856d09c8819,credit_card,439.37,completed,DE
6d0da24a-ccc3-487e-9f93-26445d572778,e0f41f21-0b3c-412b-a4c6-36d95a3d4c8b,wallet,754.35,completed,DE
1d3c51cd-76b3-4e11-b4eb-a41b0144926f,563ab445-0d8d-453e-9a7a-bd001005fe73,debit_card,2465.6,completed,BR
c9039817-6fda-4569-80b8-593020174239,3bdc1836-ba1e-451a-8cf2-8c11741c40b8,credit_card,665.69,completed,GB
477bb494-515a-4ff5-ac43-2f52c3aba29f,d920864e-96a8-489d-8d59-21463cfab2fb,debit_card,414.5,completed,US
4a9879f1-87de-4c95-ad9f-ee53a36e0b71,b512b0eb-b019-41bb-844a-93f0ce1292ab,debit_card,221.6,completed,GB
0c02f7c9-f330-4be1-87d5-06e50080abf7,a1cdbc2d-5c3a-4a88-90af-d3dcec8213b9,debit_card,998.16,completed,IN
fb26c5f3-f80c-4be9-a973-d5de7c3a0048,d09d7329-759d-4bcd-8ce1-778cf004eb08,credit_card,640.71,completed,IN
a6928d63-cdc2-41d6-8109-69731175c33e,890bb737-54f8-42fd-bbbe-842d2513c5d2,wallet,774.48,completed,GB
f981000b-cb9a-48ab-8ad9-8bb4738f4440,f2028ace-5718-4372-a1b0-b121158aad60,paypal,202.93,completed,US
c26b7dbe-8911-44c4-bb34-9e159f921923,cef5119a-7ccb-4e8b-99dd-6e5c149d0bf7,debit_card,297.3,completed,IN
e3eefce6-76c4-4c6d-9d9d-0d1f1bc890dd,63c11cf6-bc51-4e3d-b988-ec8cb0c3c472,debit_card,123.1,completed,IN
90eca154-6145-4e64-bf14-f34a611c4209,f540ddfa-fa95-4c62-9955-e204d09bf888,paypal,31.6,completed,NG
26cdce98-8b08-44c5-8023-5e9be8301e59,fce506bc-5b3f-44f7-97bc-ba714f813a78,paypal,766.02,completed,GB
ca342c59-51c2-4b9f-ae08-ffbd0ca6a02a,970aabc9-46b1-4574-9f71-7f7b19eb75ae,paypal,92.61,completed,GB
c0e364e5-b592-45f5-9bc1-62f2f57345af,b247e16f-11be-4f33-b479-cb65ad7b9f14,wallet,161.43,completed,IN
efed39c0-8361-449f-8a25-01ab05108e4d,ee88c853-dfde-4f4d-b56b-739c9354dda8,wallet,407.52,completed,BR
b78cc9a9-8a5a-4973-8e70-535b0663dad1,285d8c61-69f0-4682-ae06-e75d4566df3f,paypal,645.14,completed,IN
1a37d3db-e387-46c4-8cd1-7a51a5623578,1da12436-1c5b-476c-8dac-a2c9092ad6f6,paypal,472.82,completed,US
731e98fb-a5db-4073-bc51-97a5b1dd8610,32c7fdeb-38c8-4ec9-afc4-e123a3480d06,debit_card,1755.1,completed,BR
12ec0ff7-5b74-4e4d-8f44-4f465e559a78,df6767ce-fe60-4d0c-b21f-4cd9b1e06087,paypal,512.51,completed,US
4e10a9d9-3427-4f5e-b90e-ffa605e2baf0,cc6fc8b0-02c1-4fab-ae48-0a820fe4eb49,wallet,179.05,completed,BR
27d99c1e-5fac-42e3-925d-003bd09e4caf,a98fc58d-c324-417c-82d0-729d90a308f3,credit_card,1605.6,completed,BR
fdfb9264-25f8-4ce8-a79e-7da1b1ebda71,f1d8c196-250b-4e0a-90ff-be8b81567e20,credit_card,429.81,failed,DE
38092239-2803-4c7f-b77f-89e66c4dbde3,8f9f25d1-9874-4dac-8942-a6d18ec03b14,debit_card,170.29,completed,IN
0cf05871-03c2-477d-ae3d-5de86fcec729,a4a9cb24-369a-43f4-9ab1-f4717a603b3d,paypal,617.12,completed,US
27923613-f2c5-437d-882d-c9981ad6870b,96f1b41a-6e37-4cc8-81f6-b3bcb204f002,paypal,1326.4,completed,BR
88232600-a185-408d-bc21-eb9e5cab9538,97063d49-5017-4c6c-bba8-6adaf633f453,paypal,148.66,completed,IN
a5079486-9c60-4b28-938e-bb8cfaba8033,43d9221b-130a-4ea9-be12-7fb3d3524186,paypal,207.13,completed,GB
4ebed0c7-105a-4b6b-b98a-fe91d0de7bf6,8f171d35-71b8-4133-a001-f3e28d265998,credit_card,840.2,completed,DE
6e161c68-6f76-41ff-8be6-a88597ea6d9b,c87615f4-bcbe-469e-9471-b3eba090e6fd,debit_card,735.19,completed,US
ca4cbcd2-4582-42fa-9411-e7d2225c0135,aa13796e-b46b-4e2a-9caf-10d46ff2599c,wallet,148.66,completed,IN
6465bfd8-b15b-4404-988e-dfa16186f980,6ded0495-1ef1-4561-9411-a986fb2c2e9e,paypal,76.56,completed,US
bf4db91b-1b25-4a66-af1d-0383200c9425,0ea1fce4-a77f-4625-adf6-1a41f1be2e86,debit_card,271.07,completed,NG
14d5d479-bce6-452e-9f47-3f0b03e9af61,30492624-e811-438f-a38f-36653b2a916e,debit_card,457.78,failed,US
5fdb306e-c957-4f03-b279-5149b6b49e67,13b2ba5a-6713-4ccf-b30c-0ebcc913a37d,debit_card,715.23,completed,DE
0d4d159d-9f7e-4f63-974e-2aa11255a58c,91184305-ee1b-4856-84b1-bdd61414bfb3,paypal,83.75,completed,IN
55ccfc2e-c9f5-4553-8681-b7d57b5b22bf,fd77d5c2-8bdd-433d-9aa9-eff6ab133287,credit_card,505.95,completed,GB
ebb06e56-ee69-401d-a21e-1a2811aaade1,b28dfa6e-bff1-4b41-8de7-48c005ee81c9,debit_card,314.17,completed,GB
bbcad4f4-1916-4e55-916e-86944c7e3119,cf091342-fe87-4f16-b91e-cd90708a3e29,paypal,102.57,completed,US
6a411025-3463-4807-8511-266f90c8fe41,433969e6-9773-47a3-a4fb-6be7bfa1c823,wallet,261.92,completed,NG
a17c3e8d-3028-42d4-9b61-aa2ea9e9df72,dfb0f081-07e8-4009-ab4b-d1349aa99de6,debit_card,2205.22,completed,BR
34fa2b9e-a0fd-4f21-8efc-19c4e6ff00df,be05a2d5-bb62-4065-9318-5fd6dc5ce95c,paypal,182.93,completed,DE
e666da8f-b5b6-4567-b41f-9f38e6f7c9d6,7443c73b-3b44-451f-8d2d-6f89df5ec30c,debit_card,418.31,completed,DE
ec4c3c8d-bc30-4e1f-816b-f303779787e3,475d7616-ba76-43d1-85d4-df6c95d96ef0,credit_card,768.25,completed,IN
24b47ac8-4b75-4fd8-9522-d1ba556bac02,12b1943d-921c-421b-a9b8-54419f1f372f,wallet,246.17,completed,DE
9075a307-1ecd-433f-be18-c84b550a0b66,ee79b177-ab93-48a1-9eb9-29097981ae29,paypal,2182.85,completed,DE
093548f9-8ba6-480d-88c9-767934fa547b,93f1958a-ef40-4234-9f1d-9ab3e6ead625,credit_card,429.18,failed,DE
bac207d6-1431-46df-80f7-6b1a667fb200,f69293f2-f686-4110-bf31-795cfc49df04,debit_card,601.22,completed,DE
cb3e7fd1-fe81-487c-96c3-6858ae828b56,d58c706a-6ecc-4e35-8f17-a277962b624a,paypal,28.02,completed,NG
c0d82ca0-c8ea-4af0-a78a-bab32eb80a19,0d0ce2f8-0de0-43b2-9cd4-80fb9924d34a,credit_card,415.13,completed,IN
6c19b0ba-a93e-4131-a889-914a102b84db,16250839-e09b-46b6-b293-d06858ecf841,wallet,407.54,completed,DE
55a39aae-d81c-489e-9017-30ea6da640e4,73235573-b307-4238-8dd9-37744a45cb26,credit_card,17.62,completed,IN
44cd80af-1958-4813-8cab-abb77c88576d,b9e3a2d2-79c6-4a92-8c23-1b23daa891e8,debit_card,201.61,completed,IN
e5e894c1-c159-4b18-a9d5-016c711ae1af,679edfd4-4ccc-47f7-b797-d75d0bb1411a,credit_card,724.11,completed,DE
d3a6c6dd-12af-43f7-ae61-279cd1cdb0ba,a67c7aa7-b3a2-4186-9dd4-19422188510f,debit_card,979.05,completed,BR
b84c8480-d4e2-428a-8dde-17319af24d1d,a9d201b2-df08-4f63-9082-5f934fe80a1f,debit_card,424.17,completed,NG
e0b058a9-38b7-4ddb-8308-4f56b2f41e97,076805fd-5ee9-4846-9b0d-9e63485e03fa,credit_card,117.98,completed,IN
1999b62e-dbce-43b9-b473-4884164e7ee1,3b281af0-dd75-4c57-87e9-90e2fc76f33b,debit_card,1558.06,completed,BR
11f1914f-f94f-4151-9527-41632f8a4ff1,6ac1b4b9-10d3-4436-9345-c4424fb09792,paypal,921.73,completed,US
42fbf628-ab04-487a-b2f4-524dd321f093,54fda2ec-58d2-4c00-90f3-f640e658b440,wallet,137.25,completed,US
b03e3711-9d58-4616-abc7-4c3396a50ddd,8af264d9-4c5b-423b-80ad-6cf0e925890a,credit_card,1186.83,completed,GB
aec1054e-f95b-47fe-ac41-3ac50514a0ea,a45113d6-3fa9-4cf2-bbeb-ac07781e92cb,wallet,250.4,completed,BR
4574217d-0100-4f46-9f6f-53f3074b439e,b116108f-a620-4bac-906f-b84e863e14a3,wallet,178.04,completed,GB
4ad0cdde-a76d-4288-aa5c-69b62b3ee975,84f4db34-3f56-4c2f-8ea1-ef8c5a05b518,debit_card,24.63,completed,DE
14170d7b-88df-4f29-b81c-464529be3aa6,60516b0a-824d-49a9-ae3f-3a678bbed63b,paypal,310.74,completed,GB
fc9709bb-a5a9-44c6-aaa1-4296328d8149,f502a2b0-43a4-4e19-82a2-49636ab21fcf,wallet,469.09,completed,BR
27a7eea3-bc07-42c5-901a-ef7fc923df6a,da032c58-0e38-4808-891f-a1de66a8190c,wallet,1211.93,completed,US
977d0c13-bbd6-45c4-9fe0-fa6552487503,abdb2f99-358f-45fc-965c-88144847c4c7,wallet,36.66,completed,US
364f94f3-9255-441f-8290-907d12fa0c9a,80e5980d-6096-4e68-9af1-17688a9e3ad2,credit_card,488.48,completed,DE
00a3f2cf-fd97-4443-8cd0-2afea6e2aff7,c20e4d15-bd6c-4020-a5f5-731c7765e209,wallet,965.36,completed,IN
42d99288-4592-497e-a0a4-8ab3f90a9348,a1243588-824a-4d24-bb96-818bb794814a,wallet,332.28,completed,GB
230ccfd0-5a10-4d4f-aa50-9a3fd114ce71,55dc2bfb-42de-4340-8b7d-d8f4faa36600,debit_card,295.13,completed,NG
0b8c7995-1b97-4d17-8a05-d91eb1c337f2,7aa52a6e-fba5-4401-a615-8b05fc0a472d,paypal,337.54,completed,NG
bbc94363-3cfa-47ee-988a-acd90b9eead9,87a58a60-edd7-49f1-94a0-8dbe8859f40a,credit_card,576.56,completed,IN
996b6b43-a8b6-4af0-be57-4ef1f0da9287,79d1be90-4095-4898-8786-aded04ea5984,wallet,336.74,completed,NG
67a9bcb0-a9f2-465d-bb1c-e3f4b83ab3d3,a3162c25-fe28-4050-bfe2-deb25f6a2d40,wallet,1277.15,completed,GB
b62eaa1f-20c6-4799-b790-fe9c33346423,e3f3ef17-4203-4824-9ab4-909839cdf57c,debit_card,613.14,completed,GB
abbff8cb-3dc5-44d2-8d10-f6fa7c9f1f87,4ed409dc-6e2a-4ac6-a22c-0b0ae2329110,paypal,1254.29,completed,GB
70663777-d7f2-46fa-96c6-93d99fed32ef,63b716dc-f312-46f2-b2b7-7e048dab5dcd,wallet,550.07,completed,BR
f2c6bea2-09cb-433d-9d72-b22d7b6f942f,bf78e5ba-036a-4451-8ff5-50c401f9cc7d,debit_card,449.65,completed,IN
791e732b-f118-43c2-9ba3-1227612d6c28,3634ef71-eac3-48aa-aba3-6458957b8612,credit_card,2552.6,completed,IN
31d763b9-1a5c-4978-8eec-30787538e9f4,89c23088-f883-43f3-b7b2-8ad354d9a844,paypal,518.89,completed,NG
cebb7c4f-99c1-46e4-b60e-e03e3074fa8b,b4df8fa3-ae4f-4209-8a81-cc35b207c462,paypal,250.01,completed,NG
b5811e04-cf4f-4856-a43a-86aae49f03a2,30c3d5f3-393e-41a5-9f2c-17311bae91ba,wallet,531.85,completed,NG
2e659961-066e-419b-b4c8-e18059f1631c,fa63671f-b6bd-4e2f-964b-cacc8fb8b8cd,wallet,374.06,completed,BR
d04787a0-3481-46a7-8fa1-a2a90ae35368,74c2902d-0267-472b-9835-3db4f47a2ed0,wallet,517.69,failed,GB
dfde2b26-0dfe-4a61-a5c6-ab4c99fc07f2,51528712-9149-44cf-8de4-c683ceecf709,credit_card,906.63,completed,IN
73907fe3-148d-4ee0-997e-0fa87169ee3d,58e11a5b-764f-4444-8dd4-a51316e121d2,wallet,224.22,completed,DE
4e4da196-3012-427f-baef-c0e53a4521e7,13e89be2-16fe-481d-86b4-d46a6227bec3,wallet,224.91,completed,DE
a789a299-6d57-4bff-bdf1-402395070e6f,d5fb9536-6b41-47c7-aa82-21d7e1400a2f,credit_card,426.77,completed,DE
6714dd46-1661-4df6-8913-0363e0f147d6,4c4e690e-5fb1-4a66-be5d-946d8a992772,debit_card,37.12,completed,IN
9da4535c-519f-46ca-b63a-ac0d1c97ea78,05a4e609-0e61-4318-93ec-4e588fd76d68,paypal,316.25,completed,US
faddabc8-2afb-4d66-aa41-7c1d5d04be31,41db7c70-98a1-4e21-9de0-71df98f73bcf,paypal,778.65,completed,DE
5af6a615-9c77-4e49-8839-7991c7e99d83,d10144a6-d915-4d06-a052-3d3edc8844c0,wallet,533.45,completed,GB
0734a364-7574-43a6-b8d5-3c92cff1820f,751a74c2-d3a9-4d21-ac83-f13ee3cdaa8c,paypal,488.32,completed,US
8792d126-df5c-47d8-9209-96c07ea7c8b6,4eb271f1-cf18-4f19-863d-ec8d67c81940,credit_card,405.34,completed,BR
b26be3dc-323c-45a3-83e3-f2b6460e4701,c88f8c57-967e-49af-8851-01cad1e3090e,debit_card,73.5,completed,BR
6821e300-0a86-4378-a143-34a175f14bf6,658fccb6-f35e-4664-a21b-3bc7258251e6,wallet,177.64,completed,IN
d85cb9bd-2d6b-44d0-a823-5db0ee08ec87,af5ee0a2-87e4-4d79-adb2-57dd95056129,paypal,322.24,completed,BR
48af7fe7-d796-4dde-8b98-35d5dffc11db,e52b7ef6-e72f-48f7-89c0-745bd5dd9b75,paypal,378.92,completed,DE
50706eda-5be9-46e1-8e19-0f283ba2a19a,d1992c0a-8f88-4606-b89d-93142f74b07c,credit_card,826.75,completed,NG
9361010a-4658-44bf-8bda-42510f7d3815,350f87d2-8fa0-4fc1-b5b9-2bfe95158dbe,debit_card,41.41,completed,IN
1af93555-74a6-4dcd-8de8-72d0413f55fa,2762054b-0215-4d32-be21-e34e8a679b92,paypal,250.28,completed,BR
60ed2b03-442e-446c-917c-d199da31558a,9a9e8b12-4ab8-4d44-8e5e-0773db96b70d,debit_card,543.47,completed,GB
50d2f799-9e50-48d5-9c0a-942e53c18fe5,95914286-fee9-4d36-bd0a-0c7a1f63c629,credit_card,225.68,completed,NG
ddd1f79c-4ba3-4086-b17e-5a60b125fb45,649e5701-1bfc-4935-8b9b-87f91d2cfd27,credit_card,413.53,completed,BR
112f8efb-fc81-4ad0-ac05-c6dc87552fee,b58876e1-f7b4-4ce6-9396-adaaeac69c21,debit_card,87.62,completed,BR
1d72f5a9-a1d6-4ec5-9ae5-36972880383b,1a872c28-54e0-4113-b7e3-42f1e690ebfa,paypal,77.9,completed,BR
0de37ed9-1349-46bf-9938-4e721836213c,4dcae407-a74a-424c-a2c1-5f250720bf38,credit_card,425.74,completed,NG
3c50ada8-5307-436f-84ae-19984de11e1e,581e9072-8fd1-4cfb-83db-70907347d32b,debit_card,7.79,completed,DE
be19a0da-79ee-4e28-90ad-c30b9c8c60b9,54ae17cd-9ae8-4c55-86e6-c2392cd71b6f,debit_card,960.67,completed,NG
01d1c528-04bd-4323-af10-7538eaa229fb,54217d99-9dab-40f3-b721-139ebd53d8c4,debit_card,581.33,completed,US
67af075f-d80d-4a25-845e-a15b0b866cef,e9055799-5afe-4c67-8018-573200f41c83,debit_card,318.46,completed,BR
2db41e84-062e-4b2a-8ba7-582bfad2b4cd,f3476580-d8bb-4c34-867c-9164fd6c5fc8,debit_card,170.29,completed,IN
7dd84b1a-dcb6-4d08-9e67-ca7989722dc5,e35c99f6-f6d7-474f-bc4b-4832c25307ab,debit_card,415.68,completed,BR
8f796f6c-c411-4997-8302-d29b19b0a2bc,39315621-2e57-4cc7-8c29-f82fb06fbc4b,wallet,70.71,completed,BR
c752eb9a-b30c-4f6e-8b47-7836a2a26793,b8c89294-d3cb-47b8-a5b7-b081ca6637d3,paypal,75.08,completed,IN
3f7e8dd4-5fe3-4216-bb3a-224d244205ce,9b3bd33d-8ef0-4f59-8c03-24a3701ab2ab,credit_card,2283.63,completed,IN
3e8587f4-7942-4676-9cf5-80cf490e1851,86f319fc-ec8d-4057-a171-667922f8af4b,paypal,29.84,completed,GB
2ccf927c-7bf5-47c7-9617-2d9f63bdcf5b,400884bc-c6c9-45de-af4c-33fe68d6a75f,credit_card,289.0,completed,IN
3fa4b726-c07e-485a-b711-0e3e1ea81528,21694d26-c534-4118-9da8-099bcd8072f2,credit_card,689.72,completed,DE
27b84732-8e5b-4a86-8ef7-f4b33a666620,da8ae6b0-aa74-4a30-82e6-e934b362cee9,wallet,1349.24,completed,GB
b5f30c78-8e5b-4515-94a9-fec09d879cd2,3d03cf13-ef31-4b4b-879e-3aa10aaf9280,credit_card,1572.42,completed,NG
af518012-902b-496a-9c4d-a5e3daa0dd2a,f47ffc22-c34d-4e44-9d9e-a6f50b0597a3,credit_card,263.88,completed,US
1fac4125-67e9-4fcb-be95-9893710ee9cb,020c05b8-6762-4444-bdfa-b3bf4a8eb4e2,wallet,1094.09,completed,BR
3e072152-7480-427d-907a-d94609d0029b,de76ae3e-5cae-4c30-a3df-ed4037b7ffa1,credit_card,222.1,completed,NG
d27cd015-5100-4057-b831-eb413a870025,1188d62e-2850-4ec2-ab56-8e2f161da1c9,debit_card,2256.2,completed,IN
e39c279f-d158-4738-86d5-048a81106a16,9e54f3c3-12bf-4067-a8db-84b36cd02a31,paypal,128.28,completed,IN
84b61ad2-2806-4686-b478-6b0e1a1bab72,29ff932e-efe8-44b4-9f92-b2860747c723,paypal,2014.45,completed,DE
bd97fe41-66ab-48a2-9152-fa2fb3a032bb,a450b89c-4506-4986-98be-34794ff35bf6,paypal,360.34,completed,IN
0f1aa360-77eb-4a91-addf-6414e70992fd,b4e5ecd8-a1fa-40d0-945c-4488bd6cee79,wallet,112.2,completed,NG
449ddb24-e63b-4dfe-8305-f1dd0bae82c1,eb695346-690d-4da1-b631-7bc886831315,paypal,872.12,completed,US
9a4c7262-cda1-42e8-bc72-34c7f892f7ca,e5aea4a8-dabe-4a35-9608-7e56beaf7ff6,paypal,198.26,completed,IN
8e2a255e-7b53-46bb-96d4-da800ef9bb7a,df3d34b4-6414-42b4-8c24-13c6097e4753,paypal,424.65,completed,DE
e4cf43bb-a53e-405d-bb3a-a34b20a81efe,104a39a9-0ee9-4e1f-b97c-5924326f4ce0,wallet,352.53,completed,DE
b8cf502c-30a2-403d-b7ba-0346fa69958e,ab72fb78-fda3-4de9-ab80-e40d502e14f7,paypal,390.48,completed,IN
0346af08-a492-46ec-80d0-261c0000aa23,955d250b-1b3d-49b6-b21f-968a9a743dd7,wallet,444.6,completed,IN
db4fa2a3-8031-445e-b2be-d62c4f0bceb2,cf965157-6866-424c-b0cd-42b176632844,wallet,435.89,completed,NG
c076495a-02ca-4473-a242-9dd0a4e58fe8,11a3374a-298b-4edf-bea1-e7f67e41bc8d,credit_card,702.71,completed,BR
550de0f8-e008-4d25-b3c2-9229f937e1b2,56fd59c4-a308-42ac-b094-539b8e2b4ef5,credit_card,1931.47,completed,GB
ad2137ee-c8e1-47b5-a463-00be3fb2d5df,fb1c886a-619a-43b2-a939-558ea571d6e0,paypal,210.62,completed,US
7e6f628b-4dbc-4a83-9566-c822a6a93eac,50bf3987-f763-4e51-8bf6-b2733a758b72,paypal,355.4,completed,GB
e5a966c0-6526-4ee3-bfbf-84840f5d9f5f,a9e72db2-707c-4372-81de-3f7477cf33e7,debit_card,661.59,completed,IN
35c5858b-6132-449b-8d93-1b5436d0b1e8,88c29e83-fb4a-491d-a2a4-32578f7e96dc,credit_card,71.61,completed,US
6faa2917-1387-4789-86ba-09c2ec56613d,8a694646-3f4a-40fc-9c1e-cbe418e14636,credit_card,130.57,completed,IN
a3b7be86-f45e-4759-856d-517b1ce6411c,3c588e90-ba24-4604-9e72-603542a2c4e9,wallet,122.56,completed,NG
4722f5de-f0d1-4083-9d6c-d37e5b772346,69e21391-b8be-48e9-b881-6d413797b5c0,wallet,145.42,completed,DE
30f641c4-85a2-4c32-b8e7-25b7b0e302d7,33c703dc-c172-4916-94b1-2ce4fb7cb1ed,paypal,291.85,completed,GB
c4ebb07f-8b43-43e8-8f83-ca401b720aff,9182fd48-cc37-4c4e-9a22-83e27a96f3ff,wallet,515.12,failed,US
7cd391da-1c12-40a5-800e-a4c8d594856f,bccb36a3-bd6e-4937-8d66-027ad4b9b46e,credit_card,1169.72,completed,US
0ce207b0-4b87-4f21-8e99-b63cb5b01307,662d89c6-0f38-477b-abd6-300250b21833,debit_card,122.11,completed,BR
36c649ab-2586-40d9-b2f9-bee3cb70d752,71c75c66-4f38-4435-8fba-8a90cc0b12b4,paypal,255.27,completed,DE
95bdd771-a365-4395-a504-ddb73b59e8b1,609d4021-1910-43ea-b0cf-b4394c281b11,debit_card,319.14,completed,NG
f773659d-61f0-477e-b4a4-4f48f647f413,1fa94bf5-26bc-4343-8a1b-66a8b9d7bf30,paypal,378.27,completed,NG
59c0bfd4-02ec-455c-90e8-2da15eb773e5,4132334b-a91b-4e36-a455-6e1a86ac3234,credit_card,479.48,completed,US
f2e82142-07aa-459f-9c43-6bc1cce4c2ef,d9a06144-b13d-4cc8-9abf-8d797a5df3c3,debit_card,29.52,completed,GB
45644184-ef91-461e-88f3-941519dd9606,5f0d051c-2c27-477b-829c-c87bc1d6fc8e,paypal,27.88,completed,US
b4a7b8c7-7990-4dfa-82e8-fc82cd06cf1e,ea85e5d9-6f93-48b7-b90f-b150a04f0230,paypal,1749.52,completed,BR
330dfe4d-7b8e-44aa-9b60-706df4800604,16570326-4ac0-4a2b-8c89-9af8dd7f135d,credit_card,507.72,completed,US
112acaa5-1aa3-4891-8b48-57b4d2e631db,0566128c-b16a-4d36-8c3f-b0d345df8bcd,credit_card,598.1,completed,DE
48aa83cb-35e0-4173-a4d4-c78afb76e141,de94e203-7746-499a-a25b-c397dc39de95,debit_card,593.79,completed,US
8320d4fd-6a40-4a7c-bc6d-7e1717cfbca4,01fc35ac-1b22-44b8-b00e-d7a738f607c9,credit_card,395.08,completed,NG
6cd55095-b1fd-411d-b1e8-c2a36d9bffa9,4091502d-e302-4ad5-93f0-5a7d347deeaf,wallet,379.51,completed,IN
051f2e50-f5b5-48a0-8d40-8e5b723310cf,3a8bb3a5-4e08-4afb-b93a-ec3714631d75,credit_card,147.94,completed,BR
68546058-7789-4f96-83ad-22f8dd074548,31c99f5d-62e3-4ffa-8c04-3b17b92c540e,paypal,885.52,completed,GB
cc45198c-789c-4e4e-9a9e-a74fd24f53e5,b45e35eb-f317-4f79-bb08-e379a633157c,wallet,194.54,completed,US
ae67e185-bef1-4360-a473-ecb86ea47d4e,6d6f0d99-f7c8-4a85-8dde-db6caca4142c,credit_card,273.81,completed,DE
cad09518-9246-4fb2-972f-40c61a0228d8,9204caec-b43b-4468-aecd-e9edc8991eeb,wallet,621.97,completed,BR
3dad2462-9898-469f-98ed-0e178560bd35,66d328c2-e967-4d81-a16d-1c2c1d34c8cd,credit_card,390.29,completed,DE
616bf260-ff66-4d7a-a1e6-7c928fb70382,c833bef5-81f9-4564-bb65-66031fd4e5d0,debit_card,780.02,completed,BR
bc954f02-52f5-49dd-8d1e-f64a28bba040,384438f3-0520-45e8-91cc-aa1e9e370038,wallet,812.11,completed,BR
5cce8736-95e6-4a1d-a357-4459e06f0e8e,32de2bb5-51ba-4f52-ba21-796602cea7b2,debit_card,438.12,completed,DE
fb535d2f-a428-45ac-b771-7ad57a6cc9a1,adc1474c-f09d-4981-b7e0-e360836b0cb7,paypal,33.28,completed,US
8e7b5a3b-47f5-47fc-bd40-489f0a8c71ed,962c14d1-e000-4286-b6b5-7f713bef1d44,paypal,892.95,completed,GB
605da105-1b97-4f94-9c69-45d5a4310d4e,90497008-cd54-43ed-8488-d6c15c38c285,debit_card,723.76,completed,US
72184435-90b1-4e9b-8d5a-63ada1dd7a24,de73f6d8-2dd8-48f1-8d1f-43f10e60b5d3,paypal,57.86,completed,DE
c0ff4af2-2f17-4785-b302-7667bef55b37,b6c6dad0-b6b5-4761-bc99-5191c1d7c5a3,wallet,158.17,completed,IN
d6b3a64f-99fa-4581-aa82-906a81c7630c,dbd68af9-f058-4ad8-ab8e-df6aa56819e3,credit_card,620.08,completed,US
0da6d6d2-dbb7-44e2-b356-703840d9f48c,776ea40b-31c2-4bf8-9e2c-beb32b793278,credit_card,1352.59,completed,BR
d830ae36-e4cd-46a9-82bc-92ffe08b6794,14f6ea13-61e5-44a8-acfe-3a311b828d62,paypal,94.33,completed,IN
df2a868c-5407-4bfb-8a99-6937d22fc2ba,85598c43-228f-4a41-9144-61cda8ebdd47,debit_card,885.23,completed,DE
c971d8b7-50e1-4f2b-9778-a69ab12753fa,92b13bc1-21ba-4ab7-90a4-733f91a0d2d0,paypal,40.23,completed,DE
7d3c7864-f7cd-41be-b215-acf8ef863786,264b83b1-b66d-4cf2-a9b2-4c6755c44c9e,debit_card,316.81,completed,DE
e87feb75-e876-4500-a1b1-e1147dea4de2,39a513ec-db7b-45a1-95cf-eb16ecf304f2,paypal,319.61,completed,BR
247602d1-2351-405d-9c22-1db99efa7e87,8e1ed0e6-db3a-49ea-a215-6ec1b6c932e3,credit_card,215.82,completed,US
0b44ac58-84c9-46b8-9f86-98bd102a2163,757bcb5c-ada5-4f21-b455-999522e278e3,paypal,427.26,completed,GB
e94cc5af-65c6-4584-b1c8-f25e5ae54871,7c378bcd-0d1c-403c-a2c9-489539f33455,credit_card,244.77,completed,GB
498193f9-9cb1-4cf1-957a-c26f0fee2ddb,1d3fd640-f7c1-4816-aafe-8e92844280e1,paypal,236.81,failed,NG
03baa3f5-baf7-47d0-ba25-0cc68561f1ec,9aaeb1a2-ce5b-4e08-a1e7-edf36c7e9d75,wallet,41.41,completed,GB
f5fb8d8c-f46e-4ac5-bf93-8a1c741384c1,26578fe4-7525-40e1-bb63-600651509122,paypal,778.59,completed,NG
12000664-ebda-4262-b6dc-b8e982daa0e6,e3b884b2-d51b-4a16-b905-6d9b01f4e576,paypal,516.37,completed,DE
6ebe8b52-f336-4f2e-aa2a-1c6aa4e006d6,a3d06ac5-4353-445c-8816-87b7dcb7bd8e,credit_card,562.52,completed,US
a62c6f88-3f34-4ff4-8e3f-cd3a8cd346d7,fb6aa82c-a9aa-4f28-a1ee-a4dbee218084,credit_card,134.86,completed,IN
43ec08f6-1e4b-4461-96e8-9e0f6829031d,12f9ebff-2b22-48bf-88a4-ee5e247ccb15,wallet,1109.98,completed,GB
707504c6-336e-4728-a852-c3b71ffa21d8,d1819fc9-03d0-4ee1-9721-a5297b6d7c45,wallet,441.86,completed,GB
3252a949-77a5-4a3c-9e93-1e6f3781f463,9eee5d0d-06c3-4448-9d10-a8c8f4d7c08a,wallet,195.23,completed,BR
9abeb15c-ea37-459c-8df0-237364f72ab8,73db2197-f634-48df-bd80-2eb07203b9ac,wallet,291.64,completed,BR
e5764b5e-ceff-40cb-bbcc-463fad1d1b84,f1c9efd9-f6da-460b-b1e7-d8449e1c7665,debit_card,188.02,completed,DE
dcdf26a4-e32b-4fc9-8230-9c57c6aeaf13,46baabca-1cac-4623-b48b-de98d1fb9ef3,credit_card,208.24,completed,BR
a1060c04-4c6b-4653-90bf-5ed529557d62,5f67a04e-b1dc-4d25-9434-ff1ca52e3e68,wallet,277.18,completed,US
10d89a5e-53d3-4340-9436-1a85593909a7,5467db1a-2a05-41d2-82f4-d398179aeeed,debit_card,197.9,completed,NG
8b6a5ed8-674f-4e7f-a6f5-2aeac486fe67,ae05b84c-53f3-469b-b29a-4dbdc58450c1,paypal,2981.45,completed,IN
c69e4289-5960-48bc-a164-e47a587e56c5,4539bbb8-1ffc-42d5-9b36-5b9e900c5d81,credit_card,491.84,completed,IN
8f327fd8-f0ee-40bb-ba22-0ab85c1cb099,e6b1a62f-0f3e-4f4c-ba80-21a5f0a61fce,paypal,2776.93,completed,US
959776c4-6f78-49e7-b7e2-9751b7316354,6efc3c9d-9658-4d88-9472-70990cd24810,paypal,151.0,completed,GB
0cf0bdf3-7313-4fa5-8a54-c78e17d874ae,06721412-e8e6-40d5-b086-ff2578e8a8c2,paypal,537.49,completed,DE
93a77549-c360-44d8-838a-1ff8cc3f5d05,760891ab-1bc6-4a25-8b7f-91ee1437a7f6,wallet,513.5,completed,GB
c5421794-3690-4604-94cf-4c2cc32cb76f,a3692001-9a93-48f0-aed5-fccb1ac4dad8,debit_card,1095.11,completed,US
2e8d6ec7-b850-40cd-acef-9febf9afd3c9,4799a85d-ba4b-449c-967a-62ef7468b177,credit_card,281.48,completed,DE
7d83e5a8-39e8-4233-a212-fca9029a6fb1,91524878-404d-453d-a3ff-3f8b8812d9a7,credit_card,432.99,completed,IN
5d2136bd-8f2d-44e5-a8ce-de47675ba9f5,f48d9f8e-277d-41f7-8abf-58a805f8cfd3,debit_card,317.72,completed,NG
48d67591-78a6-4466-8724-983c35bab25d,450a8fdd-68a8-472d-a2b9-ff5f360678bf,credit_card,793.68,completed,DE
4221f75d-42cc-4f8a-ac7e-aac4be5946ab,dcafecd9-d19d-4b81-a914-23713f0de26a,paypal,175.15,failed,NG
35f82a92-1122-413e-bd21-dfbba5866c7a,72db7118-eb5c-4f2f-9662-4f95e5e390ab,wallet,414.63,completed,BR
79c423b5-fd51-4a62-bac9-2cc446fd1ec9,60292108-4875-4e5a-aa65-1a2a01e8d9e5,wallet,341.31,completed,US
d1c5051a-9712-4b62-a6ee-955d6ac3aafc,96c44306-e3bf-4c7f-8045-c4a5b280c5fc,credit_card,408.19,completed,DE
183bb327-2559-4f4b-918d-a7fedb9dd0a1,300dc5e0-b0ed-40d0-98d2-945b2d1da3ca,paypal,189.68,completed,US
1fce0314-c583-47f2-a90b-b1a8fab22b92,648537ee-13f9-49b4-96ba-03f5dfd15eab,paypal,221.07,completed,US
41ce89bb-1254-448a-8f00-97ca777c017c,f1f5d364-49d7-4354-ab93-408ac15a766a,paypal,16.16,completed,US
dc981adc-d02b-4929-8b62-482742a1e5e8,2486e659-1dc9-4110-8204-d188490acae5,wallet,391.48,completed,IN
01ea9448-5520-4439-a9c7-1257cb150ac3,8c91bced-7af7-4dc4-9639-3dc3988090d2,credit_card,714.14,completed,NG
0402ce30-fa6e-4d96-8b4b-10f91ced51ae,099e5bf3-3177-4168-a4f3-3032608f0d22,debit_card,59.62,completed,NG
53bef7b6-7969-4649-a18e-3c4ef25b375b,d8e34344-e38a-4712-96b4-61e116bfb72d,paypal,454.92,completed,DE
149776dd-489b-4b2d-8b20-397190fc08f0,d8e39b29-4f96-46ca-8d59-d1032ac173e2,wallet,298.66,completed,BR
eae44c69-fda8-48cd-9569-113464bc6c7f,f430f404-c144-4864-bf55-29086b971235,credit_card,1369.14,completed,GB
f7f2912d-3ced-49dc-8840-11620d5848db,996e8f81-4d94-47ff-aaaa-68e2e7ae9ce0,paypal,389.73,completed,IN
bb01893b-f917-4630-98ef-db4447e34cec,9c8b2f0f-3cba-4106-b479-3eaba073ee0c,wallet,78.85,completed,IN
a2fd700f-52bb-4c6d-9fcf-09624b3a39e7,9140f0de-fc46-49ac-87df-66b635dec5b1,wallet,369.61,completed,IN
eeff733c-38b0-40ec-9c4b-1d354498e5b4,05c7c7ca-45d5-444e-82c3-2d2cd02c52dd,credit_card,115.05,completed,BR
85f8b876-3766-42a8-9978-a6259056bcc7,0f5b1c88-37c0-4cf3-be85-a6fe1dd888bd,credit_card,331.67,completed,GB
8f0fcc8f-fd3a-48d1-8a64-c4127a067b06,2dac3fbb-3183-4b94-af95-1f7783e4065b,credit_card,64.16,completed,BR
8ab7c6c3-8a8f-4c54-a840-871fd5be77c3,f7c1e222-94d7-4d5c-a9dd-73f5f880e126,debit_card,955.71,completed,NG
3d8fdc06-291d-435c-b524-be41279f8038,017349a8-278b-49ae-be87-5ac6e25dbbe5,paypal,333.36,completed,NG
8b6dce39-6e11-4896-a4e7-a7cb8097986c,f041d942-3b9b-4ac0-957b-80e33179689c,debit_card,280.64,completed,BR
35971174-8cc5-42bc-b5e6-2db60e0416ab,0398a5d0-6055-4f14-89e3-46ebe3a3672b,credit_card,149.22,completed,US
8e12a802-2b0d-4c06-8d62-5ad47e1428d0,349f889c-2c3d-432a-9dcd-a955b2bcaa20,credit_card,424.52,completed,BR
b992b190-c129-415d-a751-988583c0ca2e,47d33dde-bf62-4c95-9cf5-d6640c234f01,debit_card,186.03,completed,US
e3e07527-f418-44f2-b5c4-8671345df91e,215674cd-4b0c-40e3-9934-98d97afbecac,wallet,824.26,completed,BR
08f82b1b-e362-4823-914e-92086d29b8ea,af345aaa-aa1c-45f2-aa9a-379b2fa18d6e,debit_card,902.37,completed,IN
7171322c-39a7-460e-ae4d-f3e43a89b331,6226aa14-f82d-4b5e-a3c8-9f0568149542,credit_card,912.45,completed,NG
08c5ac66-271d-444c-b0ce-4a57d574cb9d,63766e42-e6b0-4293-a117-77d600016d45,credit_card,440.66,completed,DE
a70e65fe-3c5b-479c-9721-a60cb4d439ea,28892a42-b037-482f-a908-c288e9737808,credit_card,544.4,completed,IN
3c54b25e-e23d-457f-b6c6-b476d154dd01,7d76c154-3bbe-4dba-9d06-3a1377f47404,debit_card,188.46,completed,NG
cc907363-b37f-477b-a82c-743067689477,0d8930bf-905b-4f57-8ecf-839dd83c31a0,debit_card,419.13,completed,NG
7a2abde4-4e75-4400-acd7-b56dcb9317ee,3aef965c-f50d-44e6-a418-12aa6e027d1b,paypal,6.72,completed,NG
11ab6f56-f497-465b-8809-565719efc18d,b1088b1e-7bc1-46ac-8f11-a542ff677fae,wallet,1640.23,completed,IN
29956010-5f48-4c5a-b488-908f4a95c5e1,994f949a-13a0-4743-b137-2658e983c6d6,credit_card,1343.12,completed,DE
89de1265-4e1e-4104-ad90-062fff584e4e,a76e7459-9528-479b-b44a-36e1dcfdba24,wallet,407.16,completed,NG
17363a1e-71d5-477a-bf1f-1ce5e0bda5f7,31d27e4b-015b-42bf-b0ac-685b93ca4164,credit_card,103.39,completed,DE
2ff9c92c-be93-4a3e-af03-cc5aea3cc51e,248aa6e9-e171-422d-b845-7217da55ffc1,credit_card,269.53,completed,DE
b5fc8429-45aa-4272-831c-44efc382fa0d,460826d4-c883-48bb-8f6f-95ef18486d4e,paypal,240.03,completed,DE
a3223903-93c5-41b6-9f9b-7719f9a3cef3,4068d5a9-ad18-47dd-8fc3-fccdbf337822,credit_card,134.13,completed,DE
a590b943-5379-48c3-b0ca-98c887e8f8e7,9aca8fc5-2353-4a4a-8ddf-45bfaedd714d,paypal,618.5,completed,NG
1895701b-1297-476f-8133-f33bde68a0c8,6a819f0b-4e06-41fa-a86e-e863d0fb5c7b,credit_card,427.48,completed,DE
9074ee98-7774-4bd2-a1d1-2f5f10887a97,58676c18-4675-4fe4-930d-86213329db4d,wallet,2344.28,completed,GB
afc2b6a8-b444-40eb-839a-d9c1e2db9f41,bed1fc8a-6189-40ff-b47e-56e6adcb8e36,credit_card,1794.7,completed,DE
5e6ac674-30de-4ac3-8204-485e2c2865d8,60617396-e290-47f5-ab22-c0458cea8f14,wallet,2629.05,completed,NG
cb81fc6c-07e8-48e0-b895-efdd7c6fc13c,4c885d7d-104a-4ce4-ace2-93d247936891,wallet,319.38,completed,US
1b653058-a528-45c7-b930-4a7a1344e80d,22a851bd-ac78-472f-83d1-91de7f337eca,debit_card,137.17,completed,DE
66bb10a1-e774-4ed8-b80e-00350aa0f77f,4e81264b-92b4-40fe-a291-8892d1d56bde,debit_card,518.93,completed,DE
6a4235b5-d07d-40b5-8a5a-b17762fc6f43,1ee2b226-69d5-4c94-bf1d-adf6906749b2,paypal,72.16,completed,US
01946c4c-6059-46b4-9d02-d03a100d224f,02b9d771-6384-414b-aa57-661778be13c2,debit_card,438.38,completed,DE
7373ffeb-f9f8-4304-b168-e1130d7e8874,5556805a-ef2b-4d77-a69a-19c6c954990a,paypal,285.36,completed,US
7f19c8d1-12ff-47ef-bffb-0d15f8e0ea20,3c4b3d6c-57a3-4423-9a4e-f2db86cd9852,paypal,172.08,completed,BR
78b81413-b6ac-4397-9a97-8cd1802628a3,0e4c3b16-655c-46c2-81c8-6e50ddc41eac,credit_card,545.75,completed,US
861200e7-9f12-43e4-be4f-c7f085359083,86d46ff9-8702-4428-b57c-aa9a969fe444,debit_card,1039.5,completed,BR
47e10e92-0441-4f47-99c0-98fdb8985bf4,cd68c3f9-94e4-478d-97ca-49e2bc30ac2b,paypal,616.83,completed,US
b8ce9095-f26f-4d6b-b59d-42c5730d03ff,38e173b6-f727-4877-9640-b70f875ab5cd,wallet,17.36,completed,BR
0c592da7-57b1-4c04-a061-00ff5e12b3fb,b5dc57f6-df94-4b8b-b5a3-cd68696fe7b2,paypal,1622.84,completed,GB
ae514d8a-f2cf-4d08-8b6b-0f23bef64046,c1e2f6ad-66b7-415d-871d-f370f05b801f,credit_card,573.8,completed,NG
10bfe6a4-e4bd-4627-b88d-be4dc9631508,4498c7e6-3292-4cad-b12a-0359c67ca5e8,debit_card,585.29,completed,NG
6d9924b0-b5e7-404b-a320-e0cd84e69bb5,4eda2530-c663-41a0-91c4-714cc4164f3f,paypal,370.38,failed,DE
081266bf-d8ec-4502-a0f8-d226cc8d2d4d,4d7331bb-ebe2-4f76-8f96-e36b8db8db64,debit_card,314.34,completed,BR
5e5e9af7-c998-4791-af04-d5f927389d5f,59e7f464-b707-436d-9b06-5d85f1a53a97,debit_card,861.04,completed,DE
3acb2c78-170d-48c5-871c-aafb8fb02b38,6ac3da06-7f1d-46cd-9268-e09983a61c37,wallet,1310.62,completed,GB
2ccbfdb6-fc35-4f49-8e04-e8c5e69f92cd,969768b5-c6eb-4636-ba81-1e456b1ddb5f,wallet,341.12,completed,US
44fb4327-bf86-4cc1-9d39-7698bd8b3abb,c616848a-4aed-4b0d-878e-5317ae95ce00,credit_card,413.85,completed,NG
4cdeefe2-49f1-405c-a4ac-d803ea3e5b36,883a413e-4251-470a-bcbc-26c2b4d507ba,debit_card,1242.49,completed,US
2a62fb26-4fa6-4572-8ca1-ddd5615c87ed,be79e0cb-95f8-4cd7-8a76-7606eb06c966,paypal,904.74,completed,DE
bc3a9ea0-00f5-4804-addd-6c8a53f54634,03def591-d9f2-446f-b8d0-a571fd21e04a,debit_card,308.4,completed,BR
3e3f2037-35d7-4de7-81d7-5feb657c1ffa,1b6ee8fc-b1c3-4811-a3b6-2c95ee07763f,wallet,308.05,completed,US
950b2856-3d16-4a01-baf5-a8e232bdf321,c316afaa-ce53-43a5-8fcb-166d64a5c73a,debit_card,668.48,completed,IN
479713a6-f168-4cb8-a573-7a14f3f223a5,f22e3d62-927e-45b3-b3b7-b85c01fdbe2c,credit_card,937.89,completed,DE
44d49c99-0767-4bf7-8113-b1978e8d722f,a4ebb667-408b-4e5c-86d8-6294d1fc34af,wallet,107.17,completed,IN
66f9a75d-4b27-498d-bd87-5f32645c47b1,e6298538-3f7c-4143-b999-f70fade0b85a,wallet,119.43,completed,GB
488f6b6e-8b20-48b0-9b8b-65fd258153d5,c859b0c7-ef5f-4c65-995b-a1af1d8caad4,paypal,1050.85,completed,BR
39e027dc-4b17-4ad1-bfe5-2d96c24f43fd,a7b5025b-4af0-49a8-b5c5-67873a755249,paypal,837.82,completed,BR
4f4edc0f-c53b-4f71-a007-1a76f3f9131e,38449291-8d85-4b42-852d-f8dc0e43e9f6,paypal,638.31,completed,US
d1a095c3-d2c3-4962-b3ba-429390ac0aed,7d42f0ee-86e5-47e0-aec1-4e81dc04d7df,paypal,546.93,completed,GB
1eade9f1-672a-4ede-b713-c3f13cebf146,dfe0376e-4f2b-40b9-91db-c818cf84833d,wallet,640.09,completed,US
1f566e93-40c1-4b41-a463-5af26bc32f98,18da1b6b-17db-45e5-96b5-16f52937a16f,wallet,590.97,completed,US
2d2e3bc5-cf3e-4883-b77c-f99908e563f6,56027bf3-e06a-4b89-912b-06cdebb32b31,paypal,381.3,completed,US
123ba669-366c-4727-9bf1-58c676923c2b,f929af80-4a28-4e83-8fc6-6dbf5562340a,wallet,522.93,completed,GB
b7db18b4-a50a-488e-8367-6a9718aa6e3a,51a2e758-af4f-4eeb-a051-c5b4bbd1100d,credit_card,1051.74,completed,NG
ca9b606d-16d0-4e0f-9c66-bf81e42d0db8,a1d900e5-a033-41b5-96db-08469261340c,paypal,210.25,completed,BR
4e5ab4e7-4637-4412-ab26-65dd0dacec3e,dc1e0dd2-1820-4c28-9813-dfdbf3480b72,credit_card,280.27,completed,GB
da3f3998-4b3a-4830-92aa-1b18bae936e0,011ac7d5-e722-436c-90d9-8fa8fae2c1db,paypal,561.82,completed,GB
b33e83a7-2ad9-4780-aeea-c3cf46824a62,81f8267c-b1dc-4a75-9368-a5348bd88be9,paypal,357.48,completed,BR
2f3967c3-9229-40f6-bf9b-7ec814bd2e5b,adcfefb2-3874-445d-bf32-33c47844dc98,wallet,306.32,completed,IN
f35aecf1-2a4d-41cf-a787-a3b217501dd5,386859ab-7599-4232-8080-56f68b74f92e,wallet,137.39,completed,DE
ef4cfd2e-5bfa-4d85-8c13-3e75db132d58,5c2f2f53-138d-4358-9702-337ce225e6ac,debit_card,236.84,completed,US
876e7b6a-36a3-46c2-aba7-3e1e0b98015c,3bb7c12b-fda5-41cc-b83f-99639d4bfe25,credit_card,366.18,completed,DE
392d1aeb-4ba2-444e-94ed-290528bc1c6d,5681acf2-7b02-41a5-98bf-f639258f7a60,paypal,490.99,completed,DE
595a50fe-f181-4a43-9a09-3521e7496366,9927f605-9ff8-4fb5-b802-9a6133d78d90,wallet,877.33,completed,US
a7f9d986-d2de-40c5-ad3f-5b8d165094ad,bdd91f0e-f821-4a50-a5db-48197583365d,wallet,325.05,completed,GB
d057306c-fe6d-4fd3-9c00-3cfb9bdf65bf,9cd999b8-7c66-4ee1-a39c-977df35ca3bd,credit_card,911.95,completed,IN
89c002d3-d3dd-4934-9636-6f312aff15b3,10fa65ab-1dc3-43de-bc06-8b1afa998241,paypal,135.4,completed,US
9f1bb96e-3042-46d0-8404-ee8bac42647d,167a53ee-49dc-49ee-ab52-5a11193c6413,paypal,3340.12,completed,US
6c652006-e9c6-4e49-8d3e-ea664b9876e5,4f5c9c82-d597-417c-85fe-898659cf9029,wallet,12.12,completed,US
789907a2-5cd9-405d-8a18-5a3c31d28df7,816bb3c0-b67a-45af-8fe4-7fda0f53a5ab,debit_card,1850.53,completed,US
090707dd-e2ee-4a20-9bb4-62b228f159a4,ce50e519-52c5-4327-8845-3c9ba74f9d2d,debit_card,408.72,completed,US
b019fb1a-3316-4e99-9eaf-a710f16ada5b,9b3910f3-cdef-4698-9e21-3a05b2c34421,debit_card,460.95,completed,GB
a1e6a80f-ab00-4517-bba7-7f998094351a,e43a5fb5-2ecc-4313-aa11-d57ad0421ac8,wallet,214.72,completed,DE
0ad38dbd-475a-4566-b38c-c845eaf7072a,3ecde658-3b86-40bd-a7ff-f829b7eb8bf0,debit_card,472.5,completed,IN
033c5b75-6330-4b13-beb4-6ddbecf9fbf6,2c656c1b-a78f-48ae-9742-ef7824d1962b,debit_card,239.65,completed,GB
b1a5f8dc-73c3-4eb0-a02a-9f6cf6b5ac48,c6276be3-690b-49ff-9ee1-e9861777b31b,credit_card,631.2,completed,US
d80f8741-dc99-47f6-97bb-95cfce3bf89f,5e4d4b31-bb87-4d02-8412-9f7706104dda,wallet,142.07,completed,GB
28a99455-3d5a-4c9c-9fc8-23f5ebc99e39,9f1423e8-8677-46d7-b54f-dc79dbe7de89,credit_card,1109.87,completed,NG
ad41a4f0-5dd4-49c8-86c4-e7a499be9e29,2d48781a-8d5c-4281-b9bf-50e13566ce81,debit_card,366.59,completed,US
a778f5d7-f205-4432-8fda-74359e843fab,207f6d0d-0c9c-4567-b38f-74879d094de7,paypal,1327.27,completed,NG
1b6cd78a-721f-4ca0-b377-a3b781472c42,09cbded0-8abc-4842-83c4-d773a8ca9fd2,wallet,219.62,completed,BR
8aef0b30-ea16-4607-ab0a-5f9156b52c58,4abf81a8-488d-4fcc-8138-aaea66d683b4,paypal,730.89,completed,NG
2fd337ba-6939-463d-8392-c0c51523bbe8,694b4a8d-f44e-48f4-8d23-ce40704aeb2d,debit_card,319.1,completed,DE
b43e5ea6-4bef-4b27-bdb6-291d048d49e8,60646063-754f-4780-b118-ccaf84639657,credit_card,109.03,completed,NG
d3206e53-5adb-4ea9-98d1-4e0e4360e7cd,ee441673-c322-4ef3-9399-23e936117649,paypal,150.8,completed,GB
82e830a0-cc93-4c30-86e5-81ed3b39400c,bbebc28a-7f8a-40a6-a362-271a32133b5d,credit_card,713.15,completed,BR
e0099912-8cea-471c-8420-c620d429799a,12987ed6-ddb8-48ca-b7ae-1ef535b9cb53,debit_card,454.15,completed,DE
605190e8-fd9a-4128-b3eb-ee0a5d7a0924,4dd63a08-3f5e-41c5-9f07-606b9da8c3d6,wallet,346.44,completed,IN
f44e163c-4332-42b0-a430-7a8989c40dce,06338b90-9401-4261-9ca6-a13706d9c570,wallet,666.48,completed,NG
bc790c97-d888-458a-85bc-66116d5dc4f8,e4f6c3a9-6103-4390-ad69-62a378f89129,paypal,372.25,completed,DE
d93ba594-da0f-448a-9283-1151cfab0c06,45a19925-8bda-433d-93b1-d194509e489b,credit_card,712.57,completed,NG
8b5ee813-d8c3-4fd4-bda9-6553130b7910,438572d1-1196-4204-80ff-bb3e4c42e0a2,credit_card,149.24,completed,IN
04bafa62-a78f-4456-a349-7d132f1b0b1e,5b8de969-f5a2-4550-b64b-e43261c36803,paypal,148.35,completed,NG
1b712d49-d11b-4bc5-bea2-307be58f56c1,0fa099bb-0dbc-4fcb-9c16-401598d538a9,paypal,502.5,completed,NG
5066c460-edc7-495d-b4f0-938fc2285c5f,ec947785-2ae0-402f-941a-d8052f0d97c3,credit_card,1330.09,completed,US
44f01ac8-3da3-46d7-a6b0-b670d3f47438,46fc04b8-f3ee-45f5-aaac-beaa0106923e,credit_card,211.21,completed,GB
7156d139-7cf4-411e-8000-b909ef2cd063,86614290-4e36-4404-81cc-b203c16312aa,wallet,1200.47,completed,DE
0ba5632e-e6ad-4512-bffb-bad5caa01c43,8eb25ad4-3f32-4e46-ae3e-fdb557b78435,wallet,1533.91,completed,US
ded1ef9a-407f-4ab9-ab21-c67ac882d22d,89378f8c-2c13-4073-9aff-70c8c7d245bb,credit_card,450.13,completed,DE
23305365-9a57-4342-8afd-39571101832c,129e13c7-950c-4e8e-a0e3-4a7a81a2cc70,wallet,240.94,completed,IN
7ec42528-0e54-41d0-82d9-20a6ed4b858d,42d45a5e-0224-4a01-9daf-b2bf00dbf139,wallet,281.25,completed,US
5270997f-f493-45bc-b210-bc04640544df,138d1a1b-1daa-4d4b-91c4-acf5a178246e,debit_card,444.29,completed,IN
2d3bfc4f-f6a7-485e-be83-f708e35ec8d6,76bab0a3-1252-4b0c-bb2e-2ea2f86d4cc1,paypal,326.89,completed,IN
6a0261a1-1c49-495d-9497-601da1b97701,c494c40a-848d-4420-88e3-f91b2f95150b,paypal,1325.49,completed,NG
8179bd1d-c138-4e28-a62f-62e05745574a,b465450e-e947-4243-86e4-e0ffe57f5d37,wallet,177.38,completed,GB
aa7f797a-81c6-41ca-9ce5-406e2bc4feae,4250a664-83a2-4454-8e30-515bb7bda229,wallet,764.33,failed,GB
1a63d6fe-145d-4a80-8e41-862af83e6068,e7cf70ee-5006-4d29-b667-cd8c5cea49f0,paypal,1553.26,completed,DE
dffc5e6f-cde9-4fb2-ab1b-2c845ace7036,eaba5fb8-7808-43fe-be7c-e7e581834b15,credit_card,52.14,completed,DE
0728f631-f839-45de-908d-5fa45c92eb14,a5d81002-4f02-4177-8e54-48f2e6fa5d16,debit_card,527.92,completed,DE
0ef66e38-9a57-4d11-910c-3680bbe06667,b1384c32-2e7f-452a-95ac-323143b8e34b,credit_card,409.19,completed,US
c0e9ac65-71f9-44af-911b-683f052b0148,46e14d14-6325-4882-953d-7357862e6e80,wallet,983.58,completed,GB
7aa31721-21ab-4f45-a07e-1a39e444f2ee,98f6599f-7d6a-4059-aced-67004813fe5e,paypal,289.82,completed,IN
0cd0ae87-df71-4d49-af68-11e13c4efb8b,67d64938-c5f4-40d2-b4f7-e9a437f8e318,wallet,570.46,completed,IN
d2a6200e-9bcc-4808-9da1-750e8da4fcac,0fdae5de-014e-4944-8709-4c2fbb4f2e85,paypal,1675.01,completed,BR
1390b465-c74b-48f6-925e-f185c21a3d1e,dbaa09ed-7287-4b5e-9a3d-f470d5e9a5cb,paypal,222.9,completed,NG
7cd94981-4a89-4680-82d5-2aa5f39c91d3,2e723a88-f30b-4650-947c-d53099da6d58,debit_card,125.52,completed,US
8ba8761a-e88d-46b1-a02b-2591144d9b0f,65198ca6-6b82-424f-b643-3ffd85a2ff8e,credit_card,2180.57,completed,US
37b6c380-a766-4527-b046-9938fa109f86,8f1d3da6-0739-4e2a-ab23-aabd5f225179,debit_card,340.62,completed,BR
06cfddd0-39bc-451f-a2f9-dd44a0327c11,905eb9cf-837f-4389-864b-ef46960cd5c2,wallet,2298.38,completed,BR
55f6159f-54b5-48b3-93d0-88537cd9bd4c,7d8f7ff8-70be-4af6-a1b9-a93d965f849f,wallet,424.05,completed,US
edf764d9-4bd2-4719-bd92-19de91659a12,23f1d5bc-b58b-4e12-b941-b2e22322d0d6,debit_card,9.32,completed,US
109ebaf5-11e9-4329-aefc-68dc2cf86ee6,926164f1-6d5c-4851-bdd0-c990f9fbc281,wallet,314.11,completed,US
30c0300d-11ab-4a56-ab06-f10cdec59d5d,836d7da9-84dc-4aea-8ff5-55121e5a1366,paypal,911.28,completed,NG
edf13b74-752b-49e4-a0a1-7ac79de09079,619691e1-142e-4095-b1bb-2f3d83f5a8c7,paypal,232.84,completed,NG
f6b97fde-dc3f-424c-843f-180951191f8f,42471ca6-a560-44e8-94c6-de44ad04ece6,paypal,252.94,completed,NG
20655a57-93b6-448d-9122-f6d68ad84ad7,e6f032a2-73c0-4f1d-bd5b-5417072f9c57,credit_card,1191.52,completed,GB
f8dda7b3-9d5a-4676-9dd7-84f5fae03440,7a8981f6-e67f-4bab-8652-08ef29d6de17,credit_card,388.7,completed,IN
77e75615-bc7d-4e37-9436-75e9d797a203,979dde25-37ee-4096-9bba-173b4b978f33,debit_card,1716.42,completed,US
2a0913d2-f646-4f67-a9ca-61279d4527d2,8eee10e4-5b28-4e54-b0f9-dd482463354f,wallet,75.98,completed,DE
a5137eff-4377-491e-a9ca-6eaf0395c279,102afceb-8b98-4764-8ff2-a2e33760e53f,debit_card,252.9,completed,NG
c0578eb5-fd76-452e-aada-1d88571da3fc,277ffdfd-2ff4-4bc3-9cb1-44505428cd83,wallet,60.22,completed,BR
24899019-b040-4ad4-a01e-0a81acf2f4de,4ac91d8c-373e-45dd-b3a5-14f8069236ac,credit_card,17.36,completed,NG
a4fcad45-b130-4f7d-89c7-b496c4aecc9a,8cab3cc6-cc47-493a-b0e9-5c0d0cbbd3b2,debit_card,706.46,completed,BR
d60ac25f-639b-4bc7-8a71-094378c52e58,fcbfd918-c012-4fe6-832e-00abe31f3ab8,paypal,151.37,completed,NG
a49f1327-dc67-4b3f-b845-3735267bad0e,64c5c1df-da1c-4c5b-9cc4-e527606d28d4,paypal,857.88,completed,BR
81a19493-f176-4470-a59a-aaec46c1fa49,314e9e66-2db5-4eb5-b493-044b66048467,paypal,311.22,completed,GB
09519cbe-1293-4294-ac0a-5826cfc4994c,33451296-de71-4dfa-b310-32435679ea6b,debit_card,738.25,failed,NG
b174e7c0-c4f9-488e-88f0-c25d85963cfa,377c9f06-0f52-4658-8aa1-e2684e753329,debit_card,56.67,completed,NG
d90471c6-5118-44d7-8dc6-f95398785c07,9fe14d13-c4b5-474a-a4d4-196106b0ad9f,debit_card,122.94,completed,DE
452c252c-0774-4848-a802-7735b047fcde,8837b224-27f7-471d-9323-d531fa5cb73e,credit_card,1091.3,completed,GB
90c5471a-e650-4f8e-bc56-822dcbfb4ec6,2ee29114-3c14-411d-b870-590eee41b884,debit_card,1380.23,completed,NG
1ea5b283-fdc1-44ae-bdef-487d41bf2cb3,d339416a-7142-48d4-878f-eb40e742c4b9,credit_card,372.38,completed,US
e5d7a857-2975-4444-b363-42fabf3e4d77,bd31355f-5410-4f93-882d-612b7bca166a,paypal,436.12,completed,BR
e147e5ad-8a72-4cf1-b21d-27986eac5b21,d98ce05f-e7cf-44f1-9eb9-1e0db503e113,paypal,1601.59,completed,US
46cff8b5-723e-4af1-adb0-08774e4b2237,33b806fd-ccaa-42d0-89f6-220fd6273100,debit_card,352.42,completed,IN
9c92ce6e-099c-4ade-9312-f86287a0b7bb,789596bc-fed7-4aa6-aa99-2f45821df677,paypal,736.18,completed,BR
283479e9-3594-4cd4-bcec-48271b4142e5,fdca91c6-d7c6-4147-8c7f-5e9d8aa76bd5,wallet,1849.22,completed,DE
c673b1a3-8478-45ba-a315-5fae820fae55,b575656b-7cd9-4ffa-a919-b2f84d6d7f65,wallet,426.17,completed,IN
78da634a-2ba4-403f-bc00-f9790947eb07,d65c2287-1e8a-4fdd-9d62-4758de7b76dd,paypal,394.14,completed,IN
fa919252-1631-4927-9841-4d52937fb059,e80d3246-26f6-425a-8a18-6d99f8a3db5a,debit_card,730.32,completed,IN
51ea16ac-8094-42bc-a14b-33b664b76f33,bb88820e-ebe1-43cb-835e-c7c82f160557,paypal,891.78,completed,BR
cd99801a-1d76-4dd2-bdb1-df4189d72248,ace7fb58-4ad4-4dd8-8dde-64e450fd96a3,credit_card,1130.22,completed,US
82778ab6-f179-45e1-b11a-1da1bd9717bb,3dc561b8-e080-40b6-8db1-0a5691e5d390,wallet,629.19,completed,NG
ead4331b-5310-45dc-8d7f-071fa62face2,86d4b665-0e24-465f-88f3-dc6b9ce38a0d,paypal,436.06,completed,IN
d7f71a8d-46a3-4138-86e0-94b19c2d23f2,35077b06-e257-4d8a-9efe-78365fcfff67,credit_card,1626.4,completed,BR
125fdf6f-7d7e-410f-af3b-c1ab9ef3d9b3,ed27048a-cd8f-4670-9e25-ce9e5508b7ea,credit_card,1730.96,completed,NG
ab7e9a76-070a-4dd0-b928-bceac1fa2fe0,62ed5db9-da49-4a91-b054-a8a85ad3842c,debit_card,185.35,completed,NG
e7aefa4e-5d64-452f-9b1a-a0e798277e69,e96efed4-e786-43d6-8a87-dedbf76cdddd,credit_card,394.7,completed,BR
52a66a26-c112-4ca6-9d16-1c5d6d7b288c,4fc5f212-1de3-4d7b-8a92-308dd1ba4711,paypal,129.82,completed,GB
5ff1e824-0014-44e8-8979-c89be68e1fb8,ad1ab28f-4628-43b8-8108-b7e0f1c37334,credit_card,888.68,completed,DE
c7376e78-685f-452d-9460-a6eeb9fbd7f3,c192ffdb-08f5-4660-896d-f5d142345fad,debit_card,194.54,completed,IN
5e825f66-faed-4d70-b626-c37f67d3dbe4,a479a0e8-6883-433f-bbca-de0d81e5c7b0,wallet,1879.09,completed,US
91688b81-e6eb-4128-aa29-adc7f6fbde6c,3cc96746-454b-4ec1-a12e-645508dcd00e,wallet,121.9,completed,IN
2e28d8d8-6dd8-4d14-81d1-7a6e3e983b8c,8d3a575a-0fd2-40f3-880e-dafcdda19d7d,credit_card,251.81,completed,NG
109ed5ba-1b8d-4e7d-ba9e-7ff31fb7895b,6bcae2c2-823b-427c-ac29-3e25db0288aa,wallet,504.02,completed,NG
4e381dbb-7275-4707-8bc9-12d8d93cecec,6cf7f4e1-9659-4cb8-802f-6cd21551cc19,debit_card,413.29,completed,DE
016a4b3c-1d10-426a-81b8-97c823645406,446e97ad-717f-47f6-806d-cdf340b1d61a,debit_card,600.36,completed,US
54da5c1e-7608-4371-9122-35a93d4a24b6,444c26db-ecf0-45d1-8c54-34819d781784,debit_card,267.35,completed,DE
84d217a2-cd68-43e2-b39d-bbed5f186faa,cde62b9f-7117-4026-8f76-6518b5646513,paypal,1056.87,completed,GB
9f6a248b-2a4b-434b-9433-1c50901aaad9,4f774097-f911-440f-b2bb-0def6b75f221,paypal,633.6,completed,BR
40d2e3ae-dea6-4a95-b6e0-798439cbf4b7,86b95f49-1084-4a30-ad8e-336b041ce0fb,debit_card,163.29,completed,US
11420eac-e6af-4b6b-bbc7-6f33a08add7e,fc31ad94-f6e2-4138-b04e-a18861fe9825,credit_card,687.66,completed,US
8eba6094-7d69-4be0-93ea-40d371b9350d,28e6361c-8b38-4590-b6b1-08c4017a67a4,credit_card,1168.08,completed,NG
2978c12d-a942-4d44-b795-05060bb12ad1,3b47107e-006a-4265-a1eb-ae3d8980240a,wallet,245.09,completed,GB
4b80a33d-141f-4b41-92cd-202bb2bd841f,45a3c6dc-ca19-4f30-9af4-b74d48126acf,credit_card,109.12,completed,GB
6b0a5adb-6897-4610-95b0-8630d2abcf0c,94a5f958-a5e6-4d7e-a017-6a7a68cd75dd,credit_card,1526.94,completed,IN
70ae93d3-4d14-4f44-87b4-b5107cf76435,af1d0711-f654-4682-a823-50b4fb398a0a,wallet,758.57,completed,GB
6d8ab588-ac60-4013-a631-0ad84b6d01c5,2aac0d51-b0b0-4391-8c8a-892f6525aa21,credit_card,374.94,completed,US
f6e30dcb-7291-4aad-96a8-25891b59b401,d2213dbd-b765-4116-b833-10610d3115e9,debit_card,212.56,completed,US
c768a6e6-34cc-4cc9-ba70-8ec09caa9161,7672cb1c-dc84-4052-9727-65140ff7b25a,paypal,1067.66,completed,US
ec7e453e-8c03-4648-a9ae-57358c6227f5,15b05ca6-5fbe-45ad-8d7b-5de215806b82,debit_card,315.95,completed,IN
d9ec2fce-f25d-46b2-80a4-cd9745eb437c,6b234bf7-68aa-4c98-9e44-9b86fb763f22,debit_card,176.27,completed,IN
389898d9-af90-4632-9e8f-84e6973a31f8,01ad06a9-366b-4bb8-a234-ffca81805c6a,paypal,360.11,completed,BR
ff83aaa8-0a6e-465b-ada1-c792bea442f3,99ab3179-d3fc-4426-9123-02fb045ded2a,credit_card,878.94,completed,DE
19a39373-3f63-4aa9-b514-0387ce1809ff,0435e439-857a-4bd2-885e-800a5fe1766f,paypal,1456.89,completed,NG
ac54c97e-52bd-401e-88c9-69283006b0ed,23bb8c69-e4fb-4b2f-a610-63dca294fdb3,credit_card,591.4,completed,NG
bd4ce810-de2d-4d4f-9d56-d43d26b389dd,df769da0-1eca-44f8-9a4a-23d43384ad3b,credit_card,1362.21,completed,US
2c6e677f-3d0a-4a78-8165-456dc19ffd13,aff42147-91ed-4429-be05-9f4b34469d61,paypal,48.51,completed,US
baa10290-be57-403e-bf2a-bedd560a4a86,0e8b1d07-cb7e-4a38-afe8-54589a103a65,wallet,149.96,completed,IN
5c74825e-0540-48fd-8fbe-984a1d08a67f,9c6468f9-7273-4444-ba20-779096499abf,debit_card,280.03,completed,BR
1b69a7a9-a966-4691-a6d5-58c3ceccc969,05a72564-cf81-43d2-a1d6-ae856da4d86a,wallet,915.88,completed,BR
c68a5c6e-aecb-4a9a-90b1-244b4354cd24,c920a381-026b-4457-9e98-bab6dee18b70,credit_card,570.5,completed,GB
abc139cb-07b2-4721-9654-3e3b3d3d65c6,652a722b-6b94-42e9-8760-9ab08bf02a1e,credit_card,276.52,completed,DE
7fd81eb5-ae73-4153-8019-11a03da4e050,886514d0-6200-47a0-906b-524fa6d8095e,credit_card,781.62,completed,NG
68f82309-7d10-4d16-bff2-1105edfef4c2,60f96207-5a12-43bd-bf63-1dad89061d4a,wallet,517.22,completed,DE
26d4f05f-2732-4913-b990-460bbb1742a7,f96a141a-6ecb-48c8-96c9-10068afe18ee,paypal,1490.71,completed,BR
5826d81a-a0cf-474f-8cb1-17efdda56096,d3b6ca91-890e-4ddf-b343-3713889d1684,paypal,562.61,completed,DE
9f3112b0-221d-457e-a2e8-3ba955e74cc3,8288179e-18ff-4395-827e-74affc7a6d2f,credit_card,1204.6,completed,GB
97364546-dfbc-4f66-803e-4f88247d2e32,e9f503ea-d259-4b63-bad1-6afb56c3a4a1,debit_card,166.62,failed,DE
acb40745-cd92-4323-87c5-163c8ef66125,968d9060-ab42-4a24-9c68-52fa075c3465,credit_card,109.77,completed,BR
bd9a5ee9-c111-4b2b-80f2-d9c1bb1864d7,d3712ef7-0a53-4826-aa10-a4cba4a939b7,paypal,914.71,completed,GB
2867586b-259c-4c68-8f4a-aef7672f8bc0,0507e9d3-5643-4112-8fb1-7fc1bb623eea,paypal,773.3,completed,US
bab83959-ff85-483d-a34f-0d124c0d6ad1,dd2bc154-59a4-4e38-838e-30a06eb3cdfb,credit_card,528.26,completed,IN
8f075760-fd9c-44d4-b05a-ebc7193ed40d,73892493-3a1d-41e5-ae53-55b4adb260a5,debit_card,698.48,completed,IN
046cc6bd-1521-42d5-9044-cc5c5fe8ded0,e3700ee6-8cd5-40f9-a050-8c1e952e82c6,paypal,436.03,completed,NG
fa99eb25-6ed3-466f-8009-e2b333a9c86a,9fb17349-9795-49f9-b046-fb64554db3ff,debit_card,369.79,completed,BR
36b4e211-63dd-4627-826b-89ab6a3dd5cd,510d431f-8cf0-4134-9c87-7176617466f6,debit_card,223.73,completed,GB
5102ffbb-96fd-43b8-89bf-f9995a9def96,c51fb5f3-53ba-474c-97b3-2ee127025003,wallet,971.5,completed,GB
7f52b411-3172-42d6-a8fb-47a20a3d4794,1a19d8a8-18a3-4699-ad11-005b6b44e77d,debit_card,345.58,completed,IN
cd140eef-4409-4f17-97b1-245d23abdbae,20685788-b64a-46ad-ab68-518b3001f39e,paypal,359.76,failed,GB
db6bb955-b1ee-4db3-93c2-8ccf067130b3,d7f949dd-edab-460f-9103-0a7b78875ff7,debit_card,376.03,completed,NG
66f661e6-a9f6-49c9-b2f0-aa16ad98681c,0b4754c2-9b7a-4519-a19a-0fc59787e2a4,wallet,557.9,completed,GB
60de7462-d93e-4315-a3d3-71f5bb621f35,303bb709-f4cb-4059-8cec-6b28b095ada8,wallet,945.08,completed,US
23d53edb-9be1-4cd8-b7bc-d241a687daa9,8a84c85d-fee7-434f-a2dd-d69eaf7113f9,wallet,265.25,completed,IN
504e854c-b598-4fb9-aa77-e81dd8c6ffff,6ae5d056-fb06-4ce5-bad9-161b5aa9be41,wallet,1762.85,completed,BR
f01074f4-ba48-4b79-ae2f-980c39a0670e,e7c32f82-9ada-48f9-97bb-a03afeaddef4,wallet,158.18,completed,NG
93f03053-024b-434e-81d9-62f6948911fd,7af234eb-04a1-4455-8949-49e65e30a54b,credit_card,259.31,completed,IN
fdc4a9e5-9f05-43ad-8ecd-ecbe6a6a6478,742abc83-0616-41fb-8df4-713a5d1e1be5,paypal,217.09,completed,GB
ecd8962f-27c3-4aa2-b8a1-68fe1052f2a6,cfdafb8b-8536-4ae5-8abf-3310dc06c415,paypal,187.07,completed,BR
f047b156-5109-4071-bee8-bc579a55970b,d4ff5099-57cf-499d-a9b8-48a14dccdca8,wallet,158.5,failed,IN
4f065850-0655-4f1b-8ee9-93b243148a53,959462ac-b82f-4a01-b8b2-4f6eb49ea184,debit_card,563.03,completed,US
24aa1da2-cdd0-46ff-bd02-1da7b989f1e7,c4d0f39e-e32e-4af8-b451-9f12a559be5e,credit_card,484.81,completed,DE
18ae1b11-9fdd-471f-ae2b-aeb56535124f,839307ca-d2c7-40bd-b691-0110428f813d,paypal,570.39,completed,DE
96f68673-73e6-41fa-a570-9a5ed034368a,25c278bb-aa8b-47ac-9281-3f5d3d194139,wallet,71.96,completed,US
3e4b27fd-ffa3-4ab3-ac27-90d981558033,8a7252fe-96e4-4a83-8a8e-f06ce9b0a007,wallet,121.01,completed,IN
90f575c0-77e0-4322-94f4-ac435856a555,20d25cc1-c35c-4d9f-bc43-0b08e38d9f3d,credit_card,1477.97,completed,US
2f6757a7-652e-4bcb-b74a-580c277d0086,e8e9b10b-1488-44bc-9196-098d392f491f,wallet,580.03,completed,US
3ba18a1e-f2b4-4500-a41f-3d9745fc0c30,3a624933-e970-485a-b81d-cd93714bb262,credit_card,403.24,completed,BR
aa280ccd-3839-4e6e-9c70-8a18a06f421b,4868de52-b97e-49ec-b46d-299b896433d6,debit_card,541.24,completed,GB
39ffee46-4fa5-40d7-9e89-e95a5453b924,db680652-e580-42d9-a976-619409f1e3b8,wallet,343.16,completed,GB
f89220f2-2bb5-4941-b1f1-8c1ec97c8530,586206d1-95dd-4b67-be39-cf96e6f6e17a,credit_card,524.58,completed,DE
a3a6ee82-c7e8-45e4-baf2-c926f2c44fcd,9c5412a1-323d-4a9d-aa75-6741553ad279,paypal,118.03,completed,IN
a3cd35ad-8fe2-4b6e-90d0-55a0badce56f,82cb4090-f2a0-4d2a-95be-fb3a2c4e6930,paypal,254.54,completed,NG
c2c3db1a-10c0-4f3a-9c15-4a8dc5117646,b4496de8-d24e-4c1d-9ac7-014e287abe60,wallet,381.88,completed,US
c586fe77-f8fb-4135-a017-a049909aa33d,add19f3c-a207-4003-8b4d-55e2014846ab,paypal,113.41,completed,NG
5a2ad564-9eb2-47d4-b6af-d4582bca030f,1b461017-4dba-4829-ac97-7df328126fb3,credit_card,420.46,completed,US
2dc88a74-44a9-451d-aeaa-d9180d4ca66b,bae6a854-f893-44ec-86c7-19d4dbfd2683,paypal,2877.57,completed,NG
39145241-9bca-4aed-90bb-c7f5ca0a684f,ad48896c-9123-4a19-a967-ba3a4247beb4,wallet,160.94,completed,IN
4399dcb2-20a8-416b-814b-c87d5a040cd3,3da0e0dd-aba3-45d9-9499-70c295819bcc,paypal,457.33,completed,DE
000f6249-ee62-410f-95fe-1633878fdc75,762b31b0-a0f8-46cf-8aea-ad556cd803c8,debit_card,141.67,completed,GB
e86fab66-4e44-4c8e-b9f5-ed02a1e1c017,5b3b7aea-475f-465f-9cb6-5742eda1a6ff,debit_card,212.51,completed,GB
88cc77a6-f32a-4233-ad4c-383f55534561,093f8007-f0d9-40a2-a6b8-b0f200e4b343,paypal,12.29,completed,BR
d5364e5c-f5fe-443a-ac40-748519020c04,fa19e039-486f-4e3b-b7b9-e3b53ec99cca,wallet,547.62,completed,US
12591041-9364-484c-907f-807b640d0167,0de1b06e-cb6e-44d2-bf34-d9f642800f15,credit_card,459.31,completed,DE
01dc6c9e-4007-43da-8cd4-8bca6fca4aef,9d638986-4465-45f1-ac71-03100d0c1882,wallet,1784.72,completed,US
8fe4c835-cbf6-48f7-9459-95c6356d5531,14b56525-4afa-4429-b11c-3f4fb2227686,credit_card,923.01,completed,IN
f0f9d214-c705-45bd-81c7-8d585f07c58f,4323c257-75f5-4c4f-bc0f-b87e4df43928,paypal,533.11,completed,DE
05e1b10a-6be6-4274-a226-40789f61c549,768d5a31-891c-455d-944d-5e445cac05a2,credit_card,12.89,completed,IN
a5ab88b8-dbae-46fd-a0ee-57c49d6cd06f,08c7c6a6-fa1c-4e37-9765-5095df6a155b,credit_card,226.36,completed,GB
d4dbf2e8-2070-408a-ad56-63777ba97af4,67c26737-e198-4ad2-928f-8aa973c2268b,debit_card,1143.23,completed,US
d5ea3c93-d537-46ee-8b80-2dae416e3fad,b551d88b-068d-4add-ba4f-a62b2f1974c1,paypal,770.61,completed,DE
8ae98d54-7b92-4b73-bd7f-59e4fdd40b02,8c4bdabc-7daf-4b6a-b87f-3bf58ed4a437,debit_card,536.12,completed,DE
0295e58c-8119-4c3f-a2f5-8912d1065f27,60b03e83-0d18-498d-9c29-c32fc9409f64,paypal,1129.74,completed,NG
78e566a2-ab8d-43a4-9112-3808d126c68b,d982cfb5-4225-47c3-bfe9-ab5637c4796f,wallet,762.68,completed,NG
9bdb70d4-5071-4e79-a5ba-d0e310d66be6,b7182884-c1e3-44c4-add5-407b9db6a114,wallet,171.61,completed,BR
572eea1a-272e-4c74-b803-db0ea36e2c66,891307cd-71ea-4053-9a14-d5e3272355e6,credit_card,643.33,completed,BR
d276b035-b523-4634-881e-c9a48cffc727,e2025a74-4df0-4b4f-be88-f81685887759,wallet,142.07,completed,US
1377eb31-3286-4a13-ae54-86912aaf30ba,b14ce245-2818-4ba8-b18c-e23392de9765,wallet,645.17,completed,GB
c5c98b45-16ee-4a9d-be64-f62e20f2ff58,dfddc4ce-4f32-44de-bc34-5ca46e3bfa6e,paypal,927.23,completed,IN
edf45e07-3e36-4b6d-9ef0-a81f8b4fe6a5,3a1c2e27-1a60-40b4-842a-f9357f4f001f,wallet,1259.21,completed,NG
20a8807f-0911-4752-9490-90b82413d8b2,f1044c99-34ae-4049-9649-fc19b50347ae,debit_card,1119.98,completed,GB
54c814fb-0019-48e8-8870-5906b3d6675e,492de523-a6e2-44e4-bb80-87085e282ef1,credit_card,439.2,completed,NG
1af299fd-6ec5-407d-b0b6-4080b35db104,9d186392-e0d0-48e8-909e-cf9ae45f6942,paypal,834.46,completed,US
4e7ab306-4d39-4300-9b72-8a95f571e99c,69be6730-e5a5-49d7-9477-f654b399fda8,wallet,508.69,completed,IN
98568224-a1d8-404f-8791-b403b596a8ac,12d1cf2c-9b7b-4215-90af-05e296d18381,debit_card,270.78,completed,GB
00d1cc39-3267-4166-b40d-a24afb77329f,fcb0a055-2d60-4e80-a8c3-ed7e0001288e,debit_card,726.28,completed,GB
8e38e1a9-b7ab-4c90-998d-aa0738f08008,49dcedc2-702b-4882-9f8d-5be7c5836551,paypal,360.08,completed,US
9916630a-588e-4e93-ab44-0c4d1abff7b1,08d73d14-37d3-43f8-95d4-42b7df87ab96,credit_card,407.57,completed,BR
6b921e62-743c-4161-991a-923c74712289,83eca312-772f-42e5-bd65-4457fb3b593d,debit_card,576.55,completed,IN
76284a3b-0f60-4b48-863e-006c49e5f1d6,b057e743-f56a-4672-8b79-1166ec0b2faa,wallet,534.58,completed,GB
22f4b631-8cf0-4ddf-9987-f1aa32ef8677,1dad2908-175b-45f3-be21-1c2e728e026c,wallet,116.47,completed,US
741eee54-62b4-46fb-bf7d-862d48dcf16f,aa5bf2f0-0eed-4877-9ae1-46ba81c721a0,debit_card,2457.72,completed,BR
c5e72a81-d650-49b8-96b4-18ae34a2cd50,3303f982-ad13-4999-ad5e-abdb5ae24a9b,debit_card,498.28,completed,BR
ced6e47a-de9e-4350-914b-4a7713b09b5a,57458092-ca16-48ab-a4a2-ca5b2a580e35,debit_card,257.14,completed,GB
4f6a9f1c-c10f-4934-ad93-2ae29172bba2,42d6fa96-bb42-461d-a96d-956377dcb509,paypal,491.09,completed,BR
375546a6-6f40-4a03-ab26-c0bed9cd9041,811506ab-5d54-4a0b-be90-92761d48e3a9,paypal,327.44,completed,DE
42d7c218-c893-4578-b4d7-cde7ca163ce4,5d58369c-b9b5-4f21-b308-227fc63e94aa,debit_card,511.52,completed,BR
7ff5de08-d2d8-4fe6-bbf0-2412ec16b385,37baa4c0-7c78-42e8-aa4a-7380cacdd4c7,wallet,342.95,completed,NG
f1f69206-caa0-48c0-9f41-afb6964f9e07,d3c42709-0091-4b95-a0e1-96ea723a3780,debit_card,187.26,completed,US
30979eee-5747-4f02-9551-e175324b2974,598ef0c1-2552-4f80-8097-6bfff2d3c782,paypal,246.75,completed,DE
15e08683-0175-4754-9782-fa8144f2bcae,4962998e-93b9-459b-9c6b-ab10991d9bea,debit_card,439.91,completed,US
0a2fceab-f48d-4da5-afae-76d7963bc96e,9034a0aa-fec3-4479-b422-bae81d6f1c45,wallet,923.4,completed,GB
f205c380-8cdb-4306-b208-29b81bcd7bb8,247f661e-e530-4e82-b4a6-4256fbec6090,wallet,708.86,completed,IN
e843db93-747f-4c8f-a1b6-df7711457e54,bccabbda-cab0-43ab-8c90-bdd4e768013f,wallet,28.09,completed,NG
abd17cdb-3302-4eac-b069-c8bf782407f2,a4d499d9-50c5-4a84-89da-1aa55af9e35a,wallet,417.03,completed,GB
4d6e0586-2cf4-4625-8326-f0a660526615,283909dd-4476-4790-9c60-72c9d6cf08a7,credit_card,1255.62,completed,US
409d466d-23d9-427c-97a6-daccb39ec7fe,b99c688c-22b5-4e6d-aba2-93543c6a81ed,credit_card,169.19,completed,BR
a052dd59-1fa3-473a-8315-d73f32243de5,c5730b3a-3d35-454c-8a06-ac8b7172264b,wallet,69.37,completed,IN
c30fa7eb-ce32-44f3-9dc8-d7e0d19eb2a3,95a9eee9-77f7-4027-8ae5-f0608a4f045c,paypal,457.31,completed,DE
621b92e1-d3d8-493b-9930-9e61e0624094,dd0d10ca-9828-4f60-862d-6460a43a3643,credit_card,190.11,completed,BR
1807bb5b-3e52-48fb-8bae-ccf5d843dc19,1e6adb22-626c-404a-a4bf-f224691c3823,wallet,835.32,completed,US
8347dbd7-ec26-4604-ad5c-55865e7aa9e9,f3365e3c-ce04-4f54-bdec-377489e878aa,debit_card,1052.15,completed,DE
6e45ef92-f338-44a4-8faf-4949d8cc159a,12879d1b-7b5d-438a-a9c1-3b81d5f8e790,debit_card,199.27,completed,DE
ea269371-8390-455e-9a20-b9f618412d8b,1377da39-4816-4c1a-93f0-983981b0c118,debit_card,818.34,completed,US
3db6db75-a170-4893-a04c-9ca24765a796,aae7765e-3d78-4434-b95e-193625210fbd,debit_card,365.57,completed,US
6dcf9fcf-09a1-4129-96d7-05917ae13848,2446d682-3ef6-466d-8e09-7ea57ec8eca2,wallet,1325.2,completed,NG
c9388f3f-4d1c-4270-a22c-78ffba9f1f14,9643b1c6-006d-4077-85b4-2c7f4937df54,wallet,82.23,completed,IN
bf0202a1-e7fe-4cd6-a83e-8ae73ac4b21b,77ef82c7-39d9-4777-8833-ed780b481883,credit_card,2612.55,completed,BR
6a83f762-dd25-4ef9-bafc-e77f883331a4,397eeb2f-8f31-494f-9d9a-dcbd1ba16ea1,debit_card,1050.13,completed,BR
e860e9b6-6dc8-436e-a5cc-1b1eb0012b3c,3d6ccc91-6cee-4d9e-82d7-b4b216466dab,wallet,111.16,completed,US
c05de747-90fb-40bc-877f-6389a2f13434,02e2907a-c009-4564-b379-b659b400f261,debit_card,259.56,completed,IN
7e50b769-eb2f-44f0-8a05-32ceaefc19d6,39af32a7-dda7-4b61-b36c-069e260509b1,credit_card,773.07,completed,GB
385617d7-9669-4948-9d9d-5a7585d065a7,c1729bbb-4c16-4d47-865c-fd6fc51624d3,wallet,11.66,completed,GB
24bae6ad-e57c-4398-b5b4-8c3316ae4555,87af78f7-25cb-4283-89f5-49d3de23e6aa,paypal,190.91,completed,GB
727aac75-2fa6-45d1-b1d4-45f3d316b906,6640a3c7-4ea4-4f56-a70d-14dd3c9216d6,paypal,1008.62,completed,IN
cd6129ae-c30d-4f32-9c1f-423a3158229a,bf9b5651-b2ae-4fed-99d2-d37a95d134f4,debit_card,557.27,completed,DE
0bbc2d76-3206-4ef7-8fb0-cf586fdbce1e,9523d095-4883-45c0-8abe-3f4aa8bab1ba,paypal,199.69,completed,IN
b072b83d-83e3-4a8c-b71b-549569843e7e,7136b1a2-ba02-4810-85e7-0141104f1be0,wallet,214.7,completed,US
f44ede05-8e4d-45b1-8a62-62578187b5ba,38705025-e4e0-4a1c-8a88-072fed4d2c8d,debit_card,337.57,completed,DE
2f1d423f-8f22-45e7-8850-d87103c2d70e,1cf15aa0-e104-4b18-817c-84de35c9a858,debit_card,1060.45,completed,US
1f79abfd-062e-4241-b306-0da4e6f7573f,9d1d50ca-ab17-4b0b-aa1c-7fdc7534f7d4,paypal,423.64,completed,US
9d1b998a-20e3-472d-be5e-52ea86d07ac1,66b0bcbe-331c-4a6a-8217-491d53fb6735,credit_card,555.31,completed,DE
79d1e847-4856-4f44-89dd-6244c6a909b3,a9cc2553-0aae-445d-a5be-14d53452035d,paypal,209.28,completed,IN
00c7b701-3188-4368-9dab-5aab5fa56f9c,36bacfd2-7175-43ef-8173-47763d73479f,wallet,422.9,completed,GB
53cb95c2-c5a1-4dc1-b212-c9f34004b9a5,82b5edee-5845-42a0-8795-6945f034d9f1,credit_card,188.43,completed,DE
f72e2533-094f-4584-9bd3-65aed3a3a37f,d31a59b4-001a-4459-8bfd-0c9ee9d5fd30,wallet,524.83,completed,US
69a42156-fc69-4711-8bb9-3801c1afe138,4215aa5a-c259-45d6-a5d1-e98e8b8ee4ef,wallet,1460.39,completed,IN
cf4bf470-1673-4d2a-903d-af9464ccc631,f785d20a-d0d3-47cd-b618-d4e656fc4a26,paypal,2219.88,completed,US
80eea433-bbf0-41b7-b0dc-54c88b35ee49,d108cc2e-c39d-4b9a-800d-7796f8e1fe8a,wallet,287.37,completed,IN
ec536e73-e61f-4869-88fa-d58f02bf4e8e,c3aebe27-bb2e-4068-a80e-6ec9233daaff,debit_card,1199.05,completed,BR
f3483d00-bff1-4471-9e68-32461e5ad3db,28fbd46c-7501-4e4d-827b-877c0162cb10,debit_card,148.83,completed,BR
1f72e8d7-df8b-444a-9d44-590a4a4ace2c,1ce8658f-52cc-4820-a888-d68544addd3c,wallet,753.18,completed,DE
1546679a-5f9e-4e57-b0e5-5b3fb6ee5fa3,97b9e78a-1083-409b-9814-64e4c9426432,credit_card,360.51,completed,IN
ea6b4be4-26ed-4627-abee-93be746c67c3,c9735432-9739-4c15-9876-64518ff70aa9,credit_card,166.75,completed,BR
c275d9a3-8794-4b48-90cb-63906ceb4ef2,a4e509d4-2e39-42f1-8714-358f843d7e2d,credit_card,41.57,completed,US
6fbc71a5-d767-46a6-9d60-7da62ac08d9c,c0bb0224-b66a-4e54-8d75-63a2c715ee8b,credit_card,1143.76,completed,US
2af4de22-c091-41f6-919f-327257542c76,9c237bed-9c08-47d9-907a-9f6c358a34a4,credit_card,693.91,completed,US
665e277f-29a5-4165-90bf-5221a4ff6f66,ffc18011-5c88-4b2d-b5df-b1b9b0289870,credit_card,378.49,completed,GB
7c15c8e5-a5a2-40fb-9dbe-8d224527517b,7a9b5582-1ec3-4811-adfe-ae7f3d652d44,wallet,82.33,completed,GB
5094ff12-dece-423d-9a72-cc6776645be5,4c5d5a66-161e-4870-8b01-88e0c96fecc6,wallet,532.97,completed,BR
cec514e2-dd38-4a11-a064-3b0bed8167da,5ededb63-e051-4df0-a05b-f3692bc820f5,wallet,631.21,completed,NG
d277631b-8425-44bc-b993-9d2ff5f56c73,0ea6d1b5-a284-4eb0-aa67-1bb6474f190e,paypal,338.19,completed,BR
045f0d27-2844-4260-83c1-b92abb03b489,53e4133a-dd05-4dd3-a9d0-ec1e1a25b5e0,wallet,376.11,completed,NG
d1aec25c-e6c1-401e-9a2f-931ff308b32d,87e25d51-850b-40cf-956b-99f74ba042e7,paypal,496.67,completed,DE
3b73e0ac-a253-43db-a493-7375c496cfeb,f3bb92ee-4053-4f91-9db8-26f2a813d7e0,debit_card,198.74,completed,NG
be5d2f27-e2bc-4ac6-816e-6176e381ab39,dce84fe4-0085-46a7-b46f-03a8b4d0f482,credit_card,16.16,completed,US
51a6b83d-77f3-4c18-ba20-89cb30cf781e,6c97181e-e5b6-4fe9-9e81-f55b8b44d4e3,wallet,71.23,completed,IN
4f1aad8a-7e84-4987-b4b1-8f3962a1d381,bcfe8cbe-07e7-495f-81a2-2a900ae5a1b0,wallet,451.43,completed,IN
298a9761-e2ae-4ef1-9561-bade9ce5e5cb,a5a047d1-d6a9-46cb-9668-b000a349bf34,credit_card,2729.86,completed,US
b35d77b7-3801-4ed4-abc7-0dc51e4c62ec,e2ff0334-ffda-4696-a279-8f1fa6a9fba2,wallet,739.93,completed,GB
94f3f8a3-6a25-4cb9-aaea-796143f42b80,571748c5-a62c-4569-8347-4010b7c7a943,paypal,218.52,completed,GB
fd2ef7da-2155-46ac-b06f-2f5bd09fc74e,2517515d-3ae7-428c-a9bb-43a8dd733e08,debit_card,1229.37,completed,BR
523ef6ea-96d9-45e8-ad71-424d29603d6a,23c1efd4-ca78-4a62-8554-d2efe2a045d8,debit_card,509.45,completed,DE
0ab32266-9183-42fd-9fcf-9d2c05f0d8ce,c2fd96a4-264d-4a44-a847-78ce070dc063,wallet,133.31,completed,US
b06aff92-4a88-40d4-8924-43cd46fd7b56,838a7666-6043-47be-8546-ef88bcf72483,wallet,1079.1,completed,BR
c0ae6df3-ade5-4e7e-8343-fcaee25c3baf,cac8eaae-9e6b-4f1f-9a2c-537dd99098f5,credit_card,735.55,completed,DE
300d3cd3-273c-42f0-9c12-09de917fbcd2,f32c0419-a062-47fe-be91-fdc2f813c135,credit_card,368.1,completed,BR
a22fda02-7908-478d-9e4c-d4959e182615,cd480e46-1a1c-4408-9cc6-85a3a0e01025,debit_card,791.14,failed,GB
865e6d09-ed3f-47dd-815e-c209ebc6fb44,8becb786-c6e8-4115-85bf-a38568bab7de,credit_card,1152.08,failed,BR
4b388b6f-f916-44f2-8290-2f44993c3765,35557c6c-eea0-416d-9bcb-a79700c0ee19,credit_card,1930.75,completed,BR
b7048b5c-0375-4a02-9531-5b672148347e,7e461f02-ab88-47c0-bcdb-e67a24f178b0,wallet,1817.88,completed,GB
8480e566-7707-4d70-b6fe-7535e77e149e,c03829f9-3f74-4590-a4f3-f81925623d7f,paypal,858.42,completed,NG
1b1cb7c5-1e93-4c27-93bb-cd3d386e80d1,b23b3fda-d403-40f5-9816-7f54c8eaed7d,credit_card,561.43,completed,US
453113e1-2a8c-4c2d-8299-6b74c3308757,f8d4ef92-da9a-4e5c-a0be-908e2f6a6795,credit_card,494.2,completed,IN
08226f74-98a4-4bee-af74-419be3afcd75,c3eb5808-e73c-4c59-92ee-ec9e341f2e7f,wallet,403.19,completed,NG
21ea5232-453b-450c-ad35-e473bc33d09d,afabdf05-383e-488c-8d8f-0e5d366290ce,wallet,603.77,completed,IN
2cb70c51-f03e-4dd7-b94e-7ba7c96b8315,e23e340b-cb31-4863-972a-b0344d2963c0,paypal,347.05,completed,BR
e731b35c-6e03-46e8-9a59-2948bf8c756a,f9b688d8-8ca0-4800-9a63-af584dfd07e8,credit_card,448.48,completed,DE
18024475-c413-4958-bd41-92fba17ef553,fc3dc7cd-b88d-4d4e-88c7-2f13c239a117,wallet,385.73,completed,DE
72b51469-57e8-4b2a-a374-d0f2fc31b596,0df2baf2-516b-4dcf-b910-4361cc1cacab,debit_card,1234.33,completed,DE
5d27422b-1152-4df5-bef5-d767065f6c3b,b0886a6a-d18a-4348-afa7-1fbe8e0d4227,credit_card,229.37,completed,DE
495268cb-b840-4a1d-a6b6-79abb84c7965,ef58030a-d816-42cd-928b-a1add2cf347a,wallet,16.76,completed,GB
a38f193d-ccb8-4ee0-b6cf-8a37e1439c18,1b9485e3-3139-462f-bad7-3663d0afec84,paypal,665.49,completed,NG
b55f9e6b-cdae-40d1-ae2c-3499811f115b,201bf7fd-321c-4da6-9ea2-7cb79a77a1e7,paypal,484.09,completed,DE
0a801570-e77d-43a6-be6c-6d103f97cb5f,666a7cd2-6620-43bf-9bf3-8b3fefabfc66,debit_card,1507.83,completed,IN
8085094c-4d2c-498b-969c-dcbf30c4aa39,59ccc6e2-cd7c-4441-b8a6-7d97e837a3e8,wallet,3312.2,completed,BR
f7c4b945-203a-4bb1-86ed-157293647863,544a6150-a440-4caf-b6cb-fd88c32fe4a8,debit_card,226.57,completed,GB
fd41f3ef-5219-41cf-96e4-a131360d44a2,83ccc454-cf40-4946-90b0-410aaf782abe,wallet,152.87,completed,IN
89502b19-0064-48f5-bf53-0e5921814893,2fcafe72-4a26-4ba6-8c89-c21abe2006b4,debit_card,177.23,completed,DE
676ee4da-18d5-493e-b960-fc0fb6395aed,e7b22e07-b519-4dcf-b7ec-b9ff26a089ac,paypal,1064.52,completed,US
e2d9439f-e2e3-4390-8df5-78c021e54924,dd526867-ea02-4f12-9286-9a708182161c,wallet,160.28,completed,IN
6c9f6680-df93-4812-bf67-a8cc43c799da,fb282e8e-e9d2-40f2-b7fb-19ffb5e9d202,wallet,154.66,completed,DE
b3b883c0-a505-49b3-a893-3fe5cb3c0ba5,dd3d9065-2b90-4542-880a-6b24e657a15c,credit_card,459.49,completed,NG
2533275b-842f-49ab-b851-fa1672029313,c09e84ad-367f-4353-9727-538d9b4d6879,wallet,619.29,completed,DE
5cc751c6-1034-4cd1-a740-b8bef1dfede7,524f9e5c-0545-497e-b4b9-598c53d56bfb,debit_card,301.95,completed,GB
77b809e6-ea6c-4508-9821-f3b71cf0384d,dc72e7df-bf16-408e-9bba-fd6cac183cc3,paypal,372.31,completed,DE
c3f8d060-5d73-484c-af92-3e20e6f93ca0,afcb0d70-6bc7-4238-808f-fa5ba61d0745,paypal,203.46,completed,DE
25162234-93cd-44f4-8f5a-9d4c24e4b3ef,b4a386be-d39f-401e-8f4c-4bd446480300,credit_card,267.73,completed,DE
6e1385ad-99ef-4a46-8d41-d3aab5293f85,ced22a42-9f3f-4be1-9219-8c07f54ff72a,wallet,315.43,completed,IN
673a002b-795a-41a7-a164-0ba4e2506a53,f3e2aecf-7629-40f0-a5c5-407f67f17a95,paypal,460.61,completed,GB
d48eee71-6e28-45c2-b979-710d4c255d97,99fe4321-3b0a-4f39-8645-2f378081db5c,wallet,1382.07,completed,BR
944f34d6-2c24-4967-9ef3-2fdc1f45ab52,64514d41-14dd-4b5b-b9d4-fa7d3c92a7f9,wallet,317.92,completed,DE
cd00b60b-9124-4a4d-ba44-7d327f206ba0,1a223c44-1c5e-41a7-aab8-ec548f4feb04,paypal,1297.75,completed,BR
04be3af6-126f-4840-b740-ad1de18a3d8a,42d1cd53-1adb-4fe5-a4a4-6782555e580b,paypal,708.84,completed,NG
000c53b8-11ba-4beb-9379-10a8bc482ce6,e3e98697-6ca9-439d-84e0-889858c34f0e,credit_card,201.74,completed,DE
9797393c-fb4b-481f-a128-680a2c5628ad,c0d75ff3-0711-47af-bcb8-6fa617b753f9,debit_card,261.45,completed,DE
a2df1c38-22dc-4aa5-b178-a13d2c6a9466,19408766-0cf5-499e-9213-027af61565ab,wallet,250.4,completed,US
11769d46-9233-4d91-8130-64cd931e4856,64e65f79-0d09-4e0f-bac2-e4533f9f5dac,credit_card,365.71,completed,DE
7563f716-c478-400c-9e76-59d47f4177c3,798f845b-f1ae-4673-996c-0f3fb4c13239,paypal,157.88,completed,BR
44ccfdd1-b89c-42c1-9682-b5856ae812a4,2f62fade-0a68-4f60-933a-54d3cbd942cb,wallet,122.11,completed,US
9f4bd98b-7056-456f-849c-3ef0e9b29613,7d7dd2cd-6c0d-48bb-bfd6-114e08d19c9f,debit_card,332.82,completed,BR
85c61774-af08-4ba0-be0a-ca8ead7c3faa,30ab4fd2-4a91-4c43-8a42-319975f25545,wallet,379.89,completed,GB
628f86c1-a045-417c-b000-bb097af2178a,23a36fa7-f8f9-4afd-9b2c-bf6ef2d5f0a6,debit_card,607.44,completed,IN
a3c00ca3-604e-4dd4-9f70-2e79fe2266d1,be418f0c-caf4-4d6e-9f26-3cafc56e218c,paypal,257.28,completed,DE
84826a3a-46d4-4cd5-bfc2-0160080af70b,ef3f1cca-1c36-4ec1-8b4a-4abde75ef4cb,debit_card,371.65,completed,IN
928803c5-3cf9-4da6-a0b4-089153ccab65,59079109-9dae-4c5e-9be5-4cc713b972a3,credit_card,842.35,completed,DE
a103cf46-879d-44ee-8d4c-204e0349a852,b415ac78-1a73-4f05-bb20-270061ea81f5,debit_card,189.54,completed,US
c292b336-d5dc-43d8-95e6-dc13dc68852c,561eed57-c18b-438c-9732-5270136e52ba,debit_card,29.52,completed,GB
f9e64faa-5067-499b-8155-f9b3cf5499e7,0872f38c-4861-4ba8-a1b4-d13bb0fbf00b,debit_card,1110.78,completed,IN
e0994d81-a62e-490b-bf4c-1a133f73d94b,db460fea-fef1-4c89-9d30-5f57d7da30ad,wallet,814.0,completed,DE
8ea2b8a8-54da-411d-98f7-6e212d873502,f343dc4f-3634-485c-92bc-7cf257f446ca,paypal,2476.07,completed,NG
1d4cadf1-6043-4c87-bf16-c173ff19137a,bca5f77b-b9ea-4220-b15c-9c1210ae57f2,debit_card,788.82,completed,GB
961a710a-a056-4f13-8926-2a0547494dd4,0110b0c4-c544-4e5e-84fe-0999ce6473e3,debit_card,793.7,completed,US
f98f31b5-5fbb-4a50-abd6-03fe7a9b1f59,08709678-2d1b-4bf5-9c1e-6b0b7cece2c7,wallet,1288.38,completed,DE
90b165fb-1452-4018-96c4-bbe136ade9d9,a674a919-0db0-485a-93f8-f5724cd40f5f,debit_card,159.64,completed,IN
e6360771-74df-4b06-be01-641baccf72ea,f2f33775-ae4a-488b-b6ab-9d8cba6d4a30,paypal,2753.35,completed,US
c8be37c1-7969-40fd-a24d-0d8ff60b7755,8b049375-9802-438f-a975-a7166829e438,credit_card,421.67,completed,NG
d8d4e68a-63f6-454a-95f0-81c67c2fc80c,2d82d1d1-3458-47c5-bba9-0dbc7b5a9637,debit_card,186.03,completed,IN
17d1dc5a-be7a-4c09-af47-13e405530ab3,e14b205d-30a1-4340-ba57-b5db94d9ac5e,credit_card,886.85,completed,BR
272f0fb7-b9de-42a8-82bd-cafd3111b10a,b60153d3-b80a-40c0-ba05-7ce310819892,debit_card,2056.73,completed,BR
1ac1a903-07bf-4576-8178-eaf5d309b0ad,528e5de5-26cc-4afc-99f7-9292890f442c,debit_card,207.81,completed,BR
f72b02f1-16b7-46a1-bd48-da38fe7d3149,c3e9bc43-e172-468c-a3f0-b3c590fca1d6,wallet,1328.88,completed,BR
4048a1c2-c24e-4830-8163-88de6ed2089a,fc841291-4e05-467b-a9e4-9ecf033b2c2f,credit_card,340.11,completed,DE
5545ca46-84d1-4cbe-beb8-bf9a5796ec13,3efae4ee-5469-4423-b0d2-0331cbfd2e13,credit_card,577.67,completed,US
3b95c6b6-c31a-4c70-98fa-b1fa7baaeeb9,7074449e-25c1-4636-8914-85bc45fc2380,wallet,351.85,completed,GB
c1fafe6f-ee14-4400-9c18-1fc92603d399,753ad9c2-ae4c-485a-8ba4-b46822b6787a,debit_card,233.19,completed,IN
f900b94a-2ae9-4c1d-8ec9-050fc062c2bd,2530dad3-78f0-477b-bb49-3965bbda7cc5,wallet,443.94,completed,IN
1094679e-b705-4f5a-9b13-5f68f17acd70,04ed0d41-8ff1-471e-836e-4f74a5cb6f07,credit_card,437.1,completed,IN
274269a9-d8ed-4452-ad5f-5632013400e1,059a0706-ff35-49af-8665-5a5033a24622,credit_card,974.5,completed,US
cd879ebc-20a5-496a-a3c8-ea38bd06c178,8344d9d0-85ed-4477-ba53-7759595a3090,credit_card,253.09,completed,US
fb1fba49-a437-48e1-8eb1-80c1d70c4061,dd6e9d72-7604-43d8-a36d-3409d59f9809,paypal,4.33,completed,BR
f0b6b046-6b4e-4d26-ad12-9e17d5d2bf22,e98a0745-1b56-4983-9fe2-766b0db2ae49,wallet,291.07,completed,DE
6b892c2d-a66c-4cfc-a482-7d377c15ae60,d000ecdf-ebfc-415d-8e39-1e821191c064,paypal,4.24,completed,IN
b432b0cc-b2f3-4da2-9172-54c8796f5017,6b6cd890-daa8-4797-9dab-8e46a4db8616,debit_card,366.75,completed,NG
0e4881b5-3e92-451b-bbce-527fc7065438,4dfa2ec6-5667-48a2-97ad-ace69af8b953,paypal,326.54,completed,US
9130ecee-34e8-4f0c-940b-a55911d7de1c,40a8c0d1-924b-4252-866b-be2afe02ed3b,paypal,1537.62,completed,NG
ce002112-2cc9-4bda-a23d-dcd430e73426,4ca1a927-ce03-436d-aeee-622b44dc60d2,debit_card,600.39,completed,NG
1693b217-8a00-4957-83c3-516d578ba291,cff4dee9-c6b1-4929-9f42-bce8eb036fae,credit_card,588.03,completed,DE
96d82f42-f1b6-47ae-8cee-9990a0ec0433,4d84c496-c51c-46cc-ac04-84c1fe414fbe,debit_card,212.09,completed,IN
de71a568-fb14-4f44-8106-4dc8b791ffc7,f042386f-3384-4d44-ae55-c62a1168ed40,debit_card,479.65,completed,IN
d8690173-a58b-4870-b404-1db3e4278b6a,ca9d196b-620e-4d51-9edc-b121a64144d0,paypal,142.67,completed,IN
a3fec19b-40c0-4b9d-b6e1-b83621a8c4ed,b40cf3ea-de5d-4ffe-a1c2-8349a955ae49,debit_card,466.21,completed,GB
9e173bee-1b67-47dd-b35c-a67b082ee420,f7b7befa-0e97-461d-8b56-9e2dd6f63b5c,debit_card,259.08,completed,NG
d12f9f0f-5dbc-4ecc-8379-fb4aa3d06b3e,2801bb17-2896-4c82-81b1-45414ccdb521,wallet,303.01,completed,NG
521ea15a-cbf2-4f26-8f4f-f0f38312576a,10a206f9-f20d-41aa-848e-ad5f4c35c383,wallet,527.53,completed,US
05cf22c7-f36b-42e0-840a-3ccaa4cb1524,5c9beeb4-970e-4573-8765-4fbe730a2ce3,debit_card,584.23,completed,DE
dc2918e8-1d09-40e8-8587-51b52476baaf,5894e203-9d1f-4af7-a925-40793bccdd4e,paypal,454.17,completed,DE
d4424d0d-769a-4964-a681-355941480237,03e51858-8bf5-4e7d-9236-c85c0887382f,paypal,242.13,completed,DE
a3725f1f-6b76-443e-958d-6977ca8059e8,8fde0752-1f54-4ade-8c85-9679ace80401,debit_card,869.75,completed,GB
b22f70b0-de5b-48db-8738-abf31ac8aa96,5d46d012-7171-4fdb-82ff-afc2900d9331,credit_card,128.6,completed,GB
13a65204-8a8a-4f30-91a5-d171c14f70f3,31d0b86d-7a23-4e65-9127-bf6280ffdaf5,wallet,35.79,completed,IN
3d54f732-12fa-4f8d-ab67-d21ff62bfe51,5dda5e45-5d4d-4fdb-a342-0b1f7c33afeb,credit_card,278.48,completed,GB
97b608d6-f25b-409d-91c1-7623cbe2f066,3626c04d-c176-4a35-b3b9-d5d1c37d7021,debit_card,2219.49,completed,IN
5dee8a1a-7a38-46b3-909e-2e40c16f2984,434333d2-669f-4729-9930-3b4bf8348443,credit_card,370.39,completed,US
3508172b-7b40-4b91-8364-3a28872f39a5,2d0ec024-05dc-4fb6-aeaf-91803a302d2c,wallet,293.75,completed,GB
6532f51a-9038-411d-8c09-b790b0d55c31,66493ecf-4633-4a97-bdab-e7edee719e50,debit_card,65.84,completed,DE
cab04d9e-ca8f-4a11-bf7d-e6c20dbf3a02,2f5f148f-c979-4a93-8c57-2e15ee7be9df,paypal,100.87,completed,US
a4e0d0be-a856-4041-adb9-4249f4c5e3c2,ee09b3b8-1d86-4890-a224-23ca0b895296,paypal,382.99,completed,US
d8daa429-bacb-4097-87b6-9707900ac2c7,edd6ddd5-434a-4bfd-91f0-c7f049e56e11,paypal,625.76,completed,GB
9daf6335-4c25-4812-8d48-445950eef89d,5dca5bb9-75d9-4576-85b0-3347f6cd4ac1,wallet,246.34,completed,US
3491de90-0fdc-47b6-8f9a-422ba86148cf,4f74cffa-73b6-4a0b-bcef-2a83c77b77b7,credit_card,712.86,completed,IN
479d7ecc-7bf0-496e-9370-8018c6b27258,b0d47038-85ce-4e58-93e7-68b4441ba871,wallet,61.49,completed,NG
9e7ae2e2-12d9-4217-91f2-999497d4161c,abc38508-9739-4a7b-8c5c-c5cf1763b561,paypal,239.97,completed,GB
3bc84cf9-d058-4447-97c0-e20558edfb52,f33d4500-5ad8-4307-a150-43d3d4b8be41,debit_card,1698.4,completed,DE
55785524-217a-4ebe-bd66-6235840a7d84,875cad0e-d4a2-410d-b8f7-2e48121b2ac9,paypal,425.52,completed,NG
f92ccf01-874c-4745-89d8-64e419f97d90,622cde2c-8a89-47b0-9197-0154ed27742b,credit_card,475.16,completed,NG
23d30ae0-ab64-4641-8ba3-75ada0698eef,edbc6188-519c-4afb-b898-79d373217ed9,paypal,457.95,completed,IN
a060ca3d-4ec2-47e1-b8f6-f9000e3e4e7d,6e90fbdb-833c-4f50-8474-afb462679dbd,credit_card,166.77,completed,DE
80a73e66-2b7b-4c94-ae56-a23e40aadb94,57dcfafa-2f01-4f1c-9e9f-0694357d25d2,credit_card,170.29,completed,GB
01da7bd8-07c1-4642-9a1c-8643d4aa8bb8,4723059c-bb6f-44dd-b1ea-c684567bf352,credit_card,1368.14,completed,DE
14ca81f7-46d9-403f-87a9-9c050eaa95f4,fe303caf-8707-4844-b4c2-5e8d534cedf9,credit_card,971.07,completed,IN
a92ef1c7-cf13-4ef7-85c8-15b214891856,0045d677-61f2-4047-a1fe-a3c526b4b791,paypal,1582.95,completed,DE
fa7c1dda-d6ce-409b-9bc7-e8c37522b177,cdf0af80-53ba-4c78-aeb6-ea832efc9ae3,credit_card,207.81,failed,NG
5addaabe-9137-48b2-86e0-ffce5cb4f463,f4545662-1bdb-4814-b43f-222aa14f717d,credit_card,553.74,completed,DE
f8edf2b3-0315-438a-b6b8-e1d7fb685655,ab1e0b37-c382-44ee-b24d-968ebf8b2313,paypal,388.07,completed,US
33614079-c82b-4a74-a7bb-bc1e2a709a31,22da3dab-2607-4a75-bd6c-04507082a10a,paypal,137.59,completed,IN
46b20558-8732-4aa9-be26-ee0d031da5b9,9d488349-2b86-413f-acd7-b0c5047a4860,credit_card,1006.77,completed,BR
99bea03a-a350-4571-85c7-86dd47bc4352,1474b155-23a8-4516-959a-6d686369946a,debit_card,1215.6,completed,DE
e730f5a4-56c7-4e10-bb90-f0dee612cf10,973f4577-a261-4048-9bc6-33e09dd47de4,credit_card,320.17,completed,GB
fffb409f-23d0-4eb8-9aa9-fd4472360349,fde27c97-aecf-4232-b802-39b23ebd3866,debit_card,337.62,completed,DE
9536d15d-ce30-49cb-b273-a4e69afe9c34,e3162c7c-eb5a-4edf-b3af-f1cc116fbded,credit_card,152.87,completed,DE
8914a5d1-ad5a-457c-ad20-fa747d58f005,8e11c127-3284-4936-8c47-c3f3a2ce6c35,debit_card,437.86,completed,BR
c90c8f65-643a-4b14-aca5-5b15a482a753,40318d33-c566-4491-959b-d9f91e1f28fe,wallet,348.46,completed,BR
949e1f32-6557-43e8-83ae-eba299209fe5,2d814491-354d-4c62-92b5-71f00807ac64,debit_card,330.73,completed,US
8d414c40-0120-4a77-bb0c-7609f4ef417b,afd6bb4c-daa6-4e5c-a388-ead6d8b84819,credit_card,529.41,completed,IN
d19dad2d-823f-4f1f-a061-024767ccce8b,f23cd592-e9ba-48b4-b6af-45999e9bb546,credit_card,907.62,completed,GB
3bab65f1-bd5e-457c-a4b2-40979520cba3,5624d5e9-d18e-4785-ad60-4ed7da6aef77,credit_card,667.42,completed,US
741657b6-1e4c-4c2f-8c19-ef99ae6a3637,eb565fd4-a9d7-4930-8304-7e7dff923701,credit_card,1528.84,completed,DE
3e454226-0fec-4d83-a3ac-97b38229c03b,92a73340-fa62-4b5d-809a-1df9d74ed365,wallet,6.3,completed,IN
e26578a1-c042-4e15-aef2-648c794a5fec,0a758532-2dec-4c72-bc47-537f6b3c3ec1,credit_card,432.54,completed,DE
fe96dfdf-46e0-4847-bed6-d21dedbc12e9,216e917f-2ae7-4c06-87ca-a56ff2fb1e9f,paypal,176.15,completed,US
abf43668-ca2f-4344-a481-a825053837ca,7b00b1ce-91e7-4b7d-8f63-82de5ca4d504,debit_card,156.97,completed,NG
8027c156-0713-4812-afed-e8ff69205dda,d752a5df-930a-4c5a-8c78-68b7ccef68b6,credit_card,1717.21,completed,GB
564c93d3-4ec5-441a-9abe-fd57fa196d17,74e04d06-7cb8-4570-a736-964d01639a21,debit_card,279.3,completed,US
d9ce2df7-1474-4a16-97de-20675cd3ce01,33bb009f-b561-4d10-995e-07cce97a90a4,wallet,583.32,completed,DE
2cc4401e-ec60-4875-a42a-54adbaacf9e1,8df542e5-581b-43c4-b908-136fc5550af4,credit_card,450.54,completed,US
7558fef0-1c05-433f-b883-0cd68a6cd99e,a3ec18da-cd41-4dd2-b726-a8eb3d73035d,wallet,65.83,completed,DE
1253ee36-cf20-43f6-a305-c071e6ef16a9,fa4e74ca-e1cf-43a8-93fc-cccb35010f05,debit_card,197.56,completed,GB
e00d0d8f-34c1-471f-ac43-09624a1a69fb,39b28073-6e3a-4795-afb7-14bcbe815bde,debit_card,374.21,completed,NG
0149b5fc-d599-4137-951c-64979902f0b4,6649dde7-cd9b-45d6-9696-060e8f0376b5,debit_card,1308.45,completed,US
193b470c-34d6-4919-a869-79315cf3ae2c,02688507-e877-4d2b-9cc3-c428defc0ff2,debit_card,605.69,completed,NG
e746e14d-f0c9-4139-8dc9-fb40d51982a1,ad126d3d-fe0d-4ac7-8826-e1a3ec3ef15b,paypal,124.09,failed,BR
7c9646a8-4f7d-45df-a883-d4ad09f8dc3e,7aa220d5-f8ca-4691-bf6e-547b8523d8f0,debit_card,148.46,completed,BR
fe672cb4-4269-414c-98cf-d1f2c4e6ed62,18186d99-70b0-4f2a-8c34-eef1aada9658,wallet,724.15,completed,BR
f4fffa8e-bfd7-45e8-862d-9f5ba8b93933,952bbd82-2db4-4452-89f5-0f30c8afc3c3,wallet,93.62,completed,IN
6135b82c-c96f-4d32-b149-031d6ff8b964,7d6bad14-4f8c-4a76-ab3b-77a58cd8a563,credit_card,416.94,completed,NG
0aa2782a-a77a-4404-a487-012ec0b0fe22,9c90ca06-e81a-4627-9dfe-2f452097392e,paypal,505.64,completed,DE
50419339-52f7-4c73-8304-690c238c1047,e9d9493d-6a79-483f-90fa-0769638b33e3,debit_card,754.5,completed,DE
bce5e2e7-6863-4a0f-b0a9-23026498c97a,9faa02a4-cdb5-4f33-95a1-b25c5da6101f,credit_card,306.3,completed,IN
88b7c5ce-fc29-4eb5-bb6d-67fc00496b78,0c73afcf-d17a-44c4-84b8-aa48d39fdc97,credit_card,430.03,completed,NG
d2681ce9-0233-41e4-a4d6-1b3c4f621206,514dc0ea-3635-4ce1-a5c1-9ebaed409297,paypal,624.83,completed,GB
9889ab10-ce85-4e38-864e-e5bba883ea5f,345df7b9-4be9-47c7-b486-9f1dc3483d22,credit_card,298.53,completed,BR
f0503242-2f2e-4bb3-bc66-14dcd010c13c,9f3a2b0a-3b78-430c-aacf-9c3dfe3bf082,paypal,352.75,completed,IN
dd37d9e8-f360-4de4-a5ac-5bc630456b5f,481b03c4-4179-47ad-8653-8442bd751516,debit_card,25.59,completed,BR
aaa1a8c7-2200-432f-88ff-045495dc3f54,7186a900-10dc-413b-be10-3b449651026b,wallet,160.28,completed,NG
f073f1f9-a2ea-476a-98b1-76528f7c45a1,a114adae-7df0-46be-a862-c5b3a3345d86,credit_card,792.22,completed,US
86e443c2-0750-4419-8b9a-f3138e2b3afe,f5529f5b-ff6e-476b-ac48-6ecb33916487,paypal,156.68,completed,NG
000be846-3dbf-4e89-9b6b-59ddeba20486,be0f6933-ab68-46dc-84da-1c8c33f3aed3,credit_card,435.68,completed,NG
a604bb93-579d-4a9b-9b7a-74550c0fa737,f664fecf-3f4f-49c4-ba6b-c5e55a11f425,credit_card,151.66,completed,NG
72f32075-bd4a-4c57-a297-a01e16d471de,021f2777-926d-4d9f-8132-dbd7b3bc129e,paypal,1344.35,completed,NG
2725bb7d-1e78-4982-b3c9-5e332c7f95e8,8442a602-1208-420e-9733-967bc38fe73c,paypal,52.98,completed,GB
2e46b9eb-8aef-4f26-9fa1-218e508a7c20,b1bf9800-f345-4ccb-ab0c-f2a1fb02f4b9,debit_card,1037.82,completed,BR
6a92c79e-6e25-4c93-bb86-03b94977efed,585b39b9-df56-42db-842c-cfade071ecc4,debit_card,327.01,completed,NG
bfd6606f-c61b-48ee-b81f-ba2da75a6763,199f7285-7181-48d0-9aa7-b5928e3a2233,wallet,1122.14,completed,GB
93558c03-071e-4f55-a3b0-aae21ff83215,b42a1eb9-79b8-4501-a8f5-863c892e665e,wallet,869.75,completed,US
5415e68c-33c5-4f44-81cc-355623e42953,35b4927b-8ef3-4467-aea6-0a54c7357242,debit_card,254.42,completed,DE
44c12d3d-161f-458a-914b-f169fc86c124,602f6e12-9d2e-4e59-acc4-bb7da2c8e43d,debit_card,359.94,completed,DE
5b8db22c-4fe4-4d97-9f58-b30f24ad32e5,e8e4c9e0-d60a-4042-a0c6-e335cc139ca4,debit_card,369.01,completed,IN
1bde7ef9-e6e8-4eca-ad3d-6c40011fa11d,33dd87ed-94ca-48a3-9ca1-3bf193bf8dc8,credit_card,101.19,completed,US
68fb9ce1-1696-4a4c-a71f-50d41d58a737,8598b276-6615-4b22-ab64-7ee4c8fe954f,wallet,123.99,completed,DE
6af674e6-adbc-46e0-8bbd-e6ea02b6745d,d20f437c-1cd8-4da1-98d5-e9a64a1f3186,paypal,2145.75,completed,US
23df8bd6-df06-4d53-97bb-6d01ed6e04ae,86a68f7d-aa86-4e86-8814-5b57d3bb3f49,credit_card,485.52,completed,IN
525d5427-4e05-47bb-8f11-b0093186ecec,1f30a2f3-1c77-43c9-9460-bc2167da2823,credit_card,190.75,completed,BR
c223c375-de69-4b75-bef4-ec89ee67bc18,e1026e4d-4144-4d30-b909-9354555c5cda,debit_card,391.04,completed,BR
b25e4edf-d9ed-4ff9-ada4-026a146d6865,59563d72-cec5-4305-a0ff-3c5a5dbe7989,credit_card,323.05,completed,IN
8fbb92f7-7589-4e9d-8650-dd48d94b0dc9,e3f72c2a-22e9-4a71-8663-0e359b9dd48a,wallet,1769.1,completed,DE
f00ef33d-a411-48c0-a231-1b48a58e7df3,16756bef-33ad-4c88-9ece-176e44167f4b,paypal,994.14,completed,BR
01f37351-1cff-47ec-8300-9adce25a6f96,83962f8c-08c0-4663-9e61-d7558f749d40,wallet,144.52,completed,GB
08dacc95-ced8-4faf-b8b2-89bdc134f54d,e8e09156-041e-4ea8-907d-6165e0a2c5fa,debit_card,23.11,completed,BR
b9129100-96f1-4c8b-9e8d-337b6b2e587c,e738eb5d-e3e8-455b-8b55-d6bc5d7622f7,wallet,439.03,completed,IN
610bfca5-9312-4545-a6ca-04b2da8926c7,2d0450c9-bea9-45a8-9ba7-256edfcfc1d8,credit_card,223.25,completed,GB
9174aab3-6c36-438f-b0a4-c2b274f76905,9a74dfe2-4683-4ce0-a76d-85b039bb670d,wallet,274.2,completed,US
2c7ba890-070c-4199-b884-d04ce8980077,c14bad8d-597e-4f63-adf2-9ec5e6f7dbc6,paypal,505.24,completed,BR
1ad9ac33-cff7-441c-bc0f-968967bf9085,75d07119-8db9-4acd-abf9-bb284bf14c3f,credit_card,609.6,completed,NG
40931600-ef24-4861-a60c-1e6e840567db,36786692-bec0-4799-93ae-04946d0c2b0a,wallet,232.89,completed,US
afdeab0e-1142-48b2-b8fd-9f72260fda17,3cb9d1a2-7824-47fc-81f9-a8ae1b838840,paypal,537.34,completed,BR
51a79785-0397-4434-aca5-3ed77075331f,cec3fdbe-8730-4a41-bf81-62efab653797,debit_card,956.23,completed,DE
e848fae1-4e83-4136-b957-24284bd7edbd,c2aa0e1d-509f-411a-aa25-16145087f3c6,wallet,1380.85,completed,BR
3b2596cd-5fa6-4f90-850f-46ddb5f4fc36,16e29dce-b50c-4708-b8d8-422389979cc9,wallet,684.06,completed,GB
b638e031-d946-433b-beec-8068af9bfe14,c6b09f71-25bf-4edf-b9e8-2b2ac726bc2a,paypal,1652.3,completed,DE
adc0c7a6-e0a4-48f7-9035-6bdf35ac8401,99f486e2-a30c-42d3-a450-9cc3eb5cbb28,debit_card,357.8,completed,GB
8376a425-1196-401e-b89f-24bb2a362be3,068753b0-89cd-4d95-925c-11ef84577578,wallet,349.25,completed,GB
d70da883-e15b-4345-9d29-2a2d607c706f,efb599aa-ba83-4e08-94c5-cb709afa469e,paypal,282.4,completed,IN
215a1499-bbd8-406c-9a04-e61faeea7d84,485e107f-00a6-4ccd-89e5-8ddc7f259c25,credit_card,861.03,completed,NG
02a4f1ff-7ef9-420d-8c95-604546a80e97,2e9ec3ef-7c57-4024-8bed-9979cb8f8924,wallet,466.44,completed,DE
31a60bd5-d0b6-4a75-b791-b8e04df74c36,ec437cb4-b4c0-43e1-966b-42b2e1552c43,wallet,396.98,completed,BR
48e4889b-b4c4-4e56-bcc7-c0ac59dc0a7b,e2b5360a-3c91-44bb-b9f1-e7a3da4c348c,wallet,276.4,completed,US
39c0282e-a015-488d-aba5-046d614025dd,9093e03a-9a43-4386-a969-0d562ebdffaa,wallet,170.11,completed,GB
c078aed4-4970-42ea-bab8-39ab7bbd075d,732a11c8-661a-4f27-b6e1-56c8cccdc790,paypal,987.44,completed,GB
1c16506a-120c-4656-8444-4f055ce42fa0,a79cf13e-b8db-4de9-a119-a0b6f6f5e653,credit_card,621.79,completed,BR
22e8dc22-dde7-4794-9897-c1089897bf41,d15bda1b-482e-4821-805e-e83a0b9c5c35,wallet,227.49,completed,US
bda29c2d-e357-4ef4-b7f0-70fc459e4a2d,70772f7f-a4b8-41b2-ae43-e56057dcce8b,paypal,6.33,completed,IN
46065d08-4fda-4791-8bce-c262bcd9b816,92998b68-4554-4f5f-aa2a-1ee48086507d,credit_card,962.86,completed,DE
94d17365-1f55-4630-897a-7cf9f55dc190,11fd85ed-b856-4b0d-80cd-2a4a16413c7c,paypal,17.47,completed,US
76846df1-7dc1-48bf-810b-2669de6952a5,9150c321-326e-44c4-a193-f3a9e6a817fa,credit_card,314.9,completed,GB
3e207861-f43a-46a9-96d6-94e468da7d09,7158f456-67c6-48eb-b55e-0f384861d340,credit_card,919.61,completed,US
2ff8432f-0761-4d0f-bc57-068a4e746593,db7f2fa2-27ef-453a-a205-8078e9f42c06,credit_card,367.81,completed,NG
25588fe7-ab6a-4e9f-a27a-6e34b9327d62,d0866ea4-6b85-42cb-b121-2148c89f00f5,paypal,722.37,completed,GB
19e262b1-8ae0-4492-848e-81243be15e47,8536f0a7-4e86-4c65-9b77-fef6b5df1c12,debit_card,265.53,completed,IN
1bbc38ff-c8b7-4f45-8815-496967ed867c,a79b9851-8940-480a-bcb4-715482f755a6,paypal,307.05,completed,BR
cd851be5-472a-4c28-a874-9971a3df99f1,51926cd6-b80c-4dc7-946c-bcf2cfca83f0,paypal,2127.79,completed,DE
7cac771b-2d3a-46c0-b6eb-bfdc4b75adc7,389f9ea7-42e6-4379-b77b-07538a3711ec,credit_card,1637.23,completed,DE
5761b47b-7f8e-439b-851e-5b3b23d48870,2468939b-4d2f-45d9-a496-6e4a14377705,wallet,164.39,completed,US
b4a4711b-d9a4-4dd7-b365-b32c1e3afa59,da7d033b-c428-428f-a462-7971f4361c04,debit_card,222.52,completed,US
dc02d62b-142a-4d75-8340-32d56cbd1e28,2ba20902-279f-4cc2-b1e9-62fccc055396,paypal,655.67,completed,DE
ef3df622-6e5d-4fbe-a877-6bdf158f823f,8edb26b1-ddd4-4d4d-a397-ea98af79d84e,credit_card,317.6,completed,NG
830cc595-3128-4e73-9015-9f9d1dc7125f,f6f49ea2-5481-47e7-bd38-24ed238b79a8,credit_card,609.35,completed,BR
69ce870f-751b-48b4-a860-4d136815c9ab,a16527d1-a04f-4221-940b-45e3fc74e61e,wallet,728.98,completed,IN
10e57c27-54a0-43de-a75c-c2f9628cf604,c10793b4-06a5-4132-95d6-8361117a1630,wallet,347.18,completed,US
5a59e988-9ac0-4482-8438-8cdaa7a9fbde,2f17066e-45b8-49ce-bda6-cd2033e8fd93,wallet,88.8,completed,NG
5be9549f-e46c-4895-bec6-89e26c783f6a,1d22ee3c-b0ca-4aba-83d6-8575be22a984,wallet,556.52,completed,DE
0e489a6c-e343-43fe-93b4-e4201821fb3f,3933a3f6-db23-4e1a-a569-418b61823b22,paypal,489.5,completed,IN
f74273c8-a7ad-4818-bff7-6fbe4feac83a,c2b1521e-2976-49c9-8d6f-f2d16f473319,wallet,1386.84,completed,NG
cd1f5663-b1fe-46ac-983d-070dcc76ae53,259d3ea9-5aab-44f8-be68-5522d5788608,paypal,576.17,completed,US
0ff2896c-37e2-4db5-a210-0ac49999451a,cb914ccb-bfa5-4b9a-92e4-29e736b7c720,debit_card,552.06,completed,GB
3b88b8b4-7d0d-42fd-a37b-fe1aa708d610,b31986ec-d9a2-4c64-9d8c-67f6918602a6,paypal,340.23,completed,US
b2a4009c-a5ab-4e88-b0d0-803d629d0a99,a491f9d5-91f8-4982-bee7-c0cb34798934,wallet,418.25,completed,GB
45f1623a-1dcf-4d6f-8be6-f553e03617f8,97d35f6c-e479-46b6-b268-aaaad99032e6,debit_card,478.69,completed,BR
d6728bd2-2d17-47f8-a8c1-b3687b7e6abd,b631e2f4-805e-4bf9-943c-3b8ba29c597e,credit_card,329.77,completed,GB
3ff14606-952a-4604-b34c-1e884e2bb930,f28d90b0-2e6e-407c-85bd-60d876f529fc,credit_card,362.02,completed,GB
7a531428-b4e0-440b-8239-b791e4a6d373,0b514236-fb6e-48a3-81e6-41697d8501fc,credit_card,189.99,completed,DE
67739fdd-26aa-4203-ab93-846f46fab00e,048d5231-9d8a-4634-b502-6d6c2b6250df,wallet,1693.06,completed,BR
0333f562-9c0c-4980-87b5-6eb18d5bc357,331a6e41-e689-40fd-9ca4-1e7766eef5e9,paypal,505.99,completed,DE
8fb6edef-7ade-4326-8326-652f5168ede3,6517f56f-1750-4c90-968f-a014d65d0dbc,paypal,520.24,completed,US
14402fc8-576a-4fef-82fc-f482849e59af,6a64c0a7-e70c-48c3-8f48-b1217b569708,credit_card,164.99,completed,GB
95e06cc2-6c36-46dc-b51d-3f62b4d71212,1da52fe9-a5a2-4406-8635-1839a9644004,debit_card,1345.8,completed,IN
a71e1e72-319e-4b7c-a0f3-5486a330ef3c,07258fd6-9504-4796-9bdd-09667a85f384,wallet,827.81,completed,GB
45d222af-e0a3-40b8-ad6b-da994a79b1e2,b2bd72d4-beb1-41f2-886b-6607cf2f0c20,paypal,899.57,completed,IN
b23b2a93-9014-4406-9d00-882c268bf8fa,41cfff1b-ac58-459d-a365-fee687a94490,credit_card,34.08,completed,NG
ee081210-c6f8-45cc-8efc-930e1c5a4dc9,a888b348-c720-43ff-8689-572fdbfed42d,debit_card,205.8,completed,US
36b463dc-1ca6-4f1a-8bcd-a97945e2af75,bdd6f295-4e58-46ca-b31d-07ac97f8c18f,debit_card,941.87,completed,NG
55869617-d04c-4060-a084-52891019a291,2495970e-aa74-4b21-84cf-ab3d6dcf293c,debit_card,273.3,completed,DE
9da777c9-5c06-44cf-a94b-4d5c102e62f0,6375e33e-66c7-4205-8a80-ad39d9bda6c7,wallet,717.43,completed,NG
04e1120c-f2fb-452c-bd1f-f55cd86350fd,2649909c-e3c7-4fa8-b370-d0102e4205b4,debit_card,1070.54,completed,IN
78b22bf8-3d72-49ce-9922-fd6bb2309444,99febc8a-67f9-42ab-9a47-aaaa576fcf7f,paypal,317.94,completed,NG
da3cda22-2f26-4dcc-bda9-569a7dbf1f6f,550d1188-cfaa-440a-a5dc-7606ee6a58ff,paypal,645.67,completed,BR
405653f8-2eca-47af-8a4a-e078ce9f6fcc,855a3010-fc06-4129-bd94-eed308ed87e8,paypal,335.21,completed,GB
1cd010f4-3967-4c53-9d30-0880079b1703,0ee30f8b-a96e-4530-a440-517e305ec35e,debit_card,419.4,completed,US
00d40a4b-0909-4330-8c92-1ab532ee3dc5,f96f6962-ff53-42ba-a016-9db3d76f885f,wallet,396.71,completed,DE
c0e924f2-2c04-48ed-b793-aae663055a8b,839d8c2f-520e-4475-a9ce-335e330b4c59,debit_card,660.43,completed,IN
820ca4cf-e65f-45f4-b915-ebcc0679c264,c01fb0d9-9b25-4f15-857a-51e9535343b0,paypal,92.99,completed,BR
73592304-90f6-4e6c-ab0a-598a06a3c09a,85db130a-150e-41e7-8e0a-6df64656c884,paypal,459.41,completed,IN
171084e5-c6c5-44ad-9b27-5320a6d1e7dd,18bab140-ae23-4a16-ae1d-a666e0e37351,paypal,272.05,completed,BR
bcfbeda2-1ab8-4708-92d5-f7e89e18eeb5,6a11a054-e25f-4633-906f-c1ff247f0420,debit_card,266.78,completed,DE
66e2bfd1-738f-4b18-bca4-729f0441bc86,42c79d97-b41d-4eac-a23c-947e99bc05fa,debit_card,1123.57,completed,US
6d2ddef9-9553-43e7-be7b-e65bb1aa8687,526f67e0-9722-4d11-a8b1-f11dbe2630b9,wallet,1803.47,completed,IN
5fab2092-f4eb-46e1-a7fe-9545588d0883,bfe73405-8dc9-44c3-9bf3-ed1da9ddb3a5,credit_card,301.82,completed,BR
be86f0e3-0e91-4ed5-9342-fba2a9c3925c,53dfd504-d8bf-43cb-a679-9f4431bab84e,credit_card,692.25,completed,BR
a2e46771-62db-4967-9dc7-7dff8ee43ad4,57ea7603-48b1-45d6-8fd3-9dae083e84d3,paypal,946.89,completed,BR
afdab7e5-51ba-4e38-846e-56d76f5b3cb4,53a5ec2e-b66a-40c3-a5c2-dcffd7451c88,debit_card,347.35,completed,BR
eaa96efc-53ca-4167-82a5-56a8ec4f2e3e,c22c4c43-86aa-41a4-8ee1-ea09aa346f8b,wallet,1467.2,completed,BR
67573a93-1e9e-4b1c-aaf9-7ae9f19565bf,6ef52a40-8fba-4102-b3da-e80df5184728,paypal,489.07,completed,NG
2274fca8-6a86-4702-882d-ad0a1c7ccecd,412d8c34-7ffa-4e6e-b0fd-5fd3d882ea0a,debit_card,161.38,completed,IN
ab3f91c5-8330-41f7-8804-197446c889dc,90688f66-3d06-4c33-9dd1-764f57d9579d,wallet,77.4,completed,IN
5a267056-0b25-407a-a555-38445ad0568f,885594de-e72f-4999-85c5-013c58f7fb0b,wallet,526.36,completed,NG
b9351df5-b5e9-4699-872f-b32b49f909ac,899fb019-e61e-4630-bf5f-1d57723bad92,credit_card,81.72,completed,BR
0b544d1b-7c9a-4518-afba-9740bb4c89da,4c33f061-348e-4b04-b97f-492f3ab2cb41,paypal,120.47,completed,GB
4fcd0a3f-367b-4cef-b43b-345fab6183b6,d0c0cc9d-69c7-45ef-b112-1049c0d16c14,paypal,409.16,completed,GB
e9f65d63-aee5-4887-b207-a147ce0a9c05,3d837230-7bf2-47bc-8789-6fa5950eeed6,debit_card,271.54,completed,NG
fb684826-cb49-41d7-9c2f-0e3c7dcd8728,e4165cb9-0ddd-46df-b31e-5835d21d7e95,debit_card,283.12,completed,IN
124ff8f4-5b2c-4de6-8e46-709e52b3b247,65dad0d9-0868-4a97-894d-a443c528807c,debit_card,1064.7,completed,BR
e07d7de1-02c7-4fce-a0a7-4f5375d2e6bf,6e1f77d3-5a02-4813-bb91-c56d7c1afab6,debit_card,1068.84,completed,IN
db6aeab3-c118-42d0-8d1a-9cd2dac54627,d9b2a307-c59b-4f2b-8225-5b4516ba4953,credit_card,344.71,failed,NG
0bf609da-23ad-410d-9af1-1f82989285c1,2b161bed-797e-41f6-900a-b10887ebf12a,credit_card,84.44,completed,IN
8aeb7ee1-a183-4435-85e9-808d4bbfe79e,d54c1aac-5f25-4a55-8023-d304a22afcdb,wallet,197.39,completed,GB
61afe743-c0f9-4469-b92b-011e5035b99e,61c330c2-eb23-43f0-8aab-757157a67fa4,wallet,878.98,completed,BR
e83a7ed6-11e2-49ce-be16-190a58818c08,96daaeb5-1e8e-4752-ae63-b23c0b5ad48f,debit_card,967.75,completed,IN
ccd0b83c-145a-48d4-bebd-979b61da0129,9164da9f-9a2f-4f39-8733-8311d60728f0,credit_card,250.46,completed,BR
13733734-1deb-4287-90bf-300b33bd1344,fdef0c44-19f9-4e51-983f-bfb7a11ce0eb,credit_card,312.19,completed,DE
29f4f9ad-a4b9-49e1-a647-ea4d8b460f1b,3ddf4116-9a40-4e3c-9a2b-5c8d5a151f03,credit_card,165.74,completed,NG
594da93a-fde2-4eed-9861-bc1c8d830ac6,ca353ac1-a4f3-4a8c-b463-427e4bf80d32,credit_card,454.49,completed,NG
19d031a8-5123-408c-bdae-178be73094e1,ca0f0523-9fad-4c6d-ad37-1678089b6e73,wallet,509.0,completed,IN
23df34ee-6f2a-4442-b365-ce516a4e2816,6011beb8-cb75-4501-81bd-a17d58f85432,wallet,56.83,completed,US
0171d4e2-5256-4cc3-bab2-b9bb097814d3,b16bb90e-0ba3-4421-a469-f727d8fbe0e6,wallet,316.03,completed,BR
8f906f27-511d-499e-9354-c7651534ca88,1a224de0-9485-4f43-aff4-16c6e22b45b0,credit_card,133.25,completed,IN
93af7b61-1891-439c-94b9-3f3f4e9f293d,5a2c87db-89c8-4098-8668-b68bd6b0f575,debit_card,295.62,failed,NG
16114639-c1be-47bb-9a8f-eb2f8ff6e554,cae2dc32-6139-4fda-b852-909092b48e51,credit_card,135.07,completed,DE
d2386d9d-6f7b-4358-af5c-399336de6b35,99af5d83-4e5b-4d44-bfbc-d76bb51a603d,paypal,236.59,completed,GB
01cb3be4-3ffa-4e2b-8a84-bc558fc8c1f6,41902028-e43f-47c2-87bf-f7e0f75fe85f,wallet,712.4,completed,IN
54382950-258c-41cf-b6c3-8048bd7cd89e,29f99a64-4ddb-443c-a95f-22cdff5a6526,debit_card,2181.6,completed,US
05fd2f20-9975-4b51-9c00-9a033396c2bc,5efadba9-6c52-43d1-81b0-fd3c8cbc7488,credit_card,407.44,completed,US
5ce0036c-dd32-400c-a4f3-ce5ece1fd8a3,d5189235-2479-4a01-9889-8dd73f1c79a4,paypal,81.51,completed,GB
583b7cbb-14f8-4cf3-9a6a-73b665eab43d,b22b641d-7697-403a-a8d3-0df6246a3690,paypal,416.15,completed,DE
93f4753a-7f61-4bfa-8d36-66955dac722b,e0c5892f-4b04-4b50-ba3e-af789f2a6077,debit_card,116.48,completed,IN
8955caf1-dc8c-49d5-b1f1-1b997977276b,99d338c6-77e2-45d7-8c88-9f13df8d00e2,paypal,223.99,completed,IN
52876810-8629-4dd0-85d3-04c038479992,5fb7b7dd-35ad-4349-a4fc-cce5436c06dd,paypal,42.39,completed,BR
8d7f45ec-e6c8-4d64-b551-41387a531538,6c61405f-12c7-49b5-abe9-d9796c5cbb0b,debit_card,163.29,completed,GB
a7548b9a-fbe9-4855-9ad5-12f5616c42ce,33f34b66-698e-437c-a588-bb57c8c8471a,credit_card,607.23,completed,GB
b76efd1d-67b9-4e72-9c79-808f3a0053c8,a5b02f3c-ce4a-4671-880f-f989d2d00895,credit_card,901.8,completed,BR
8df7e959-acb5-4a61-ad2f-5cdb498976e9,b380e79a-bf65-47f8-93ad-4e447bf721d7,wallet,203.19,completed,DE
9d618732-7091-4f83-9d4a-7ea8c8087e6d,2e7d393d-9c69-4760-8e62-dd86e55c67f7,wallet,1220.21,completed,IN
28a6a364-b419-44fd-9aee-74d8937fc5ef,bb02fbd3-aba7-40d6-a5f8-5e9e5aa1104c,paypal,211.49,failed,DE
7dbb5493-bf26-48cf-bb62-34f367cf3869,41921280-2813-4d80-817c-55d9302a002b,wallet,1193.8,completed,GB
3395839e-fca9-480a-b327-b3c21af903e0,f40a2f29-7e77-4caa-8c81-39dade2b02c6,wallet,514.01,completed,US
a2ee3737-883c-43f6-a18e-fd5020a7449a,6ad7b442-f7f2-4fad-bc85-c90501111377,wallet,460.64,completed,IN
52d325e2-30a8-4811-9cb4-cbbf8f9dc697,a6aa1fb2-a623-45ca-b230-b520b158420b,credit_card,570.51,completed,NG
982d733f-b748-46b8-a381-7293056465de,119877fc-e7bf-4abf-9f8e-77386f8eb281,debit_card,51.52,completed,GB
c19389cf-506b-402f-83ed-312d34298fab,78c37508-aae8-422d-a8f3-16f29e420993,debit_card,583.07,completed,BR
1c95ca91-d88b-4005-8de3-b3af36ca69d0,6e1f2145-d06e-46d7-ac81-837b223ed73c,debit_card,469.96,completed,US
a01adaef-8f19-4e75-8d38-5d7136fed707,833b4a66-0c49-462c-ba24-d224cf729279,wallet,335.01,completed,NG
63705bcc-159a-4570-bee4-fd8eb3d92330,8ec2cf5a-7325-4e04-a373-2b3345748894,wallet,1834.47,completed,US
e3de5833-fbef-4852-a39b-bc2b70f5cf61,16167cdc-83a6-4879-8259-5c1167af5e45,credit_card,233.69,completed,BR
0fef09da-0274-4345-9531-5f8f7cfe6738,255a13ee-ef38-4a2f-837d-c515b5e44ca3,wallet,147.71,completed,DE
6bcb2cbb-e50c-4816-8445-670756c9ff7b,0177d93d-f148-4412-9a7c-64b1c6d7c2d7,credit_card,261.69,failed,IN
eda119fd-a447-4cf0-990e-cb6fa72b4a5a,c37e98ab-d727-424a-bd11-585ad960644b,debit_card,595.24,completed,DE
83b0515e-452f-46a4-ae77-78ae358b40a9,50a3acbd-dfbc-425b-8c33-89ebea2bc317,credit_card,1137.63,failed,DE
3750b9eb-ed0b-467c-afe9-faf63c826d4e,a8745c7f-1d54-47b6-8819-1cb07c7dcda4,wallet,728.96,completed,GB
3b32fba2-6a42-4df2-986d-e44aa1e6079c,bb0a8942-4e21-4f7f-9ba1-2e4882a2df09,credit_card,76.13,completed,GB
06eda73f-03fb-4327-99b9-08877f840fc9,3578bf86-759d-489f-a3e5-d5294d74f298,debit_card,567.68,completed,NG
f9e0f3bd-5837-4cae-8f1f-d4cbb1d0f703,f88845af-be26-48c2-b0d2-0abd851defd6,debit_card,392.62,completed,IN
c22b230f-acfb-488f-8032-5b04ce77df95,2e952016-0f52-422f-93d6-bb6cac6fd953,debit_card,891.35,completed,IN
6340365a-e79b-46b1-93ee-bfec7b373cd1,e2380604-063a-4ed6-aa0f-2a76c589bd8f,credit_card,11.66,completed,NG
42995095-c592-4200-aed9-c9022379f4ce,03964f51-9d8d-4d15-9f1b-a7faf46e156b,paypal,220.14,completed,GB
dba18289-9e05-431e-8a2a-1839d1366074,3c87ecd5-44d0-4e65-94ce-94eb0bd1980d,paypal,298.8,completed,US
1036f4b3-b528-424b-b672-51741cb8feb5,d6ab714f-48a6-48fb-8e91-33863b1637fa,wallet,582.92,completed,IN
bdedc6fd-7693-4db3-afb7-9c497b5663e2,361f9bcd-eee7-4129-9453-e80344f97867,debit_card,90.83,completed,IN
600d6a69-2781-42d4-a4c3-383d198fb794,4a700fd8-bde0-4203-8a17-2292e395f408,debit_card,333.36,completed,IN
9096ff3c-168d-4592-8317-6154e0054006,de3aa536-44b8-40d8-bae0-d0021596bc60,debit_card,922.15,completed,BR
89dd489f-52c6-43e5-a1c1-2801863e5473,a4cb66d8-831c-47b4-8f00-26d7dc81a770,paypal,279.27,completed,BR
8f4d0d52-becc-4b03-890c-92c40fb95503,e9100a83-1d4d-41ab-a22b-3b7ca2c0eff8,wallet,1109.94,completed,IN
56b56a64-f82d-45d4-9109-673d07a6af83,7e81b22c-501d-48ab-b284-7cc7c0203b00,credit_card,1343.02,completed,BR
e78e83ea-2800-4489-b52e-fb51a200d75a,d139aea8-7167-437b-80a4-8d829f32cf07,debit_card,585.53,completed,BR
039f93ed-a845-49a3-925b-8b5bfbdbbf1e,96ec3f6a-6f23-4934-b3f6-db83c88b70b9,paypal,161.08,failed,BR
0bb0dacb-a921-4aca-a5d6-d09ad6bfd706,9e8d3791-5bf7-48a1-882b-9009ced77c05,wallet,333.94,completed,IN
5d6e91be-11be-43fc-927d-fcd77dd17b54,869a3899-892a-40c2-b262-f1877346913e,paypal,496.2,completed,US
e23ae931-804d-4415-99b0-84e825224bec,fe4c384c-94cf-41f1-86b1-7e46d3a9eb8f,credit_card,80.89,completed,BR
19d8a8ee-9971-4fd6-9bce-f58f67b4cc0a,eabe8da1-ff13-47fb-9cb5-7a3925eb0050,paypal,1262.75,completed,US
49beb7ea-ffaa-4e08-965e-f96d9b17ecb2,a7d0d5ca-8e09-44be-996a-e840a1f6ca81,credit_card,413.23,completed,NG
6f547d17-e8aa-4bb1-8559-d2392b2bfd5c,b92cd222-aeea-4c71-b0e1-89596208fc40,debit_card,244.0,completed,US
26141ec8-2ceb-4fb1-9d0a-4b4b22b8b2e6,4d4d6726-a118-4c51-8b13-af32faacafe3,credit_card,436.62,completed,DE
998a2704-6041-47a1-8c04-8588ab58c45a,3273b2f5-16fa-48df-aeb3-fe6b8bb5a98d,credit_card,292.51,completed,DE
afb1fb8e-94bf-4c0c-959b-f9ef5537f90f,ad3be7cb-5638-47cb-86f1-0476b318e370,debit_card,596.23,completed,DE
d22b7e04-a873-48b2-a950-a435d95de36e,9891e6cc-7ba4-4bcb-9329-fd678746a7f2,debit_card,927.3,completed,BR
3afc68ad-d245-4cb3-853c-5f36dc0af572,c98b195d-3bb1-4955-b35f-955f7d6f8e89,credit_card,446.39,completed,IN
50dd1e59-2d28-4a6e-bb82-bfdcbc3d5912,4d303b72-487b-4fa9-b1a5-b4d49c4112e5,debit_card,352.15,completed,NG
d1ff612f-2c6e-4773-995d-895b6db76b69,cf623464-4393-4ca1-81c3-605056d80bcd,wallet,551.6,completed,BR
c915b6f1-9886-422f-82c9-f4f6f8d502a9,67eeb4b0-3a8d-4099-9428-01306fedaaee,credit_card,209.52,completed,NG
a0a2f8df-9e7e-4ed2-88ea-1188f510c151,480babcc-e81e-4035-9e64-1bbda0749e6c,debit_card,177.38,completed,NG
2e9830c9-42f9-4651-811c-4061993f6ab9,8edb964a-e049-4982-b7b3-65fa532d6c66,paypal,612.52,completed,IN
a3d0e4a7-000a-4e10-8373-a116e3e8319b,05391e83-77aa-40fc-91ec-38179f7cd1a4,paypal,158.84,completed,BR
658f3ee9-0919-43cc-a0e3-c909e7c9b5fd,edd8f901-db8b-488c-ac34-0e85ad608fa2,debit_card,424.72,failed,IN
4f5fb4b9-9842-4c45-b77e-2a620da68a2b,c6ac6b1e-c68e-48f2-b46a-b3d99746cba4,debit_card,405.06,completed,DE
a073d61c-d695-4dda-8165-c60d69bc4e1b,5a6c7f39-caab-4aec-91f2-7140bb763d76,debit_card,477.47,completed,US
0be3872d-b4d6-4ab7-a55b-3840ce4733c7,15002bdb-962e-455d-afb5-df1686b7cfcb,wallet,328.23,completed,BR
366b563d-bd2b-47e8-b84c-e1d40b6aa74b,07d3980d-2519-48dc-b487-6a1cd746b59a,debit_card,438.87,completed,IN
b131d1b4-4d06-421a-8ce7-d12252b02ecc,01264946-920a-485b-8030-4f4cf1a0b023,credit_card,524.59,completed,US
684099bc-bc4c-46ac-b3ee-da0bdc94a9ef,553ae1af-e3e1-4893-9bf2-094c6b313653,credit_card,417.2,completed,GB
e1953d5c-c2ea-4264-b1c6-dc2de3d76051,a020bf6e-ae91-49c9-997f-b06b843bc1c7,credit_card,1469.93,completed,NG
b08871fb-b276-4ecf-8b7c-16acabe8c943,35a7726c-a927-4301-ab28-c332d50f219e,paypal,417.88,completed,US
6a96dd59-278b-4bc2-94be-9ebae5068d5f,82a4dd35-b310-4702-8def-45afba2e01e6,debit_card,506.74,completed,US
80435ab0-6e6d-489e-bcd4-ef45f317c79c,993a8103-8f0b-4d77-9a63-c22132bfde9b,debit_card,416.6,completed,US
5345db31-6b86-4855-a73d-e9eb610b11b3,85789f19-226f-4066-a316-ddfe74633804,paypal,290.08,completed,IN
3f9044ac-68ea-4dff-858a-edc2c1b5b04d,736fdae7-f9f7-4bc3-955f-b8ed636df4cd,paypal,2331.73,completed,DE
9187c1c6-da6a-4fd3-8a67-0dc31c57d52b,a96a841c-bca2-4130-a559-9d09d290f588,debit_card,319.03,completed,GB
3de035f0-f431-4793-b1a2-0a0f0a07e075,227bebd9-42be-457e-a941-eb6615d65620,debit_card,28.06,completed,IN
f72718c6-4f06-4209-8548-7a7d51c0b57f,24c21b02-a442-47f9-8949-36898eace262,credit_card,230.16,completed,IN
32e70d39-76e1-4703-81e5-8c088cc1a5bf,bb9aa3b1-98ef-421e-a3b8-b7fb76afbe40,debit_card,234.14,completed,BR
fa96d970-3f06-473d-a53e-6d53ecbe8128,6d7eb7c8-1078-4b93-b8a8-215a0b058350,paypal,217.66,completed,IN
c40866e4-b7a9-4e81-89c1-73d4e5271499,ef6c7136-071b-4517-9102-367b90652643,wallet,177.93,failed,BR
ae78df94-8455-4d60-9be1-d520a8c84021,218d4f95-94e6-46ac-8a72-110f5bb69370,wallet,348.19,completed,DE
241052f3-1811-4303-9db8-fc014ea828e7,e2e3893d-6aa2-4936-8199-90c5b856a633,wallet,444.97,completed,IN
08278478-aab8-4126-8910-6bc9d7369cdb,f519276a-9451-49b9-9b89-7a2a33639be6,credit_card,243.19,completed,DE
56174e18-f422-49e7-b557-2d0e44d81682,6cc0151b-c005-414d-95d5-02d2396c9ddc,credit_card,322.59,completed,BR
f91627a4-f3fc-4ef6-b4bb-f1876f7e7665,0dd3a593-1076-4cb1-ba14-12c47fd6c6ed,wallet,114.25,completed,GB
47db992e-783c-4232-b47f-bedce9d2215b,fa0d0f64-ffe0-4d60-b556-7ab016c28573,debit_card,244.53,completed,IN
63693c48-1da5-4bde-bfa0-1406e7cdb9e9,263bd5ae-8e87-45ab-9c02-310bee0a6856,credit_card,13.57,completed,IN
a9e3b9c3-765d-46eb-bf87-0ae4601bdc19,942c047b-739d-40a5-993a-0f519d0e54c5,paypal,274.31,completed,DE
f80297cf-41f7-4c5d-8083-313a01824909,d96ff735-2f64-400a-b332-0bcdea8c3b9b,paypal,3114.76,completed,GB
0dbe4d0a-b8ce-4032-8c45-aace183c4ea5,7cdc21f4-2403-4337-a5cf-416085963f8a,credit_card,853.17,completed,NG
12406d7f-3e95-4884-96d8-d3bac67fd589,10673784-8c2f-45d9-b107-6d6fa12eb81a,paypal,431.32,completed,IN
3e467ccc-1b49-44c7-800b-c481c18620bd,da41e6bb-8165-4f93-a702-9243b08f65cd,debit_card,294.94,completed,NG
6d0a4334-8e23-4c4f-9536-612273042ab7,6b495ef5-966a-463a-bf61-14d573147ad4,paypal,577.94,completed,IN
842b109f-b7af-478a-a1c8-8e4c77322383,34e755d0-1a59-4599-80b9-dccc7dab0d43,wallet,396.04,completed,GB
0b3a251e-8bd1-4039-ba80-a2903930b30c,082000d6-1ce2-44c6-b0f1-3f46e75c4c27,debit_card,768.25,completed,DE
5720c1d0-d810-4cf7-ad03-c8c34325fee2,2a23fdeb-244d-475a-b312-0886a319f74e,paypal,280.56,failed,GB
8083d727-0e9f-46fa-be92-c615f031cfe2,f472b06d-e894-4c81-b39a-9253ee2bb475,wallet,225.99,completed,DE
713e5814-d552-4ebb-bf4e-9a71f62b6820,ee4fabfb-1847-47d1-aab0-72a5ebe8e3ae,wallet,57.3,completed,US
138ecd12-288a-4e74-9ced-8ba48974bb4f,8583ca92-8619-4429-82bf-ebe635eecc65,credit_card,244.01,completed,GB
31029a4a-154b-46eb-a8e1-8bf9de4f94f6,fe04162e-01cc-414b-8229-98252aae57eb,wallet,297.04,completed,BR
bad7bf64-814a-4417-a768-229d1ce42a88,5b6a97b4-edbf-4bf5-a5d1-cb04fa710128,wallet,244.2,completed,NG
864c4f17-7a34-436e-b9f2-159fcbef6cd0,c50ca638-c29e-4076-ada2-7cc940f59b86,credit_card,1048.11,completed,GB
31562e1e-cb63-4e71-aecb-11439db8e01c,fd9f0251-efa5-462a-8d37-78672e5b3ff8,credit_card,735.74,completed,DE
33c259ec-30e9-4548-968b-222dcb688694,685f40ac-427e-4941-b6f5-c3b2fc6d5a89,debit_card,184.62,completed,BR
5d2831e4-3260-4a73-8695-aa9d8cd0046b,e2b37aa8-5f54-4e3c-bf38-c8c4686ee92c,credit_card,147.06,completed,NG
f157dc43-5372-46bf-b7fd-1dbb11b697f5,83b3e49e-4912-4836-bdb7-cfccf4a1b834,credit_card,1038.29,completed,IN
2e96ecef-935f-4820-ba23-85abc709e317,1c7f9740-302f-4e96-b66f-56b714a849a6,credit_card,417.5,completed,IN
7cba5eb9-06bc-404c-9fd1-6a8506070e16,a06688bb-b056-42ff-985c-688a64f989a5,credit_card,1613.92,completed,BR
0d45f468-53d8-480b-9c92-262e51c7482a,9a95646d-56e2-4987-b051-8c7888a16bc4,wallet,128.73,completed,DE
65cd76bc-3f27-429d-ae4b-0edc8a075871,c9e92583-7fe4-490b-b41b-c2c96e26aa71,credit_card,1567.48,failed,US
197aa4f5-2644-4a80-86b7-0656e18c2fa2,96d1b539-aa39-44f1-be7a-f931612c566a,wallet,13.3,completed,NG
d7117764-2787-4c2e-b992-1d6b8b23f603,cc4bcf9b-3b6e-4da1-accc-599bfb41e28b,credit_card,498.71,completed,US
c7ed19dd-cbd7-4ed1-bfc8-8a9092e0838c,9875957c-99df-4277-965d-e0d3f5186b44,wallet,751.24,completed,IN
f7ef8fb2-1f65-4fee-9be7-f86efbf2eb04,43cec32c-3b1b-448b-ac16-0ab1f4c502a7,paypal,1550.12,completed,DE
ca524c24-e69f-4e51-937a-65b04c2d88cd,c9360b0c-ef77-45d6-800d-84a3686d1257,debit_card,145.76,completed,GB
10066f8f-5a9d-48fd-8514-434ff7fe3807,37b99c95-fb93-4883-baca-d4b4f572915d,paypal,470.02,completed,NG
79fb97c0-81de-4b94-a3e8-d2021ae3ec63,e41aab2d-6fc9-4d89-8087-04f31f07b913,credit_card,247.1,completed,US
4d9942f0-1c63-4eaa-9872-9da879ef9bb9,b87b0315-00d3-46e7-a175-974a176ea416,credit_card,193.6,completed,DE
bee0265e-99fe-4cce-98a2-862b712733f8,e434fe13-3ba1-4252-a737-c9cd34c82cf2,debit_card,789.42,completed,GB
95a12b43-e7aa-44d3-b3c7-2cae7525d806,aef9efd3-9b9f-4fcc-a8ae-eb91ecf3fdcc,wallet,796.98,completed,IN
9dbf021b-2a10-4fcb-a33c-83cb00b7d211,6d5470fd-67f8-4b9f-8d70-0e9de49d6f39,paypal,279.92,completed,DE
e7b4f2e6-b02d-4344-8d7b-0a16a574940c,9befa45e-1459-4113-80d4-74f035cae616,paypal,50.34,completed,IN
632cd32d-2569-4986-9db5-3b42a5839cab,09198aae-699d-4989-baaa-be2a4cd034c2,wallet,1434.05,completed,IN
249f4007-9335-4958-8e39-2d00cd1729ef,5330d1eb-d54f-4ca0-9f37-14384ffb512b,paypal,155.66,completed,DE
10fe263a-adcd-4bd7-8768-b0e24d5af51b,213706b4-9518-4ae3-ace6-f6c49cca8e18,paypal,532.33,completed,NG
5c0d63cf-e17f-4294-ba8c-475fbef7d311,6450eb15-0a9c-453c-9663-d65345a1ab54,paypal,566.36,completed,BR
1759e70a-e5ec-41c6-8ab7-3870ee1fe6c1,f0e11c80-a5a5-4033-88f4-06d4f5acdfa9,credit_card,380.8,completed,BR
674a7389-7ed8-4a67-81d1-e14495ec0907,7c0f4b91-e252-4e7f-aec2-a86cf02be5e8,debit_card,534.28,completed,GB
c34f4f29-8472-45b1-9818-38f9ef456623,a3a0af9c-30e3-4690-a757-0eab60075389,debit_card,685.65,completed,NG
fbf7d159-bc2e-49eb-b4be-5fe3ab902cbc,1114d032-fb69-40c4-98da-b607c91881c9,credit_card,145.94,completed,DE
354a5e0e-a70c-47cc-83a1-835a0b8d898b,d578e6b8-67fa-468b-9ddd-f0e0d74ffaf0,credit_card,496.35,completed,BR
3eaab5a2-82b5-4aba-9255-157d11554f92,9ddb9650-8296-49bb-ad35-383176ad9686,debit_card,1061.13,completed,DE
86f925bd-6dc1-4a8e-8a0c-66f71bd1871b,981433fc-9c1c-42e7-89e9-fa770b011486,credit_card,94.45,completed,IN
79a746a5-d725-4c11-81a3-55acb63a089c,71964007-d8d6-4a1a-b1d1-ddcfcd604695,debit_card,224.91,completed,BR
fb9e7fd3-bd1e-4ce2-851b-3716868db07d,4693028e-f485-4cc5-aea9-b3adfe7d258e,debit_card,409.98,completed,GB
ce05595c-f8fa-4005-b8a5-103be1f9b3cd,bf6550ff-a9db-45bb-a59f-3cd56777b1ef,wallet,1146.59,completed,DE
89c5fd71-a02b-42a6-82a3-bd953b977053,be9c3d1b-67eb-4067-9808-415995f7415f,credit_card,722.23,completed,IN
07f822cd-7e29-4822-a88c-f02640dc15d9,44a2b900-a46d-471c-8544-63bdc0d3ca1f,wallet,399.81,completed,US
6c64f624-6e6b-4c66-9016-f9d3aad3ba00,1215b941-9122-427e-9431-3d3e8643f2c5,debit_card,502.66,completed,DE
9defbe3d-7058-488d-9002-1c90453860c5,169d6d64-3ff1-45ae-9c84-3827420fb84f,paypal,484.32,completed,NG
26b4f77d-0af0-4a4d-b7fa-7e07020d22b2,82fda217-7f29-4128-893c-1f1e4bb83d19,wallet,555.17,completed,IN
77871e69-c38c-4a2b-b39a-3dae78f0b6b4,6d9c38d7-ed3e-40ef-9878-e3bc5bfceb7e,credit_card,371.62,completed,BR
0597f65d-12b7-40b1-bea2-98d219f0efef,47faa473-3a0e-476d-8dc1-23ab34380a88,paypal,959.46,completed,BR
04e2e6fb-87a6-4f70-9c9d-52768e9579a9,2d51c704-6d6a-4b37-95a7-888bc7c03497,debit_card,744.66,failed,BR
a538fd62-3e98-41d8-aa98-9d4f772290b2,14f76d14-78f8-47ea-8556-db28f0aad8fd,wallet,398.41,completed,BR
8d5368b8-cf9d-4784-ab1b-721f5fa62ddd,467ad30b-a76a-4724-b7e8-f620a678cee5,paypal,643.53,failed,DE
64799e0e-0c22-4a2a-8668-6081a8af6b0d,5a681197-10a1-419a-9612-9ea93752bab1,credit_card,215.83,completed,DE
d6b8c509-2b70-4638-bb27-eb79439862ff,68a2d81b-0bee-4a3e-82cc-c471b451f080,wallet,1488.53,completed,NG
96fd37cf-613a-40d7-baf1-693df73ce386,3b9cbec1-b92d-4855-93e4-f83e379e1ac1,debit_card,350.68,completed,US
16b1b6b6-098a-46e4-9f4a-fdc8ed3877ff,1cb9d109-2c84-44e2-a48b-963219a0cb36,paypal,806.65,completed,IN
7fd231b5-3439-49c5-a5c0-d7f6d3904590,e7772075-a841-4ed1-9acb-a9c5de88d94f,wallet,383.84,failed,IN
a6616e0c-e680-4543-a3d6-a3e8c23a68e6,300c6f17-021c-44e6-9d34-3bd1b5dcafab,credit_card,446.89,completed,GB
3cf6b509-7cee-466a-8bb8-f549997956f6,e737165c-1800-4e6e-940f-6a74843828dc,wallet,281.12,completed,NG
34d0864c-06be-4c59-888c-465f9e97221a,e971e3f0-2b41-4f54-a18b-dbf840c66fd6,paypal,22.21,completed,US
aaeca005-6470-4fbd-9090-01febb2bff8b,af2010c5-3a36-4db6-81a6-d60c3d53f596,wallet,468.33,completed,GB
00f88fcd-814f-4a68-820a-209a5506a94d,4827c5a8-9d8f-4255-a722-9e768916e293,debit_card,203.71,completed,IN
40aed751-82ee-4198-ba7f-6ce732065d34,f389c675-eb1f-458d-86a1-c5ddd5870fe9,paypal,616.06,completed,BR
fda8557b-593b-47cd-8e2f-fcf5a77f8f77,f7aaeef3-82e0-4b86-89b4-1876180263c5,wallet,1985.89,completed,IN
b5f48429-7c03-43f4-926a-59a1f3b5f238,2f1b5e35-dc53-4e6c-ba13-371a430cc856,paypal,297.28,completed,NG
27010404-465d-4930-a1c6-8beaa461e09f,291e3139-9972-4ea5-9d6f-ae540af18d06,paypal,541.05,completed,IN
5fc66db1-f167-4c7b-9140-e54435421f53,0c4694b1-ce76-4b2c-b237-74e40ea31201,debit_card,192.01,completed,NG
517025d4-34f8-4210-8edb-c61d909317f0,bef407c8-4afa-4029-a8e9-18f93aee736b,wallet,244.94,completed,BR
5872d8da-507b-4c8c-879b-d0af86b9d84a,739d7e27-5349-4180-9bce-992245636db6,wallet,323.08,completed,NG
ba612d45-1977-46af-aa6f-642862ff60bd,5d93ac16-bcf6-4b73-b62d-dcbbc45ccef0,wallet,1317.85,completed,BR
826c5972-c3ae-45b9-8000-9251989d8b43,0a7cb65a-d806-48b6-9beb-a466cd25b83e,wallet,89.79,completed,BR
33418227-e6e2-4771-b718-636acfdc67bf,0a050b82-ad51-48c8-8fa0-4d328bf2cafd,paypal,217.21,completed,GB
c3c448e9-2c9a-446a-b25f-bd5e84ee4ab6,a54bc523-0058-40fa-83f6-084bf4100214,wallet,457.56,completed,US
cafb0b0a-fd5b-452f-8257-a76e0f32bfee,e82de970-b15f-477b-9fba-6ba258961205,credit_card,1337.02,completed,NG
3661894c-c7cc-43d0-b42c-91b7d08e2d24,aa8c26b8-41f0-4a90-8f98-4889166a4aad,credit_card,425.82,completed,NG
86bf1c59-3330-4d14-b7ce-1e212e4dfa56,a3815507-7fa0-45f4-b7db-d3da2c3fef08,credit_card,344.4,failed,DE
233e1c20-e44d-4f64-9593-55c047429fb5,85310b0c-2a27-46e8-8e2e-187ce147a612,wallet,409.24,completed,GB
31620484-f9fc-4c2d-b2d8-cb2a4e9c20e5,42961082-08da-4f01-8c87-95b15e5d1960,debit_card,479.86,completed,DE
e2491b58-b126-4292-ac12-3732e9cc70f8,4eb6f69b-b36e-4bcd-ab87-66925d87631e,wallet,781.66,completed,GB
9661b605-cca9-4fb8-b2d2-cc74e13ee7bd,35fac7e5-27ea-464e-bb12-e6df387c3dc0,paypal,396.27,completed,NG
c611d5ce-f85d-46d1-8f6c-e9b5b43babe0,349bb976-6f0b-448b-a6cb-8f3f4018c4e8,paypal,609.09,completed,GB
15d86ab4-e6c1-4065-acd7-0b6efba87dd8,f98ce10d-3275-42be-b29b-6e1d083b0092,wallet,188.91,completed,NG
158101d2-064d-4ef6-a955-c7f5342f4c36,8341e892-c23c-4b8a-b172-d525f701645e,paypal,190.27,completed,DE
f3895b8f-1193-4ff0-8bf5-d4d8cdd971bb,2de74e18-c863-461c-ac89-982bcc6ea1bc,debit_card,95.93,completed,DE
c06e2ed1-56a8-4f03-a603-a2fe861d9db1,a97a23b8-7c79-4b90-9231-3cb23d562f6c,debit_card,73.26,failed,BR
88f1d5af-4f16-4e41-b036-d32327a2a2f4,81c8a33b-844f-40b9-b2f2-e0f1baaa26c7,wallet,426.44,completed,DE
1065a488-defd-47d6-8c87-9b93066c70ec,d46d1312-d04a-4254-8141-fc61fb02d7e3,debit_card,499.54,completed,NG
14cc963b-292d-41ea-ae63-c772cc1bbd63,48555e3c-aca9-4bdf-9b8b-5930f67e6b7e,paypal,1356.4,completed,DE
90539ef4-35a4-4e95-8fe2-defebad06d0b,a7b7504f-93f1-4e6d-8253-430b0367e3d4,wallet,783.15,completed,US
17a66040-7e48-4a7b-98b5-b1e7ce179f2a,5df4a491-68e1-454e-bbae-c64f3c477945,wallet,1689.3,completed,GB
35538796-99aa-4484-92f1-847d4dff0442,d12a1633-e725-4ad0-ac26-9929c360deb5,wallet,346.07,completed,IN
e96e9ed2-1b8c-452e-9ae5-17a02816a219,3002b292-a92a-4697-b8f8-66cd6ae34ea5,debit_card,637.0,completed,IN
8bed1567-c5be-4de4-83ef-b483be6b4f8e,6dfcc37c-8777-4272-9f51-25373a81711b,paypal,10.52,completed,GB
eb561673-b2cc-44bc-8047-5b05630c3654,fdc52699-af0d-440f-b102-6a18a055ee22,wallet,324.47,completed,US
a758398b-9260-444f-849a-2a2a66f9935e,433be93e-582f-46fa-b28e-05853099ccb6,paypal,412.12,failed,NG
51bd3e6a-c5eb-4cb0-ba9f-9a182f259958,de312b49-65f0-4390-ac91-5504acbed250,debit_card,1358.71,completed,DE
254e38de-6928-45f9-b075-3d0591127ef7,fd327115-6a79-43fa-9809-0fdb088c1ffa,wallet,173.5,completed,IN
033cb57a-3a3e-43f6-a117-6ddecc7272f7,f02bd9cb-3d8c-4912-b0be-bd4d02f87c4e,wallet,1172.49,completed,BR
8edcc589-83b9-4bb6-8615-ef48f9b29afc,1d1a6d73-f9ce-4fff-815d-966a996a7426,credit_card,677.16,completed,DE
75a461c7-3eac-4427-95f2-d6feede8b853,0cf36fa8-186f-4bba-bf6f-d893c0aebfa4,paypal,902.48,completed,IN
a9b44760-a605-4134-bf8e-4926357eb0ec,9c9a7673-596a-455c-a525-17be8fa6f007,paypal,439.86,completed,IN
a2b79f1d-79d3-4fcb-90c2-aa995a966429,5283f03b-d8e9-45e7-8f86-0e652a4638e5,wallet,163.29,completed,GB
fd6733be-2a75-40c6-9437-a4c7ec86c52e,e35628cf-8004-4364-aff3-41b301aa09e3,debit_card,362.26,completed,IN
61f18423-e959-49fe-a808-1c131838c1a8,a5412101-d66a-4531-bae8-d8ee87614154,credit_card,597.37,completed,BR
2f0da559-f4c0-4f9c-bd72-1d42c3448322,351a633b-08a9-45a1-a6b4-ebc42c81aed9,paypal,408.36,completed,BR
0fc03d28-cf6f-423f-b7cd-a5a423cb0c5d,668bdbe4-ef6c-4f2e-8344-963af08a0819,credit_card,113.6,completed,IN
2f41f7bc-10b6-4f70-97ca-1a6692b9d0f0,faa1b1d0-8320-4459-81b8-c6873e73a802,wallet,1866.6,completed,NG
70386069-3884-4c2d-80c9-69f6b02463bf,e0e016c6-ec8b-40a5-9c7c-551d9113f797,debit_card,342.96,completed,BR
39873d03-bd74-43a6-bbe3-8a90e28ea20d,cdb47cb6-7e67-4f5d-b90e-a9a48fcf150f,debit_card,507.71,completed,BR
791639b0-d20d-4d99-a8e1-87ee7a207ab6,7a9cc7c1-8f64-40cc-9ca6-0252ca534004,paypal,795.77,completed,DE
9afae955-3740-4067-acce-444cbd356366,1d435411-0286-46c2-9663-47d02ca91810,debit_card,1417.76,completed,US
57da3403-f788-4a25-b85b-d169a40a61a3,e24cac95-b393-4481-8b89-b960829aa0bd,debit_card,227.0,completed,US
bfadcae0-f2c0-48cf-b867-165a6c6e9142,d93f7c1b-ad4e-4767-9eca-2f9b67860680,credit_card,405.0,completed,BR
4e85d211-da02-4fb4-9cf6-8d2655502be7,86cb7c6b-bb4a-471f-b4bd-b53a94d104ef,paypal,58.86,completed,NG
c9e78c99-0832-4693-8d6a-92e1b44c0ead,5562cdfb-d60c-4b12-961c-3ee0f9978fd7,debit_card,133.37,completed,US
ccb5bcf5-cde1-44b5-8a21-f21edca08249,9c4277b9-4614-4436-a553-77395857c855,credit_card,257.06,completed,DE
5714ea6e-a37e-44d3-9ace-6b0c105d7d54,c9f7a633-5aeb-4d2b-ab08-124d53fc1d18,paypal,294.64,completed,DE
a94d5bcf-c400-4b02-ab99-7124cc32b694,2ab2278c-7431-4e05-bc4a-17b451e5dc54,credit_card,321.1,completed,GB
ee28d39f-cec1-4087-aae7-07f52d8556b8,fb53a6c5-6abc-441d-8d2b-a8678d083e19,wallet,1142.52,completed,IN
5d42882c-9a37-462b-826f-7b9a97ac93fb,43d676a0-b751-4008-bad6-5077cb2e984a,wallet,294.47,completed,IN
0f2057a0-1296-43b6-b1c9-8d2f464d674e,60fb46a7-8a43-40b5-bdca-2f6b6d412cbb,paypal,548.41,failed,DE
602560ba-44cf-4381-8301-d5ba122e1b92,71da7d75-9acb-439d-ba28-ced46db7bd4b,credit_card,492.75,completed,IN
a4068143-7621-4707-ae7a-771d8d48ba66,fe53c1be-3fbd-4a0b-a09b-9fcffe33e658,paypal,892.49,failed,DE
c9304037-85ff-4d25-bc8e-671cf8c3a795,7a68e949-151c-4f5b-bf75-bf412b7c34d9,credit_card,137.13,completed,NG
b314bd44-441e-492b-a144-ba9d492b42cd,9be8b4b1-1714-47de-8bea-c571d830fdd9,wallet,582.66,completed,NG
3fb085b6-1400-4a0f-98ae-61f129dbfd8a,907819f4-5051-4ee2-962b-4225c6310e19,wallet,800.52,completed,DE
458031e3-3d83-47ee-a865-3e10babda0d1,6904fca7-bdc5-403c-a098-ed67a2f0b6e3,wallet,177.34,completed,BR
e054e8ff-ad5c-460f-906c-acbe007d58be,5a0cbc5b-52b9-4e8f-80e6-8c4cdf5a23cc,debit_card,993.7,completed,GB
61da8046-0a1a-4e9f-9297-c60ba1bf6101,6ac4f90e-ed94-4987-8300-2a163fb9b3ba,credit_card,639.92,completed,NG
0ad4038d-e23a-4b4d-a32b-a764be6f4b7f,475f7399-f5b8-4fc5-a85a-eb993135adb4,debit_card,148.66,completed,BR
f614c387-0aba-4aa1-b663-6a8190f8e509,09b5801b-06b7-49df-9655-90471ab365fa,wallet,360.48,completed,GB
0b7851ac-3e7f-4c7f-9ff1-85b81ee0ad31,63bc1846-65ee-40f0-9257-260c80ae879e,debit_card,154.28,completed,BR
46f76553-2c58-4c71-87f1-a011196f30b9,37afcc59-1e0c-470a-8e00-190e7b6aabdb,debit_card,388.5,completed,BR
7e77285e-fa83-43dd-95ac-f1dd445aebb4,df2ddd38-6e63-4752-a567-8e231dcd4a20,credit_card,182.73,completed,BR
7be9e2c9-afe3-44a2-9ba6-60f4e8ff5ea7,b71553a0-aec9-4e73-bf2b-f58977c2d5b6,wallet,317.52,completed,DE
018007bc-726d-4dad-94ca-446695386a8a,49de151d-22e4-4584-9ca7-80f08fdb37ff,debit_card,227.65,completed,BR
b772744e-f76e-457e-886c-b251d4dec2e8,7f61ef2f-d510-4a10-854b-325214ca1864,debit_card,145.01,completed,IN
a4382d7a-e19c-4a9b-9e40-cdb5aaa02b8c,c77eace7-50b6-47ca-9df7-9805fdd130f1,wallet,221.18,completed,US
ecfd7aa3-b874-493a-8785-9b6bf0ce3dc3,09cc1d50-7b9a-44cc-a94c-c4a682e9aa7c,paypal,366.02,completed,NG
3824b4d8-8925-4c21-b335-05cc845156de,a0dc9797-f900-4f37-898b-4c8b4d7240a8,wallet,64.63,completed,NG
d3843f3b-f7bf-4915-922d-810dc085151e,0b6feef9-704f-408d-a2bd-4331fd45f0a2,debit_card,232.41,completed,DE
91dee62d-ae86-4471-84ed-47fdbe91b746,c9dcaf9c-8dbf-457c-a273-3eb25c90d509,wallet,689.25,completed,BR
60496baa-5ccc-49fb-ba48-0d5aa33fc000,21240124-29c9-43d8-80b9-379f52bb0006,wallet,252.51,completed,GB
e39dbf25-8ff9-4121-b693-aa89406cbe2a,41e0547b-84c5-487d-b842-7d96f84814da,credit_card,1191.43,completed,DE
95745a56-84fd-440f-9102-23f34698672c,47eaf9c5-a1a5-48f6-ac57-7e70097f24f1,wallet,29.36,completed,DE
61aff38c-3c0b-46a1-b6f6-55c25fada0a6,ebb1a549-773b-448d-97e5-a2925871a8be,debit_card,451.88,completed,NG
0f0a4b36-bb01-4e45-b2b9-1c3e34bc5819,3f1b7ac5-a8a7-43af-8951-b665aab3b0a2,paypal,531.51,completed,IN
ca72e260-17e3-4bcc-8368-03d4bd2aa893,a16553f5-f3ff-43a6-9352-3097a33b3045,debit_card,539.35,completed,IN
3d997791-3351-4e9b-bb45-719074435caf,64a6f9d5-3f1b-4b6f-8b96-535e12c835c3,credit_card,532.1,completed,DE
e9f7b3f5-e42d-45c0-9d3d-3299eca6db53,85fd0aa3-ca46-4493-889c-d51a877c4679,credit_card,348.31,completed,BR
4ec93026-bacb-4235-b541-7fdb1aa2ada8,9842dc6e-9c1d-439b-896d-eaee1711f1a5,wallet,4.33,completed,DE
4777725b-7fa1-4e69-9e0a-610be4fe2b86,87e68f24-4652-472f-ba42-b19020d67756,debit_card,248.13,completed,BR
e7c9d086-e284-4059-90af-b5de496212d6,cbab3591-ad4f-42ae-93fe-e307820b71f4,wallet,429.56,completed,NG
b482f6bc-500e-4bf5-8345-8e04213f7b19,cb1d6455-db24-4cc5-9b33-f09f6e838def,credit_card,104.2,completed,DE
a2a44404-4e04-4520-b281-e7eeb886afa2,d14fa25f-2a8e-484c-8aef-764c35ca481b,paypal,499.65,completed,DE
102d9774-6629-4c81-a756-66b236015ff7,8145ae38-f172-45d8-bf3b-468d7c25d1ca,credit_card,280.36,completed,IN
d65b8fed-6926-49e4-afe6-21e72257c211,4fe958d6-9ea3-4ade-b1d5-0d90072237b0,credit_card,330.11,completed,NG
99aca128-eb25-40cd-aba8-d064623eb42b,8d2e6e26-3854-497f-acbc-caa9b09d6caa,debit_card,446.69,completed,NG
65bace7c-5301-4144-a51e-4dfbc9293421,b1933e96-47d2-4363-aa0e-446998f44d27,debit_card,273.65,completed,GB
e6e7022e-f021-49f6-8277-ac4428a9428d,0714b6bf-eccc-486a-917e-367c02ca2a83,debit_card,815.5,completed,DE
175ed9c1-6613-422e-a74a-d265b980b998,4e10ceef-b8db-44ec-b2b9-5dd790c60a35,credit_card,163.66,completed,BR
5c36538f-8b24-41f7-812c-6402a4820b6a,ce34085d-bcb5-45d6-8544-80fca9eb89f3,paypal,655.15,completed,GB
6cd5b3ae-9701-4191-82d1-028dc8444d5a,938fea38-8b1d-43e8-ab63-4af0ac318463,debit_card,258.51,completed,DE
571db795-6f17-44bb-a0c8-d9ae8b62a8d5,a0d98f58-a4dc-4a69-a6fb-4ac2934a5ab1,paypal,279.06,completed,US
4adb0a51-1bb1-444d-b780-3651fbe36a65,b0a45c36-88c0-446c-a1a8-2219377e81dc,wallet,297.02,completed,BR
f8f5c5c8-98d2-4bd6-8a1a-37652dbc60ff,74076e84-233f-4a5a-863a-0f21a462fd98,credit_card,1900.7,completed,IN
6c898a36-b438-49a0-923d-21204c8963e7,6db03ce1-088d-43c3-b471-be17b3cc12cd,debit_card,294.38,completed,DE
2046d2fb-2b5f-4f66-8f30-9f8e2900f3a7,2865f00c-24c0-4c03-88c4-7c1fa302b051,credit_card,443.04,completed,IN
cb7f7c26-e7d9-498f-ae9a-0286694bb533,e3da903e-bc58-4a5e-a267-063807e1a543,wallet,29.52,completed,DE
615e0e0c-956c-44ef-b3cc-998380eb1cd8,3648ed35-5d48-46ce-825b-b9b948d37088,credit_card,654.02,completed,IN
17412d66-6bac-49cf-afb4-6cd6d7e6bd7c,bccca4fe-cdf1-444a-a92b-808088926694,debit_card,284.64,completed,IN
973d3fa6-a3a9-409d-b032-7e51b87353a6,3ebebcb0-fd4c-4ff1-9733-330da763ec13,debit_card,186.07,completed,BR
33873984-f965-42c7-81be-fbdc3adc692a,fe4dd8fc-091a-4673-97ed-4cab4cc8484e,debit_card,431.71,completed,US
6af364ef-5e1c-4df0-983b-32f9a6d8699a,151cd994-24e5-47c1-8aa0-968bc0056a97,debit_card,836.88,completed,US
578ae692-05da-4825-970d-f9f406f489ca,4ac8aa01-3076-4aca-9593-39d2e6667efd,paypal,163.44,completed,IN
bf148cd9-1239-404d-8c63-0484bb633d30,6986d287-8195-4d38-98a1-a5f63cc044a1,credit_card,569.49,completed,US
4acce915-69bf-4342-9ecf-9b2925144559,117c24e7-26c4-43e8-9394-c74bbf196a47,wallet,1092.63,completed,DE
6d4f2559-0dd2-4cb6-bed2-4d6bb2e46fe5,c2a8dbbe-f7c6-48d9-aef6-578c70006923,credit_card,311.58,completed,IN
