refund_id,order_id,customer_id,reason,amount,requested_date,status
ce319494-a6c4-42ce-ab03-475e73361211,adc8739d-fa5d-4866-a60a-b02436f9ee3b,6056d31a9cf9cf98ea9de7ef86cf4f5d,never_arrived,58.84,2026-07-24T00:00:00,approved
4241171a-b877-45a5-800c-4fdd931c3cea,37d7a1e1-4b7e-46e6-8e0a-11065c746784,84f30d2fd3937449dc7e0c835c281961,damaged,177.23,2025-04-22T00:00:00,denied
eef3f7a5-ac15-4206-a3a1-ce1dd5fa025b,8d9a5c5a-ae3f-4ead-8f25-5f6b78fb1d44,ea1bca6d388490f8f4ceb90ec9127c57,not_as_described,2418.78,2026-07-04T00:00:00,approved
b635a78e-a215-4009-a28f-5a9816c111c3,0ad19805-1ebd-4534-8675-9050e6a9e852,5a3ee05d197e24b7bafaac3e2cbc7e55,never_arrived,1350.35,2026-07-02T00:00:00,pending
06e08f81-a5ae-4d7f-883f-58f38d83b169,1c3df772-41d0-43d1-be38-b6228ca8bb9c,6e9c6c2120611104445c767b78377d21,not_as_described,554.9,2026-06-26T00:00:00,approved
d49d4af6-1b0e-47c6-8070-afa7ca374ca9,d64ed313-84f6-4f71-9a27-cf03519e3e89,5a3ee05d197e24b7bafaac3e2cbc7e55,damaged,1153.4,2026-06-30T00:00:00,approved
9bfcc5b6-0528-4589-ab2b-347bf30f48cf,3ac43b66-47f4-477a-80da-d1e9e6fe8410,95b4b60a728bff942c8bd59a43effa33,damaged,198.25,2026-07-19T00:00:00,pending
094c0abc-1085-4e5e-b581-73df60f9fd6c,42186e5a-469f-402f-a109-3d08082d58a7,fa7e6f153b7724fda5c1d7cc7b9ae4ec,damaged,185.49,2026-01-04T00:00:00,approved
ed62c205-64d4-48e5-a46b-8dca8f95aa09,09394fe5-a599-4810-b46d-cdebd06f944e,de063bea4f3c9809b4780af305873f02,wrong_item,271.97,2026-07-22T00:00:00,denied
5279550f-5965-41f1-a87f-c330d78fd2ee,76f28934-1592-4d27-992b-afdcf8809de9,0b48151c4ac827afeee06ce2d77cc343,changed_mind,760.62,2026-07-16T00:00:00,denied
bd3a76b1-0f05-4397-b17b-edf6dfad5c99,32e9ad73-72fa-43e3-8dae-05c7c6113f6b,b896655e2083a1d76b7b85df8fc86e40,never_arrived,680.1,2026-07-20T00:00:00,approved
e60188b6-818e-469b-9816-7e1290eb6705,5c6c2ce6-e436-4699-b27b-ab912fbba6a0,df2162a9aaf73bf42e812408330969a0,wrong_item,373.22,2026-05-25T00:00:00,approved
62f01043-1ed2-4cea-82ac-ec10f78f4d01,a653a39d-42ec-4bf7-baf0-f3d7b0117f5a,36f7cbc956469da1d4bdde49171d192b,not_as_described,408.24,2026-07-01T00:00:00,approved
c890fb13-135b-42d5-845b-fe70001d5f57,0730ac9a-0898-4fdb-a620-308724fdd3c7,00e984e99fdfd52943156d2d7eb4a5e6,changed_mind,404.1,2026-07-26T00:00:00,approved
40013d6c-8d2a-4511-b87b-87b5a2756b3c,d286feeb-173e-452e-8256-13c65e737435,caf8cfa0ac3ff60facda076545837647,damaged,176.02,2026-06-23T00:00:00,approved
db8b554b-a2c8-47ba-9184-3773f2bdbb76,480ee8e4-6d91-4e3b-a72b-9bc11a65142c,6df827ed74b2b39a2b18b83ba11949c5,changed_mind,859.11,2026-07-08T00:00:00,pending
0cbcd053-66ce-4e16-8984-8c2b039a7109,6f8dca1f-8927-4772-a480-bfbb8cbf9948,6056d31a9cf9cf98ea9de7ef86cf4f5d,changed_mind,588.62,2026-07-27T00:00:00,approved
f195ea2d-e8ea-4383-bec8-23b6530df8f8,a6240fe6-9a4c-417f-8d5e-8acdc9f3a75e,5a3ee05d197e24b7bafaac3e2cbc7e55,wrong_item,167.47,2026-07-13T00:00:00,pending
452368f8-7a44-464c-8400-22dd54b1b65c,70bcb8da-a53e-469f-8416-9de31dda672a,2f7597687aeb6a542aa308ee8618fc72,changed_mind,179.11,2026-06-20T00:00:00,denied
a23b7038-f865-431a-9b06-189b8c12f7e0,673d8ba2-01e0-4b9e-944f-7bd2d45c07b7,f8309b834186f428f9b4072036885959,never_arrived,63.22,2026-07-22T00:00:00,approved
17135e8a-65f8-4f5a-a935-ab233a9726c6,9d8ca6e5-bcac-4922-8432-880a6b516124,2a6ef69674d6f28002c72b8d123b3a27,never_arrived,642.48,2026-07-12T00:00:00,denied
058add2d-ad8a-458e-8c60-40becd65069a,10a6aace-4a3c-4e06-b5bc-5bac80b4fada,5a3ee05d197e24b7bafaac3e2cbc7e55,wrong_item,128.12,2026-07-20T00:00:00,approved
2dd4894b-947e-4eda-9991-1c9a064da96a,45ea189d-c41d-4966-ae8c-577c1e276f84,11ad985b033c153deec8400ea60810d3,changed_mind,624.86,2026-06-30T00:00:00,approved
2c9c643e-687d-409d-b055-63f0d2458848,6287c1e7-5314-4b43-8111-9b15a2f74628,99e36749c5c84dc56b13138caac13b55,changed_mind,311.25,2026-07-31T00:00:00,denied
1473edd7-294b-4d4a-987c-2002b1c15d2e,777454b7-e3ff-46c2-a4f3-d994c4889d52,5a3ee05d197e24b7bafaac3e2cbc7e55,damaged,289.39,2026-07-17T00:00:00,approved
fcae20b3-da0e-44a0-a64f-85a581cc101a,d2b57806-3f45-4024-adf1-faf7a2de7ade,52e57dd9218d99ea21b26f00c9151761,damaged,3403.15,2026-07-04T00:00:00,pending
57fbc2bd-8ede-4824-bd04-5fafaf9b4b75,7cedb83e-9f16-42c0-9a8d-db5a4d555dca,efdfdcb4890f42ff5fdc077b298f9af8,damaged,2404.5,2026-07-18T00:00:00,pending
ecf0b129-50b0-47de-a216-25566c61b77c,aad2ddf8-16a4-43e2-a748-59c494f65dbe,5a3ee05d197e24b7bafaac3e2cbc7e55,wrong_item,480.97,2026-07-04T00:00:00,denied
8be90214-24d9-4b97-87c0-7f74b1d06d0e,fb2e9525-a5bc-4d83-9f67-6e8b96914895,0228e299d1cabeaf9be64b5ccd784c97,changed_mind,372.09,2026-05-29T00:00:00,approved
734040a5-3b06-452e-8198-445f5f7b8078,82220b24-f822-4ea5-84d8-0578c7a903d6,4b0cbf5ea22869c5ea269442f9b849e7,wrong_item,334.78,2026-05-15T00:00:00,denied
4a0df582-a462-4b37-bea9-ce8a8f3cd7f3,3dacb275-a856-41c1-94c0-94c2da446fb8,33a9ccad3eb356f307fcba7093df3f52,damaged,206.37,2026-07-25T00:00:00,approved
0cd23e99-8d61-40d3-9451-58b78b57814a,a293eaa2-bad0-43e9-ba26-7fa6d82ddffa,60d23aecbf66b7f5058003a86e89232b,damaged,167.45,2026-06-07T00:00:00,approved
3f5fe8ec-f332-497c-8cd6-e00e23ad1bb4,221d1db8-80db-4acd-8a44-acbe4ba05949,f054e8c1cbcf5e89ddd9b615c349936b,never_arrived,54.1,2026-06-22T00:00:00,approved
4632489a-cb4b-4276-bc12-8d5e52ea40d2,49ad1536-4fe3-4c61-9a46-7922119df166,57d2e3a4c3b277bea367027f105f1c02,wrong_item,670.85,2026-07-29T00:00:00,denied
298280aa-fc1b-4692-92b4-75fabcf2b91b,1d8251b6-b9b7-48a7-950f-fc659b3a18cc,5a3ee05d197e24b7bafaac3e2cbc7e55,not_as_described,446.76,2026-07-27T00:00:00,approved
f46475a7-91f1-4f08-aed7-581c4c2b6f1c,ed5ff42c-ef1b-49a7-a233-ae4825835705,317a5bc8cf58c4401e221c74d7a51982,changed_mind,326.01,2026-07-20T00:00:00,approved
55f26562-7aeb-422f-94f1-d183bb91120f,371e87c7-0200-498b-866c-438d2c7b9d4b,a96d5cfa0d3181817e2b946f921ea021,changed_mind,188.74,2026-06-21T00:00:00,approved
aeb5ff3d-bf09-42bf-867e-b4263721f081,dd50ba89-cd9c-4c3f-980b-58ddde9e20b5,25c92a3613e1f6a804252e7ec51b2037,wrong_item,246.79,2026-06-30T00:00:00,approved
86f781f0-d3dd-4cc1-ad59-1ccb053781f3,58d82ff4-6f02-408c-a3e1-6f008891bff4,9f169df18e7618371e862cb1c181fdc6,damaged,41.41,2026-07-20T00:00:00,denied
ce074fde-3262-4d23-97fa-c86582220489,c0ded064-b876-4f4b-8e8b-37b21f0b1a28,5a3ee05d197e24b7bafaac3e2cbc7e55,not_as_described,312.69,2026-07-06T00:00:00,approved
a1554465-a971-420e-ae5f-aa152a7dde04,bb9bbff2-de65-4399-aa87-087cb714218a,97dc91f9e896442f6ac9650bb2a9b594,damaged,939.96,2026-07-07T00:00:00,approved
b9d7c607-8bc5-4b71-8f2e-578b9dec3ad0,205378ce-2551-429d-9f54-e1d0bfbc55f8,2c4f12ef543ba44eead3e3a43c229c11,changed_mind,54.37,2026-07-24T00:00:00,approved
309da41e-ea6f-4ba2-a6b2-51c02ba1debf,4ed67b37-f569-4f4d-821d-4261944f67e3,bd37ac6e186acf56280b2fc1437bb981,changed_mind,805.74,2026-07-12T00:00:00,approved
9fdd65c7-b11b-4f7b-b9b5-dd45bc3e1562,d81c8a6a-c48b-45cd-8bb8-578d732af5eb,5a3ee05d197e24b7bafaac3e2cbc7e55,wrong_item,408.6,2026-07-07T00:00:00,approved
b225f29c-6317-4e98-8af1-6d61150da1ed,7c517952-719d-46d4-af87-e381d1180860,cb296f03ccd21cfcb3ba0778c4f3b7d9,never_arrived,598.46,2026-08-06T00:00:00,denied
b7f9e002-a08b-4ad9-8797-8065a3e04c3f,dee47fc4-a908-433d-b946-6f0d4486b3f5,0b48151c4ac827afeee06ce2d77cc343,changed_mind,1061.98,2026-07-13T00:00:00,approved
0bd6c7a5-f1c5-4315-9cc6-81efbabce49b,e4087985-a547-4884-a1f6-6d100b7dd846,cbc73c75d15c7292a3defd556c710b2a,changed_mind,658.54,2026-06-17T00:00:00,approved
944fc7a7-381b-45f7-9853-46edd32eecf4,9c98245f-db5a-4979-9b25-4532533c6d8c,e3a5f5e65ff3b780847f89dcc81c344b,never_arrived,299.64,2026-04-28T00:00:00,denied
82bad192-0077-4c19-9fce-89c1db5f774d,97c36f8a-8aa4-4af7-87da-9932c9f2a8c3,027a8a853eac346c3bf686f95289b761,never_arrived,744.9,2026-07-14T00:00:00,approved
3bee6628-0d40-4ee6-8c5d-aaa1a497bb23,e7a1fde9-ca5e-42f8-b07c-6be08c9f8e8d,5a3ee05d197e24b7bafaac3e2cbc7e55,damaged,819.74,2026-07-23T00:00:00,approved
b9d35c6e-8bff-4929-8a71-26b3a8fe5566,ecb8a2a4-f5cb-4039-affa-1cc59545d421,e94f497b64b4c843216126feedb1dfae,never_arrived,761.47,2026-07-14T00:00:00,pending
73a0abcd-c928-4fe6-963f-2396478a1c04,f8b966fd-b507-4271-a531-37f4c6514405,c756c5a0183a0e0c511a8b00fa1e2ee2,not_as_described,325.42,2026-06-29T00:00:00,approved
382752c4-7cd8-4dc6-b42a-7d743a9b9ed8,721c6c74-1083-4fa2-bf33-14f1b32814d3,a61f05883cecf76583e22f4283e3c015,wrong_item,162.94,2026-07-23T00:00:00,pending
4d8b4501-fccd-424c-827e-fb77519eb6ba,68b6c459-9199-4a4a-80f7-a1db8cdbc006,c1a83a518dec21a938b5ca2a66e47ef0,damaged,2217.1,2026-07-14T00:00:00,approved
b92f28e9-e6f6-4d5f-8fca-b4daad0114b3,f85f8357-8883-4bb4-af55-281568cdcd09,586d40194eaf4932c4c5d248926beae9,changed_mind,137.9,2026-06-30T00:00:00,approved
075b1823-617e-451f-838d-bd5bd02574e7,e065a726-13b0-4a0c-87f8-e0181638f35a,9173f8394714a803f3d46db497a68a19,changed_mind,591.53,2026-06-11T00:00:00,denied
85b7b0cb-942c-47c5-9213-2ba3773f5368,94ba1af9-95f8-427d-90ce-b202abd21531,317a5bc8cf58c4401e221c74d7a51982,not_as_described,517.05,2026-07-19T00:00:00,approved
ce7f4c1c-e507-465e-9d99-d677e8babb78,f748d42a-c5b8-468c-912f-6c5128669963,d89e05e2d23c3d8247aeecd07758004b,changed_mind,937.05,2026-07-17T00:00:00,pending
c303675e-3276-4ced-b06c-f94727bd688a,c4b02683-d333-4b08-896c-f6b5088172dc,03d4953a455f8489e712ea80699de878,never_arrived,525.63,2026-07-19T00:00:00,denied
110ac23f-4218-4050-9809-889b168a7a30,3a5996ae-32ea-4e8f-b3db-09a566ca3a0a,eda46d6e2c60876abff5c974b0523158,wrong_item,118.33,2026-07-29T00:00:00,pending
4d354ba6-7202-4cfc-8121-dc83d15bfa1b,f6cc943e-701f-4503-85d9-10e69feff91e,e3113c1f62d89d94df4fc7cb38159411,never_arrived,67.22,2026-07-22T00:00:00,approved
0611bf9c-bab0-4503-a63b-76b406b79690,6f515d4c-914e-4287-b976-d602ac528173,5a3ee05d197e24b7bafaac3e2cbc7e55,damaged,383.77,2026-06-29T00:00:00,approved
92c84afc-2afb-4b1b-b147-b090e69b68de,7f00b7e8-a1aa-4421-8585-c9b83f97d8ba,6056d31a9cf9cf98ea9de7ef86cf4f5d,damaged,422.12,2026-07-17T00:00:00,pending
04c057de-a5a4-43b1-988b-6f45228b72a3,90e32dde-811a-4df3-b7f9-b56ea7d04628,cab7d960c70627143573a8d907a5e946,not_as_described,266.96,2026-07-03T00:00:00,approved
1e83845c-ee84-497e-927d-bbd8da89fb9b,0f0df061-3408-4c48-aa95-9804ad58782f,a3b2490482986f1638e702550961658d,changed_mind,1291.95,2026-06-20T00:00:00,approved
672ea37b-e8d9-4b38-a4ba-d2aaf4a92730,08e8a89f-e4d3-402b-ba19-0c49d8f56184,f054e8c1cbcf5e89ddd9b615c349936b,damaged,229.65,2026-07-18T00:00:00,approved
3316f8ab-231c-45c8-8c14-6714265ea937,34b9521a-bd17-4920-98b3-174a3f52bb1d,340152332a04149987a705602615f0d0,wrong_item,341.29,2026-06-30T00:00:00,approved
54560131-4ac2-427a-89bb-bdc190d45048,37e7216e-3f6d-40b6-a39b-0e583d801a60,fa7e6f153b7724fda5c1d7cc7b9ae4ec,changed_mind,660.13,2026-05-13T00:00:00,denied
4f6669bc-b448-4591-8873-d79e0df96d6a,f4bafe49-afe7-4b79-8bbf-7ede2f247d97,3341514b8049f4a268e4188fb0211d34,never_arrived,1369.72,2026-07-03T00:00:00,approved
d4f9c79d-5865-4808-a28b-65363c5ffb9e,daf618a8-cbf2-448b-b01f-dcd60dad19ef,4f463757edb0250ec353ab6f3610cf34,not_as_described,273.33,2026-07-25T00:00:00,approved
1b1fc9da-6a1a-44b0-86fb-32aef55c8fcd,4f298e20-90be-4dbc-a086-3a50a68449ec,5a3ee05d197e24b7bafaac3e2cbc7e55,changed_mind,889.62,2026-07-20T00:00:00,pending
8fa08b2f-8c47-4dd2-b4c2-d74e700eb524,2506d364-598f-44a6-a28d-db4927622f7f,0b48151c4ac827afeee06ce2d77cc343,damaged,1108.52,2026-07-01T00:00:00,approved
c71c4185-9d99-4d2b-a7c0-14d89e882b59,4a2ddcbf-7c8c-4ed3-8265-0c6f04faacf6,482441ea6a06b1f72fe9784756c0ea75,wrong_item,1988.2,2026-07-12T00:00:00,approved
d5b5bb76-6367-4119-a9c4-76da4a08be42,feb22020-9638-4b9f-9121-fed99a2553ba,d7dcb6a86716cae0bae52007bd8b7822,not_as_described,370.61,2026-07-23T00:00:00,approved
410a38ae-15bf-45ac-ab39-852090f923d8,492258f3-73e6-4e6d-8cf5-58a2c56b8547,c8879b82433186c4f4a94344384c840f,never_arrived,764.79,2026-08-01T00:00:00,approved
2115bdaf-b4a1-4e4b-b4ea-87e331d53f86,442c030c-2a83-4d1e-afb4-dc3553c6ec93,5a3ee05d197e24b7bafaac3e2cbc7e55,changed_mind,506.7,2026-07-24T00:00:00,pending
2bc44544-1c0f-4c85-8877-6abbe0fd6114,4d6f3bca-93bd-4532-a841-c10b3e466a4b,8e990907b56d2383d3a39bf0cf9a3f42,damaged,1098.46,2026-07-05T00:00:00,approved
8dab8c39-5d42-48c7-bac2-e0c72a26edbe,ac524df5-8e4e-4a29-a98a-ca89e93402f4,5a3ee05d197e24b7bafaac3e2cbc7e55,damaged,74.77,2026-07-02T00:00:00,approved
a1e51bf9-9fb1-4e2f-9416-e06df942a561,aaf4f430-594d-4445-896a-14ac72cef9d3,ddd8485a202512dc3df53d3092b15ff0,not_as_described,1473.15,2026-07-24T00:00:00,approved
987b16a3-0671-4f18-b5a9-99af502f5a8f,d2127cbb-a49d-4b1e-830b-a0db2c4eae96,c1a83a518dec21a938b5ca2a66e47ef0,never_arrived,447.68,2026-07-23T00:00:00,approved
be2f0ef3-149e-425c-95b8-8103e14aa46b,ce6176e8-ebbf-487f-b6c7-895a6e810bf4,cc31282a9d20caa9b70e578d1d5a7062,wrong_item,649.72,2026-05-05T00:00:00,approved
5e46b731-9779-42de-a4e8-c9c7ed685704,b1c0bdfd-1030-4ee3-882a-93846f93123e,c1d9e6bbbc34d8eabbaf75ec77de9eff,not_as_described,96.43,2026-07-24T00:00:00,approved
22b45802-5357-47cc-84e1-e45f1c012fdd,c852537a-56c1-417e-b8c5-eb6f1422569d,5a3ee05d197e24b7bafaac3e2cbc7e55,changed_mind,277.75,2026-07-08T00:00:00,approved
66643e23-adc4-42c6-afc6-1aa7369b38d6,2818e32e-1e62-4150-a069-df78defe758e,1f6d48610f32c723924f9af3e88f1c64,not_as_described,352.23,2026-07-13T00:00:00,approved
879e20bb-f69b-40fb-a29a-8f90c5620f07,3f73a422-794b-43c7-95bd-a265ae1c727f,5a3ee05d197e24b7bafaac3e2cbc7e55,changed_mind,856.75,2026-07-02T00:00:00,approved
07472e99-e887-4f82-a1a0-7131325ddc20,a5643931-946e-478c-9bb7-503cccf76a00,fc25f71bab94146446884fc523121d48,not_as_described,421.48,2026-07-04T00:00:00,approved
10af0eb9-60c1-4d08-bb27-a8c2f52b9e68,f8b1119c-f74c-4d68-bbb2-7d841540b558,468d559ef2dcd2bea6d8db78959fb90f,not_as_described,266.87,2026-06-29T00:00:00,approved
64d2e0e7-104d-4ed6-af7b-68249076582f,e174a873-885f-44bd-96bb-b774ca80355b,caf8cfa0ac3ff60facda076545837647,wrong_item,1024.47,2026-07-08T00:00:00,approved
a0ae7e2f-d5c9-465a-94d6-c312e22d6ca4,475fe3fd-f0d9-4db1-975f-4729486e569d,8c2e1b595fa98d5f22cb089e0e70d9cc,damaged,1579.72,2026-07-14T00:00:00,pending
d6d9623a-e71d-42f5-b2b1-43b8393254e4,c2c9b173-0a47-4839-b485-cba75c6204f1,5a3ee05d197e24b7bafaac3e2cbc7e55,never_arrived,9.23,2026-07-20T00:00:00,approved
9dda38fa-aaa5-4ce9-a79f-ae425f3b4cbc,5a5f2401-4399-4116-a82e-893337d01fa5,208f290481193105f0bdc2d8f543904e,wrong_item,126.31,2026-07-01T00:00:00,approved
9d315792-f2d9-4388-a3cb-ab5021cb0970,e5a70b7a-8e13-4422-8499-32154eb6d24d,8dfbc9064378d19ac99a21ac353072d7,not_as_described,21.81,2026-07-05T00:00:00,approved
9f3772e9-ec0e-46e8-8563-3fdb6c6473e6,a3450f88-683c-46b5-89cf-a8285f14d349,a6bf63037fb9e3064d1f8fa4224df32d,not_as_described,547.47,2026-07-29T00:00:00,pending
6dead5cb-8d0e-464a-8259-25a0c57c2fa3,6ad1a5b5-d9bc-41b5-870d-dd007c7638bd,c4854939d499d4786a9273c855fa6b77,never_arrived,2152.9,2026-07-29T00:00:00,approved
732658d4-c00a-4639-a22e-14d42cf95d3a,577450b5-63ac-4e2d-b4bb-98ea58e35484,1c3e4aa255e596013fc2b6dffc8041bd,damaged,459.1,2026-05-09T00:00:00,approved
b82f005d-9e78-410f-a8a0-e53f4af8234a,c7cf8125-4cda-490e-a043-72f1435874f9,29c059c81f62aa098e896ddd7fbc5c32,wrong_item,361.34,2026-07-06T00:00:00,approved
d50278ff-d8f6-42ff-a5f1-4363a11af211,7b9debe7-b88d-4183-bc88-94d44cf936ab,6056d31a9cf9cf98ea9de7ef86cf4f5d,wrong_item,449.68,2026-07-19T00:00:00,approved
3267e218-8478-446d-8fb0-be468bc490dc,0e9014f0-e564-4b59-b718-b8416ff73e64,1c3e4aa255e596013fc2b6dffc8041bd,wrong_item,283.52,2026-05-22T00:00:00,approved
ec8c4633-2ee8-45c6-951e-86ec76c02b28,f1f360c9-80ca-4177-bfad-0e64cd8daa7d,9be47f0073690871caa1beada3ab06a9,wrong_item,496.77,2026-06-16T00:00:00,approved
f8dad710-42cf-435f-94be-e857c9ca931c,8753e9f2-df6e-4c1e-b900-17c30a6227b5,afa1462306ce1941adc5524ab4198909,changed_mind,1685.06,2026-06-20T00:00:00,approved
30e82018-802b-4a4f-837c-98f039bf9988,b3fc8532-d3cd-4b44-a50c-de42333943f4,5a3ee05d197e24b7bafaac3e2cbc7e55,wrong_item,2631.28,2026-07-17T00:00:00,approved
623d10cc-19a4-4397-b467-02fbe6036d58,7185f1c4-1591-411b-bd55-be144e972427,5a3ee05d197e24b7bafaac3e2cbc7e55,not_as_described,177.9,2026-08-02T00:00:00,approved
f13ab250-7abf-4de7-81aa-a21a118af200,0dc32b26-4064-476d-8eb7-94711d41b132,5a3ee05d197e24b7bafaac3e2cbc7e55,wrong_item,109.46,2026-07-09T00:00:00,approved
95162f85-9d2c-46c1-9599-ba4f96dd2ba9,2a10960c-96d9-42fa-a759-adcfe2eeed8f,dcdaced133f33e9651ddfe73b2350156,never_arrived,434.98,2025-09-30T00:00:00,approved
33ca9580-d816-4f9e-9632-cefbd4ebc894,06dfbaea-2f7b-4455-9211-cd0ff7084023,929de36edcb645b07f26d1871120a9ab,not_as_described,1279.36,2026-04-22T00:00:00,approved
596bd43b-e179-4e14-a162-ab00fe38fa3d,2af166d9-f8d3-48cf-8c23-0618eaa4eb5a,463d8425827e81d905edf86f9c231eef,not_as_described,469.52,2026-07-10T00:00:00,approved
0cecd846-0d5c-4d52-a1c3-65f6fb9bd33c,65926ce0-148d-41da-b7e9-50792b9ebe24,a9ef550a2e94766b3491bffc789ad91c,changed_mind,573.71,2026-06-17T00:00:00,denied
74ae117d-186e-4c10-9751-5cf85db93d03,4e2681f0-d80c-440b-96a2-6ae754aa15db,546ed56ed469aa89580be8bb1b51a6fc,wrong_item,778.62,2026-07-03T00:00:00,pending
2ccae875-1947-4b00-9c29-48e8de6ae39b,e82a93fe-597d-4148-a735-3a115000c73d,fa2f184ba76dabae9b5cd4c5f711b228,changed_mind,373.65,2026-07-16T00:00:00,pending
2cb9823a-9f50-4974-aab8-3dae4ba0e3a5,f30dacf9-a997-4e60-8aa3-26a85f6183f6,e6925d3e39cebd0f699008b248e58361,changed_mind,407.83,2026-06-15T00:00:00,approved
15275370-e612-4f69-8f91-a6e0ce7d91c0,9c6b4f7a-e623-40e7-8390-395259b27155,5a3ee05d197e24b7bafaac3e2cbc7e55,never_arrived,438.23,2026-07-15T00:00:00,denied
725ad7a7-28c5-485b-8895-17d81bc81fad,02817c2d-3031-41ed-90aa-24a58f1c4da9,4b3496d4740f8929ba830bb965b82891,never_arrived,284.7,2026-07-27T00:00:00,approved
a593e4a1-7da6-4604-a4a3-a3a627109d5e,2e58e7b2-990b-4946-b1d4-acee5e8f1fa1,fc25f71bab94146446884fc523121d48,not_as_described,148.96,2026-07-13T00:00:00,pending
41747792-d5e2-468a-aba5-213215c4072e,f298d78b-fb6d-4a7a-9fd0-c4024a6190eb,cecd5e9d39fddb69384c1c31bdfac666,wrong_item,932.82,2026-07-21T00:00:00,approved
99cd8688-9649-4154-bb35-8e136069857b,c7d5bdf7-c0c7-4ed1-95ba-98f9507deaff,caf8cfa0ac3ff60facda076545837647,damaged,1379.06,2026-07-31T00:00:00,approved
9c5ab160-01e2-49b9-bba4-867813384b93,f6399baf-352b-4800-a286-00955ba1880e,208f290481193105f0bdc2d8f543904e,never_arrived,478.08,2026-07-09T00:00:00,approved
a80eaeda-bc93-47d7-aa1f-18cd833ec874,b280f6b8-071a-4e10-84b7-ce3a9548bddc,77528332d8d9e9a13c03da164e28040f,never_arrived,112.74,2026-06-20T00:00:00,approved
08657cc4-c6a4-4f81-8fa1-1719b8dc98fe,d2d14710-26b1-43c1-a2f5-388d221de8e7,75d62b9a2050292984f91605099ca0c6,wrong_item,252.71,2026-06-29T00:00:00,approved
52301f39-aed0-46cc-bef6-d2a2b453fec8,96570105-1063-4bdf-bd84-c1d74f3a1230,d3b1ea21e85de5679eb875b8a3a9dd4c,never_arrived,1000.75,2026-08-04T00:00:00,denied
c68ee4f0-cd52-4399-b80d-80432c19a424,e5abcb29-453c-4c90-bca3-f4b9bb537130,75911973553414cf548f0d62eb2f0fbc,damaged,482.99,2026-02-26T00:00:00,approved
971d41d4-779e-414d-8923-2b0c30b599e2,9ef91d17-ac14-4079-ac17-b23a4586b0d0,b5e391181709e5196275b01b8e6e9d73,wrong_item,1055.57,2026-07-05T00:00:00,denied
724c91a7-9f9a-4643-9bc4-a61711542d5c,601077be-0bd4-4b86-978c-bab25e00e42b,fc25f71bab94146446884fc523121d48,not_as_described,737.15,2026-07-09T00:00:00,approved
c067318d-e16f-436f-a7ed-ad5421b45a3a,d4a90315-6898-4cc8-87b9-eb150fc6acb9,0df55f5accedda71bda8f4c7f590951f,never_arrived,92.09,2026-06-27T00:00:00,approved
cae29d95-fbd8-48ba-b7b7-9670da3a1996,003a62a5-b60e-4973-9110-0a8752a99338,5a3ee05d197e24b7bafaac3e2cbc7e55,damaged,455.36,2026-07-11T00:00:00,approved
b1df5e49-6063-491e-a03c-ed9e3f9ee7f0,8a0ab7fd-632b-47c3-8614-b07bd08d1680,2356a157ac13013e2af4979379737874,wrong_item,747.71,2026-06-09T00:00:00,approved
68eccc0a-f1c9-4798-95de-48217d65fdff,97f78dca-7871-4081-ae15-0680c4345264,0b48151c4ac827afeee06ce2d77cc343,wrong_item,758.92,2026-07-12T00:00:00,approved
29e43545-ec9b-498a-9d2a-a355048c23a8,436cd23e-5093-40b9-a393-238e131f3361,96b1c916f245f2462efcde3fce04bc3e,not_as_described,230.82,2026-04-29T00:00:00,approved
eba55233-6bf0-4d1c-9ec0-9365e3e0c844,c4ddc0bf-9058-4fe9-b3e8-817a990cbdae,30cdd9eea2b6192b8fa65c9ff5e59acc,wrong_item,206.85,2026-07-09T00:00:00,approved
be434aca-90c7-4380-816d-3d758c48f296,d642631b-7b8f-442e-a50c-084840f183e4,01ecc1f1f21f05d0736c99d92646f132,damaged,704.65,2026-08-03T00:00:00,approved
f805275a-1980-4d8f-be12-a01cf551215b,122ceffc-bd94-42a5-aad4-306d2754ab95,38e31fda99a5fb901d27134d18d36c75,changed_mind,1226.9,2026-07-20T00:00:00,approved
abafdb18-9e38-423e-96a9-f2e11704b8d9,f2e1fbb2-19cb-4822-9e7a-bc6637537c22,940b5d5aac34067485a393d6c465d974,wrong_item,294.67,2026-07-11T00:00:00,approved
6f0ea12b-46e2-45cc-8346-ccbf855e56c0,886c3cea-234e-4f80-8af7-d6fab4463b16,f152faf30f85d9b5784cc9a72611a810,not_as_described,590.0,2026-07-03T00:00:00,approved
21653dcf-4732-4e84-abfd-2a9d168e2340,77cc5ef2-e628-4d89-ae12-fda533cac13b,126646ff7e983d825b46a004555996bc,changed_mind,1791.74,2026-07-26T00:00:00,approved
64a5add8-49db-4546-a73a-0a8bb3bbba33,eb10da61-a35e-4c55-b9ce-59cad0eddda9,313a1411e58266af71ecec9da279ad12,changed_mind,617.12,2026-07-19T00:00:00,pending
17536dd7-d160-4033-ae29-f0cd910586e1,8f927bbd-5bf7-475d-a77b-971d78ab81df,b9fe8c4b5fbad9389aa5f425561a2786,changed_mind,272.39,2026-07-15T00:00:00,pending
f9b76532-a3b2-4a75-b735-71e946120a15,624f4030-fe02-4f0f-9103-cca85771cec4,ce590a0c44295fc160eca2f1791f37e9,not_as_described,493.6,2026-07-28T00:00:00,pending
120cb225-e191-41e8-8314-073890769199,e9bbec77-243d-4c98-bcd8-0e60ede42fca,65333bf484bb685082b70adc3e154aeb,changed_mind,810.15,2026-05-18T00:00:00,approved
2c08b1b9-cf02-48bb-8cc1-3c9939dd94d3,1f71d2f5-9396-415d-9a1e-89231fbbe1a1,62049cfbc68cd893920204de3b5c057d,damaged,137.25,2026-07-29T00:00:00,approved
41205a5a-1a3c-4e9c-afd8-16374843744b,9a9860cb-c8ba-4e3a-9358-19e698a774d5,b68693bf3295ad9e895d2adce45deb7c,not_as_described,634.82,2026-06-23T00:00:00,pending
218e0e75-3fe2-48b1-912c-a7a4e3363a35,34c21eeb-6bc5-4828-99da-1308be739320,6e9c6c2120611104445c767b78377d21,wrong_item,595.36,2026-07-16T00:00:00,pending
7f8e4d5d-ad06-42cc-a0a2-6005993660ac,f107d37f-b6ee-4bad-842a-fcbaa36714dd,f668170416a9f589e91a2b9dc11e1eb3,damaged,539.13,2026-07-22T00:00:00,pending
c757ed19-a76d-4981-86cd-a9f59f7fd034,f3253a59-4dfd-4d71-a037-914938931fac,5a3ee05d197e24b7bafaac3e2cbc7e55,never_arrived,322.82,2026-07-07T00:00:00,approved
24be42e4-1596-4b5f-9b99-2e17657f3d75,5a8be8e2-157b-4bfa-b768-166a47621be1,69622cc3c28c760631192198f71fd35a,changed_mind,368.93,2026-07-23T00:00:00,approved
e9a82031-c260-4bc5-9cb9-e17314c85c50,0499c929-a6d7-4012-b945-23f851b0a329,918dc87cd72cd9f6ed4bd442ed785235,never_arrived,218.28,2026-07-24T00:00:00,pending
23b935ad-445f-47d9-8c9f-d155fcb77bac,8d13703d-b8ff-4c82-a55f-4d894b8d54e5,5a3ee05d197e24b7bafaac3e2cbc7e55,not_as_described,644.36,2026-07-19T00:00:00,approved
60f5a318-aa4b-4bb2-94f3-58179d1a1535,3b18a7cf-8307-42b2-a2b8-ec173a6514bd,2e438ed54223fcca39c725b9a3e6376f,wrong_item,1600.25,2026-07-24T00:00:00,approved
3b4246c2-84ba-41eb-8f2b-a8fbb1b1fd74,64597f4e-8daf-4187-a568-4f39d89e96fd,a2b3dadeee49f301f5307689f05d49c2,damaged,1088.33,2026-07-11T00:00:00,approved
c3f25f0d-dbbb-4b6f-af91-b78fbf7a117c,33abaf40-c046-4334-b172-5b9bddc37d65,b88274bc5ea463278efaa456c2b8ee73,damaged,877.1,2026-08-02T00:00:00,approved
f7829a28-9b17-4e6c-bf5d-e989262e2f62,820f94e7-e60b-440f-bb4c-884914dacd47,6ef326dc1bc04a8e63bce7e749279a00,never_arrived,111.75,2026-07-06T00:00:00,approved
4818324f-b909-4299-9b77-2597e62b5dd9,0e5a203f-4891-4cb2-8717-d1853e13d500,db977788293a64073047f4afca1d4b0e,changed_mind,372.75,2026-05-05T00:00:00,approved
0a7672fa-bba9-441d-b6c8-24b7f843f1a5,8a5c8f3f-1538-4f8c-b239-d0f4d3f32b82,4cc24e44f98ce556d647948ae2d27cc9,changed_mind,483.75,2026-07-19T00:00:00,approved
9d4abfbc-e5ef-4825-bc8e-cb1d0a0e4cd4,18002365-7183-4993-a327-c0f7359bc003,71483eefef96601ce6e0f9437715b5fe,never_arrived,730.48,2026-05-29T00:00:00,approved
c7e294de-edb4-4edd-af55-800b3139f225,a7377c1f-7515-499d-b3f6-9571f6b880fa,a696ba5db33cf4835a04dd5965a86781,changed_mind,992.72,2026-06-05T00:00:00,pending
159875ae-d0c9-4687-a264-8ec804bcbd1c,41410fba-f3df-4bd8-9fae-4645fe669838,97dc91f9e896442f6ac9650bb2a9b594,not_as_described,925.02,2026-06-28T00:00:00,approved
923c8f6d-29cb-4d28-b31b-6adc8acff3c3,9dd76db2-4157-4bc1-9c5f-2c0b79fde190,c16948c2abc51af80a151392f718e895,damaged,2234.52,2026-05-12T00:00:00,approved
f0197af7-db39-4d70-a2b7-92b463118cf4,4f6e1f49-1db1-4030-aa48-072e18129c2b,decc46797b7d5c2c0146cc3e93720aaa,never_arrived,1522.19,2026-06-20T00:00:00,pending
7637a29a-c6c9-4947-8e48-0c6f70cf252d,732ec4d5-3c91-44de-b973-5dd9e0ffee99,e94f497b64b4c843216126feedb1dfae,never_arrived,304.27,2026-07-02T00:00:00,approved
4b9dd6fd-1adc-42e4-88ae-556159cd2799,cb7b3e97-2137-446b-986e-baa415cdc309,7982a126838b4905453367b0dacf075c,changed_mind,332.63,2026-07-20T00:00:00,pending
badcc94d-dff9-4318-91dc-02eb1b1fe29e,db23e54f-6132-42bd-8406-78ca69e5cf89,5a3ee05d197e24b7bafaac3e2cbc7e55,damaged,810.55,2026-07-03T00:00:00,approved
e4069162-f3ad-4bf4-a538-80fceba279fc,c6e1d236-133e-43b5-8024-f71eaf77378c,97ffc2a068683682cd75484bdb8df6fb,never_arrived,262.0,2026-06-20T00:00:00,pending
6424584e-4349-4d8b-bdfc-b6d678743cb6,cfeaf276-f6de-4d46-8046-e231bf3b99a5,424aca6872c5bab80780a8dec03b7516,wrong_item,515.79,2026-06-24T00:00:00,approved
e2c90e26-d334-40f1-ab95-95c4b745ac2b,c0c5e373-1b68-42ca-bd3a-838a0a74b84f,073a0317f213dc51964b6f8d3344c592,wrong_item,227.32,2026-06-30T00:00:00,approved
ccda202c-ada8-4931-9aa0-00bc7aa16006,4cff57b4-563a-4e5b-bf3c-91e6c0bd45c8,8c8b21e9534948db376200dd8de97c98,never_arrived,977.75,2026-07-26T00:00:00,approved
bfc461bb-535d-47f1-8c18-c8bdd58373ac,a1e803d6-988b-49ab-abd7-3d4b100f642c,a7a0990a0bc15359977148c0d41bd277,wrong_item,417.56,2026-07-04T00:00:00,pending
544d8b35-8ef2-4da7-98df-404506426bbd,b121dd9c-0be0-46c6-9ad4-b49110adf209,67b05b597a66b5c449025000b9430abb,changed_mind,76.36,2026-07-10T00:00:00,denied
8b06bf83-7080-41a8-9c5a-38e0f7c887b7,f50f9767-7fec-4abd-b07a-b80d35e7cda6,5a3ee05d197e24b7bafaac3e2cbc7e55,wrong_item,732.72,2026-07-15T00:00:00,approved
b93650d7-ca4a-402b-8e9e-10dd6c10d5aa,fa3f6871-47a4-46a6-b556-22bd7512e1ef,317a5bc8cf58c4401e221c74d7a51982,damaged,224.91,2026-07-08T00:00:00,approved
1062aecb-c9fd-474f-a987-b5c6898a3e25,331475ae-b3cd-4c9c-8a36-09401ce7bdd9,92d6a6df2cf2d6e2fa89dc1d28164c98,not_as_described,88.17,2026-05-08T00:00:00,denied
8b353ea1-1765-474a-bc15-ce02a04f30c7,844b887d-d971-4238-9f26-545fad49acf2,d3a5fa065a68c1f357e6d8f4385938ee,not_as_described,1066.71,2026-03-14T00:00:00,approved
cfbf1b02-8a2c-4a4b-a0c1-dca7d55383bb,5605b28a-5542-473f-9f59-ebc9b3bd09b3,e94f497b64b4c843216126feedb1dfae,changed_mind,142.81,2026-07-25T00:00:00,approved
5541ab0d-7600-4ef2-b9a7-3e7eb1da9095,e5567a31-ee0f-4b77-9723-75912e0c1c3a,5a3ee05d197e24b7bafaac3e2cbc7e55,never_arrived,301.77,2026-07-19T00:00:00,pending
3c6c4526-3b77-41c1-a94a-046a7cfb77de,50feea37-d4f0-4ce8-a805-a620c6c5003b,e44a59cd3178714eaf095face6112af5,not_as_described,2045.3,2026-07-23T00:00:00,approved
394ed4ee-4add-4ee7-b9e5-16d38a68b615,0f164958-c18c-48c1-bbac-9fe968b1fa43,34c6f984b590bbfe3d4d6c76007c0b1c,not_as_described,253.08,2026-06-11T00:00:00,approved
9ff9ea64-9e28-4fcd-b2de-9778bbe81585,204793d8-40f8-4ed7-8759-97a12322d002,2274251ce58a8304f8e9b8380db47018,wrong_item,338.68,2026-06-29T00:00:00,approved
12094431-c9fd-4900-b34b-87dab19624f3,6ab64862-58bc-4a2e-a1ba-a0f39c4d2560,f7c7677be77763b1b2cf982a5e67fa61,changed_mind,334.07,2026-07-07T00:00:00,approved
d7223b3f-a76d-4393-907b-0411b6ec90cb,bbf627dd-e51b-4824-956d-4a6ed8c76f92,75ecead8782ef6730e1f7e51f7052f75,never_arrived,408.19,2026-07-06T00:00:00,approved
7eecbe20-660a-494c-b950-110b58c458e8,c09967a7-2b7f-4173-b70b-55260d0133f0,5aa54d66adf169b992129dd4456b048a,damaged,410.04,2026-07-22T00:00:00,approved
403e6283-d5c4-46bf-8364-18bd31463c9c,bc575cc7-9911-4f16-b30d-c29c62869f34,0b48151c4ac827afeee06ce2d77cc343,changed_mind,437.23,2026-06-28T00:00:00,pending
a5612361-de38-422e-97e5-5b20265ce085,a2b3b6f9-8d11-4a54-9147-e6ce0c586bfb,755bdc2822a8f01cfcec19ae4dcaae66,damaged,611.21,2026-06-30T00:00:00,approved
b79db209-005c-4df6-8aff-87c653ac61f6,ce329e70-85a6-4def-b5e8-c5a18dfc6936,caf8cfa0ac3ff60facda076545837647,not_as_described,614.56,2026-07-05T00:00:00,approved
52357730-9f2b-4886-affe-dfc9de22cab6,71cd98be-d67f-4062-9465-a95f6da11e96,fe947af6540d580b9703d0332d04f0e3,damaged,1236.78,2026-07-04T00:00:00,approved
6679883c-f1f8-4b7a-83d8-07a8f087777d,32aa60c0-532f-4ad4-84a8-a4c8af246c3e,0f6371fc9c2e78818a6e7aa33022a506,wrong_item,1485.27,2026-07-14T00:00:00,approved
dddf6e09-7c6e-4986-9f42-0c976bad3bea,f946cbcd-9a20-4c05-9a01-786c8544c0d7,fbb97973142894c3265d06e676820c5a,changed_mind,281.3,2026-07-15T00:00:00,approved
d35f70c8-21c6-4793-89f7-544e78fdde55,996e4221-5b2e-4656-b32b-23aa7ec247b9,1175e95fb47ddff9de6b2b06188f7e0d,not_as_described,413.32,2026-06-25T00:00:00,approved
4f5e19a7-9d53-4e5f-bf30-014910e13f5c,e81dd797-6060-42cf-8860-a22fd76b8055,c85df1c6ef6f7bb605e1c49d34f172ee,wrong_item,199.52,2026-07-14T00:00:00,approved
ea17f787-bc92-4b0f-b145-d5874d8a655c,0afd8ca8-d6cb-4ae6-bc24-33023770b2f7,5a3ee05d197e24b7bafaac3e2cbc7e55,never_arrived,298.1,2026-07-20T00:00:00,approved
ba08f4d6-7c48-4d21-96c6-85023bc80d0f,d7b00ee7-2423-4790-be44-4a10dda25c76,340152332a04149987a705602615f0d0,changed_mind,330.06,2026-07-23T00:00:00,approved
4c390801-3634-4dd7-a28a-bea057facf67,e8ffde51-5f4d-4ef0-8770-45b742e1dbd0,2e642fa075db8661dab42c957cfe6290,not_as_described,725.9,2026-06-18T00:00:00,approved
dc2a4337-4ba9-4419-ae89-baa6f506532b,70799c8f-f853-4747-8c37-5176754fe5c7,717aa48025662fcf27ddebbecc5f782b,never_arrived,248.06,2026-03-26T00:00:00,approved
d0980af1-a5f1-4157-8778-aea423b9b8b7,13860bae-0016-4cc5-a8db-a38d33d5825f,b310264264a53605778ac08833bd5514,changed_mind,172.43,2026-07-04T00:00:00,approved
c55b7673-2cbb-4bfe-8f51-67adbc4ed62b,1a246f87-87d2-4ab1-b5a3-0c02e53fd4f7,ae5df8e33ea496f14db277c8b8e77281,not_as_described,235.27,2026-07-21T00:00:00,denied
a9134c43-d56c-43be-b78a-3f5c42b70e35,f304da9f-61e5-4e13-a04c-8265cf10d7b2,147375750bdc81b55b75dc08daf84c8a,damaged,407.67,2026-08-04T00:00:00,approved
558b8032-1c24-46fd-bdde-cf6da2c406a1,f0e4094d-0c93-434c-865c-76f6769ceb5a,cb296f03ccd21cfcb3ba0778c4f3b7d9,damaged,586.13,2026-07-14T00:00:00,pending
4cd5bae5-ffcb-4625-87a2-7bb7793e4385,9a7e8e96-c74c-4a78-8d78-2b447fa45898,1c7fae8db20821423f3155642caad457,damaged,1734.26,2026-07-23T00:00:00,approved
4873a71a-faa8-4d25-8ff6-48a330b892ca,6cc8469c-de47-491a-b404-388d846c4bd3,7bf5c9596fc39d41078cb46a86b23831,not_as_described,179.81,2026-03-22T00:00:00,denied
bb3f6646-a814-4e13-8496-3f4c92ea43a9,254b8dd8-8aa7-492d-9f36-ce9865d25412,9460af1d681311224e08f4e6e00bf644,wrong_item,618.47,2026-06-21T00:00:00,approved
75457b3f-f9ae-4245-99f9-05af8de8f24d,956d8bc5-e62b-4100-ac78-198b24262c09,91e6fd64694fa9a828270d442ba88e03,wrong_item,526.66,2026-07-20T00:00:00,approved
1f32df49-001c-41b9-8832-b5ab2d2a0399,8d348f58-0218-407b-a155-67f025873b79,5a3ee05d197e24b7bafaac3e2cbc7e55,damaged,154.03,2026-07-13T00:00:00,denied
3e39e3ad-9475-42d5-a065-8724b94cbebd,5b70a5d6-d965-459b-a938-3975c99934a7,5a3ee05d197e24b7bafaac3e2cbc7e55,never_arrived,512.31,2026-07-01T00:00:00,approved
2f13b934-a09f-4ef9-a30d-a1d260f03c83,f9cd1300-6dcb-4aba-b2b9-7c377db1d30b,1a3d1e8b28c0ee27c23333ee108c47e6,not_as_described,488.46,2026-07-15T00:00:00,pending
ca8fdfec-8c55-42ab-8368-0f93716f7269,a3b3bb46-2bb6-461e-8ac5-83883be3f7f3,8fde03547587c1e6f97d14148f422242,not_as_described,123.71,2026-07-18T00:00:00,approved
7b1234e5-0641-42d2-a6ac-54a17fefcc37,a59c7908-52c8-4afa-85cc-5929766264dd,9bfa4c70f6719eaea72980d2ae88755f,wrong_item,338.42,2026-07-04T00:00:00,approved
0dad188f-86e0-4b9f-b19f-10c633b58676,e5611475-6505-4a36-9d4d-eb09e3e6377c,dbfd0ee98fac0d9b4f109a2aaed48093,not_as_described,353.38,2026-07-26T00:00:00,denied
09a0f74a-6918-4404-8089-34447c416662,7f484afd-dd46-4c03-9e7d-d72fa98df8bf,520fb5816c90b19464baa8e8644cbdc4,changed_mind,220.5,2026-05-28T00:00:00,approved
bfb98169-b9de-4df9-b280-1be9a8b6be06,27f86179-cdb5-4691-9d35-00bc9126ee78,1c7fae8db20821423f3155642caad457,never_arrived,657.11,2026-07-07T00:00:00,approved
81bfb04c-89ec-4274-8e75-9dc74c892c7d,fd7f51b5-8dad-4c2d-9905-41cdfaddf783,65a3525318158c0b3f6f83eac306cc6c,never_arrived,1106.61,2026-07-23T00:00:00,approved
ae9cb471-cfa4-468e-a7f0-2f921033a4e4,9f897b3e-6957-44a4-a2e3-6ed5dcd59e22,8dfb24fac32ec7170821d2be63fa9c1c,changed_mind,160.38,2025-10-06T00:00:00,approved
35c1f68e-4d8c-41cc-851c-d3658e6f977e,664e0e05-0357-4756-b607-3e35cf77b858,861eff4711a542e4b93843c6dd7febb0,not_as_described,226.28,2026-07-22T00:00:00,approved
61c8edd4-d999-447a-affa-ec7c02df1365,254a323b-dfd2-48fe-8bca-db0a50f6701d,627d075513dade14e0fca3b59dae6614,damaged,349.79,2026-07-13T00:00:00,approved
8221dca8-65a4-4f76-b9c0-b4b08b7fa749,56b707db-0c86-4ad5-ae2a-5e89cce8ba83,e8a63b5829f45bc153ed838ba9de6c0b,wrong_item,349.56,2026-07-09T00:00:00,approved
b1a6c40a-93c2-4421-8263-b93f4704a7cd,e00b67c3-5148-450b-b5f3-d66814b6ddd1,34d93be3a57e6f8bba423d9064cda7c8,not_as_described,703.68,2026-07-13T00:00:00,approved
e1b11a5a-b1a4-4eb5-8675-2e1aab39ce58,d2ef2eb3-817e-4ba8-8505-9afd8e7f72de,b89e8adcd81b4e77d1d67eed240eb456,not_as_described,499.66,2026-07-04T00:00:00,pending
65a218e0-fd02-4f59-b067-e0112b10d93f,61b7a3e8-2f16-4147-a17d-bcfeb8252c23,2cc0f5affc2ccbdacbbc6c5e88f5f059,changed_mind,1166.66,2026-07-20T00:00:00,approved
62d4da4c-9c11-4c65-8f52-8b52a442ba13,5d8a171f-08e5-4df1-8024-e0c5eebc765c,86085586aaa8c5f47ed0b400da64c59d,damaged,1144.52,2026-07-16T00:00:00,pending
7807f595-9f92-4379-b1e8-84d1023ba1a4,9ae0f2f8-846a-44f0-b219-47e217e5be33,1004c2882ad356c7e8532c14f1b08e63,damaged,119.17,2026-07-18T00:00:00,approved
b4c7c13a-0371-4044-87b9-7cb41f805330,c89fc035-6784-4cbd-be84-dbd16d652754,fd3a69ec7f07e6cdd8f87021f0191cf9,damaged,510.32,2025-03-25T00:00:00,approved
23a9089e-6714-4111-8f86-f58016eba674,c6e8f0fd-710e-4719-943a-42233f7269fd,5a3ee05d197e24b7bafaac3e2cbc7e55,damaged,1091.21,2026-07-03T00:00:00,approved
cfa2b39e-774c-426e-b7a4-31c00771fe8a,7176572a-f2f8-4fbe-8b83-657ae41aafbe,0032c76b20340da25249092a268ce66c,changed_mind,293.04,2026-07-04T00:00:00,approved
9ab0ae02-589c-439a-bed2-31fa974ba1aa,6440f5ea-2917-4e05-a181-781d487c95d0,1098d1250d5bdf8bfc6a83f26494067c,damaged,549.51,2026-06-30T00:00:00,denied
c0e3ef90-dc34-4dfd-be2a-8fd1190e45d1,27e731c8-d4f9-401d-aacf-5ce86e242073,5a3ee05d197e24b7bafaac3e2cbc7e55,changed_mind,25.88,2026-07-20T00:00:00,approved
2be7d1d7-2878-46e9-ac43-8b1b8866fbd3,a350c88b-a540-4020-99a5-f8d1ed6c3f20,2767ebe1fedf70562aa588a37a23080a,changed_mind,396.31,2026-06-27T00:00:00,denied
29dc7b5c-99c7-4262-bb24-937d1ca912a6,b07313c0-13ba-4a09-a5da-02d392ef3a98,0a00766f8a586a704af2767dc685ecc1,not_as_described,294.08,2026-06-07T00:00:00,pending
e8668a1d-99e6-4a5a-9418-8491c612dcaa,f7d80f32-b9d9-4506-b9c8-f6046cfa3850,6056d31a9cf9cf98ea9de7ef86cf4f5d,not_as_described,374.19,2026-07-19T00:00:00,pending
9e3e08ed-5cfd-439d-a02c-ea17be74df8f,75100bee-236f-4aa1-a38a-140cc0544f08,5a3ee05d197e24b7bafaac3e2cbc7e55,damaged,651.34,2026-07-16T00:00:00,approved
6abe4d8b-03cc-4460-ab16-ab58d6f8fda9,da693be4-6661-468c-9cbd-3ee60d3778e5,5a3ee05d197e24b7bafaac3e2cbc7e55,never_arrived,303.73,2026-07-10T00:00:00,approved
565affc2-ee21-4110-99e0-68e46fcbf92a,131e875e-c0b2-4355-9ff4-39387df5f5bd,24bb50e3ea35adf9a12adc0a440563d0,not_as_described,329.98,2026-07-23T00:00:00,pending
1242f486-10ef-41cb-b8d4-3e9038ffa4f4,792f40a7-e346-478f-a04c-de124c8af65a,afa2d112b99f01c2f052f0dfec88726c,changed_mind,235.65,2026-07-17T00:00:00,approved
1f98dd27-4b90-4c0f-ab93-609e0ab2253c,d7942e53-b95c-414e-ac5a-0a40b309924c,61657cd378eabeaa8ec89a448432357d,changed_mind,179.78,2024-09-27T00:00:00,approved
8133efe9-5b2a-4abc-a6fd-4260474eb409,b1dc2854-c595-4d44-abb7-b6f4e83648c0,26a2b0baec2ef2e226f1297de4b6a86f,not_as_described,440.95,2026-06-17T00:00:00,approved
ffef573a-a5ef-4509-a0d4-7fb3ef548538,0c2a9a38-5ba2-4987-a949-df9c95b362db,0b48151c4ac827afeee06ce2d77cc343,damaged,448.89,2026-07-16T00:00:00,approved
c82bf897-0d09-4c0c-bf60-4196fc915961,27e5b8ef-a70a-4a0b-ba50-64bb6283504d,e94f497b64b4c843216126feedb1dfae,not_as_described,363.12,2026-07-23T00:00:00,approved
57d14db7-8f21-47de-8a69-100927f6440b,265f2cfc-398e-4b1e-a066-fcec8395a03a,18e362d58b54666925aacfd86ff84213,wrong_item,134.38,2026-07-16T00:00:00,pending
cd0dea2a-b53b-4a8b-bcf2-3f83436bf95d,8fa4c98c-9e5b-4103-9fc7-ba2e8144e7cb,a012820fbbced38a03331716e231e0ba,damaged,563.55,2026-06-30T00:00:00,approved
a2fd4646-9aea-42ca-b57e-7926310204cc,e0049ced-1a20-446b-8f2e-21b148a0525e,0c7f5da7d9d33d16ddc25dfafcc513ce,changed_mind,30.44,2026-06-17T00:00:00,denied
9a6c8f61-91f0-4220-a35e-2d96c3634105,a3ffdd21-017c-4fc6-af8f-e39c0d74c5a6,d7dcb6a86716cae0bae52007bd8b7822,changed_mind,1615.61,2026-05-19T00:00:00,approved
2c72ae40-64f8-4b43-97ab-9e9d2ac83015,ff89585f-ddff-49f2-85d2-85791728906a,e89b05b0bb32e1d5065217c753a174d0,damaged,22.94,2026-02-24T00:00:00,denied
40e7fc80-2b9b-4ffc-879f-65b3b1b857ee,0568957c-74ea-4b29-9444-1281639cc39a,74adf920dbd3d2e6e9f18acd88b2fd41,never_arrived,411.25,2026-07-02T00:00:00,approved
f0b081fb-9e9f-466a-baab-543bb76bf5d4,1cb8e36a-d3e6-4dfc-bc85-86e826372e90,467bf79ce2396e5892760388eae4fcce,changed_mind,251.46,2026-07-26T00:00:00,approved
62344034-27d3-4a59-916e-fe6442a612dc,4d5ee639-2f3b-4d35-b5c1-aa84af8fb886,0b48151c4ac827afeee06ce2d77cc343,never_arrived,731.19,2026-07-28T00:00:00,pending
700afd2c-dd76-49c5-afa9-eae52dad258d,12feba26-ffd9-4356-8b10-907b63c4ad33,0b48151c4ac827afeee06ce2d77cc343,damaged,1319.87,2026-08-01T00:00:00,approved
5de81c8f-c797-430f-bb5e-2f8455b323bd,6d6871b1-83fe-4733-b050-ec750b070187,e94f497b64b4c843216126feedb1dfae,changed_mind,320.87,2026-07-09T00:00:00,approved
a01ef091-b35b-496c-806f-1a748708d8a6,fc50a0c9-e176-4b21-81cf-40206a54f63b,5a3ee05d197e24b7bafaac3e2cbc7e55,never_arrived,1118.29,2026-07-22T00:00:00,denied
fbe8fe1d-784b-4020-950c-f4696fd2ad52,0689dc71-8f5e-4958-8a8d-dd6aee64bcb8,5a3ee05d197e24b7bafaac3e2cbc7e55,wrong_item,766.4,2026-07-15T00:00:00,approved
0c363417-266f-4bee-9476-ac7e345325e0,fcc2583b-2edc-419d-a005-9af3649ef102,51c498c80f4afd96c234f0b6795f2e9e,wrong_item,112.08,2026-05-25T00:00:00,approved
24123259-abe6-4e2c-b3a1-cf237c20c04f,618f1ab8-c843-48af-8d7a-bc19c395b1a7,c2167133926371fa294b6b7e9da001e6,never_arrived,692.95,2026-07-07T00:00:00,approved
8b5ff587-4e9d-482e-aece-0148faa6a4c7,85eb94c4-0c4a-46ab-b388-1392474780a3,5a3ee05d197e24b7bafaac3e2cbc7e55,damaged,455.15,2026-07-08T00:00:00,pending
a964c912-95cb-4e03-bb29-cf5694e5f8b6,95d5ca4e-bfc7-4d2a-8b15-0e61a2b102e2,91b06e7f118797fea3e4fdf5b9432d7d,wrong_item,287.24,2026-07-01T00:00:00,approved
0f5a85e3-af44-47a2-b972-3aa9385297cb,7f3b42ff-d162-41eb-a897-4ec5ae0ce6ec,5a3ee05d197e24b7bafaac3e2cbc7e55,changed_mind,1343.69,2026-07-04T00:00:00,pending
35a66935-3a07-4a2e-aae4-dfdaeed5d824,5402ed34-333f-44fb-9e85-542d2412ed51,f054e8c1cbcf5e89ddd9b615c349936b,never_arrived,2488.47,2026-07-03T00:00:00,pending
6c300e17-c251-4e5a-8268-dc9d75393147,56251236-3ad9-4751-ad76-24a976a5bf0a,08995ff3d56d1423655c3b21cebe06bd,never_arrived,779.75,2026-07-11T00:00:00,approved
4a06af29-5eb1-4d71-98bd-b4114b3e4466,166fe7c7-2165-493e-b22a-03e7ab0b8c8d,d5b838b5c341f1957cea18610d054ac6,never_arrived,1061.46,2026-07-26T00:00:00,approved
8745c559-f0c4-4b52-b33b-241f7f1cf367,01e92db4-a96a-4069-bb89-bad8c12e366c,6a8fdf11c6cc553fe201f827da2f4e65,never_arrived,494.67,2026-07-07T00:00:00,pending
5568892f-720c-4e68-a221-c983ada15324,f24ca7f7-f525-49ae-9a22-ab02ea177a01,27b4a7740a9b118f9eed1e8c8be7822b,never_arrived,479.88,2026-07-09T00:00:00,approved
e44fda1f-20f8-45a5-b52f-f8e95316adf8,0a179dc4-a5e6-4ba5-86d8-992f1aed9adf,05c567475380140907b9ca53ba1dcfeb,not_as_described,432.68,2026-07-03T00:00:00,approved
88ef67e1-70cc-4b91-bbaf-06d8addd22fa,b6736e51-94a1-41c3-85e6-deb059e3208c,f68fcf829cc4c6c8a53b46c864c1639e,never_arrived,70.55,2026-05-22T00:00:00,approved
46ccae2b-1c9f-47d9-bd17-c7b444cae9d5,66514877-8a7f-4767-b6d4-f8b20d9d6f9a,0647d94e80c8033ef27686bdb447e105,changed_mind,199.69,2026-06-30T00:00:00,approved
4b1306fd-c5f1-4858-afb3-c76d4c631977,167166cc-f577-4e41-8f00-04e344b69ec8,120f875c7db31f3a391a0feacbe05fa5,never_arrived,382.65,2026-06-27T00:00:00,approved
7c925dbd-088c-4635-9ea6-d319d8bddaf4,b10b84c4-a7a0-493e-9c41-b7d23f8f4230,312f3a7159f8ae9a13199d7fbc53d1c7,changed_mind,442.4,2026-06-29T00:00:00,approved
61fdf630-a3b1-4941-b21d-d9ec12fb7bc5,0e5c6fa4-d64b-448e-a01c-07e9f11d449d,27cf4b153010911a0957150255a6c6db,wrong_item,1123.1,2026-07-11T00:00:00,approved
9a90296d-a9bb-42f6-bce7-0966606ad6c8,c41ba829-7cbe-4dc6-9148-cee8f0013b16,84f30d2fd3937449dc7e0c835c281961,not_as_described,139.72,2026-05-19T00:00:00,denied
dd2e4978-47db-4b9b-bab8-17dc3a46b73e,2c643aef-8436-474e-999f-5022d5fb4da2,5beb6ddd92a5f785780c5a7a08e9bca4,damaged,242.98,2026-07-24T00:00:00,approved
fc92ed18-c7e4-4671-8752-a7487c478cdb,68c90365-92cf-4e36-9f08-9592842312f0,804eb66464db178ab95f5f4ced1f4a9a,wrong_item,865.83,2026-07-12T00:00:00,approved
110eaef6-2648-4d86-93d1-962819495160,f37d9493-d076-4193-a8ed-5c2106bca3fd,587b326ba3bf8aa4d3e50fb1f38ea79f,damaged,331.78,2026-07-25T00:00:00,approved
7850ce62-a2d2-4bf2-8b49-0f75764e4398,95e8cef8-49f1-4d78-89e1-5a1cb95bbf77,4f8959e75186c78246b83bfb4219e419,changed_mind,432.38,2026-08-03T00:00:00,approved
13923131-65a2-4de3-9d0c-9b8645f50379,cc055375-94a1-46e8-9741-4bc7f7c33eca,8de2a640697fdc751bf88a16ae07591d,never_arrived,292.22,2026-07-02T00:00:00,approved
fccfffc3-8cc6-4907-9b65-5fe34c9bf2c1,ef19b4a5-d62d-478c-b656-b0f499c9869d,92a4b4c966f31e01ad29b7adc861f25a,never_arrived,450.43,2026-06-30T00:00:00,approved
675a7c01-dda9-4906-83ac-0b1af2c23172,28299806-8c2f-45bc-a1f9-e6db7d4ce7cd,f52a8a57228f8fc586dc65983d39904b,wrong_item,260.75,2026-06-10T00:00:00,approved
aba4c9d4-c5f1-4922-8e5f-dc7ec6e68943,7c4920ce-1e0a-457f-ba25-7b2f7d2a9f88,f054e8c1cbcf5e89ddd9b615c349936b,damaged,988.6,2026-07-26T00:00:00,denied
88ca00d3-7bf4-4e7e-8415-e8d05e7f0f66,17bb3bd5-51ea-4a9d-99ba-2248a13cbe89,3f10bb8c1f2cbbbaee66cb7b8aade13a,damaged,284.94,2023-10-31T00:00:00,approved
ec7edc62-36a2-4945-a2c3-7253345d331f,94ef2e51-0c66-4d9a-b813-9ad69b57338b,613262bab2c6cdc4c02b53fd5b284244,damaged,566.04,2026-07-14T00:00:00,approved
b7bf37a0-a12d-4fe4-aa05-f4fed1d6a993,d5821c88-a0d3-4cd6-88dd-afd23d24dcdb,3fd7c033b9809fe0d4536b4ea3b1e0dd,damaged,1173.87,2026-07-25T00:00:00,approved
9b278351-bb02-47dc-b619-8aa2e363ac30,6db794ff-7d2a-4230-b13f-a303a635bfec,f9b57816964006c90c458a0caba0306b,never_arrived,1032.37,2026-07-07T00:00:00,approved
a7c08118-d9d6-47f9-9d0b-ba3307d65ee1,43f17770-6715-45cf-87a5-ab2dc4d56393,8e990907b56d2383d3a39bf0cf9a3f42,changed_mind,766.28,2026-07-11T00:00:00,pending
9e11ae11-4d5c-4ec2-ac64-343176189e3b,fe392a7c-ecd0-4d43-b56c-11da292eac42,b134d1fbe77d00a8e0a4ce9d855ea927,changed_mind,37.31,2026-06-30T00:00:00,approved
3c5417e7-c339-4270-983f-bd671d32b89a,d2961431-d5ea-4d4f-b337-f0212ab72aa6,3af0b2f7654f613ff1527b997a2ac57e,changed_mind,182.85,2026-07-05T00:00:00,approved
c11c37d1-f59a-45ad-9c39-cc86e326689b,746c82bf-26cb-4b53-9b38-ca3c2a938a81,5a3ee05d197e24b7bafaac3e2cbc7e55,changed_mind,426.59,2026-07-24T00:00:00,pending
711e31c5-f243-4a4d-b0f2-f223aa6dfea5,45ed2d7e-af7b-49d2-978a-4de70e5bd444,39583d496cc15d47bfea1d9808e9406c,never_arrived,351.28,2026-04-05T00:00:00,pending
d093e643-1a61-426b-8495-0b460c598b8d,86c379de-7045-4e0e-ae0c-59257cad4df3,587d22544f4d6f17b39a30723a53a305,changed_mind,1143.04,2025-04-19T00:00:00,approved
c6cefefc-9ffd-4416-90ce-bebd2ac4f663,6a8b30f4-8f80-4873-88e4-fcaf4ac9bac6,e021e698833bdeb89dfef3acb2e91f37,damaged,2427.9,2026-07-07T00:00:00,denied
e6712430-3994-4ea4-b741-cd4fe1deaff1,2838bd24-f938-42c0-88e4-27419b10a7d3,30cdd9eea2b6192b8fa65c9ff5e59acc,changed_mind,195.4,2026-06-19T00:00:00,approved
addbe15b-9b40-479b-8baf-57158a2bd61c,ec75dc62-4301-4bf7-ba5c-1ab9f322ab74,0b48151c4ac827afeee06ce2d77cc343,never_arrived,836.22,2026-07-13T00:00:00,approved
2c720912-612d-4081-b3bc-04b7dd9b03a4,56263fb9-fa8c-4ed3-8c57-2244eca97964,4dc9867052507ed64279ae90d1946da2,not_as_described,209.47,2026-07-03T00:00:00,approved
ffc9c170-1233-46a8-a82b-da395b379ea1,f65065bc-7f56-4cf1-a29b-b16014dd78c7,a012820fbbced38a03331716e231e0ba,changed_mind,543.22,2026-07-11T00:00:00,pending
65110a33-fa57-4866-809a-9975109a94f5,3f15f2d4-d8c4-493e-8348-8d711b998815,1717cd357c7bbb3158e701005cf8e50b,never_arrived,246.85,2026-07-04T00:00:00,pending
88be3bc3-6041-4ce1-b198-3a143c456517,d3215f6c-e85c-45f4-b11c-94271cb20160,536dfadbe03a1508f0300502ddb0545f,changed_mind,2523.57,2026-07-14T00:00:00,pending
73fafd49-8ed0-4cea-bf47-d7fe4d732095,4bb0b1ea-e19f-4b45-acff-23106897ccf9,f72d1ee92d55688d07ca88506300715e,wrong_item,559.97,2026-06-29T00:00:00,approved
dec94461-4613-46c7-9c2a-38f3535bc143,c351ff32-be70-49d4-9279-201cead4d1aa,6056d31a9cf9cf98ea9de7ef86cf4f5d,changed_mind,714.8,2026-07-14T00:00:00,approved
473a28f7-be0f-4061-8d1e-d7ea22218f6e,51caf8f5-7b47-4374-8183-7e43227ba3ea,5a3ee05d197e24b7bafaac3e2cbc7e55,wrong_item,284.0,2026-07-13T00:00:00,pending
2b0c5d82-5fa3-4348-97b7-83ac5e6bd74d,721e0595-87bd-48cf-bec8-6182b5e445ac,0b48151c4ac827afeee06ce2d77cc343,damaged,236.95,2026-07-24T00:00:00,approved
4a8fc318-c7b0-47bc-b549-6e0af16af309,55bc6de7-3c11-486a-be04-6368628424fa,c29bc878f4400d62f9d33ddd8d13236b,changed_mind,271.14,2026-07-07T00:00:00,pending
2a13577a-114b-4f63-8fe8-eb900ca35295,b2624423-f264-4130-9d2f-836a31091c1c,9dc80712fe7b594cb2022882737397c2,never_arrived,199.75,2026-07-19T00:00:00,approved
5327f072-3d84-4228-a167-d2985c2f2974,87a80efa-62ae-4dd1-b957-425a106fb9c0,5a3ee05d197e24b7bafaac3e2cbc7e55,not_as_described,323.94,2026-07-08T00:00:00,denied
8734fd9b-298b-4270-b4f0-0a336d6e3764,16465b69-8efc-47cc-9a5d-ec9d66543356,08c07c761592a71b85136aa4fe76a6f4,never_arrived,92.21,2026-08-01T00:00:00,approved
56caa520-f91c-4741-a798-bc33e8ee4f1a,317d01f4-d7de-4375-a99a-9d7c553ddef9,11cd4821f3f646fae625b1f043fb5ec3,never_arrived,483.56,2026-07-11T00:00:00,approved
281eb72e-9970-45f5-be16-a590f5b3a228,2c7a7b33-06ca-4774-823f-e4658f1bf322,0b48151c4ac827afeee06ce2d77cc343,wrong_item,473.45,2026-07-15T00:00:00,approved
9d4cf1fe-bd22-4647-9950-8bcb1f0ccc2d,5953119e-d7e7-4bf4-83aa-7798ad5458c8,5331278432c1d2f87ce463412a344d1e,never_arrived,388.63,2026-07-13T00:00:00,approved
8092e6d9-31e3-4edd-bde4-0089a0fce5d1,8d4b1005-b84a-4e76-a852-64467767debf,9089f3d032c44d092d8de15a28de55f0,never_arrived,705.46,2026-07-26T00:00:00,pending
2a775f41-b20d-43cf-9999-134c790234af,a6a614c2-5b7f-4d69-b36f-75fa2a5724ef,5a3ee05d197e24b7bafaac3e2cbc7e55,wrong_item,1354.97,2026-07-09T00:00:00,approved
7d09555b-89de-4efe-9957-306571087dfc,788cc468-1d00-4961-90cf-081dcd464ff0,0b48151c4ac827afeee06ce2d77cc343,changed_mind,412.75,2026-07-26T00:00:00,pending
25b39d84-7d20-4a4c-b5e9-5806bbeb3e49,1c810937-78a7-4063-9983-d75242f3cf0d,803c9b252709beca97a308a9197371ff,not_as_described,218.75,2026-07-13T00:00:00,approved
513d87b7-1263-4fcd-a895-4ee5d893a2b9,80e315ef-9f0d-4eca-91fc-aaf0221a1cce,84b0bf771f3b14f21e6dd37e2fe2eee6,wrong_item,158.45,2026-07-03T00:00:00,denied
70c6b8a5-76d7-4320-8992-9e62af7f3c45,50c35022-115b-406c-9018-976e55fb1ffe,de038e601db2bbdb12a1ab691a58f7e2,never_arrived,1578.63,2026-07-27T00:00:00,approved
66c2ebd6-62a8-448a-adc6-82d21219dcd8,31e9d703-4f2c-4140-8800-c815d65cd00e,63822de2a13203c2aa8a22cb8e52bcd9,never_arrived,419.69,2026-07-27T00:00:00,approved
17b1ac1c-7988-4b27-b9e2-0900bd07d22a,55a3bb2f-959e-4647-a403-8ce9e0c79844,07df139093b720d6512c49da2980e3ee,wrong_item,168.02,2026-06-22T00:00:00,approved
7b2a86c9-f9cf-4d81-a842-cd99cbbd60b2,e04fc719-5038-4231-b6d6-b8caee50b80a,3078dfe83b099ae6ebe055be3abe0c0d,not_as_described,567.23,2026-07-12T00:00:00,approved
21871017-a823-4855-aca1-ebfef4914917,19011a0f-2a17-43ca-ae88-1956f5a87566,8574faf241b0a789d42051aa783d46dd,damaged,271.53,2026-07-01T00:00:00,pending
002a9ebc-a3db-4e96-944b-8cf1219d2081,f532830e-2612-4110-9278-d334d03cccc3,0b48151c4ac827afeee06ce2d77cc343,not_as_described,299.95,2026-07-01T00:00:00,approved
6fcd63d1-7acb-4e0b-90a1-6473f1e5daa2,224722c5-37ff-44ec-9206-85c2f965a87f,b6e99561fe6f34a55b0b7da92f8ed775,not_as_described,106.05,2026-06-14T00:00:00,approved
92a7f035-8850-43e8-bc58-6a6fdfde0922,3cbd604a-f2ec-4d4d-a302-16a3c125f105,0f6371fc9c2e78818a6e7aa33022a506,changed_mind,144.3,2026-07-01T00:00:00,pending
0bd9173e-5112-465b-a1c2-3f88eead132d,e07c4ea8-9ed1-4f69-bc19-d3c76af11a7f,5a3ee05d197e24b7bafaac3e2cbc7e55,wrong_item,506.59,2026-06-28T00:00:00,approved
a6437e0e-a65e-486e-8c40-955a95da6e38,8a2cf0e2-c649-4d21-a16e-cbc2c90532a1,5a3ee05d197e24b7bafaac3e2cbc7e55,wrong_item,315.76,2026-07-29T00:00:00,pending
abd9f8d1-730d-4df9-b09e-e2607d81f3ff,f4f74543-2b4a-47ab-8998-e75a3254b4c1,a012820fbbced38a03331716e231e0ba,damaged,140.28,2026-07-12T00:00:00,approved
c810c19c-3f9e-4328-a9db-f32b17f599e9,f484f8e0-e95f-4fe1-9789-9eae0951e842,dca996b43abe5392a685a11289eb1fbd,damaged,445.99,2026-07-13T00:00:00,approved
4c060907-a570-4abd-b1c7-6f68516172a7,c2c307c6-3a3f-4552-98a2-383292882fc9,2ad3e8ebee7119e3be506709cf52c2e7,not_as_described,139.72,2026-07-06T00:00:00,approved
c867e642-9d35-474f-800a-7283829672b0,7cd16f87-adb4-41ac-9ecf-f696d5f551bf,5a3ee05d197e24b7bafaac3e2cbc7e55,changed_mind,673.33,2026-07-20T00:00:00,approved
0657be13-f357-4e28-b851-af993645e1b0,4400b533-7542-499b-87b5-1c010bed030c,a696ba5db33cf4835a04dd5965a86781,changed_mind,298.13,2026-06-05T00:00:00,approved
c19d3168-5db0-421e-8c7c-6766cf62b06e,8a065e2e-5af6-45fc-af58-94cdb297cc6f,f5de43d4ead76e9519babb3d6189ea5b,wrong_item,279.38,2026-07-13T00:00:00,approved
f34a96bf-f936-467a-93f6-b46d089ec832,01e50b63-46df-4408-b10e-afbab976fd07,cd79b407828f02fdbba457111c38e4c4,not_as_described,1019.37,2026-07-21T00:00:00,denied
2cda3577-35fd-40d8-a6cd-41e179621b99,a025f42d-8478-45aa-a9ea-f48810f4187f,4bbaf6f7a10a7e26a8777aa5cb6d5864,not_as_described,625.22,2026-07-21T00:00:00,pending
f069d9aa-2706-4e59-a815-91f311c13c6f,d99ecb3e-c078-49a8-a53a-de33bb82683f,30d77053d42d9d72c6875552cba2cc64,wrong_item,402.82,2026-06-25T00:00:00,pending
c4d01232-ec53-46f2-be2a-21d67e59071e,9fe6ebbd-62f6-4cdb-8d11-8b45aca669b4,20bb1d9431264f331e47b2da94991eaf,not_as_described,403.16,2025-10-14T00:00:00,approved
25aef9a7-5bd7-4489-88d1-970a146f5bd8,f027a507-7eda-42e8-8afd-cfcf02b2da46,424aca6872c5bab80780a8dec03b7516,never_arrived,478.48,2026-05-13T00:00:00,denied
9c23e667-fea1-4a93-a962-e93d4b2dcd81,0421834d-c48b-4038-9ddc-9ae300928f53,c756c5a0183a0e0c511a8b00fa1e2ee2,not_as_described,579.46,2026-07-09T00:00:00,approved
4570be9d-06f9-4b49-9b23-f6c394bedc91,f32230de-54b0-49a6-a31e-458551e52ea2,54350062476d8cadeb3460a0afce6735,never_arrived,648.4,2026-07-10T00:00:00,approved
237f3e3f-f097-49f9-9300-ebb1ae0534be,fad29fc7-ed3d-49c6-b4d0-7413494934cd,996d5fb8a5736b0fea622c72fc1026c7,damaged,594.41,2026-07-14T00:00:00,pending
0125b3be-4c1b-48d1-8151-bf4e48de0a6d,a220acba-fa44-41a9-acc3-e0e00400b0ce,fe78f9a2d0726d03ff9fc4307d3fa5df,damaged,884.66,2026-07-12T00:00:00,approved
ccb0e8bf-9dca-4221-9ac6-b7ea32aa356e,e0a2af43-bb49-417a-8cec-86823b71cd96,38e31fda99a5fb901d27134d18d36c75,damaged,160.08,2026-07-11T00:00:00,approved
095a5d38-7712-401f-9338-47d938adc143,ea09a366-2893-4809-8abd-75f95b0dcca8,816a9d13b0b4a4c4b7c1015ba08deff1,changed_mind,199.22,2026-05-21T00:00:00,approved
ea8032b5-64f6-419a-b5a8-2968d48600cb,dac68d37-572e-4d9b-9818-52e5977b16e4,92d6a6df2cf2d6e2fa89dc1d28164c98,changed_mind,197.49,2026-07-03T00:00:00,approved
053fbd81-4414-40a7-8565-81cdc012c68b,bed4df30-030c-46c7-b532-f8c220345c9b,468d559ef2dcd2bea6d8db78959fb90f,never_arrived,537.05,2026-06-27T00:00:00,approved
4bda21e1-9dc4-4b04-88df-ce3d3de73e59,dfb74323-1982-46b3-865c-ac1331b5f3ab,5efebfd4cc8bc54a199c512d3bb1c6a4,damaged,348.98,2026-07-18T00:00:00,approved
f12f626a-7b1e-4d92-86f2-f116fc0adf6d,37266392-ca8b-45e6-8cda-adfb5a9ede81,b81208443af1b894742a304cf0f86b9b,never_arrived,611.5,2026-07-15T00:00:00,approved
2a9df55a-7f90-408b-8d2a-ad9d4b1120ba,e6201ed4-ad7a-4e98-adad-71febac1867a,5a3ee05d197e24b7bafaac3e2cbc7e55,not_as_described,495.35,2026-07-21T00:00:00,denied
2d3a2b5c-1336-45d7-9c61-991b9d7fa915,122b4a84-88db-4db2-a4c3-56b66dc3d932,b8c37ee810b38c416022e1c9f51e740c,changed_mind,192.43,2026-07-17T00:00:00,approved
5e62fbde-a148-4dd1-9a27-a6d9b15cf478,1583d9bb-3bd8-4459-97bd-db55683c1c8a,3420ecc1371e17140c73a1dd148b7390,wrong_item,572.21,2026-06-25T00:00:00,pending
c15f77ae-b974-4c25-ac92-509ed3259fe2,b38efd5f-a8f8-4067-87ca-b0a346d8d824,701ada356e78d72bfd5b279280762b79,not_as_described,1182.4,2026-07-17T00:00:00,pending
210fd3e4-b7cd-4d5a-9476-b3b6598ce9ad,db5a8a28-0509-4675-b800-f45e2942eb0e,167df41b0f249b15af37f592fb5c8c15,not_as_described,73.26,2026-07-01T00:00:00,approved
d50527fc-6231-4cd9-ac06-2956d38f3574,bd67fa71-29b2-43ac-8228-623746dac353,4b0cbf5ea22869c5ea269442f9b849e7,damaged,402.99,2026-06-30T00:00:00,pending
e0b602c7-de6d-4e0d-bfd6-a496996a0b38,aed22874-63e9-4286-8284-7c125d74bea2,99e36749c5c84dc56b13138caac13b55,not_as_described,155.18,2026-07-05T00:00:00,pending
2699c4ae-326e-4826-a74e-9f8a44e14a04,f9a6be6d-f566-44ee-b89c-f515e754f611,83c76475c52e94b39f6240b68ffec54a,not_as_described,197.73,2026-05-01T00:00:00,approved
48745490-e7f6-4f4e-8890-f2828b24cd83,ee579db4-16eb-468e-9939-e4df8ed77a22,cd8738980c3332339baf3e92dd5cb071,changed_mind,279.74,2026-07-13T00:00:00,denied
701ae3f0-d499-495e-929d-807ac020b49b,d4b2ce8c-74bc-4565-8c8d-071585306330,50aef30dabc7aca975dbdec85dcb848f,wrong_item,291.9,2026-07-09T00:00:00,approved
f670245c-7540-449d-86a8-86006a5cdc3f,25a7a1ae-d433-4da4-b83d-26abb88f2f27,cb296f03ccd21cfcb3ba0778c4f3b7d9,not_as_described,245.24,2026-07-21T00:00:00,pending
a47cbb93-5dec-48c4-a36b-fddf0a988d4d,45db1592-4603-4b26-b56a-18d966555bb1,e48c34104caa1c6ad2fbcaddabe30092,never_arrived,531.82,2026-05-22T00:00:00,approved
dd39bb92-65ea-4c0b-a58a-6394934ec59e,2c6cfaa2-2587-4240-9c0b-32b0839bb575,5a3ee05d197e24b7bafaac3e2cbc7e55,never_arrived,803.41,2026-07-29T00:00:00,approved
07199deb-621b-40ad-98d9-a124f9c26f11,dc9dbf7a-7ea4-49f8-abc9-30b7034f7d57,3be2432d88955b7cc6e9cb71d9d1931e,not_as_described,583.23,2026-07-23T00:00:00,approved
c7ae9461-a088-4063-b38a-880a70920251,c882d3d5-81d7-4184-bdd3-5189dcc54f90,63fe99fa23473a7340917d48f548ccd7,wrong_item,866.33,2026-06-23T00:00:00,approved
26e6de55-8e48-47ee-b507-51f71cf0d2d1,b5941f2d-296b-470f-a95f-e4f3393fa937,e021e698833bdeb89dfef3acb2e91f37,wrong_item,648.84,2026-07-14T00:00:00,denied
1e3d4fb4-b933-4b14-80af-db71a7fc9501,5e6117f5-045e-421a-a084-aff738ea2693,4b3496d4740f8929ba830bb965b82891,wrong_item,228.87,2026-07-16T00:00:00,pending
4a38ebdd-c9af-4be3-8369-021075fd58b0,c133591d-93e3-4760-8c8e-2f0c8177ce81,9072b46e3b68961565477d90b24092e9,not_as_described,206.14,2026-08-05T00:00:00,approved
690e0cce-e9b5-4ea4-9ea0-90701f358970,c0fe9cef-577c-44bf-a60f-b35592b79124,5a3ee05d197e24b7bafaac3e2cbc7e55,not_as_described,210.56,2026-07-13T00:00:00,approved
1c1e3333-e839-4a33-9d2d-12c3db6c8e50,04da6be7-dab2-4432-8e65-c065dc68ecbd,f1d32fc4daad97978a28051b160ca25e,never_arrived,1347.1,2026-07-09T00:00:00,approved
f65cd7c6-47a6-4aa5-9d4e-36aaa0cc34fd,b5992ec3-b33a-4c9c-a0cb-967a6ff1a30c,804eb66464db178ab95f5f4ced1f4a9a,damaged,50.34,2026-07-03T00:00:00,denied
20b9557d-63b9-4f47-8f81-47877a94e156,fbee21de-9d13-41fb-a730-a55ccb34dfa6,2a2eeca87e56515b095e26141f95a2ce,wrong_item,488.06,2026-06-27T00:00:00,approved
b8c00338-5703-4b9f-aef2-84f63404b3ba,b0c937da-bdc7-41d3-9ae7-edcbc59451d9,f152faf30f85d9b5784cc9a72611a810,changed_mind,136.67,2026-07-05T00:00:00,pending
b6e0281e-5f60-4446-8ffe-0348b0eed7f7,54261bd6-8e5e-4657-a573-03366a4cbae0,fc25f71bab94146446884fc523121d48,not_as_described,511.03,2026-07-11T00:00:00,pending
eaf0aae0-4949-468a-8b00-ade2188e4b5d,d72d1b80-f433-41e7-b1de-ff8bcb56e2d4,058199325498b546a39e5652a04dbbcc,damaged,75.08,2026-07-09T00:00:00,approved
2b9851bd-c49c-49af-837c-092c61f20efb,efce14a9-19db-45e6-be89-7f932a19e089,873b6512a80d4ccc7ec1ad735ab81a81,damaged,227.55,2026-07-09T00:00:00,approved
b09f1874-afac-46e7-a90f-0dabf9cc8761,c2d6dd5c-df67-464e-a6c7-ca18ac23ac86,e9adf7ea1e1dbb166b5024015154104b,changed_mind,61.49,2026-05-20T00:00:00,denied
c936b246-ff8a-448d-a7da-e48c10ecd5aa,bab6a701-03dc-455e-8248-425ec975b028,aec17cb0c9dba3200a2c49c3ef0a07dc,not_as_described,458.38,2026-06-27T00:00:00,approved
f7ca6278-4f0f-422d-be94-e503c94ac5b1,e22bcf9a-aae5-44df-8d02-da5522b9b803,e9738b45a5906bd7778b089a4ebba74b,damaged,323.57,2026-05-12T00:00:00,approved
76251dbc-e708-4f90-bd64-3b3273052bf8,4db76281-af9d-4a89-a96d-f916604a827b,b3a8a8097a47f8a79016a801b6b94dd2,damaged,239.35,2026-04-15T00:00:00,approved
e101de1d-87be-4eca-8cc3-2abc88bdcd11,f1fe4742-f854-401b-8ac0-53d641860510,29bbf509bf085413d69208f1547f76e0,changed_mind,396.73,2026-07-20T00:00:00,pending
620300c7-ee74-446c-85a4-2718f1aecbd6,0a0a3596-1e14-4486-8234-62f88a90c65d,cb5c545d96f39390b7f372aaa88c4a7e,not_as_described,477.92,2026-07-21T00:00:00,pending
fa562a03-3197-4661-ac1c-9eef1a17c4da,486fd403-e72b-48b7-b057-386a1cbb589c,fc25f71bab94146446884fc523121d48,not_as_described,113.41,2026-07-08T00:00:00,pending
521d3543-a88f-431e-9866-fc148cfc8b32,b3d08ace-1c20-4c82-b078-f057d0244923,33f86281d5203b278e32070d4a02592e,changed_mind,1174.59,2024-10-21T00:00:00,denied
b2f7d102-09a7-47f3-89af-0957f780bd8b,52213287-f323-4a80-a32f-d7435e040919,40c222fdf42ca7cb872bb2c4ebf06f93,not_as_described,562.61,2026-07-19T00:00:00,approved
17de0d16-6ba6-422b-bfe1-60b12c36e530,7adc0f56-92d0-4d80-8e1c-fe0b59986c6c,1b2612a1eb1467aba19e5bef0da52217,not_as_described,738.01,2026-07-11T00:00:00,denied
7fd9090c-e506-4caf-acff-80866ae41d98,5802f430-fe4e-4b77-a6da-20acfaaf2e83,586d40194eaf4932c4c5d248926beae9,changed_mind,462.89,2026-07-17T00:00:00,approved
aae2dc10-5f5d-488b-a1ed-4edc788512dd,f54509fa-168c-4782-af22-9ecb11108358,f153272ca75661659630de82f3f2084d,damaged,299.28,2026-07-18T00:00:00,approved
7442f0ea-bb4f-4b37-80e1-88cb6f148534,cccc4cb5-3448-4ab2-9ff3-e3a8ab7d8846,c3ae72f7fe12701be16e17345697d359,damaged,192.87,2026-07-09T00:00:00,approved
13a58811-d201-4b88-90a8-1947f8cf9318,6cdc75fb-f695-497d-8852-4f8ef592669f,1145616de76e14f4e7fd5452c2be149c,never_arrived,471.19,2026-07-11T00:00:00,approved
bffa6f3b-f3bd-4726-a19f-6e34fa568b8d,2dd27072-01ce-4b48-9a91-8645c543955d,7c64114d404c93f2c4305a9f2e7dc3eb,changed_mind,2061.67,2026-07-17T00:00:00,approved
359b16f0-02d3-42bb-a384-e16f3e48f729,c90063f3-b2cc-4b82-8e28-1aabb6ae49b9,d3e1706bd9290ddbfd20fc30fa7224b0,never_arrived,1142.79,2026-07-18T00:00:00,denied
c5e3b7f2-f512-40e5-ad9c-3ae21a2b874e,7ca8e096-04e8-44ce-8868-10ba943cbd76,6ac37d07d28f224d58ca5c8d595e91c9,wrong_item,576.88,2026-07-06T00:00:00,approved
0839b33b-832a-470a-9e6d-d36f083a894f,69eec6e4-f764-4904-a971-ac726d18b3aa,f153272ca75661659630de82f3f2084d,never_arrived,358.28,2026-07-16T00:00:00,approved
100725d2-d114-4ec2-9f29-2109db73c142,7ce17287-30a0-4881-829f-5721a5a26717,f7c7677be77763b1b2cf982a5e67fa61,wrong_item,137.56,2026-06-27T00:00:00,pending
c1578893-492f-49ad-aeeb-000a46092574,c3863a76-8742-4d8b-bdf1-25fa6e847c24,5dbaf31e6f3ccef2df173b8d09a07128,never_arrived,881.01,2026-07-27T00:00:00,approved
cf888389-f0b4-490f-943b-87db54dea93a,ee7d6d51-e7ac-4602-95d3-cb3ba4516b01,fdcf4139f50f370c91e8b8f33adde2a6,never_arrived,387.06,2026-07-24T00:00:00,approved
47db31f1-36fc-4f5f-b7c7-6e875cde22ae,01677083-40b0-4400-bf21-eee2a4982a20,5faabfe6772088c4d906b63fa81ac63d,changed_mind,1392.5,2026-06-30T00:00:00,approved
8de0c549-3af4-42d3-9d97-00e38dd19167,5758a084-db8f-466a-b29f-68def92e392b,a8bf8a5a3f01ec3bab15b75fb1920205,not_as_described,469.43,2026-07-16T00:00:00,approved
0332bd8b-0830-481e-91b0-b1922ea50a92,e6314b19-2577-4f47-9d48-5a52c9638bc3,f054e8c1cbcf5e89ddd9b615c349936b,wrong_item,149.7,2026-07-31T00:00:00,approved
a6f64f2b-f97b-4966-9252-e9dd77c7efe9,5cd69d12-2e1c-464b-a4c5-681de05f83e9,5a3ee05d197e24b7bafaac3e2cbc7e55,wrong_item,190.56,2026-07-26T00:00:00,approved
b1a2cd22-d5a7-4a3e-9c49-3ee23d6bc646,8ebd2e6d-da53-4233-9e26-95ed919b41e0,483ccebb9c42ae89d35740fadc153835,wrong_item,376.77,2026-05-23T00:00:00,pending
e61efcea-5fe1-4847-a0ce-71ffb4a97ac4,fc88204a-9c2f-4789-b436-73dcacd5cb86,f62f269f9ce7c41d20a90f70df873f42,not_as_described,770.98,2026-05-25T00:00:00,approved
58c4c4d0-24b3-484f-aaf6-6f3e91e6d484,45c686af-9007-4524-b6c2-4c7b4391a066,c9158d089637ab443c78984d20da7fc0,damaged,517.89,2026-06-28T00:00:00,approved
d96916c9-68f2-41ba-8385-9f51b4943651,44ec988c-c59a-48ed-88ea-c594e3ff6620,49c00537cb6418b95faaff96b95d596e,not_as_described,479.21,2026-05-17T00:00:00,approved
2a081c2a-8493-4a06-8f39-71f17c8ef498,eba797bd-eadb-415a-9d7b-fba91969b35b,2f7040ff8e20664c0856a138a97eecce,damaged,377.21,2026-07-11T00:00:00,approved
6827f0e4-c4fe-48f7-b867-103246dd94db,83a313a3-d517-469f-b229-8c33d46055a5,f0d5f6b6b48d4e1599420b22ff2de1dc,never_arrived,543.6,2026-07-22T00:00:00,approved
545e61c5-2f8d-40d9-9147-f4619ae163e8,49996fb2-b71b-4d60-882f-aa6c71fe61ed,0228e299d1cabeaf9be64b5ccd784c97,damaged,429.82,2026-05-16T00:00:00,approved
e52a47e6-a0f2-4d6e-849f-d3d6e76cbf2c,10def41b-cd27-41a9-b809-434c4d8c5946,5a3ee05d197e24b7bafaac3e2cbc7e55,damaged,1057.69,2026-07-09T00:00:00,pending
ad1755c4-d6b2-4fb6-8a91-0a913f2cf318,73f115b9-f584-4448-86da-d6452e58c492,43fcee98a4442ab2f299df637f8e2413,never_arrived,576.99,2026-07-14T00:00:00,approved
4b3c8965-fcb5-4347-b69b-550ec7173b4d,3cba5997-751c-4b67-88f1-5fbae4e731b5,eb3401656cd6eaad985629735dc1c339,damaged,268.81,2026-05-31T00:00:00,approved
529a7bb8-90d6-4e23-9dd9-b18fe3f124c4,d21accc1-c446-458c-9ffa-9731ea8a3ada,05c567475380140907b9ca53ba1dcfeb,never_arrived,350.53,2026-07-08T00:00:00,approved
e18f85a1-7678-4f1c-bc1d-134e44e9ef5e,bf265113-005f-4250-b147-f5f029a66d8c,913a4e0cb7fe555e6cffa875ecd58e2e,changed_mind,501.81,2026-05-05T00:00:00,approved
84bcd63b-449b-4633-b4da-f7a8a3268238,a50a1edb-6ecd-40bb-82a1-56a7a8f53192,27aedee05bc8e9bcc4da2bae37fd4d78,not_as_described,1252.33,2026-07-12T00:00:00,pending
bba42f3a-a9be-4df8-be24-3c3e0eb41783,f8ddc9b3-f135-4164-8d4b-4790d547c6fb,7e8ace5e83e019d284a1cf0108b57f94,not_as_described,200.81,2026-06-27T00:00:00,approved
9ee59e2e-7850-4581-bc46-3c89ded8cde6,3df0277d-e500-42fc-ab39-8de36580b3b0,a012820fbbced38a03331716e231e0ba,damaged,409.07,2026-08-02T00:00:00,approved
03d6b60e-3d79-49d5-ad37-fc839d8cdd33,afb477ae-4bd1-47c1-a6ad-922a8322bf14,795ec127906a9e161109399a70f5826d,wrong_item,327.7,2026-07-29T00:00:00,pending
49333744-82e9-48cf-b573-974d0c1ea4cc,1bc9fd9f-872b-4902-952c-2f1fa596a01d,5a3ee05d197e24b7bafaac3e2cbc7e55,wrong_item,353.95,2026-07-10T00:00:00,pending
acc8428f-1ed3-4e3a-92d4-2ebc40c92aa0,89531414-8348-4ebf-ae61-162ac825b360,144b9f1cf244df05e042b5262ecf97d1,not_as_described,619.51,2026-06-12T00:00:00,approved
2a4b3c25-852d-4f02-ba98-e7ee4e729521,de687c2e-eca8-4e7d-a448-bdf1a2d565b8,fda3a6917a6ad5f8fe29d2177f79f210,damaged,60.63,2026-07-02T00:00:00,approved
35210dee-8548-4961-a49c-6c4e568d3dee,ec4ff346-9624-4378-8c48-a3a3f7c9af91,ceacd31e6413fd9d12c7c85b5fe2723f,never_arrived,40.66,2026-07-18T00:00:00,approved
53eb3b98-a747-4acc-bdde-83b97b519827,82fd3743-c3f3-4c39-8c4b-4c454ab6626d,f7c7677be77763b1b2cf982a5e67fa61,changed_mind,1232.8,2026-06-28T00:00:00,pending
f43c527d-cdd9-4464-a865-2d49bfdc077b,80877359-9d17-44ea-9460-2a2fec163a8c,5a3ee05d197e24b7bafaac3e2cbc7e55,changed_mind,294.91,2026-07-20T00:00:00,approved
558d1cfd-dc15-4f71-b5c8-26c5eeb8cb11,7f14c74d-4a6a-4398-b6f1-b7dc44d09ddf,6056d31a9cf9cf98ea9de7ef86cf4f5d,never_arrived,313.36,2026-07-09T00:00:00,pending
5ba6b3e0-0cac-4717-93ad-0f4e9529ecde,360e2102-c44b-4bd1-b3fd-385790ac323e,5a3ee05d197e24b7bafaac3e2cbc7e55,wrong_item,1182.64,2026-07-05T00:00:00,pending
a9b02080-bc72-4a40-b40f-0dac9b923709,4e1c1569-3197-42d4-8023-08634ff3dd36,d1ec84ece21390313fe8dd6457dd6ecb,not_as_described,36.43,2026-07-29T00:00:00,approved
b6d8197a-4b74-46ff-b0ad-ccf6d587257a,dae74625-b212-40b7-bdeb-92954e2045ba,8728c766c84eeda24b3e54fe6e632051,never_arrived,193.16,2026-04-01T00:00:00,denied
5cd024e3-0827-4f95-a7e4-bfe335d3477c,a041c42d-05d0-4802-a116-74177949a20d,5a3ee05d197e24b7bafaac3e2cbc7e55,not_as_described,71.96,2026-06-25T00:00:00,approved
cc5a9311-3543-4a68-b5dc-758ed54204c8,c1019ef3-d8a6-4d52-bfbf-ac7993d8e178,027ef1dce56b52802c3d35cd5beda928,wrong_item,547.85,2026-05-14T00:00:00,denied
46959865-5d40-48fc-b2d8-8a0a58d18d90,686f960e-229c-40f0-82d0-702c65db4da5,e3113c1f62d89d94df4fc7cb38159411,changed_mind,514.5,2026-07-11T00:00:00,denied
b13a4cb2-446d-4494-878c-711e3fe178e1,2e4dfc3b-6bd5-4287-9faf-68f0abb62b22,1b8b8c36e0ae8744756d6db86ebca373,wrong_item,838.77,2026-06-09T00:00:00,denied
9dfb3b67-9c52-4e8d-a268-6beb86f017e2,65f25506-b142-4ccf-a348-bfead20c1da2,8dfb24fac32ec7170821d2be63fa9c1c,damaged,680.57,2026-05-28T00:00:00,approved
27fce3da-9b64-4c6f-862e-73872af27dcd,fb5b2bc3-b337-4813-aa23-bde4caaa0eb2,d7dcb6a86716cae0bae52007bd8b7822,damaged,1041.18,2026-05-22T00:00:00,approved
69331e05-b3de-49f4-82bc-11d0a09f8a55,2b02ca39-78f3-4654-a3fc-ec58d4dc14b0,ef07ba9aa5226f77264ffa5762b2280b,not_as_described,416.15,2026-07-05T00:00:00,approved
152e0869-56cb-4dc5-85bb-c9dfef520d22,eda0adf4-6829-48ac-9065-7e6fa7bd101b,0b48151c4ac827afeee06ce2d77cc343,damaged,463.28,2026-07-29T00:00:00,denied
26c12099-382e-42ec-9961-2bb9c928517e,de5e3e53-57ed-44c0-be4a-32c6c9408e15,b5e391181709e5196275b01b8e6e9d73,wrong_item,763.65,2026-07-09T00:00:00,approved
a479d560-31fb-4eb1-9346-9de551b0162a,dec5f169-21af-4eb2-a9ca-c0f3a7afff07,7c64114d404c93f2c4305a9f2e7dc3eb,not_as_described,11.81,2026-06-30T00:00:00,approved
e12b2d22-0865-43a7-9689-b1ada064b1b3,190f680d-480a-4698-bb8e-311fdc18fcf8,f8e72998ed5d90531072d0f39d6bc9de,changed_mind,391.9,2026-05-24T00:00:00,approved
f644fe8a-2fac-4349-af78-6507e12d86f9,17416985-0f36-4af8-b365-0b407ce377c7,4c93744516667ad3b8f1fb645a3116a4,never_arrived,356.03,2026-05-28T00:00:00,approved
d956e7ab-97c2-41d4-88b9-4f7dc10f9544,ba9439b7-2eda-4840-ba79-99921aba70de,4f49e4d666dcede7d03edb6040ebcd2a,not_as_described,154.66,2026-05-25T00:00:00,pending
77dbcaeb-abde-4a2f-a98f-49f3e7a0162b,0a29e093-acb0-45ce-a620-617a4ca784ea,f8ac03cb1226e6f2699b45df0032dcc2,not_as_described,1095.2,2026-07-11T00:00:00,denied
b16b0e31-d7c9-42af-95f0-f95f2728b7e7,63c08254-d4d3-4f2a-921e-fe6884bdcba8,91275e7b1847f102954b73d856b4eee8,never_arrived,332.07,2026-07-03T00:00:00,approved
7f189893-78c3-4893-b34c-8d744d6893f2,afbbda41-3645-4cfc-9666-7d80599b8b8d,fc25f71bab94146446884fc523121d48,changed_mind,617.66,2026-07-18T00:00:00,pending
96410077-4f0e-4a50-8a84-a3519b9c4333,ceb21302-caa5-4a0c-8c3d-da8090a2f0e4,c645339c7f927e64c0cbe6079255fc7a,never_arrived,594.7,2026-07-11T00:00:00,approved
35866944-48d2-4afb-b744-794ec362be10,f19b1ff2-250f-4e3d-9ede-d67d248c5587,5a3ee05d197e24b7bafaac3e2cbc7e55,never_arrived,381.11,2026-07-08T00:00:00,approved
fbc9211c-8e1f-4531-b181-463e3d7f1f05,94057588-117c-456a-bf42-60ddebc0159d,5a3ee05d197e24b7bafaac3e2cbc7e55,damaged,1161.53,2026-07-13T00:00:00,approved
27ea120c-cb17-4171-8d99-8517e2d0e361,a3461fc6-8669-4a95-8a64-05a3e278699f,a776fa09b1b0a5b40d46bc4c9b91906d,changed_mind,672.44,2026-07-23T00:00:00,pending
67255f3d-e334-4dd2-8f4c-40aba2afa261,fc3c733d-12da-4795-bf28-1788d5edc58e,c1c7632732a487b1221e7bfb627c575f,changed_mind,328.98,2026-05-07T00:00:00,approved
861b420c-0d88-4afa-a339-d0b56d0e2f89,7c7733c7-e068-4eb0-8c28-e9293cc9a0b6,38e31fda99a5fb901d27134d18d36c75,damaged,196.27,2026-07-12T00:00:00,approved
cec36ba3-ac45-4f7b-881c-e995203833cd,234d9e26-1fb4-43bb-918d-c312f6cb48b1,825ace36a4828de05694b8047f6dd905,damaged,367.95,2026-06-30T00:00:00,approved
e94ff7ec-d0b6-4709-9cd9-40532cb056ca,9e9cc7e8-7f52-442c-b196-d6a7bf62bbb4,243bf34f2f9c8c7b941e3ad4783a4b10,wrong_item,684.83,2026-07-05T00:00:00,approved
8fe6a004-3d6f-4a01-b2fb-2062640ea837,b16e30ae-ae75-4514-813b-ce87f1215b93,f52a8a57228f8fc586dc65983d39904b,wrong_item,227.01,2026-06-29T00:00:00,pending
93b3a8a4-eb24-44c3-9639-b5288bae6979,8e61da64-d9ea-4ba5-9c27-52ae6dbb3977,5a3ee05d197e24b7bafaac3e2cbc7e55,never_arrived,78.03,2026-07-19T00:00:00,denied
eb9248ea-3c60-43ba-8e4a-429f13cc6e0e,7b455008-f632-4086-9915-0d16887fc336,00e984e99fdfd52943156d2d7eb4a5e6,changed_mind,261.98,2026-07-19T00:00:00,approved
854091ff-9ba6-4ba9-9eff-a773eb99ce56,f83a82fc-3d80-4e66-bcaa-6b4af2c2d074,db94b7a9542eb59e1d8d0e7191013354,changed_mind,337.36,2026-07-02T00:00:00,pending
999b86e9-4652-47bc-a15e-19f1b6c74ec9,04a2b9e9-7f91-42c6-9c37-80710afd8744,f0fe4ee68e4a03068e981e6481bb9e1e,damaged,799.45,2026-07-05T00:00:00,approved
1591cf2d-6b9b-4a42-a2a2-274dee8c4631,2ded2864-666c-45b1-a62a-ddbe4a0b00da,cf5c7635240dca5beb6f7e5e7d9a08d6,not_as_described,737.39,2026-07-20T00:00:00,approved
0ad5f9fc-ca2d-4fb9-b86e-c5a507231e51,5882662a-c1b5-4dea-968e-32620cec7c35,699003f10173022740145aa4aaeaccd5,not_as_described,96.43,2026-07-12T00:00:00,approved
e75d03c2-4b85-473a-bcb4-7e8beabce53b,db499743-77a3-4bc9-a2db-a63814815ad0,cf01f9dc838bee15dc892d87f879fa7d,never_arrived,229.43,2026-07-15T00:00:00,pending
e454a434-028a-4fa9-a6e0-70b1b2904a02,3063cf4e-c0be-48dc-9478-19c8a2fe96d5,f7c7677be77763b1b2cf982a5e67fa61,damaged,131.95,2026-07-31T00:00:00,approved
5944c05d-a23d-4836-aaf2-6164e88ab726,68ca88a1-d9b0-4459-bb06-a841d528b2c4,32fb60e2ce6a1f62eeccbc2d33046072,wrong_item,1623.1,2026-07-20T00:00:00,approved
f58e114f-7b9b-4c9c-9a9f-7af18e3f2fa2,b5a41ce2-200c-49af-b1f1-27e2f3f24f88,9bb17125558a326bc9db37d5ba89cbff,wrong_item,397.82,2026-07-16T00:00:00,approved
184ee978-aee8-41b8-b04d-eff620b26162,90b4db17-6f3e-4676-954b-37d9061679df,0e58d0234d25ec72a22396e55e223959,changed_mind,188.37,2026-05-19T00:00:00,approved
a37ced98-c7b0-4270-af2c-aeb8a256a2e1,ac74c037-a593-49ae-b1d0-79c9392f80ac,8de2a640697fdc751bf88a16ae07591d,never_arrived,260.8,2026-07-27T00:00:00,approved
e8db8ba5-ba01-4a40-99f9-c3f2d2f2bc94,30de08df-1a09-4940-acf2-ac3e1e6f6b1a,5a3ee05d197e24b7bafaac3e2cbc7e55,never_arrived,462.49,2026-07-18T00:00:00,approved
af89d057-e492-4bff-bb7d-1e8933a397be,024768ad-981d-4211-803d-ec895035fda4,7f4adf7903f4d02c527585c4d0f65c2e,wrong_item,2858.06,2026-07-27T00:00:00,pending
bec2c3e7-a361-439e-8710-5fb85436151d,c4ac7981-56ab-4157-95b5-81c72da7bddb,5a3ee05d197e24b7bafaac3e2cbc7e55,never_arrived,746.12,2026-07-08T00:00:00,approved
c4181e2d-9693-406a-9401-74a826a9a949,8b4826b0-1648-4d2e-b872-9f11a658627e,67626c49069bdf05ff127d59a6649948,wrong_item,323.5,2026-07-18T00:00:00,denied
b7944d12-8cfb-4a9b-bcfa-eee555f81d25,4efda064-f66d-426a-960d-25c9727f26be,8dffa3165d189110cdbe104f7f948f1f,changed_mind,52.41,2026-07-23T00:00:00,pending
f6bbdb3f-871b-46ba-8ddd-5f73f5c777f9,6388af1c-ef74-4a57-bc13-ade4c5e6175c,2408917d65de5653f636d4ba42d45b4b,damaged,507.81,2026-06-29T00:00:00,approved
7715e7fb-d2a6-4377-9587-09b2cbc77c38,7ee1d10d-2db1-4034-bbff-1ad48256a6a3,1145616de76e14f4e7fd5452c2be149c,not_as_described,1702.57,2026-07-18T00:00:00,approved
a57d1467-ba4f-47da-be2d-533b3cfc9d39,82342511-d066-4dbf-9aeb-e11777300add,3c34090736785a45dd8cbf536ad289c4,damaged,142.34,2026-07-13T00:00:00,approved
ae06e3d8-235e-48af-aab3-1dc627956f3d,5276b85e-f642-4893-a8ea-a05f5e0a6997,0062adafa3846d9f372d8f1bde591b24,damaged,1475.49,2026-07-12T00:00:00,approved
ef5ba5f5-d678-494b-bb76-ed4715110f49,a3e01697-abf5-4850-8b40-7574608ca11e,5a3ee05d197e24b7bafaac3e2cbc7e55,wrong_item,2010.75,2026-07-04T00:00:00,approved
eab17b06-1777-40da-8c6d-510c6c85a058,812d6b77-9aa1-4769-96e4-e20f48a2467f,70f326d437e44cf69da00c9169b74fb3,never_arrived,239.9,2026-07-22T00:00:00,approved
0f817e7f-d347-45e7-a774-53e70c851b05,f29a45b3-f51f-4079-a65d-a63e60af26b8,40b1c1468c27787235deb9bf979fd51d,never_arrived,678.06,2026-07-19T00:00:00,approved
612d4e07-099b-42a0-b9b7-4080f3d1453a,49c21b2c-2874-43b5-9326-8e971ebebb5c,e3113c1f62d89d94df4fc7cb38159411,not_as_described,538.28,2026-07-06T00:00:00,pending
7a00931a-86a2-4858-a54e-238b7ee3c9a1,17f7853d-75bb-4b9b-8f0c-33fc19c7478d,af891fdabc40f3e11c5813f876b5257f,not_as_described,90.0,2026-06-27T00:00:00,pending
46b7ccdb-bfcc-4573-be42-912e0960f95b,d8729a26-33fd-4fc1-97e0-ed465c0835a3,39d16e1ef9c58bb82e54cf87906c185d,damaged,452.82,2026-07-25T00:00:00,approved
bdcc5cd5-197c-48a3-ab83-4596ec29cfef,aadbfc43-464e-4508-8ef6-2ce83eb53ff6,ea8c130ad7f684ae458672c78e0dfd00,damaged,154.74,2026-03-28T00:00:00,pending
87a3310b-f49f-4cf5-83ab-552895d02bcb,0cd1cae7-0775-47c5-8b10-0ecb7435cf7b,5a3ee05d197e24b7bafaac3e2cbc7e55,damaged,332.51,2026-07-06T00:00:00,pending
d63c33ee-d4fb-49f7-9680-fb1342644897,25d6d54d-7b67-41f4-aaf4-637120eb726c,7c5f2513d8feafd1ee95553ba1269a56,damaged,422.52,2025-09-07T00:00:00,approved
d3fc1b8e-5991-4a5b-a97e-51e544e4ddcd,e699398e-6416-47c2-af74-7c4929a8d895,03f923dbcd3b3c763b22b24db6072d27,never_arrived,2545.62,2026-07-20T00:00:00,approved
f906230a-7837-4f8c-bc70-53b4f3d90cd2,f17e4d11-e504-4979-b9b6-e7f16b2b0f46,96d97637a814355ed5e0913942533b21,never_arrived,406.38,2025-08-30T00:00:00,pending
8efd4fa0-2f6f-4b5a-807e-ef0dc8778b77,64e63203-3a9d-421e-b520-1ac549b0ba3d,ba6da4841dcbcc20caa9a57808664368,changed_mind,138.88,2026-07-15T00:00:00,pending
0a7031cd-5705-45d7-ad55-244ef42cdce3,a57719d4-fb82-454c-825e-10af491ca394,378c06babf08c70f32e748ac24ea33e0,not_as_described,361.64,2026-02-07T00:00:00,approved
3c62aa46-f4e8-4119-9685-6631ca013e76,981e15a4-cc4b-479e-8fef-d54fb1caa3db,0b48151c4ac827afeee06ce2d77cc343,not_as_described,298.53,2026-08-01T00:00:00,approved
7764594a-68be-4c04-b66c-37f009091503,71a448ec-8637-4840-b30f-7ac7afb79ed7,0b48151c4ac827afeee06ce2d77cc343,never_arrived,189.25,2026-07-10T00:00:00,approved
b06f3515-042e-49fc-9865-c58b8cf759da,14823e36-68d6-4804-90ed-85c1bc82a482,e527d87e5717a8e1432c67e902a56a9b,not_as_described,1649.5,2026-07-08T00:00:00,approved
05e84126-cedc-45a3-b8f0-299daee50ff2,a81ac220-2535-42eb-8212-f8291d1e8e7a,5a3ee05d197e24b7bafaac3e2cbc7e55,never_arrived,615.76,2026-06-28T00:00:00,approved
139313d9-89de-40f7-924a-260ef05afd61,be4147ec-d807-4220-b7c4-fee386c02c1a,b99ad02f5d0dce8edaed40e36fd4d71e,damaged,152.98,2026-06-06T00:00:00,pending
5636b83a-e92c-4908-9072-081e7f997d01,5fdf3e33-bb14-438b-9cf9-ebc60aa4d81e,5a3ee05d197e24b7bafaac3e2cbc7e55,damaged,33.96,2026-07-30T00:00:00,approved
24047d76-547d-4622-8d01-200ee99665cf,91229150-2cb2-4c59-a220-75cb985471a1,0788a5e2db8d16e610407f3ee826b813,damaged,1195.19,2026-07-17T00:00:00,approved
20f817d0-2397-4d97-935e-06e33a3c232b,793ec128-de8a-4fcb-be58-4cea8b15a010,52b8fc428690f8974a3d3ff3a162f7b7,never_arrived,783.31,2026-07-01T00:00:00,denied
7550c983-8991-4ce5-bb86-60851fac0388,652d6af4-aa84-4d71-9b51-b0e7718519b2,aa884350c48f728088dd1e84ef7e8309,not_as_described,582.83,2026-07-17T00:00:00,approved
3d4c46e2-e7ec-4aec-a2f0-6f080eaa7982,6ee28b16-7014-4423-b36f-836d2e08a998,f14a94df58861cb1811f48b40271884e,never_arrived,261.02,2026-07-01T00:00:00,approved
fe54612a-b4f2-4b22-a413-f399623206f7,0656a148-9cd6-4b48-b083-f47a025aaea2,788d87eeb999019a75d8ba69017398b7,wrong_item,575.58,2026-06-25T00:00:00,pending
a9591cf8-362b-4fc5-81e6-e37ee652d893,1a524d53-88af-4088-bd18-a2dab867582f,c8dbfbb4a47a215d79659c927e786a58,damaged,329.08,2026-07-22T00:00:00,approved
329411fe-c51f-424b-b94c-96be36f95a02,ba39afac-4422-4147-a681-cd0786f6ed9b,0b48151c4ac827afeee06ce2d77cc343,wrong_item,60.0,2026-07-16T00:00:00,denied
a1d7cc0d-e552-4c6f-83e5-a8842856ad09,9b438c72-374b-4060-a847-b67f0f108cda,208f290481193105f0bdc2d8f543904e,not_as_described,508.21,2026-07-20T00:00:00,approved
2fa56898-9088-4238-8fdf-8cfd0baedc73,4e0adbd0-c78c-45fb-8c9d-8bbc1e40e06a,5a3ee05d197e24b7bafaac3e2cbc7e55,never_arrived,846.61,2026-07-30T00:00:00,approved
c9496ddc-c86b-4c0a-89ae-076b0af150fc,eb547f99-d5b6-449e-ac17-60b26bcad537,340152332a04149987a705602615f0d0,not_as_described,659.21,2026-07-24T00:00:00,approved
65837769-e066-4edf-af82-8a1be34604cf,03c89fb8-3b1d-413e-9766-920d8cd80a67,d3e1706bd9290ddbfd20fc30fa7224b0,damaged,797.89,2026-07-23T00:00:00,approved
b818d6fa-2de7-40ec-9195-a28503fa1fc6,768e9c7c-9166-4d16-a43b-a1bed31e14a3,d89e05e2d23c3d8247aeecd07758004b,not_as_described,588.15,2026-07-23T00:00:00,pending
53aab097-4205-446f-a7a5-6436428c3894,8d7b3de2-b04b-4720-bfe6-478ff9d53da8,f23ceb8f983987bd6b0f3bde040fdade,never_arrived,760.06,2026-07-26T00:00:00,pending
f248a65f-0b79-40ae-96ec-f0cb8e29fc81,db85ca3b-20c7-4f65-83ff-34ddeb1c40aa,5a3ee05d197e24b7bafaac3e2cbc7e55,not_as_described,722.72,2026-07-14T00:00:00,approved
4ade8f45-881e-403a-957e-f475f3011240,fbc959c7-a688-40b1-80e7-0080504fb659,38e31fda99a5fb901d27134d18d36c75,not_as_described,400.52,2026-07-20T00:00:00,approved
08feac32-3117-4584-8697-075dba20f386,e50f83b3-0941-4443-9121-955655e53b2d,f2a4f4165b72d65a5e7d10bbce13cecf,not_as_described,1009.62,2026-01-30T00:00:00,approved
c2b5554c-94b7-4fd9-b6fa-503b2382fc1c,91e3cbb8-7687-49a6-8394-81976e31a994,dfbde47bde19b04d057e18b028d5b5cd,damaged,949.78,2026-07-11T00:00:00,approved
73eda4f2-2acc-40b8-aae7-d2b8c0777170,bddb388e-6198-4007-8843-cd4a58c817a6,e607ede0e63436308660236f5a52da5e,changed_mind,1062.59,2026-06-26T00:00:00,approved
f5d1edf3-866a-443c-b971-16ad0ebca94c,dcea1e15-3015-4313-84fa-7068cd06c78f,fb1756887ae59c1b0efe8d0544d94815,changed_mind,264.66,2026-07-04T00:00:00,approved
dafe3b7d-1efb-400d-9fe5-c50baf36ce93,5e9269fe-41f8-4693-8249-ff6956aef20a,97dc91f9e896442f6ac9650bb2a9b594,not_as_described,642.6,2026-07-04T00:00:00,pending
2168b4c9-6f19-4d99-9cc8-dcf99196e3b1,73190f08-994b-49f8-b086-6c9e4909bd7c,cc438a8c7120027da70eafaf8c3727f8,changed_mind,375.56,2026-07-16T00:00:00,approved
3f4fd318-2670-4cd2-b0c0-446ac9e6f1b6,076868a5-ce94-4a67-984f-5ac5c73b20e8,e607ede0e63436308660236f5a52da5e,changed_mind,375.44,2026-07-30T00:00:00,approved
5fa360be-efa0-4f55-963f-e71a0f79120f,fc55974a-5200-4cca-ac31-d8860297f069,99da196553d9b67b1c762a712a8caaf6,wrong_item,517.58,2026-07-12T00:00:00,approved
4e5f092c-f12b-4840-a95a-05a40221824a,dc44cca9-045f-41f2-81aa-7f234ffad2f3,38e31fda99a5fb901d27134d18d36c75,not_as_described,8.85,2026-07-06T00:00:00,approved
9dde9f8a-9372-4d9d-a269-ea006f8f7a12,6f9dd87b-e37b-4a39-821a-3e2edf8edcba,0b48151c4ac827afeee06ce2d77cc343,not_as_described,510.66,2026-07-23T00:00:00,approved
22a902e2-87d1-48be-9662-166f8a8d2ad6,5086f369-6b0e-41c0-b75b-7864b3fb1569,9e496be39289cedb58494ef74a1c8bb1,wrong_item,447.37,2026-06-26T00:00:00,approved
56f1b107-f23d-445b-a049-028b7a854705,2350b06a-64a5-4dfa-aca8-3dfd05ebaeb6,84032c13e75382a35c99ae73156b30b9,never_arrived,158.16,2026-07-26T00:00:00,approved
e4d33014-611e-476e-8a74-b7467f23746f,3a35647a-2e64-420b-b4c3-0207bca879c8,80751f3256e9ecc03c4556904f6d72c8,not_as_described,191.66,2026-07-26T00:00:00,approved
c96f7845-1ffc-41ae-87b0-16965663d7fa,fd423b7f-6b73-4a3a-8fdf-358019263516,5a3ee05d197e24b7bafaac3e2cbc7e55,changed_mind,345.19,2026-07-08T00:00:00,pending
7e8fb05d-7b60-4529-a06a-e7358b4214f7,a3313557-7937-4a01-b69f-cce422ec90ce,f9b752c739b24875babd3d3207928767,never_arrived,139.72,2026-06-25T00:00:00,pending
1e929228-1da5-454a-800a-d9d3df311519,a4ba97d5-63d7-4012-a87e-50a43cb57cb2,8b87de30e17e4685d7e61af6029a8d1d,damaged,155.26,2026-07-16T00:00:00,approved
e9add5ae-3a29-4b38-a584-0256dafb067f,1be9d9ce-0034-45ec-aa9c-ff9620da38c4,2e5b5e44efa832c60072aeb33027cd65,never_arrived,923.09,2026-07-24T00:00:00,pending
a48b870f-e17c-4bfc-b9e6-d7fe8e2f14dc,2a12f459-e881-48fd-9d76-968fb29cda81,5a3ee05d197e24b7bafaac3e2cbc7e55,changed_mind,101.33,2026-07-19T00:00:00,approved
98a22222-bced-487d-b97e-50eab01680af,815ab594-91ba-43fc-92b2-7109de155932,6995203f8a5ddbd2fad3a9df1e099a51,wrong_item,82.89,2026-06-22T00:00:00,approved
b20df0c1-e43b-4c1b-9a2a-7fdb9fd103f0,bede6215-fa19-42dc-b8a1-7661e993c7b4,4914496b4e80679b99277e6a337715b7,never_arrived,306.54,2026-03-20T00:00:00,approved
4aab11ab-69ee-4715-b53b-287f63dd2c2f,bd50c922-cf0a-4922-ac9d-9ce977363cbe,01ecc1f1f21f05d0736c99d92646f132,never_arrived,1387.51,2026-07-07T00:00:00,approved
d66a6f74-a593-4729-8ca1-c9860137eb27,6612df5a-b6e2-42c4-879d-901234d64ad3,cecd5e9d39fddb69384c1c31bdfac666,changed_mind,930.65,2026-07-21T00:00:00,approved
0d4198f6-933d-4f74-b6b3-97daac626c93,240a5b92-e0bc-4c26-a7de-04d3b5f84e59,684fda5905aa430123c7b293106a337b,never_arrived,615.54,2026-07-21T00:00:00,approved
4d8f0889-8074-4f87-8a4b-fbf6cf655427,e409ab71-b02b-4d1c-a32f-5daf499a398f,f988e05b9c8653f57178a723dc42cfe9,not_as_described,248.04,2026-05-14T00:00:00,denied
17453ba9-2f8f-440f-b0a9-529791721112,1de99895-985e-40c6-91b1-65cfef5a2f47,f00acae66459f1828fc1feba2c759fa0,wrong_item,478.05,2026-07-17T00:00:00,approved
fe2ee90d-2119-4761-b51c-e64f65901760,c9acc3bb-990f-435c-81dd-3c9690c946ea,2da15ef83ce8831c824aa43f2af3eff1,never_arrived,2320.0,2026-07-19T00:00:00,pending
7a46b7c8-cbc6-450f-afc8-8d212a1beb0d,7e34165e-d02b-4d75-bed9-2180758b273a,5a3ee05d197e24b7bafaac3e2cbc7e55,never_arrived,1505.48,2026-07-24T00:00:00,approved
611772f4-a38d-454d-9592-03bdc77210a7,c883fffb-eb5b-4b93-98ca-3a71ca365443,3be2432d88955b7cc6e9cb71d9d1931e,changed_mind,257.32,2026-07-19T00:00:00,approved
cd28d2cc-ac30-48a0-8839-b038f3901feb,d395bb88-fa44-4306-af4b-944001ea1629,0b48151c4ac827afeee06ce2d77cc343,wrong_item,694.89,2026-07-16T00:00:00,approved
1d275833-4dcb-481b-9ce1-848caea71a50,eef507c5-1eee-444b-9229-e748040e8445,caf8cfa0ac3ff60facda076545837647,wrong_item,206.39,2026-06-19T00:00:00,pending
5a0250de-4a9c-4936-b532-6bb68b731a0c,5824e148-301d-4201-ad6b-7c63f1a3cee2,43fcee98a4442ab2f299df637f8e2413,damaged,609.42,2026-07-23T00:00:00,pending
4cf67730-4e8e-4109-8def-b1b299773f7b,898fd0d9-30bd-4298-8ec0-42af130b4c99,6056d31a9cf9cf98ea9de7ef86cf4f5d,never_arrived,567.8,2026-07-25T00:00:00,approved
5a4e7281-7430-44bc-8f02-395f1911739c,9adb12ec-26fe-437f-af96-1fe615b1bbc3,cbddc85ed8c77a56bc0ba0cfbf057242,not_as_described,122.14,2026-06-18T00:00:00,approved
9eeb4b17-d003-49f8-ab85-740e018ac10c,987ce247-5003-46cf-818b-acc464c3561c,5a3ee05d197e24b7bafaac3e2cbc7e55,changed_mind,559.35,2026-07-12T00:00:00,approved
43f4374f-2a01-4535-8cec-86a2d4aec837,feb74a63-08d4-44b0-a7fb-7c0328029349,804eb66464db178ab95f5f4ced1f4a9a,changed_mind,747.28,2026-06-17T00:00:00,approved
7620bbcd-c636-4bf9-9f9b-aa8f8a4dcc2e,e8bbb8c5-9d80-44d4-825c-8d750e23bcbe,00e984e99fdfd52943156d2d7eb4a5e6,never_arrived,391.7,2026-07-27T00:00:00,pending
3fffdaed-62e0-4ee6-9f72-408bb3f038a1,be5db16f-067f-40d6-aa9f-c5494dbc68f5,6995203f8a5ddbd2fad3a9df1e099a51,not_as_described,363.12,2026-06-05T00:00:00,approved
6bca4de1-8dad-4b49-a484-731f508df7e6,d25a7c8d-8af3-4e04-b187-ce695d347996,5a3ee05d197e24b7bafaac3e2cbc7e55,changed_mind,233.1,2026-07-01T00:00:00,denied
6c2ea41e-214e-484c-9cee-b465e19410f0,81a99406-7447-4030-bfc0-aaf3c387ba58,a046d29175845b313e52f2dff96cc050,damaged,465.11,2026-02-19T00:00:00,pending
27a65517-d5a9-4436-97a4-76c5a74c7c7f,53de3fa3-e02d-49c0-b38a-39ff0694fd42,32c050ea3af0bf160de1209adfb922eb,wrong_item,1825.62,2026-07-11T00:00:00,denied
77321f99-bfaf-402a-b245-9c843e7e75b6,75ada3df-ca51-4fa8-aa32-7e0021e102fe,5a3ee05d197e24b7bafaac3e2cbc7e55,damaged,145.14,2026-07-09T00:00:00,approved
e870684a-7169-4cef-8829-b0eed9617c1b,03139687-1517-4554-ae4c-623d0efc47d7,f12cfa9263ca5dd51027f902d1d05321,damaged,501.53,2026-07-31T00:00:00,approved
33ce9120-6477-40c3-b3df-69105da2ded8,ecd39ac5-a8f8-4786-b91f-52db5439f568,bec4565233c872dc005b32e9616669d1,never_arrived,328.21,2026-05-03T00:00:00,approved
c0aa1881-619c-4bf0-aefa-4b33ed2f615e,c8330b44-e06a-4707-8001-85dc40f60e7a,cc31282a9d20caa9b70e578d1d5a7062,never_arrived,453.61,2026-07-19T00:00:00,approved
f7e2ecb3-4d81-4b01-820a-6268369f38ef,043aef12-7e74-494d-a00e-5eb93e6d6df9,f14a94df58861cb1811f48b40271884e,never_arrived,327.01,2026-07-09T00:00:00,pending
f3dac12e-caf6-4494-80e4-70492879cdb1,67776f38-77ee-4632-b91f-abc4841a4eed,5a3ee05d197e24b7bafaac3e2cbc7e55,changed_mind,389.24,2026-07-17T00:00:00,approved
4dcae585-e580-4352-b0e1-b0e041e454ce,36d9e38a-411d-4090-a448-4db100d95cbf,5a3ee05d197e24b7bafaac3e2cbc7e55,not_as_described,190.03,2026-08-06T00:00:00,denied
b6522108-c6ae-4d0a-8b8d-fe89ac85c6ae,91367e08-3fa3-4050-8dff-0a127ad60b06,62049cfbc68cd893920204de3b5c057d,wrong_item,516.52,2026-07-20T00:00:00,approved
3b7d8c33-c082-405b-aa62-73a031ff9f24,7edac2ef-7e35-49ad-bee7-3b4a36efd984,c645339c7f927e64c0cbe6079255fc7a,changed_mind,580.21,2026-07-06T00:00:00,pending
c10c0124-23aa-4a39-941b-36335c56e104,f190dbf2-e066-43ff-99f7-6653f86d45fe,fc25f71bab94146446884fc523121d48,changed_mind,15.85,2026-07-31T00:00:00,pending
6ffab361-15f9-41cb-b4ee-6e21df8129ec,658f2514-cf46-4790-bf0a-3d197bcb5ccc,9e4cec36a7f9294540b39950eade4190,damaged,662.31,2026-07-12T00:00:00,approved
312c2aca-6ceb-4810-b1e7-1bf732e41da0,3bdc1836-ba1e-451a-8cf2-8c11741c40b8,684fda5905aa430123c7b293106a337b,wrong_item,665.69,2026-07-09T00:00:00,approved
914bab8c-15a2-4804-8bbf-d48072be4213,d920864e-96a8-489d-8d59-21463cfab2fb,7d2829c2222be0a081bcf2d4d3d540a5,never_arrived,414.5,2026-07-15T00:00:00,approved
119f4438-bf23-40d0-b7bd-5073a5fc30a5,63c11cf6-bc51-4e3d-b988-ec8cb0c3c472,00e984e99fdfd52943156d2d7eb4a5e6,never_arrived,123.1,2026-07-07T00:00:00,approved
e81fd8a2-e5b6-4817-afef-f085333d08fa,f540ddfa-fa95-4c62-9955-e204d09bf888,5abaf8290581633718e3ad75f2400643,damaged,31.6,2026-01-13T00:00:00,approved
58c5281d-836e-453c-bcde-80e8ce1728f9,96f1b41a-6e37-4cc8-81f6-b3bcb204f002,01ecc1f1f21f05d0736c99d92646f132,never_arrived,1326.4,2026-08-03T00:00:00,pending
e85a4e49-9a2c-4bfa-bfdf-25b986667980,be05a2d5-bb62-4065-9318-5fd6dc5ce95c,755bdc2822a8f01cfcec19ae4dcaae66,changed_mind,182.93,2026-07-19T00:00:00,pending
39fdeefd-1534-42c3-9b3f-da3af33a4e81,a67c7aa7-b3a2-4186-9dd4-19422188510f,e2083012443da79cfafc6b423fa64a75,changed_mind,979.05,2026-05-07T00:00:00,approved
e1df0681-03eb-47f7-915c-f429b7d8d51d,b116108f-a620-4bac-906f-b84e863e14a3,8d97ec3fada2f08485838b53e2d70bcd,changed_mind,178.04,2026-07-03T00:00:00,approved
9407ff42-c0fb-4418-b816-eb6b6c200342,c20e4d15-bd6c-4020-a5f5-731c7765e209,b33f678a7299da3b06beb4438a8d6908,never_arrived,965.36,2026-07-05T00:00:00,approved
34770422-faaf-47b6-a7a6-9b1d1ea1ecb4,7aa52a6e-fba5-4401-a615-8b05fc0a472d,455c4cf9166818b1739c900a57433aba,changed_mind,337.54,2026-07-20T00:00:00,approved
b2a29527-40fa-46d8-b184-b003aa6346f6,e3f3ef17-4203-4824-9ab4-909839cdf57c,f00acae66459f1828fc1feba2c759fa0,changed_mind,613.14,2026-07-11T00:00:00,denied
d4f5f4ad-7064-4134-a3cd-ecb5e1c60777,41db7c70-98a1-4e21-9de0-71df98f73bcf,5beb6ddd92a5f785780c5a7a08e9bca4,never_arrived,778.65,2026-07-03T00:00:00,approved
19d9b5d8-1402-428b-8876-c11309c00f59,350f87d2-8fa0-4fc1-b5b9-2bfe95158dbe,5a3ee05d197e24b7bafaac3e2cbc7e55,wrong_item,41.41,2026-07-07T00:00:00,approved
757a480a-a692-4cc9-8065-1c80d7592f2a,2762054b-0215-4d32-be21-e34e8a679b92,d3a5fa065a68c1f357e6d8f4385938ee,wrong_item,250.28,2026-05-22T00:00:00,approved
d7f283ff-aef1-49eb-922c-22be112bbd91,b58876e1-f7b4-4ce6-9396-adaaeac69c21,5a3ee05d197e24b7bafaac3e2cbc7e55,not_as_described,87.62,2026-07-18T00:00:00,pending
9b6e373f-1430-4f99-bd89-5aa71bdc8698,86f319fc-ec8d-4057-a171-667922f8af4b,1c7fae8db20821423f3155642caad457,never_arrived,29.84,2026-07-12T00:00:00,pending
ea88b91e-5109-4a98-8b5d-82376ef60215,29ff932e-efe8-44b4-9f92-b2860747c723,7b0cae22ae2b6cf88163a50600da4ee2,wrong_item,2014.45,2026-07-21T00:00:00,approved
ef354326-a512-42aa-9e57-d721749b6a36,104a39a9-0ee9-4e1f-b97c-5924326f4ce0,39d16e1ef9c58bb82e54cf87906c185d,never_arrived,352.53,2026-06-14T00:00:00,approved
af9f0b73-558e-4bfb-8453-86a663f7d3a8,5f0d051c-2c27-477b-829c-c87bc1d6fc8e,f9acaaf53948041869bb52c7eb1e116c,damaged,27.88,2025-12-04T00:00:00,denied
b1ca4dce-ec72-445c-879b-05d01d9c25fb,962c14d1-e000-4286-b6b5-7f713bef1d44,196276c2651ca4783688aa741b72d540,not_as_described,892.95,2026-07-18T00:00:00,approved
75902d06-7fb5-47a9-a2cb-9271fa04679c,85598c43-228f-4a41-9144-61cda8ebdd47,fe947af6540d580b9703d0332d04f0e3,wrong_item,885.23,2026-07-19T00:00:00,approved
247eaa92-30b0-4daf-a861-f05209b533e1,7c378bcd-0d1c-403c-a2c9-489539f33455,58e1140fb8f15f1a010d01a34bfbf77d,wrong_item,244.77,2026-07-19T00:00:00,pending
a9a80fe3-28dc-48cc-9c2d-c26722408c5e,9aaeb1a2-ce5b-4e08-a1e7-edf36c7e9d75,49d79c76cf12065b7a08103cdba3e1b8,never_arrived,41.41,2026-01-10T00:00:00,approved
918bc3cd-55d1-4d87-8602-9e3215cba0d4,f1c9efd9-f6da-460b-b1e7-d8449e1c7665,5a3ee05d197e24b7bafaac3e2cbc7e55,never_arrived,188.02,2026-07-20T00:00:00,approved
ed0d1b25-cfc1-4ff2-8e73-a44366fb82e0,46baabca-1cac-4623-b48b-de98d1fb9ef3,3971f4c7f3c96fef10932785e1093510,never_arrived,208.24,2026-07-22T00:00:00,approved
d86a566d-0631-42f7-ba64-5211619fb71b,f48d9f8e-277d-41f7-8abf-58a805f8cfd3,c85df1c6ef6f7bb605e1c49d34f172ee,wrong_item,317.72,2026-07-25T00:00:00,denied
23e721ef-73ca-4817-943f-3b7ca630de67,d8e34344-e38a-4712-96b4-61e116bfb72d,b134d1fbe77d00a8e0a4ce9d855ea927,damaged,454.92,2026-07-16T00:00:00,approved
ab3e2ea1-71a3-4a80-b4cd-0998b690cfbe,f430f404-c144-4864-bf55-29086b971235,f14a94df58861cb1811f48b40271884e,changed_mind,1369.14,2026-05-26T00:00:00,pending
b07146e0-7c76-4013-a4d1-4ce2afaa884c,f7c1e222-94d7-4d5c-a9dd-73f5f880e126,38e31fda99a5fb901d27134d18d36c75,never_arrived,955.71,2026-07-19T00:00:00,approved
1dce2a12-c48f-48c5-8c5a-6ed490640e02,0d8930bf-905b-4f57-8ecf-839dd83c31a0,a012820fbbced38a03331716e231e0ba,damaged,419.13,2026-07-17T00:00:00,approved
f962432d-704a-45c7-90c9-1f4a49cdab92,994f949a-13a0-4743-b137-2658e983c6d6,5a3ee05d197e24b7bafaac3e2cbc7e55,damaged,1343.12,2026-07-23T00:00:00,approved
37a3ddb7-f466-4f81-b16c-25a5e021fbbe,4c885d7d-104a-4ce4-ace2-93d247936891,c88a78ffee02f40ceeb314786550b716,not_as_described,319.38,2026-07-29T00:00:00,approved
4434dad4-d1e6-433c-8479-fe5347e7b315,1ee2b226-69d5-4c94-bf1d-adf6906749b2,30cdd9eea2b6192b8fa65c9ff5e59acc,damaged,72.16,2026-07-26T00:00:00,approved
dc6cc5c0-b1af-4a51-b91c-27b5ebff61c8,02b9d771-6384-414b-aa57-661778be13c2,d9b9b04147bb5cf5c5cd8c114b3cca35,not_as_described,438.38,2026-07-10T00:00:00,approved
ba6e1d89-bddf-4838-9b06-d1ba9acfba23,3c4b3d6c-57a3-4423-9a4e-f2db86cd9852,3d5ee12ffbcb44147038950c94c9e78d,wrong_item,172.08,2026-07-07T00:00:00,approved
9efb93f1-3c01-4556-990c-27779c14909c,38e173b6-f727-4877-9640-b70f875ab5cd,5a3ee05d197e24b7bafaac3e2cbc7e55,changed_mind,17.36,2026-07-12T00:00:00,approved
c918401e-c28b-4881-be6d-71cabb96ec27,be79e0cb-95f8-4cd7-8a76-7606eb06c966,ad91c910f921bc5d7b7cb140cd0d2c2a,damaged,904.74,2026-07-21T00:00:00,approved
4154fe2e-f6f4-4db6-a26a-2bf2653152a4,56027bf3-e06a-4b89-912b-06cdebb32b31,afa2d112b99f01c2f052f0dfec88726c,wrong_item,381.3,2026-05-28T00:00:00,approved
848953c8-bf3a-4e96-8e0f-e53811bf7433,a1d900e5-a033-41b5-96db-08469261340c,058199325498b546a39e5652a04dbbcc,damaged,210.25,2026-07-09T00:00:00,denied
c998d029-e39a-4308-a525-6a8df055183f,5c2f2f53-138d-4358-9702-337ce225e6ac,03f05c2a180d57b7451f87cb4864ba53,damaged,236.84,2026-07-23T00:00:00,approved
4f141b50-ecf6-45be-a01b-83ee6662f824,ce50e519-52c5-4327-8845-3c9ba74f9d2d,799ed9d9a1712679681fb6bb70a8b638,damaged,408.72,2026-07-13T00:00:00,approved
baa71135-61c4-4b20-9e0d-1e8e38dda18d,e43a5fb5-2ecc-4313-aa11-d57ad0421ac8,5a3ee05d197e24b7bafaac3e2cbc7e55,never_arrived,214.72,2026-07-17T00:00:00,approved
86fe1103-b4b9-476c-9b0a-63f1d77c225a,0fa099bb-0dbc-4fcb-9c16-401598d538a9,5a3ee05d197e24b7bafaac3e2cbc7e55,damaged,502.5,2026-07-20T00:00:00,approved
413efc7a-f522-444e-aded-ad1ea58a1260,65198ca6-6b82-424f-b643-3ffd85a2ff8e,5a3ee05d197e24b7bafaac3e2cbc7e55,damaged,2180.57,2026-07-05T00:00:00,denied
e3ca188d-73f3-4d30-876c-e9cb3942a609,619691e1-142e-4095-b1bb-2f3d83f5a8c7,e1429df8d7fcb85252834ee1552ea20c,changed_mind,232.84,2026-07-16T00:00:00,approved
74490899-4058-4ad3-a2d5-9ea63659eb97,102afceb-8b98-4764-8ff2-a2e33760e53f,f153272ca75661659630de82f3f2084d,wrong_item,252.9,2026-07-16T00:00:00,pending
f3e60d92-d4d2-4315-847a-f710e456a7a8,86d4b665-0e24-465f-88f3-dc6b9ce38a0d,ae5df8e33ea496f14db277c8b8e77281,damaged,436.06,2026-07-05T00:00:00,approved
72782d56-0baa-4d5f-9a3a-dae418258a91,ad1ab28f-4628-43b8-8108-b7e0f1c37334,e527d87e5717a8e1432c67e902a56a9b,damaged,888.68,2026-07-20T00:00:00,approved
7cc27bd8-f23e-43db-81d0-b1ac975c7322,3cc96746-454b-4ec1-a12e-645508dcd00e,3f43c86453d02badf9c09a8149b620d3,wrong_item,121.9,2026-06-04T00:00:00,approved
fa3e8938-d23d-45fd-83c9-9c3913c72757,444c26db-ecf0-45d1-8c54-34819d781784,ceb8b329e744b3e8982e6f9d51269ed3,wrong_item,267.35,2026-07-18T00:00:00,approved
3ec266ef-abf4-4a26-86da-d439d3278ae8,86b95f49-1084-4a30-ad8e-336b041ce0fb,5a3ee05d197e24b7bafaac3e2cbc7e55,never_arrived,163.29,2026-08-03T00:00:00,pending
50bced84-a306-4caa-891f-0aa8c8016019,3b47107e-006a-4265-a1eb-ae3d8980240a,7be63f0ed4d9c76ed55844021da8d5e5,damaged,245.09,2026-06-30T00:00:00,denied
61923705-0f05-415c-9d7a-26c9867053a6,23bb8c69-e4fb-4b2f-a610-63dca294fdb3,5a3ee05d197e24b7bafaac3e2cbc7e55,never_arrived,591.4,2026-07-26T00:00:00,approved
129a1b2a-9982-4dec-be56-4f1a5817ad13,73892493-3a1d-41e5-ae53-55b4adb260a5,282ebddb3e85120b1652204758fc332b,never_arrived,698.48,2026-07-16T00:00:00,approved
0284309c-7837-47bb-8c8e-90f288474bee,8a84c85d-fee7-434f-a2dd-d69eaf7113f9,0b48151c4ac827afeee06ce2d77cc343,wrong_item,265.25,2026-07-16T00:00:00,approved
4332faef-a900-46ce-b17b-22190a0d3d3b,959462ac-b82f-4a01-b8b2-4f6eb49ea184,4bbaf6f7a10a7e26a8777aa5cb6d5864,changed_mind,563.03,2026-07-03T00:00:00,approved
d1eab79d-09b2-454e-aa8c-cf81ab3e8f21,c4d0f39e-e32e-4af8-b451-9f12a559be5e,5a3ee05d197e24b7bafaac3e2cbc7e55,wrong_item,484.81,2026-07-15T00:00:00,approved
746b7d9d-55c7-41cc-a0e9-3ea18a69ea85,093f8007-f0d9-40a2-a6b8-b0f200e4b343,95b4b60a728bff942c8bd59a43effa33,wrong_item,12.29,2026-07-15T00:00:00,approved
cdf99b3e-8ea5-44f5-bd1d-d49db0fcea60,0de1b06e-cb6e-44d2-bf34-d9f642800f15,5a6012519d0cf9a2103bd2170a81b833,never_arrived,459.31,2026-07-01T00:00:00,approved
de2d2c40-6d97-48c7-8b75-b0f2394dbbc6,8c4bdabc-7daf-4b6a-b87f-3bf58ed4a437,cc31282a9d20caa9b70e578d1d5a7062,never_arrived,536.12,2026-06-04T00:00:00,pending
88cdfb3e-1a76-4c2e-892f-f6d42a771d24,891307cd-71ea-4053-9a14-d5e3272355e6,89e3027de49c3012858cfeb7f5a34f59,changed_mind,643.33,2026-07-16T00:00:00,pending
40e28d49-aef5-4eba-92dd-246a5b6f3139,492de523-a6e2-44e4-bb80-87085e282ef1,e1a5b21153987479299c92d5c8b1ee1a,never_arrived,439.2,2026-06-26T00:00:00,approved
2ee1fb83-bf35-47dd-a493-3f5e33ed0817,fcb0a055-2d60-4e80-a8c3-ed7e0001288e,0788a5e2db8d16e610407f3ee826b813,not_as_described,726.28,2026-07-14T00:00:00,approved
2dfceb66-bf9a-40a7-9c46-2c28d2fb279c,bccabbda-cab0-43ab-8c90-bdd4e768013f,5212c50e79fe1349b9894f6508b401d8,changed_mind,28.09,2026-07-29T00:00:00,approved
a20b3f7a-90d1-4446-ac49-1436b6b376ee,1e6adb22-626c-404a-a4bf-f224691c3823,9553802042571deac62d5789ed18a241,not_as_described,835.32,2026-05-24T00:00:00,pending
31c0442e-45ee-4887-81fe-2e27d03af886,7136b1a2-ba02-4810-85e7-0141104f1be0,84b0bf771f3b14f21e6dd37e2fe2eee6,changed_mind,214.7,2026-07-03T00:00:00,approved
12f71d35-c0c5-4538-acee-34143648a93c,4215aa5a-c259-45d6-a5d1-e98e8b8ee4ef,f75da962fb4ddac1569e90c21803c455,wrong_item,1460.39,2026-07-02T00:00:00,approved
1779c73a-8dc2-4032-bce7-9b5e4981da45,d108cc2e-c39d-4b9a-800d-7796f8e1fe8a,d55417a83a73d1702b43988e63f0731a,changed_mind,287.37,2026-07-02T00:00:00,approved
db74ef0a-5542-4115-99b2-55cd5a92626c,ffc18011-5c88-4b2d-b5df-b1b9b0289870,701ada356e78d72bfd5b279280762b79,not_as_described,378.49,2026-06-30T00:00:00,approved
7e665db7-8723-49c9-a157-08a8b6b2363a,dce84fe4-0085-46a7-b46f-03a8b4d0f482,5a3ee05d197e24b7bafaac3e2cbc7e55,never_arrived,16.16,2026-07-27T00:00:00,approved
1dde8294-61fc-4351-bec9-549a86f930fb,571748c5-a62c-4569-8347-4010b7c7a943,5087845f6069d27bee996581f74be8c9,changed_mind,218.52,2026-07-26T00:00:00,approved
c9974e09-ffb9-4fbe-898d-4d40f0763104,8becb786-c6e8-4115-85bf-a38568bab7de,70f326d437e44cf69da00c9169b74fb3,not_as_described,1152.08,2026-07-19T00:00:00,approved
7f7fb5fc-0095-4aec-97e5-df60730ab6fa,afabdf05-383e-488c-8d8f-0e5d366290ce,f5de43d4ead76e9519babb3d6189ea5b,not_as_described,603.77,2026-07-13T00:00:00,pending
8f0f9db3-0f9c-44a8-a634-39e3a6e82f62,544a6150-a440-4caf-b6cb-fd88c32fe4a8,7afc4a1c2af2ac4a2b4fd9fe63037bfe,never_arrived,226.57,2026-07-23T00:00:00,approved
020bb7b2-f75d-48d4-a166-2649108bcd70,524f9e5c-0545-497e-b4b9-598c53d56bfb,ff80f08b2a6a87e84a28bda4613f99bf,wrong_item,301.95,2026-07-21T00:00:00,approved
7f0b9ebe-ccde-45c0-ba9e-e7c668080bf5,b4a386be-d39f-401e-8f4c-4bd446480300,cef0911b797ebfa3b9fa952b9932a65c,changed_mind,267.73,2026-07-06T00:00:00,approved
9ebc8056-a479-4127-b1cd-10e425086149,30ab4fd2-4a91-4c43-8a42-319975f25545,cb296f03ccd21cfcb3ba0778c4f3b7d9,damaged,379.89,2026-06-28T00:00:00,pending
a24088e7-6243-49d8-bdde-9baa61d66278,23a36fa7-f8f9-4afd-9b2c-bf6ef2d5f0a6,8961b4ca2c5aceb7a78ea72c6e0c840a,wrong_item,607.44,2026-08-02T00:00:00,approved
f705a60c-52d6-4094-b15e-7fb21a8872c3,b415ac78-1a73-4f05-bb20-270061ea81f5,485fa1b8db05ed6fa0062ece4ce80d2e,never_arrived,189.54,2026-07-11T00:00:00,pending
eb212bb1-f3ca-499f-badb-f7601d5b917a,0872f38c-4861-4ba8-a1b4-d13bb0fbf00b,5a3ee05d197e24b7bafaac3e2cbc7e55,never_arrived,1110.78,2026-07-16T00:00:00,approved
2451d7ee-6c98-4616-a917-bb566ffe8a2f,fc841291-4e05-467b-a9e4-9ecf033b2c2f,2e22a2c99a49984d1ef90e308770ebe4,not_as_described,340.11,2026-07-14T00:00:00,approved
220a8499-d4da-4b4a-b970-f24a3f6425e8,7074449e-25c1-4636-8914-85bc45fc2380,de1d1dd6e8c55cf4f5110ceb372c02a6,never_arrived,351.85,2026-07-15T00:00:00,approved
671ef229-3e97-432f-92f1-926d7864abc5,059a0706-ff35-49af-8665-5a5033a24622,b6e99561fe6f34a55b0b7da92f8ed775,never_arrived,974.5,2026-07-09T00:00:00,approved
e4689bc1-3fd3-4407-bde6-f91fc68345fe,40a8c0d1-924b-4252-866b-be2afe02ed3b,4cbdc0f2029c78a012c400623a82e55f,never_arrived,1537.62,2026-07-08T00:00:00,denied
ddffe774-3bcf-44bb-809a-5d952c6692d9,4ca1a927-ce03-436d-aeee-622b44dc60d2,b6e99561fe6f34a55b0b7da92f8ed775,changed_mind,600.39,2026-06-17T00:00:00,approved
dec2747b-a1ae-4538-a1e3-d109100d9bd1,3626c04d-c176-4a35-b3b9-d5d1c37d7021,82e96a74eeb99b61395a1403630fe437,wrong_item,2219.49,2026-07-29T00:00:00,approved
ea638787-732a-4000-bea8-9c5d8e3ade68,4f74cffa-73b6-4a0b-bcef-2a83c77b77b7,5a3ee05d197e24b7bafaac3e2cbc7e55,damaged,712.86,2026-07-23T00:00:00,pending
2ac5160e-08d6-45f3-b78f-ce81a78aea2d,0045d677-61f2-4047-a1fe-a3c526b4b791,62049cfbc68cd893920204de3b5c057d,damaged,1582.95,2026-07-10T00:00:00,approved
1fe8cbb4-64c7-485b-beab-b4b0ee20575d,22da3dab-2607-4a75-bd6c-04507082a10a,5a3ee05d197e24b7bafaac3e2cbc7e55,wrong_item,137.59,2026-07-10T00:00:00,denied
656b29be-2406-4332-8760-c0fbc7930074,9d488349-2b86-413f-acd7-b0c5047a4860,848eabba326848e8125cb53af4720eb5,not_as_described,1006.77,2026-07-15T00:00:00,approved
763797ca-cc07-4287-ba23-aa54debf5cc1,5624d5e9-d18e-4785-ad60-4ed7da6aef77,27b4a7740a9b118f9eed1e8c8be7822b,never_arrived,667.42,2026-07-22T00:00:00,pending
80942e90-d7de-4ad7-af27-c7819288d530,ad126d3d-fe0d-4ac7-8826-e1a3ec3ef15b,03f923dbcd3b3c763b22b24db6072d27,changed_mind,124.09,2026-07-11T00:00:00,approved
82dc779a-94d0-4446-8c6f-6d6406689fa2,9faa02a4-cdb5-4f33-95a1-b25c5da6101f,082f8d0d83744f4fa435269cf705a07c,not_as_described,306.3,2026-07-24T00:00:00,approved
35437c41-530c-4e8f-ba9b-2dd5210ca093,9f3a2b0a-3b78-430c-aacf-9c3dfe3bf082,ceb8b329e744b3e8982e6f9d51269ed3,never_arrived,352.75,2026-07-29T00:00:00,approved
68887f94-dff8-4900-a6f7-3e0a1c4a1556,a114adae-7df0-46be-a862-c5b3a3345d86,1fe7afd58ce8429c5a8d27bf8c24738f,changed_mind,792.22,2026-04-26T00:00:00,approved
3b5f9329-f8bf-45ed-859e-e2fe52642e31,f5529f5b-ff6e-476b-ac48-6ecb33916487,5a3ee05d197e24b7bafaac3e2cbc7e55,changed_mind,156.68,2026-08-04T00:00:00,pending
05313a49-27ca-42e7-9924-b034fd2fa182,199f7285-7181-48d0-9aa7-b5928e3a2233,3b529e86d89222d9af57ee77a108374e,wrong_item,1122.14,2026-07-05T00:00:00,pending
c5b7f4e7-c67e-4228-8ea6-3901b5b57f91,59563d72-cec5-4305-a0ff-3c5a5dbe7989,aaf2d0137050d06ef2c8752f35c0d936,damaged,323.05,2026-07-16T00:00:00,pending
738c125e-4508-4dfc-a5c8-3fa6667e3149,16e29dce-b50c-4708-b8d8-422389979cc9,75897dfb21f53272945a344799721579,never_arrived,684.06,2026-07-26T00:00:00,pending
87601cb2-1ee6-40cd-a6c2-5574ba53f32b,7158f456-67c6-48eb-b55e-0f384861d340,5a3ee05d197e24b7bafaac3e2cbc7e55,not_as_described,919.61,2026-07-24T00:00:00,approved
4ee7fe16-6ae9-4c52-bd1f-425c360339ce,389f9ea7-42e6-4379-b77b-07538a3711ec,caf8cfa0ac3ff60facda076545837647,damaged,1637.23,2026-07-16T00:00:00,denied
81ded6d2-99b8-4f2b-9a47-d5c6569a5efb,2f17066e-45b8-49ce-bda6-cd2033e8fd93,060e732b5b29e8181a18229c7b0b2b5e,not_as_described,88.8,2026-06-29T00:00:00,approved
32369287-ae62-4598-a757-2e374f6383c4,6375e33e-66c7-4205-8a80-ad39d9bda6c7,1fe7afd58ce8429c5a8d27bf8c24738f,not_as_described,717.43,2026-07-27T00:00:00,approved
41c6744c-f1bc-478b-98e6-111306a21a36,550d1188-cfaa-440a-a5dc-7606ee6a58ff,79051ee5ee98c4bd6982e67e2e79dbcb,never_arrived,645.67,2026-06-03T00:00:00,pending
4478ecea-f5db-4035-9065-9a73ee719eb3,0ee30f8b-a96e-4530-a440-517e305ec35e,3ff45f223bb4d6fc772a38ad5a7b1b33,never_arrived,419.4,2026-06-01T00:00:00,approved
68ec3ac8-1f1b-49c4-8f94-4754a1c30eab,f96f6962-ff53-42ba-a016-9db3d76f885f,5a3ee05d197e24b7bafaac3e2cbc7e55,wrong_item,396.71,2026-07-03T00:00:00,denied
99d40eaf-557d-45bd-a22c-ced0862c811b,18bab140-ae23-4a16-ae1d-a666e0e37351,5a3ee05d197e24b7bafaac3e2cbc7e55,damaged,272.05,2026-07-28T00:00:00,pending
e461b473-fbea-472a-8c2e-cfd3a2c71fd1,c22c4c43-86aa-41a4-8ee1-ea09aa346f8b,baa2381220d03aa74d97baf23302ddc9,changed_mind,1467.2,2026-08-02T00:00:00,pending
d0e182a7-0a30-45ff-a367-dbf592c20e22,d9b2a307-c59b-4f2b-8225-5b4516ba4953,62de6068da9506dca753598fcfbdcd16,never_arrived,344.71,2026-07-26T00:00:00,pending
ebefd5c9-1e10-4155-8727-355bc4d2a5ee,ca353ac1-a4f3-4a8c-b463-427e4bf80d32,02f1bf7b0a3e8e4f916c2584908314e7,not_as_described,454.49,2026-05-19T00:00:00,pending
3428f5f3-30b8-4afd-9acc-3f6426ae4193,6c61405f-12c7-49b5-abe9-d9796c5cbb0b,59150cde6405fb8f31f6dd1882d15754,never_arrived,163.29,2026-07-06T00:00:00,approved
9b6260f1-59d8-4deb-b98f-9be626ddc3ea,6ad7b442-f7f2-4fad-bc85-c90501111377,7b436cdf595907b9b0b142e8177c0072,not_as_described,460.64,2026-06-20T00:00:00,approved
3183a4e8-aa27-4c4e-95e7-3fc2e16c9b95,8ec2cf5a-7325-4e04-a373-2b3345748894,6056d31a9cf9cf98ea9de7ef86cf4f5d,never_arrived,1834.47,2026-07-26T00:00:00,approved
0786f3ce-38ee-45f8-b39c-0500e1111d8f,d139aea8-7167-437b-80a4-8d829f32cf07,1bb02eb35385950b5dace2632164426c,not_as_described,585.53,2026-06-30T00:00:00,pending
207900b1-05b3-4060-b564-d00413e8c461,869a3899-892a-40c2-b262-f1877346913e,c3166e62cdfb039707b78bcfc4828c86,never_arrived,496.2,2026-07-03T00:00:00,approved
2fe8e52e-01b4-4cf7-9dac-df1578bf3336,a7d0d5ca-8e09-44be-996a-e840a1f6ca81,ffddff7cfa827d6c430ed9e373be416c,not_as_described,413.23,2026-07-11T00:00:00,pending
4abc73ba-846b-4b5c-b9b8-f4a0f1fbefd7,553ae1af-e3e1-4893-9bf2-094c6b313653,2ad3e8ebee7119e3be506709cf52c2e7,changed_mind,417.2,2026-07-13T00:00:00,approved
eb5bbdb2-277b-48ae-a0a6-264601e821df,a96a841c-bca2-4130-a559-9d09d290f588,fb1756887ae59c1b0efe8d0544d94815,not_as_described,319.03,2026-07-05T00:00:00,approved
0071abc7-3084-4c76-8388-17743a0ff21d,fa0d0f64-ffe0-4d60-b556-7ab016c28573,796af4fac93296428070925a8a78aaa1,changed_mind,244.53,2026-07-02T00:00:00,approved
41de4c94-d196-4c71-9555-2dd922a33d64,7cdc21f4-2403-4337-a5cf-416085963f8a,e6925d3e39cebd0f699008b248e58361,changed_mind,853.17,2026-07-05T00:00:00,approved
fb6fc637-17e7-4f59-a896-bafcaf6b264f,ee4fabfb-1847-47d1-aab0-72a5ebe8e3ae,5a3ee05d197e24b7bafaac3e2cbc7e55,damaged,57.3,2026-07-16T00:00:00,approved
7de3d93a-6cb7-40f5-a98c-60d1937ef160,fe04162e-01cc-414b-8229-98252aae57eb,6056d31a9cf9cf98ea9de7ef86cf4f5d,changed_mind,297.04,2026-07-12T00:00:00,pending
de778e5f-358c-42e3-9aa1-bdb0882c8f9e,1c7f9740-302f-4e96-b66f-56b714a849a6,0ff5b872dfd979e7d23064973ec52e5b,not_as_described,417.5,2026-07-01T00:00:00,approved
ff4f1c96-170c-408f-a04a-2423c3b7ced7,a06688bb-b056-42ff-985c-688a64f989a5,5a3ee05d197e24b7bafaac3e2cbc7e55,changed_mind,1613.92,2026-07-19T00:00:00,approved
3b5cdc0d-2c63-4520-beae-8d0ac28560f5,c9e92583-7fe4-490b-b41b-c2c96e26aa71,cbddc85ed8c77a56bc0ba0cfbf057242,damaged,1567.48,2026-06-26T00:00:00,pending
83a9bb9f-4d03-485f-b1be-411e97107208,aef9efd3-9b9f-4fcc-a8ae-eb91ecf3fdcc,5faabfe6772088c4d906b63fa81ac63d,never_arrived,796.98,2026-07-03T00:00:00,approved
2e2139d8-2857-4009-af7e-42a0e64d98e4,981433fc-9c1c-42e7-89e9-fa770b011486,6056d31a9cf9cf98ea9de7ef86cf4f5d,wrong_item,94.45,2026-07-11T00:00:00,approved
4193c495-9df9-4a92-9931-c4c0e52d31b9,6d9c38d7-ed3e-40ef-9878-e3bc5bfceb7e,a757d6fab4dc255079371d4673dcfac7,wrong_item,371.62,2026-07-07T00:00:00,approved
8bb72b52-ad90-4f3e-8d0d-83cfbd0fc986,0c4694b1-ce76-4b2c-b237-74e40ea31201,9cea402fce863ec4bee5af27306e213d,damaged,192.01,2026-05-21T00:00:00,approved
66aa3bf5-8d85-4b57-8189-be5f475de69b,0a050b82-ad51-48c8-8fa0-4d328bf2cafd,b99ad02f5d0dce8edaed40e36fd4d71e,changed_mind,217.21,2026-06-03T00:00:00,approved
3b4115c5-e456-4b70-b0b6-af52edc45e63,85310b0c-2a27-46e8-8e2e-187ce147a612,0b48151c4ac827afeee06ce2d77cc343,damaged,409.24,2026-07-07T00:00:00,approved
1eadff1e-74cc-448a-9d0c-a7680820e0f6,5283f03b-d8e9-45e7-8f86-0e652a4638e5,378c06babf08c70f32e748ac24ea33e0,wrong_item,163.29,2026-03-30T00:00:00,approved
7529725e-05a4-46ad-b17e-80a9bf9a6b39,a5412101-d66a-4531-bae8-d8ee87614154,b2e803d748d08864a69aa128447a1358,not_as_described,597.37,2026-07-01T00:00:00,approved
0e48c44e-55e1-4a8e-abae-0a9d57c0017e,9be8b4b1-1714-47de-8bea-c571d830fdd9,d395b5c9bd6e808680ac6dc64d6bfbad,damaged,582.66,2026-06-28T00:00:00,approved
493e06c4-b5ea-4abc-80bb-b6de768376fb,475f7399-f5b8-4fc5-a85a-eb993135adb4,5a3ee05d197e24b7bafaac3e2cbc7e55,changed_mind,148.66,2026-07-13T00:00:00,approved
78eaac80-c56c-41ca-aba8-d71df0fbacd9,41e0547b-84c5-487d-b842-7d96f84814da,a0defeb4e8b47e1db2149cbe93d68609,never_arrived,1191.43,2026-07-16T00:00:00,denied
da324c6d-8e9a-4e94-8d69-5c2292919a36,a16553f5-f3ff-43a6-9352-3097a33b3045,5a3ee05d197e24b7bafaac3e2cbc7e55,changed_mind,539.35,2026-07-26T00:00:00,denied
15c7cd15-7930-4213-a996-1f1a284f6655,87e68f24-4652-472f-ba42-b19020d67756,51c79069e6b841c2dcda39aadd3180cb,damaged,248.13,2026-07-09T00:00:00,denied
62f93217-8a70-424d-8c60-2f0ac1b0e9f2,8145ae38-f172-45d8-bf3b-468d7c25d1ca,7556f182460418cf30957e6ce377c674,damaged,280.36,2026-07-13T00:00:00,approved
d555d688-c1af-4bad-ad6c-d77cda0310d6,4e10ceef-b8db-44ec-b2b9-5dd790c60a35,310fe886bbd2131a2f0976ed616e60a8,never_arrived,163.66,2026-06-16T00:00:00,approved
813305b0-ea88-481c-a0c5-5b7062de8ef4,938fea38-8b1d-43e8-ab63-4af0ac318463,57378b07a6c91c06c139bfff05a246ab,damaged,258.51,2026-07-05T00:00:00,approved
7cb16ff0-53ac-410e-94c1-8a546cae5266,6db03ce1-088d-43c3-b471-be17b3cc12cd,54b50d481e0c0501204f7d42446f73da,wrong_item,294.38,2026-08-03T00:00:00,approved
