ticket_id,customer_id,order_id,category,priority,channel,created_at,resolved_at,resolution_type,gen_behavior
881d0178-42d8-4b1e-bdc9-b7dae043d997,060e732b5b29e8181a18229c7b0b2b5e,2f17066e-45b8-49ce-bda6-cd2033e8fd93,REFUND,medium,app,2026-06-27T00:00:00,2026-06-29T22:00:00,refund_issued,new
e98f6e9d-63b9-4553-81c8-818c7df26f42,259dac757896d24d7702b9acbbff3f3c,281335d1-c567-4bc1-874d-c3d9ac9daac7,ACCOUNT,medium,app,2026-07-01T00:00:00,2026-07-03T06:00:00,auto_resolved,new
b8fad79c-61d2-4404-ba26-cf3dbc0aa283,259dac757896d24d7702b9acbbff3f3c,bf1eb94a-944b-43e7-bdfc-35a6a1e86078,PAYMENT_ISSUE,high,chat,2026-07-14T00:00:00,2026-07-14T09:00:00,refund_issued,new
f9e55565-8180-4767-9a9b-7a7756ff4a99,4c93744516667ad3b8f1fb645a3116a4,cb9a84f9-1d13-4d26-bd84-158d9cf3ffa2,REFUND,high,app,2026-07-01T00:00:00,2026-07-01T03:00:00,info_provided,fraud
ea994fa7-1561-4517-8255-cd37416ca11c,4c93744516667ad3b8f1fb645a3116a4,8b67fbba-efa6-4aa0-8888-92fd469c357a,DAMAGED_ITEM,high,email,2026-07-15T00:00:00,2026-07-16T14:00:00,auto_resolved,fraud
8e2f7bbe-945f-46f8-b318-cb0f32101dd1,4c93744516667ad3b8f1fb645a3116a4,108a1095-8ff9-45e5-aad3-7f602faaf84c,REFUND,low,chat,2026-07-10T00:00:00,2026-07-12T18:00:00,info_provided,fraud
74083de7-a48c-44fb-ae62-28aa6a57dd57,4c93744516667ad3b8f1fb645a3116a4,11b8aefd-4451-410f-863e-70cb6e66c54e,REFUND,low,app,2026-07-04T00:00:00,2026-07-05T08:00:00,refund_issued,fraud
5af64055-2534-4a79-a2ca-48983f6fab8f,4c93744516667ad3b8f1fb645a3116a4,75579314-f65c-48b1-a8fd-787c9018f042,CANCELLATION,medium,app,2026-06-22T00:00:00,2026-06-24T13:00:00,refund_issued,fraud
df5565bc-f48b-475c-93ee-6913487ec617,4c93744516667ad3b8f1fb645a3116a4,e308a5c4-050e-4ccc-8c10-8f0efacdbc11,CANCELLATION,medium,chat,2026-07-13T00:00:00,2026-07-15T20:00:00,escalated_to_human,fraud
95e194eb-2226-480c-81f5-75fb162403bd,4c93744516667ad3b8f1fb645a3116a4,b054556e-01ab-402a-a02c-70584ad0f509,CANCELLATION,medium,email,2026-06-06T00:00:00,2026-06-08T01:00:00,info_provided,fraud
e476cb89-334d-46ec-9d18-2e4ed55e6894,4c93744516667ad3b8f1fb645a3116a4,a6c1fe90-f695-4028-8137-8b4ebb10f6b7,ACCOUNT,low,app,2026-07-23T00:00:00,2026-07-25T13:00:00,escalated_to_human,fraud
41d7ba79-cb0e-44e9-a831-437931a1804d,4c93744516667ad3b8f1fb645a3116a4,3ef5a23e-ee33-455a-b762-fc7289cd09e1,SHIPPING_DELAY,high,email,2026-07-15T00:00:00,2026-07-17T17:00:00,auto_resolved,fraud
d2f2a74c-2595-4d35-94b5-89ec8b4ae510,4c93744516667ad3b8f1fb645a3116a4,da8ae6b0-aa74-4a30-82e6-e934b362cee9,DAMAGED_ITEM,high,app,2026-07-04T00:00:00,2026-07-05T18:00:00,info_provided,fraud
d606877d-45e9-4907-aa5a-2b786b34596c,addec96d2e059c80c30fe6871d30d177,d46ea807-8c0f-4054-a00d-3e8fec49b641,ACCOUNT,low,app,2026-07-14T00:00:00,2026-07-15T13:00:00,refund_issued,existing
37b78b77-3462-45f8-b0e0-8e5df2f79b1a,918dc87cd72cd9f6ed4bd442ed785235,666c87a2-4bc7-48df-acaf-239b4db0480c,DAMAGED_ITEM,low,chat,2026-07-16T00:00:00,2026-07-18T17:00:00,refund_issued,new
936a977d-4be9-4f1f-834b-0639fc42bd18,918dc87cd72cd9f6ed4bd442ed785235,b40cf3ea-de5d-4ffe-a1c2-8349a955ae49,ACCOUNT,low,chat,2026-07-20T00:00:00,2026-07-21T06:00:00,escalated_to_human,new
8cba06de-593d-430f-9134-a674799d1607,295c05e81917928d76245e842748184d,ef8ed45e-0a7c-4b6f-ac80-42c5a1e2ec63,PAYMENT_ISSUE,low,email,2026-07-07T00:00:00,2026-07-08T08:00:00,info_provided,new
61a92e45-6ef2-4040-8d97-6d42ac9d1883,b6e99561fe6f34a55b0b7da92f8ed775,37861cd7-2e17-4289-a52e-06025dee9d17,ORDER_STATUS,medium,chat,2026-07-14T00:00:00,2026-07-16T16:00:00,refund_issued,fraud
32f12ab6-728f-4a9e-92f5-7f2fc6104906,b6e99561fe6f34a55b0b7da92f8ed775,9d9078e5-24d0-46a1-9898-a66770736edd,ACCOUNT,high,email,2026-07-24T00:00:00,2026-07-25T19:00:00,info_provided,fraud
fc29c9aa-0531-4b7a-ad85-1a1ecd0a21ab,b6e99561fe6f34a55b0b7da92f8ed775,8825e7d7-4f6c-4535-bff5-b32f2faafa36,DAMAGED_ITEM,medium,app,2026-06-27T00:00:00,2026-06-27T17:00:00,auto_resolved,fraud
b5a20ac0-42b9-4735-b4ad-f2a3c394b991,b6e99561fe6f34a55b0b7da92f8ed775,5dfcf363-ae22-4bf8-938b-93bdd53180d6,FRAUD_REVIEW,high,email,2026-06-13T00:00:00,2026-06-14T06:00:00,escalated_to_human,fraud
bf578dfd-b4e7-478b-9796-55e504794420,b6e99561fe6f34a55b0b7da92f8ed775,059a0706-ff35-49af-8665-5a5033a24622,REFUND,low,email,2026-07-04T00:00:00,2026-07-04T06:00:00,refund_issued,fraud
425c1559-82a1-4c65-96df-ce6a4d49b00f,b6e99561fe6f34a55b0b7da92f8ed775,fb53a6c5-6abc-441d-8d2b-a8678d083e19,ORDER_STATUS,low,chat,2026-07-14T00:00:00,2026-07-16T07:00:00,auto_resolved,fraud
6a607a49-6298-4307-9316-fb9eaef35088,e607ede0e63436308660236f5a52da5e,3dc1d8ff-d58e-4284-90db-408035d65915,DAMAGED_ITEM,low,app,2026-06-09T00:00:00,2026-06-10T14:00:00,refund_issued,fraud
2bdbc31c-571b-411e-ac3a-3a05a179d3b0,e607ede0e63436308660236f5a52da5e,c69de4da-b6ae-45b5-b587-20467b70c733,PAYMENT_ISSUE,high,email,2026-06-04T00:00:00,2026-06-06T22:00:00,auto_resolved,fraud
d5e20875-3161-40e9-9e0c-f78aa93c050d,e607ede0e63436308660236f5a52da5e,bddb388e-6198-4007-8843-cd4a58c817a6,REFUND,medium,app,2026-06-30T00:00:00,2026-06-30T03:00:00,info_provided,fraud
bc17d4ae-a2cf-48dd-a264-0e733e0e920c,e607ede0e63436308660236f5a52da5e,076868a5-ce94-4a67-984f-5ac5c73b20e8,REFUND,low,email,2026-07-22T00:00:00,2026-07-22T07:00:00,auto_resolved,fraud
3b47fe6e-9ba2-4d14-9dc9-3a4516bdb06d,a96d5cfa0d3181817e2b946f921ea021,371e87c7-0200-498b-866c-438d2c7b9d4b,REFUND,high,chat,2026-06-16T00:00:00,2026-06-18T02:00:00,info_provided,existing
bc21b4b9-a167-429f-a370-7361cf489864,ef07ba9aa5226f77264ffa5762b2280b,94431303-4b03-400a-ab09-6776265fd6c7,SHIPPING_DELAY,low,app,2026-06-23T00:00:00,2026-06-23T05:00:00,escalated_to_human,fraud
9c220ce0-94d6-4685-980d-4fc72f1edd1d,ef07ba9aa5226f77264ffa5762b2280b,82a182f2-af47-4201-97df-7c19d784fd16,SHIPPING_DELAY,low,chat,2026-06-19T00:00:00,2026-06-21T04:00:00,auto_resolved,fraud
b8fc343c-989f-4d2b-916d-fddaf0076810,ef07ba9aa5226f77264ffa5762b2280b,5c9d956d-cc61-4297-8e7f-b391e30e72be,CANCELLATION,high,email,2026-07-17T00:00:00,2026-07-19T21:00:00,auto_resolved,fraud
5aacb182-fd7e-4d5c-bf34-c9f513c43131,86085586aaa8c5f47ed0b400da64c59d,75f770a1-1ea1-4a7e-aae9-7cdb9a1e53d3,REFUND,low,app,2026-07-05T00:00:00,2026-07-07T05:00:00,refund_issued,existing
60efb12d-cd6e-4c70-8d0c-e2007122e27e,5ad58a4e6a1a656b6bed070cadbaa003,476a3a85-b2a0-4d2a-abca-e896a0681ae0,PAYMENT_ISSUE,high,email,2026-07-17T00:00:00,2026-07-17T05:00:00,refund_issued,new
35afe018-6289-430d-a99b-74fea7f862f4,66cc90195ca44cc7ac6a1cd0e1e1e7b2,64df9d88-8058-4ad4-acf7-f3573e994d99,ORDER_STATUS,low,app,2026-07-03T00:00:00,2026-07-03T09:00:00,refund_issued,new
60f74799-5aa4-4875-99ab-c10ae30a3515,91ec50a00ae74d0a229d2efdf4344e1e,b3b356a5-7e2b-4fd4-9c6a-d81c951f4a3b,CANCELLATION,high,chat,2026-07-15T00:00:00,2026-07-16T10:00:00,refund_issued,new
191d36cd-2b92-49bb-a192-295ef01a2f63,233896de79986082f1f479f1f85281cb,4ba3f363-66d8-4b95-a5cb-1cefcc2a0e3b,PAYMENT_ISSUE,low,chat,2026-07-19T00:00:00,2026-07-21T13:00:00,refund_issued,new
ef686d58-fd3a-4555-916b-4eb4f22890dc,e021e698833bdeb89dfef3acb2e91f37,1be83d38-c9ab-4840-8e52-2f6a12abcb35,DAMAGED_ITEM,medium,app,2026-06-26T00:00:00,2026-06-26T15:00:00,refund_issued,fraud
2d558d3e-07fa-4b43-9648-ace4318d050a,e021e698833bdeb89dfef3acb2e91f37,4265d3a7-b022-4c91-b1de-bd568dbdb74b,ACCOUNT,high,chat,2026-07-14T00:00:00,2026-07-16T14:00:00,info_provided,fraud
f4e9b874-e8c7-42df-9080-4f9d7fa156dc,e021e698833bdeb89dfef3acb2e91f37,3a3bed9a-250f-40a9-a34a-51aa6a70e6c2,DAMAGED_ITEM,high,chat,2026-07-17T00:00:00,2026-07-19T01:00:00,info_provided,fraud
bb6943ec-afc8-449f-bb57-405a5f3b00c6,e021e698833bdeb89dfef3acb2e91f37,32d35ec7-6c86-4655-89ca-981b9b706706,SHIPPING_DELAY,high,chat,2026-06-29T00:00:00,2026-06-30T10:00:00,refund_issued,fraud
07b4b3b7-81a4-4b4d-affc-89af9edab628,e021e698833bdeb89dfef3acb2e91f37,6a8b30f4-8f80-4873-88e4-fcaf4ac9bac6,REFUND,high,email,2026-06-28T00:00:00,2026-06-28T12:00:00,refund_issued,fraud
1633bfa0-1f51-4b3b-831b-62391e3097ff,e021e698833bdeb89dfef3acb2e91f37,41a194ce-8087-4b39-ad64-7ab871202816,ORDER_STATUS,low,app,2026-07-18T00:00:00,2026-07-20T15:00:00,escalated_to_human,fraud
a9b9bfa0-5c39-4d89-928d-b83e2d9127b9,e021e698833bdeb89dfef3acb2e91f37,6537058c-2843-4fe2-a08e-d2ecee358d5a,ORDER_STATUS,high,app,2026-07-03T00:00:00,2026-07-03T22:00:00,info_provided,fraud
c1b31456-3f72-4023-8d4c-736d9761c1ad,e021e698833bdeb89dfef3acb2e91f37,06363d7b-2048-49b8-8687-d6e45e668bab,ACCOUNT,medium,email,2026-06-24T00:00:00,2026-06-25T20:00:00,auto_resolved,fraud
16716675-bc1d-43e1-abe0-e89afb415e69,e021e698833bdeb89dfef3acb2e91f37,951a875b-350d-4fd2-b1d6-d58522601709,FRAUD_REVIEW,high,app,2026-07-25T00:00:00,2026-07-25T12:00:00,escalated_to_human,fraud
1707b3d6-8255-41f6-8515-bcc3180588d5,3da7750bf3c1dbd724624a60a9f5942b,5e2b0a6a-ae34-44ea-a14a-f5756e371a5e,PAYMENT_ISSUE,low,email,2026-01-28T00:00:00,2026-01-29T18:00:00,escalated_to_human,existing
90894992-62b0-4681-a990-f51ab8fe97f6,3da7750bf3c1dbd724624a60a9f5942b,9d1d50ca-ab17-4b0b-aa1c-7fdc7534f7d4,CANCELLATION,high,app,2026-06-30T00:00:00,2026-07-01T22:00:00,refund_issued,existing
c3db0783-6a4a-4273-8aa6-093eb44aeebb,3af0b2f7654f613ff1527b997a2ac57e,3dd3ba1d-16b3-419f-89c7-49cade03663f,ACCOUNT,high,chat,2026-07-13T00:00:00,2026-07-16T00:00:00,escalated_to_human,existing
c6535938-a6a4-4a32-8ce1-79e83269b4de,d89e05e2d23c3d8247aeecd07758004b,3312c90b-c28b-4fee-bfcc-cd90b6fddfc0,ORDER_STATUS,high,app,2026-07-22T00:00:00,2026-07-23T01:00:00,refund_issued,fraud
f761cf4e-72c2-4521-a1ec-31849641e72e,d89e05e2d23c3d8247aeecd07758004b,6c8c3619-1b6f-40d3-b287-9d2837af4191,ORDER_STATUS,medium,chat,2026-07-03T00:00:00,2026-07-03T23:00:00,info_provided,fraud
433bd063-e5c2-4aa1-afc5-b15235df529d,d89e05e2d23c3d8247aeecd07758004b,768e9c7c-9166-4d16-a43b-a1bed31e14a3,REFUND,medium,email,2026-07-13T00:00:00,2026-07-15T00:00:00,info_provided,fraud
6a97fad3-bdbe-4065-9a21-60ea7ab2b491,d89e05e2d23c3d8247aeecd07758004b,d505587f-589a-459f-af17-d02eea6af5a0,SHIPPING_DELAY,low,app,2026-07-10T00:00:00,2026-07-11T23:00:00,escalated_to_human,fraud
72dfac05-ae01-49cb-bee9-a33a96be4644,468d559ef2dcd2bea6d8db78959fb90f,f8b1119c-f74c-4d68-bbb2-7d841540b558,REFUND,high,chat,2026-07-06T00:00:00,2026-07-07T04:00:00,info_provided,fraud
77c68707-8006-485f-bf12-2a339652755f,468d559ef2dcd2bea6d8db78959fb90f,bed4df30-030c-46c7-b532-f8c220345c9b,REFUND,low,email,2026-06-30T00:00:00,2026-07-03T00:00:00,refund_issued,fraud
b6509ece-556b-4f04-91d8-ef4d55c7b571,468d559ef2dcd2bea6d8db78959fb90f,9cb46aaf-1062-49d1-a5f4-13ba06fbad81,DAMAGED_ITEM,low,email,2026-07-20T00:00:00,2026-07-22T20:00:00,auto_resolved,fraud
a1ab9f36-cbd5-4a3c-8d62-7e12ed390836,7556f182460418cf30957e6ce377c674,1c604741-ea14-4be1-b746-f30306f0382e,SHIPPING_DELAY,low,email,2026-07-04T00:00:00,2026-07-05T06:00:00,info_provided,new
6538de9e-b526-4cfa-b325-6f67de0a1fae,463093247faa080167d77f2e6d1b297d,95f2b032-46d5-4ee3-b3ee-fa5c9fc1bbf7,CANCELLATION,medium,email,2026-07-24T00:00:00,2026-07-26T00:00:00,info_provided,new
b227d729-0170-408a-81b5-b9fa5bdf6233,e235442a956c524e6c141141171f5801,c10d88cd-5732-4efd-83b6-a4c48672fa8b,ORDER_STATUS,medium,chat,2026-07-24T00:00:00,2026-07-25T15:00:00,auto_resolved,existing
d356f7be-31ea-4238-9294-2462c3f03914,94b731a41867b47c3856e324840c4c99,cd5d6d27-17e4-4ff4-bff3-e76e543288e0,ORDER_STATUS,low,chat,2026-07-08T00:00:00,2026-07-09T02:00:00,escalated_to_human,existing
40b4b8a5-24d7-4df3-b8e1-96f0f20a8232,94b731a41867b47c3856e324840c4c99,ec947785-2ae0-402f-941a-d8052f0d97c3,PAYMENT_ISSUE,low,email,2026-06-26T00:00:00,2026-06-27T18:00:00,escalated_to_human,existing
3764ee66-5861-437a-a28c-11d89608fe22,fa7e6f153b7724fda5c1d7cc7b9ae4ec,42186e5a-469f-402f-a109-3d08082d58a7,REFUND,medium,app,2026-01-03T00:00:00,2026-01-05T17:00:00,refund_issued,existing
e59c65ef-dc2a-48a2-9fb6-a0b337ac154d,8728c766c84eeda24b3e54fe6e632051,dae74625-b212-40b7-bdeb-92954e2045ba,REFUND,medium,app,2026-04-02T00:00:00,2026-04-03T14:00:00,auto_resolved,churn_risk
8a6061fa-d16c-49a2-bd92-1d3eb70f13af,13ac6da47fef1b17b16f511e03b57918,31e909d7-33ca-453b-b94a-27a555657981,ACCOUNT,high,app,2026-07-09T00:00:00,2026-07-10T03:00:00,info_provided,new
9aa1a461-5f5c-48fe-bda5-6d5db7a8a675,13ac6da47fef1b17b16f511e03b57918,acec51cd-1db9-40a4-9be6-8702b56a4991,DAMAGED_ITEM,low,email,2026-07-12T00:00:00,2026-07-14T22:00:00,auto_resolved,new
231564bb-3ab7-42f0-afcc-4317dc2916b8,9553802042571deac62d5789ed18a241,92b13bc1-21ba-4ab7-90a4-733f91a0d2d0,DAMAGED_ITEM,low,email,2026-05-03T00:00:00,2026-05-04T08:00:00,escalated_to_human,fraud
cf64baea-1a9e-401a-82d1-7dd6a3830e4f,9553802042571deac62d5789ed18a241,1e6adb22-626c-404a-a4bf-f224691c3823,REFUND,low,email,2026-05-14T00:00:00,2026-05-14T17:00:00,escalated_to_human,fraud
25683f75-147d-418f-9f0c-2a09831527d5,37e1a83b513512531032b4a9c43bab5d,99c69764-36be-485f-bac9-7667cbaaeafa,SHIPPING_DELAY,low,email,2026-04-04T00:00:00,2026-04-06T12:00:00,refund_issued,churn_risk
cb801ee6-cdcc-4999-b164-f5d3f8ebc8ae,24a5c2b24a4467c37e2f54c1b311de93,4bf8db52-3389-4f07-9342-8077e41e2d7a,DAMAGED_ITEM,medium,chat,2026-07-05T00:00:00,2026-07-06T08:00:00,auto_resolved,churn_risk
b17b79cd-12a1-4be8-82b5-dd973018e107,54fccbde5e005f2dbc6ad8d5473c9ac7,aa7aeb77-4243-4046-9cc3-540e66a4a0a3,ORDER_STATUS,low,app,2026-05-17T00:00:00,2026-05-18T22:00:00,escalated_to_human,existing
6e9e3e4b-5417-4758-b10c-198f74966167,1bdff446efb5846d0969eaf8978d4342,ca89ecfd-cdfa-4eff-926d-ba9b1d264d04,ORDER_STATUS,low,email,2026-06-17T00:00:00,2026-06-19T10:00:00,auto_resolved,churn_risk
eea022c7-2718-446b-a62b-5afe08c19055,96b1c916f245f2462efcde3fce04bc3e,47fcf45c-a4ea-4899-9ef7-1b59c0716ffe,CANCELLATION,high,app,2026-06-16T00:00:00,2026-06-16T12:00:00,escalated_to_human,existing
0c00649c-6268-41fd-bda3-878f0ceef4e2,96b1c916f245f2462efcde3fce04bc3e,2561c8e5-ae52-4ee1-9c02-b2efd86b5f17,PAYMENT_ISSUE,low,chat,2026-07-30T00:00:00,2026-07-30T05:00:00,auto_resolved,existing
6871887e-e355-4218-95b2-81386f81b611,34c6f984b590bbfe3d4d6c76007c0b1c,0f164958-c18c-48c1-bbac-9fe968b1fa43,REFUND,medium,email,2026-06-11T00:00:00,2026-06-11T19:00:00,auto_resolved,existing
ee840748-6512-4793-9790-4cb74b0879bf,34c6f984b590bbfe3d4d6c76007c0b1c,d60b3989-b212-4807-990b-378eb487cdf3,DAMAGED_ITEM,medium,app,2026-06-30T00:00:00,2026-07-01T14:00:00,escalated_to_human,existing
9e757134-08bc-4819-a31e-231460f6ddd6,34c6f984b590bbfe3d4d6c76007c0b1c,52bd9601-d20c-4fff-bf03-e31a4492b75b,DAMAGED_ITEM,high,email,2026-06-05T00:00:00,2026-06-06T06:00:00,escalated_to_human,existing
b4774264-f0ed-463d-ade0-3fdd87b81435,9bbfdf9f7f65b58481e1ed110a2eed46,7b271368-e1e6-44e8-abda-fd45b6591080,ACCOUNT,low,app,2026-06-12T00:00:00,2026-06-12T15:00:00,info_provided,new
8f5adf41-e9c1-43a8-ba8e-521cb053e05b,ba66b6edd0756a62cb11be4d4655ed32,8b049375-9802-438f-a975-a7166829e438,SHIPPING_DELAY,low,chat,2026-06-28T00:00:00,2026-06-29T02:00:00,escalated_to_human,new
f72d5a52-3c81-4f1c-9c03-ec5735f2eb3d,91e6fd64694fa9a828270d442ba88e03,956d8bc5-e62b-4100-ac78-198b24262c09,REFUND,high,app,2026-07-25T00:00:00,2026-07-26T11:00:00,refund_issued,new
3da1a2e0-ff41-4c40-84f0-5cbaf2f656c6,bb50112c998293f45f49f49704165768,7d8f7ff8-70be-4af6-a1b9-a93d965f849f,SHIPPING_DELAY,low,email,2026-07-07T00:00:00,2026-07-08T09:00:00,refund_issued,new
eba7d952-13ec-4773-97ab-1c89094b0372,ef6b4c0581dbf34e6eb5e33e0094c445,d6fa53ac-a434-485c-81fc-ab511586e3f9,SHIPPING_DELAY,medium,app,2026-07-10T00:00:00,2026-07-11T10:00:00,refund_issued,new
ac73988f-d7df-4a64-b6f3-3e5f20d9e075,8dfb24fac32ec7170821d2be63fa9c1c,de3e0ef0-a957-4de2-b0e6-90aa3310b417,SHIPPING_DELAY,low,email,2023-02-12T00:00:00,2023-02-13T09:00:00,refund_issued,fraud
5bfe8046-6b0c-493e-ba10-974b288546ce,8dfb24fac32ec7170821d2be63fa9c1c,ee8c7763-b04e-4329-9e84-e3b75a066079,PAYMENT_ISSUE,low,chat,2024-08-15T00:00:00,2024-08-17T06:00:00,info_provided,fraud
e9f77d74-496e-4cd1-bbc4-ebb45be3d86f,337691bc9242e1d53d521ed78a12ab8d,41aaa4df-f46d-4ad4-95ce-a385b18f2635,ACCOUNT,medium,app,2026-06-18T00:00:00,2026-06-19T18:00:00,info_provided,churn_risk
cd9bd4f4-f37c-4e4b-aac6-64559ebbe04b,0b48151c4ac827afeee06ce2d77cc343,7850a9d5-bb1c-4ee9-8407-b70460c00cbb,ACCOUNT,low,chat,2026-07-31T00:00:00,2026-08-02T03:00:00,auto_resolved,fraud
12c62dc6-cf89-4ba7-98ed-35e56604460f,0b48151c4ac827afeee06ce2d77cc343,9d095c69-7440-4a99-a01b-866844e5a4e5,REFUND,high,email,2026-07-08T00:00:00,2026-07-08T21:00:00,info_provided,fraud
2b12d31e-786a-4ab3-be73-f56773547171,0b48151c4ac827afeee06ce2d77cc343,22032b96-6daf-4492-8af8-4854a8a3c3c9,PAYMENT_ISSUE,high,app,2026-07-03T00:00:00,2026-07-05T23:00:00,refund_issued,fraud
ce273186-b03d-4363-a4af-971608745e24,0b48151c4ac827afeee06ce2d77cc343,cf4f3cb9-5d68-4a51-85e5-d8d394dff991,ORDER_STATUS,medium,app,2026-07-05T00:00:00,2026-07-07T19:00:00,escalated_to_human,fraud
0e800980-6416-4bdf-8179-9ee8d717009d,0b48151c4ac827afeee06ce2d77cc343,2506d364-598f-44a6-a28d-db4927622f7f,REFUND,low,app,2026-07-06T00:00:00,2026-07-07T21:00:00,refund_issued,fraud
1d3445fc-abe4-4a76-af05-0e61433662da,0b48151c4ac827afeee06ce2d77cc343,26ec9e57-6880-4e67-9d5a-135a3475d293,ACCOUNT,medium,email,2026-07-03T00:00:00,2026-07-04T09:00:00,info_provided,fraud
1066efd9-1ca6-43fb-8626-803d704d51f4,0b48151c4ac827afeee06ce2d77cc343,c2ea5cd1-823b-4b4e-8e52-d14c39f5dfcd,ACCOUNT,high,app,2026-07-12T00:00:00,2026-07-13T10:00:00,auto_resolved,fraud
468ff22c-eace-423e-9ea7-4b181ae80386,0b48151c4ac827afeee06ce2d77cc343,923beb3c-f8f1-447f-afda-921476f3034b,SHIPPING_DELAY,low,email,2026-07-19T00:00:00,2026-07-21T15:00:00,refund_issued,fraud
e9b9d2d5-be26-49e4-b396-e8ef0edcf700,0b48151c4ac827afeee06ce2d77cc343,037f492b-b807-4e75-b90e-b6aed84a499e,FRAUD_REVIEW,high,email,2026-07-10T00:00:00,2026-07-10T12:00:00,escalated_to_human,fraud
908b7bf6-1051-484c-8211-5ad86fcc7d33,0b48151c4ac827afeee06ce2d77cc343,8dbcff17-e650-45bd-bd29-fc62601dc98d,DAMAGED_ITEM,high,chat,2026-07-01T00:00:00,2026-07-01T16:00:00,auto_resolved,fraud
274e0420-d924-496a-802c-df42f0aeeeb7,0b48151c4ac827afeee06ce2d77cc343,11f7c9b5-771e-48fe-afc2-95703eb3e445,SHIPPING_DELAY,medium,app,2026-07-05T00:00:00,2026-07-06T20:00:00,escalated_to_human,fraud
c54321ef-5f35-4748-a3cf-c364b981395e,0b48151c4ac827afeee06ce2d77cc343,c06787ec-aef4-432f-b380-7eb4725e8a5c,ORDER_STATUS,low,chat,2026-06-27T00:00:00,2026-06-28T09:00:00,refund_issued,fraud
3f5efa55-1983-4c3e-839b-db43214e6db5,0b48151c4ac827afeee06ce2d77cc343,e5edb806-5b55-4304-aa6a-8cb4d3bbd042,DAMAGED_ITEM,medium,email,2026-07-18T00:00:00,2026-07-20T23:00:00,auto_resolved,fraud
f6befb66-7ab5-42da-bff3-aa66388187d2,0b48151c4ac827afeee06ce2d77cc343,bc575cc7-9911-4f16-b30d-c29c62869f34,REFUND,low,app,2026-07-03T00:00:00,2026-07-04T17:00:00,info_provided,fraud
5d729994-bb35-48d8-a395-a9614b05fa24,0b48151c4ac827afeee06ce2d77cc343,19215f15-d45f-428f-8852-776726c09526,PAYMENT_ISSUE,low,app,2026-07-02T00:00:00,2026-07-03T12:00:00,auto_resolved,fraud
f82fe310-e73e-4b4c-9c87-617b2245eca8,0b48151c4ac827afeee06ce2d77cc343,7d6f9cd7-25f4-48ea-90fc-d12fb24749df,SHIPPING_DELAY,low,app,2026-07-08T00:00:00,2026-07-09T01:00:00,auto_resolved,fraud
e3283f37-72dc-43db-9e27-ff7925983a39,0b48151c4ac827afeee06ce2d77cc343,12feba26-ffd9-4356-8b10-907b63c4ad33,REFUND,low,email,2026-07-23T00:00:00,2026-07-25T15:00:00,info_provided,fraud
0cf9a8e8-b598-4a87-b1b0-7c1692ff6942,0b48151c4ac827afeee06ce2d77cc343,3f2c00ab-4959-4a2c-ae63-0bf9a93ef238,DAMAGED_ITEM,low,chat,2026-07-19T00:00:00,2026-07-20T13:00:00,info_provided,fraud
5c33b2c5-fabf-4f3e-8c84-79a3d1b4f57a,0b48151c4ac827afeee06ce2d77cc343,5256d2c3-7d4e-41ff-8921-3806457a34b4,SHIPPING_DELAY,medium,app,2026-07-04T00:00:00,2026-07-05T11:00:00,info_provided,fraud
edd99453-8954-4116-a827-1a8329d5f28a,0b48151c4ac827afeee06ce2d77cc343,e8a744f8-766a-4a2d-a724-5d3f05ac149a,PAYMENT_ISSUE,high,chat,2026-07-10T00:00:00,2026-07-12T17:00:00,info_provided,fraud
bfb57b1d-386a-43cd-9737-afe069296ef0,0b48151c4ac827afeee06ce2d77cc343,44121945-ecfe-408c-9afa-e13cabd052e5,CANCELLATION,medium,app,2026-07-17T00:00:00,2026-07-17T14:00:00,escalated_to_human,fraud
27cf289b-3b1e-4e25-87d7-eb8366caf2cb,0b48151c4ac827afeee06ce2d77cc343,add133b0-fd96-4abf-89ba-d57dfccd5a4c,ORDER_STATUS,medium,chat,2026-06-29T00:00:00,2026-06-29T22:00:00,escalated_to_human,fraud
a846db7d-aeb7-44a0-b7ee-3af59c6c8726,0b48151c4ac827afeee06ce2d77cc343,3ae5538d-d82d-4184-b49f-93d0e417409d,DAMAGED_ITEM,medium,chat,2026-07-08T00:00:00,2026-07-10T13:00:00,auto_resolved,fraud
8b168b0d-6c7e-44b1-86e1-5c6e6dd7ef4f,0b48151c4ac827afeee06ce2d77cc343,59b8754b-337e-4b5a-9d65-1c4a7473cfe8,FRAUD_REVIEW,high,chat,2026-07-09T00:00:00,2026-07-09T23:00:00,escalated_to_human,fraud
fc677787-b3de-463c-9434-86b40b26cb3c,0b48151c4ac827afeee06ce2d77cc343,3a779182-8443-4efc-ba42-fe8cda333674,REFUND,medium,email,2026-07-23T00:00:00,2026-07-24T16:00:00,auto_resolved,fraud
d04e5e23-db62-4950-ac08-c1b8d527314c,0b48151c4ac827afeee06ce2d77cc343,1d65c792-80d6-4ae8-91b7-db09544545f3,FRAUD_REVIEW,high,email,2026-06-27T00:00:00,2026-06-29T15:00:00,escalated_to_human,fraud
424ccb50-fa10-4ba8-8224-d8078a941b4d,0b48151c4ac827afeee06ce2d77cc343,d3131b03-c01d-4636-ba1b-8d124a515c41,ACCOUNT,high,app,2026-07-16T00:00:00,2026-07-17T20:00:00,escalated_to_human,fraud
337366a5-393f-4fca-a044-77ee9d3ad02a,0b48151c4ac827afeee06ce2d77cc343,5f3be931-138c-4edd-9efb-db327e3b89a7,CANCELLATION,high,chat,2026-07-15T00:00:00,2026-07-17T10:00:00,info_provided,fraud
16e25101-ec2b-404c-b937-377679ce98d6,0b48151c4ac827afeee06ce2d77cc343,788cc468-1d00-4961-90cf-081dcd464ff0,REFUND,medium,email,2026-07-18T00:00:00,2026-07-19T13:00:00,refund_issued,fraud
0e3d065b-fa00-418e-a0ac-c02dd9725156,0b48151c4ac827afeee06ce2d77cc343,3b2b488c-6791-4924-8743-ec1eea325db0,REFUND,low,email,2026-07-14T00:00:00,2026-07-14T16:00:00,auto_resolved,fraud
48edb690-19c0-4ab8-851b-bf4f44c90c41,0b48151c4ac827afeee06ce2d77cc343,5b9e0dde-7d7f-4022-a3ff-18c4466bb15f,FRAUD_REVIEW,high,app,2026-07-24T00:00:00,2026-07-26T17:00:00,escalated_to_human,fraud
8d1d817e-5c6a-46fe-b6b8-15b6ddce9f65,0b48151c4ac827afeee06ce2d77cc343,1082673a-57d5-4487-bd59-777c862eef2f,DAMAGED_ITEM,medium,app,2026-07-10T00:00:00,2026-07-11T15:00:00,escalated_to_human,fraud
cadbf33d-fbc4-452e-bead-9d4f9a19b867,0b48151c4ac827afeee06ce2d77cc343,cda30575-405e-48fd-8f27-b7019603ed4e,FRAUD_REVIEW,high,email,2026-07-15T00:00:00,2026-07-15T15:00:00,escalated_to_human,fraud
b7fa2a1c-e851-4e64-9aa9-f98dcf019d91,0b48151c4ac827afeee06ce2d77cc343,8d160698-5375-45e6-8699-76d067f2c130,ACCOUNT,medium,chat,2026-07-02T00:00:00,2026-07-02T22:00:00,refund_issued,fraud
923e6bfe-8f8e-4430-9cec-8d2e7b64e6bd,0b48151c4ac827afeee06ce2d77cc343,347520c3-ffa3-40a3-b5dc-62d5f5d60526,ORDER_STATUS,low,email,2026-07-06T00:00:00,2026-07-08T02:00:00,info_provided,fraud
d5c31441-36c7-4ca1-990f-346c07f0c749,0b48151c4ac827afeee06ce2d77cc343,fceb62e4-be38-4de5-91ff-4dbab431caf4,DAMAGED_ITEM,medium,chat,2026-07-13T00:00:00,2026-07-13T17:00:00,escalated_to_human,fraud
4d1428bd-6a04-4552-a808-fa943c031509,0b48151c4ac827afeee06ce2d77cc343,42b3182d-0683-4b67-8f7b-5f7deeff5e0e,REFUND,high,app,2026-07-12T00:00:00,2026-07-12T04:00:00,escalated_to_human,fraud
4b9fef1d-4869-4a84-aa33-602427be9dd6,0b48151c4ac827afeee06ce2d77cc343,ffaf080c-5e08-4dec-847e-f33244661f22,FRAUD_REVIEW,high,app,2026-07-05T00:00:00,2026-07-05T20:00:00,escalated_to_human,fraud
2c21ece0-10ce-4dc9-948d-2c0ac0ed4503,0b48151c4ac827afeee06ce2d77cc343,4a155845-6a91-4924-b9be-9aa4df160046,PAYMENT_ISSUE,low,chat,2026-07-21T00:00:00,2026-07-23T16:00:00,escalated_to_human,fraud
7c21b450-5be8-4077-97fd-0146528211f5,0b48151c4ac827afeee06ce2d77cc343,859124c7-53d7-48bd-b49b-a4ca194ddb05,SHIPPING_DELAY,medium,email,2026-06-30T00:00:00,2026-07-01T23:00:00,escalated_to_human,fraud
f328ff54-a96e-46e7-8d95-389b4c396433,0b48151c4ac827afeee06ce2d77cc343,f06a0777-b44b-4b39-8cab-7f849ad0c521,REFUND,medium,app,2026-07-12T00:00:00,2026-07-14T21:00:00,auto_resolved,fraud
0f32e8cc-764a-4f68-9d57-16a783bbbc2b,0b48151c4ac827afeee06ce2d77cc343,8701d527-fe57-419e-9af9-fc3077f0557f,FRAUD_REVIEW,high,app,2026-07-14T00:00:00,2026-07-15T07:00:00,escalated_to_human,fraud
65305a5a-e0fa-4c3e-ab6c-82686c5cb9c4,0b48151c4ac827afeee06ce2d77cc343,77f60098-f451-43a1-acbe-af3b25ba92e6,FRAUD_REVIEW,high,email,2026-07-10T00:00:00,2026-07-11T03:00:00,escalated_to_human,fraud
0c90dbc2-4679-469e-9108-534c19dc94f1,0b48151c4ac827afeee06ce2d77cc343,eda0adf4-6829-48ac-9065-7e6fa7bd101b,REFUND,low,email,2026-07-25T00:00:00,2026-07-27T09:00:00,escalated_to_human,fraud
946cfd6e-8c18-44ee-b399-44aaeb7ee394,0b48151c4ac827afeee06ce2d77cc343,5930f02d-ba02-4f0a-8f62-cb828a88addd,ORDER_STATUS,medium,email,2026-07-14T00:00:00,2026-07-16T01:00:00,auto_resolved,fraud
120fbe2e-40f7-4d91-b160-0c7efcded8e3,0b48151c4ac827afeee06ce2d77cc343,33010c5c-0f72-4b68-94f0-697cfb32eef8,ACCOUNT,high,chat,2026-07-30T00:00:00,2026-07-31T16:00:00,info_provided,fraud
d214f736-5c91-4a9f-887c-0c9d3b98c789,0b48151c4ac827afeee06ce2d77cc343,d231cda3-c15d-48af-ab2d-7b0b94fd47ad,PAYMENT_ISSUE,low,app,2026-07-20T00:00:00,2026-07-21T01:00:00,escalated_to_human,fraud
8fa44440-b26b-4a42-98c4-801c3f17e178,0b48151c4ac827afeee06ce2d77cc343,2ceee8ca-e7f2-4040-b00f-f7fee18195c3,CANCELLATION,high,email,2026-06-25T00:00:00,2026-06-26T18:00:00,escalated_to_human,fraud
52aa83da-9724-42a0-b677-d911c01f642f,0b48151c4ac827afeee06ce2d77cc343,d33915b6-c446-49f8-98e9-1e6135e9aea9,PAYMENT_ISSUE,high,email,2026-07-21T00:00:00,2026-07-21T13:00:00,escalated_to_human,fraud
ce5d24ec-d476-4a9f-9b61-70656ae607f3,0b48151c4ac827afeee06ce2d77cc343,b86beef4-d327-4572-8625-ef018fae5d0c,SHIPPING_DELAY,low,chat,2026-07-30T00:00:00,2026-07-31T06:00:00,auto_resolved,fraud
f1fe7c38-07e5-4e1b-acad-b230dd57fe49,0b48151c4ac827afeee06ce2d77cc343,981e15a4-cc4b-479e-8fef-d54fb1caa3db,REFUND,medium,app,2026-07-18T00:00:00,2026-07-18T08:00:00,auto_resolved,fraud
257a68f3-86b3-43ff-b329-77dc7bb9bcbb,0b48151c4ac827afeee06ce2d77cc343,71a448ec-8637-4840-b30f-7ac7afb79ed7,REFUND,low,email,2026-07-08T00:00:00,2026-07-09T01:00:00,escalated_to_human,fraud
f1a241cb-fbbb-445e-b617-62dfd108fe2d,0b48151c4ac827afeee06ce2d77cc343,ff856c6e-7d62-47d3-808f-e0862159ba53,PAYMENT_ISSUE,high,chat,2026-07-23T00:00:00,2026-07-25T14:00:00,auto_resolved,fraud
45290293-410b-4e32-b7cd-450a6baba0fc,0b48151c4ac827afeee06ce2d77cc343,0b964d65-945e-4ec1-b7c2-88d16d88e12f,ACCOUNT,low,app,2026-07-06T00:00:00,2026-07-08T13:00:00,info_provided,fraud
c845a38e-a90e-40f6-83bf-d2a4de8814ea,0b48151c4ac827afeee06ce2d77cc343,7374a674-a02b-4693-ad2b-ba8ca78361d2,PAYMENT_ISSUE,low,app,2026-07-15T00:00:00,2026-07-15T02:00:00,info_provided,fraud
131c9f5f-a532-4421-b0d6-216ebd19946d,0b48151c4ac827afeee06ce2d77cc343,ba39afac-4422-4147-a681-cd0786f6ed9b,REFUND,low,app,2026-07-01T00:00:00,2026-07-02T03:00:00,info_provided,fraud
c6143539-e7e3-4364-852f-50998b99841c,0b48151c4ac827afeee06ce2d77cc343,13d4125e-8694-43f0-a814-5b89775c129c,ACCOUNT,medium,chat,2026-07-25T00:00:00,2026-07-27T08:00:00,auto_resolved,fraud
2eb05046-428b-4feb-8fa0-d710186a92fd,0b48151c4ac827afeee06ce2d77cc343,39f9733d-e8d8-406e-b06f-30df1b307f82,FRAUD_REVIEW,high,chat,2026-07-12T00:00:00,2026-07-12T09:00:00,escalated_to_human,fraud
6358dfff-71cc-4a4b-a842-b233976ccf40,0b48151c4ac827afeee06ce2d77cc343,6f9dd87b-e37b-4a39-821a-3e2edf8edcba,REFUND,high,email,2026-07-09T00:00:00,2026-07-09T10:00:00,refund_issued,fraud
e73f0d6a-d3ff-4f84-beb1-9db2c30fb95f,0b48151c4ac827afeee06ce2d77cc343,e188910e-163d-405f-89ec-89e41c3b8292,FRAUD_REVIEW,high,app,2026-07-11T00:00:00,2026-07-11T06:00:00,escalated_to_human,fraud
5e97ece2-3440-4169-a1e6-e3f9f82ce55e,0b48151c4ac827afeee06ce2d77cc343,0363e506-4d60-4e9c-bfd1-99aefe277448,FRAUD_REVIEW,high,email,2026-06-24T00:00:00,2026-06-25T12:00:00,escalated_to_human,fraud
acf45d67-e305-47b4-a576-8722d448a42c,0b48151c4ac827afeee06ce2d77cc343,d395bb88-fa44-4306-af4b-944001ea1629,REFUND,medium,app,2026-07-06T00:00:00,2026-07-06T17:00:00,auto_resolved,fraud
9a076319-73b4-46c0-9839-5d2e4f845a13,0b48151c4ac827afeee06ce2d77cc343,3f0a3a20-de36-4d0d-97d0-cdfcf3a55eef,SHIPPING_DELAY,low,app,2026-07-18T00:00:00,2026-07-19T12:00:00,escalated_to_human,fraud
bfae6110-52f8-4d0a-9b5d-ba562e35856e,0b48151c4ac827afeee06ce2d77cc343,d09d7329-759d-4bcd-8ce1-778cf004eb08,REFUND,high,app,2026-07-13T00:00:00,2026-07-15T13:00:00,auto_resolved,fraud
d6f43932-91b3-484b-bdab-3abe1e2e6bce,0b48151c4ac827afeee06ce2d77cc343,87a58a60-edd7-49f1-94a0-8dbe8859f40a,FRAUD_REVIEW,high,app,2026-07-28T00:00:00,2026-07-29T05:00:00,escalated_to_human,fraud
3e6c7341-4fb2-4144-bdc8-83ea49be6f46,0b48151c4ac827afeee06ce2d77cc343,30c3d5f3-393e-41a5-9f2c-17311bae91ba,DAMAGED_ITEM,low,app,2026-07-10T00:00:00,2026-07-10T23:00:00,refund_issued,fraud
84c349ef-814c-4638-946e-c2968a125af3,0b48151c4ac827afeee06ce2d77cc343,af5ee0a2-87e4-4d79-adb2-57dd95056129,FRAUD_REVIEW,high,email,2026-06-30T00:00:00,2026-06-30T14:00:00,escalated_to_human,fraud
64b17df5-5de8-479c-b0ec-e551d9d0d747,0b48151c4ac827afeee06ce2d77cc343,fb1c886a-619a-43b2-a939-558ea571d6e0,PAYMENT_ISSUE,low,chat,2026-07-15T00:00:00,2026-07-15T17:00:00,info_provided,fraud
ddbae464-4bcf-4221-bcc2-1bd158186e01,0b48151c4ac827afeee06ce2d77cc343,300dc5e0-b0ed-40d0-98d2-945b2d1da3ca,REFUND,low,app,2026-07-16T00:00:00,2026-07-17T12:00:00,refund_issued,fraud
4dc5a05c-020a-4d1d-b90f-c620173eecb8,0b48151c4ac827afeee06ce2d77cc343,28892a42-b037-482f-a908-c288e9737808,REFUND,low,app,2026-07-08T00:00:00,2026-07-10T19:00:00,auto_resolved,fraud
37ac000f-deab-486f-84ab-26a1ef9af7dc,0b48151c4ac827afeee06ce2d77cc343,76bab0a3-1252-4b0c-bb2e-2ea2f86d4cc1,FRAUD_REVIEW,high,email,2026-07-28T00:00:00,2026-07-30T04:00:00,escalated_to_human,fraud
7116e15d-a473-4599-92a7-d7e010b5b636,0b48151c4ac827afeee06ce2d77cc343,8a84c85d-fee7-434f-a2dd-d69eaf7113f9,REFUND,medium,email,2026-07-20T00:00:00,2026-07-21T10:00:00,escalated_to_human,fraud
d2b853a1-b79f-413c-aa85-509dbb1640d2,0b48151c4ac827afeee06ce2d77cc343,aa5bf2f0-0eed-4877-9ae1-46ba81c721a0,PAYMENT_ISSUE,high,email,2026-07-14T00:00:00,2026-07-16T03:00:00,refund_issued,fraud
9125dec9-32df-4dfe-a62a-44ce28d7da12,0b48151c4ac827afeee06ce2d77cc343,82b5edee-5845-42a0-8795-6945f034d9f1,CANCELLATION,medium,app,2026-07-23T00:00:00,2026-07-25T08:00:00,auto_resolved,fraud
ff0b8dce-2a4e-4689-a8ff-26089f56fc65,0b48151c4ac827afeee06ce2d77cc343,1ce8658f-52cc-4820-a888-d68544addd3c,SHIPPING_DELAY,high,chat,2026-07-08T00:00:00,2026-07-10T17:00:00,auto_resolved,fraud
8b0a2d60-a3ab-4810-8d60-e701de6e589a,0b48151c4ac827afeee06ce2d77cc343,fc3dc7cd-b88d-4d4e-88c7-2f13c239a117,FRAUD_REVIEW,high,chat,2026-07-12T00:00:00,2026-07-13T21:00:00,escalated_to_human,fraud
c6c42e3b-a3cb-4fe2-8b13-4e0056a58c9d,0b48151c4ac827afeee06ce2d77cc343,434333d2-669f-4729-9930-3b4bf8348443,FRAUD_REVIEW,high,app,2026-07-25T00:00:00,2026-07-26T23:00:00,escalated_to_human,fraud
6c91bf9b-c943-446c-aab2-c6a561b96a6f,0b48151c4ac827afeee06ce2d77cc343,2d0ec024-05dc-4fb6-aeaf-91803a302d2c,PAYMENT_ISSUE,low,chat,2026-07-16T00:00:00,2026-07-18T06:00:00,escalated_to_human,fraud
91aa716a-21af-4c15-ac45-12bb81370b07,0b48151c4ac827afeee06ce2d77cc343,ab1e0b37-c382-44ee-b24d-968ebf8b2313,ACCOUNT,high,email,2026-07-10T00:00:00,2026-07-11T20:00:00,info_provided,fraud
0ff20743-6832-4ce3-a769-8d8b0dce41ab,0b48151c4ac827afeee06ce2d77cc343,02688507-e877-4d2b-9cc3-c428defc0ff2,REFUND,low,chat,2026-07-01T00:00:00,2026-07-03T16:00:00,escalated_to_human,fraud
59211c2d-e603-432a-9cc0-8f066c8d0305,0b48151c4ac827afeee06ce2d77cc343,e2b5360a-3c91-44bb-b9f1-e7a3da4c348c,DAMAGED_ITEM,medium,app,2026-07-05T00:00:00,2026-07-06T05:00:00,info_provided,fraud
90e68e99-7477-4164-9a2c-afdc5fb13b44,0b48151c4ac827afeee06ce2d77cc343,b31986ec-d9a2-4c64-9d8c-67f6918602a6,FRAUD_REVIEW,high,app,2026-07-10T00:00:00,2026-07-12T21:00:00,escalated_to_human,fraud
2724f0e0-36e0-41b3-baf1-d50abda6e531,0b48151c4ac827afeee06ce2d77cc343,b631e2f4-805e-4bf9-943c-3b8ba29c597e,ORDER_STATUS,medium,email,2026-07-27T00:00:00,2026-07-27T09:00:00,escalated_to_human,fraud
4c1e4364-fdc2-4293-9582-bb2f341349e8,0b48151c4ac827afeee06ce2d77cc343,9164da9f-9a2f-4f39-8733-8311d60728f0,FRAUD_REVIEW,high,email,2026-07-25T00:00:00,2026-07-26T20:00:00,escalated_to_human,fraud
b9346a58-053f-4b38-8124-a4357d4567d8,0b48151c4ac827afeee06ce2d77cc343,4d4d6726-a118-4c51-8b13-af32faacafe3,SHIPPING_DELAY,medium,chat,2026-06-28T00:00:00,2026-06-30T10:00:00,auto_resolved,fraud
4047143a-e73e-41b2-b71f-2a0eb3ae966a,755bdc2822a8f01cfcec19ae4dcaae66,d9f58960-113e-4a7f-8c1b-9a932b979690,PAYMENT_ISSUE,medium,app,2026-07-18T00:00:00,2026-07-18T16:00:00,auto_resolved,fraud
5c708652-1124-443a-aff8-d3decddb576b,755bdc2822a8f01cfcec19ae4dcaae66,b39b7c80-0b4f-4458-ace8-76ede94cb720,DAMAGED_ITEM,medium,email,2026-07-15T00:00:00,2026-07-18T00:00:00,auto_resolved,fraud
42eea709-6389-4129-947e-ba4b9a0a4c07,755bdc2822a8f01cfcec19ae4dcaae66,a2b3b6f9-8d11-4a54-9147-e6ce0c586bfb,REFUND,medium,app,2026-07-04T00:00:00,2026-07-06T05:00:00,escalated_to_human,fraud
f7f4ec26-efb1-4d77-a6ec-1673527fbbb1,755bdc2822a8f01cfcec19ae4dcaae66,b131c1b2-eb4d-49cd-bd79-309769d6c958,ACCOUNT,high,app,2026-07-04T00:00:00,2026-07-06T17:00:00,info_provided,fraud
48cc164a-e545-41f1-9709-21a124f9f7c1,755bdc2822a8f01cfcec19ae4dcaae66,752ce0b4-8762-4445-b89c-4061a1a10ae0,FRAUD_REVIEW,high,app,2026-07-09T00:00:00,2026-07-11T20:00:00,escalated_to_human,fraud
52f9ac14-9a30-4e43-8635-79b962fe514a,755bdc2822a8f01cfcec19ae4dcaae66,45544e50-25c4-40db-ba46-3993f4114d33,DAMAGED_ITEM,medium,chat,2026-07-08T00:00:00,2026-07-08T22:00:00,escalated_to_human,fraud
a598839a-73d4-48f6-bd62-09cd8e255cae,755bdc2822a8f01cfcec19ae4dcaae66,be05a2d5-bb62-4065-9318-5fd6dc5ce95c,REFUND,low,chat,2026-07-02T00:00:00,2026-07-02T15:00:00,escalated_to_human,fraud
3f8fe1c1-c285-4f60-b7c9-2c67848840f8,755bdc2822a8f01cfcec19ae4dcaae66,4868de52-b97e-49ec-b46d-299b896433d6,FRAUD_REVIEW,high,email,2026-07-14T00:00:00,2026-07-14T10:00:00,escalated_to_human,fraud
aaddeb0a-4262-4a06-8b34-705eac9cf8a2,a4813c3f53f0652da225d8410cc615a0,57ecae35-b662-4298-8b55-685203a1c876,ACCOUNT,high,app,2026-07-21T00:00:00,2026-07-21T20:00:00,escalated_to_human,new
74cb6321-57f7-4ee9-9ecd-1120735d3573,49d79c76cf12065b7a08103cdba3e1b8,8abbb710-d1cf-4438-9782-e8df1c0c48ff,CANCELLATION,high,app,2026-05-11T00:00:00,2026-05-11T22:00:00,refund_issued,existing
7048f639-3edf-409f-91ba-4e74648900db,49d79c76cf12065b7a08103cdba3e1b8,844e4840-f307-4b62-aa19-d5578305705f,REFUND,low,email,2026-04-30T00:00:00,2026-04-30T02:00:00,escalated_to_human,existing
2d1f1270-aede-45af-ac3b-d14d487c7751,49d79c76cf12065b7a08103cdba3e1b8,9aaeb1a2-ce5b-4e08-a1e7-edf36c7e9d75,REFUND,medium,app,2026-01-09T00:00:00,2026-01-11T14:00:00,info_provided,existing
1aa887e5-c2bb-4234-8e1c-9b78579c773d,49d79c76cf12065b7a08103cdba3e1b8,10fa65ab-1dc3-43de-bc06-8b1afa998241,DAMAGED_ITEM,high,app,2026-07-24T00:00:00,2026-07-26T18:00:00,escalated_to_human,existing
1a6cec5c-8b70-4462-9bbf-21d4d4d3dc9c,59150cde6405fb8f31f6dd1882d15754,6c61405f-12c7-49b5-abe9-d9796c5cbb0b,REFUND,medium,email,2026-06-29T00:00:00,2026-06-29T03:00:00,auto_resolved,existing
90a770da-ab85-413d-82f1-17dae3828aa4,f62f269f9ce7c41d20a90f70df873f42,fc88204a-9c2f-4789-b436-73dcacd5cb86,REFUND,medium,app,2026-05-07T00:00:00,2026-05-07T22:00:00,escalated_to_human,fraud
3a64ae1d-9ed3-4fc6-9549-34cc1cdc2143,f62f269f9ce7c41d20a90f70df873f42,993a8103-8f0b-4d77-9a63-c22132bfde9b,FRAUD_REVIEW,high,app,2026-05-24T00:00:00,2026-05-24T21:00:00,escalated_to_human,fraud
d939c22b-e4f1-4c77-8e1b-d9ae4078668b,dc643b60537f44f35b2f91610ea64153,410e5f9a-1015-41e1-aeb3-67dbf0c9745a,PAYMENT_ISSUE,high,email,2026-07-07T00:00:00,2026-07-09T02:00:00,auto_resolved,existing
253a245b-37c2-4c1b-a63d-b32addf8ba01,7530369a1ddf13882910895b0559423d,8d60d46a-a5c6-4294-be5b-3d72c24320ad,SHIPPING_DELAY,low,email,2024-11-17T00:00:00,2024-11-17T16:00:00,escalated_to_human,churn_risk
8204148b-e47e-4588-a96e-5f2187034d66,317a5bc8cf58c4401e221c74d7a51982,1e08b93a-034e-43c3-b317-a064b6345118,FRAUD_REVIEW,high,email,2026-06-27T00:00:00,2026-06-28T06:00:00,escalated_to_human,fraud
b9ea902e-437b-41ed-9ce5-774ba354bc8e,317a5bc8cf58c4401e221c74d7a51982,048bb07d-8868-4e4d-9a30-4c52b8ac0602,DAMAGED_ITEM,low,chat,2026-06-26T00:00:00,2026-06-28T00:00:00,auto_resolved,fraud
5ccafa36-e59d-4fb1-9824-18d839d3a28b,317a5bc8cf58c4401e221c74d7a51982,b0c40861-d46a-4028-a9c4-4daf4ea6e2ef,REFUND,high,email,2026-07-17T00:00:00,2026-07-18T10:00:00,refund_issued,fraud
29861aac-f141-4239-9f24-001b668b9523,317a5bc8cf58c4401e221c74d7a51982,ed5ff42c-ef1b-49a7-a233-ae4825835705,REFUND,medium,chat,2026-07-16T00:00:00,2026-07-17T09:00:00,refund_issued,fraud
bae8136c-c1f8-445a-8c2e-2adf015cb3a1,317a5bc8cf58c4401e221c74d7a51982,bc188b16-b5a4-41c6-94f6-716043b5c086,SHIPPING_DELAY,high,email,2026-06-24T00:00:00,2026-06-26T05:00:00,escalated_to_human,fraud
985bd4b2-9e6d-4dbc-b1c0-09d13283b4cd,317a5bc8cf58c4401e221c74d7a51982,94ba1af9-95f8-427d-90ce-b202abd21531,REFUND,medium,app,2026-07-08T00:00:00,2026-07-10T10:00:00,auto_resolved,fraud
253105be-1616-4d8e-85ce-983691533827,317a5bc8cf58c4401e221c74d7a51982,5195fc53-2f79-4754-9f29-7602c00c9b47,ACCOUNT,low,app,2026-07-31T00:00:00,2026-08-02T02:00:00,refund_issued,fraud
3db2f46a-219a-4256-b0dd-407e80eb1f66,317a5bc8cf58c4401e221c74d7a51982,562489b6-c720-467a-ac20-e6a2a302dffe,FRAUD_REVIEW,high,chat,2026-07-08T00:00:00,2026-07-08T18:00:00,escalated_to_human,fraud
90bc73d7-1681-43aa-a4f9-3e52acc3429e,317a5bc8cf58c4401e221c74d7a51982,ec7f5971-86e8-42b7-9c1a-007a3eedcc57,DAMAGED_ITEM,low,email,2026-07-22T00:00:00,2026-07-22T14:00:00,auto_resolved,fraud
a3fee195-68ec-490a-b54f-2805e95472bc,317a5bc8cf58c4401e221c74d7a51982,227a4db9-6b42-4632-bded-9dbe820fce54,DAMAGED_ITEM,high,chat,2026-07-14T00:00:00,2026-07-14T03:00:00,escalated_to_human,fraud
8eab1e3b-6cc1-4e9c-96cc-3acb9065bb76,317a5bc8cf58c4401e221c74d7a51982,623ace5d-f0af-416d-a8d0-f9d873b83a5a,FRAUD_REVIEW,high,app,2026-07-15T00:00:00,2026-07-16T04:00:00,escalated_to_human,fraud
39d7b073-930c-4caf-8a8b-0600a141e677,317a5bc8cf58c4401e221c74d7a51982,32d253f4-78cd-4014-abbe-7175b484922c,FRAUD_REVIEW,high,chat,2026-07-15T00:00:00,2026-07-18T00:00:00,escalated_to_human,fraud
0fae62ee-7946-40d7-ac11-2802c7306752,317a5bc8cf58c4401e221c74d7a51982,da29b699-424f-42bb-bf0c-3fefd587b4f1,CANCELLATION,low,chat,2026-07-14T00:00:00,2026-07-14T15:00:00,info_provided,fraud
acb0d824-5526-4417-834f-df3741ba0799,317a5bc8cf58c4401e221c74d7a51982,14ad0565-a921-47be-a33c-91751131b592,SHIPPING_DELAY,high,app,2026-07-03T00:00:00,2026-07-05T12:00:00,escalated_to_human,fraud
72369f58-0d41-4f55-abc8-ebe200881cf1,317a5bc8cf58c4401e221c74d7a51982,1653b5a0-cd26-44cf-a0ef-a5504bd3aa79,ORDER_STATUS,low,app,2026-06-17T00:00:00,2026-06-19T03:00:00,refund_issued,fraud
3c3e3fb8-895c-4a05-9a35-98faef8a877b,317a5bc8cf58c4401e221c74d7a51982,50c65ad1-05d4-4a96-a868-ff7a6b5f54be,SHIPPING_DELAY,high,email,2026-07-13T00:00:00,2026-07-14T05:00:00,auto_resolved,fraud
d5842a8f-a1d6-49ac-91ef-61956e167a59,317a5bc8cf58c4401e221c74d7a51982,21643748-abd0-4533-ad97-345f09872d06,ORDER_STATUS,low,chat,2026-06-28T00:00:00,2026-06-29T15:00:00,auto_resolved,fraud
7b6bd90d-95e0-457d-9493-ec85375ad711,317a5bc8cf58c4401e221c74d7a51982,2e3ff0bc-fe47-42a8-96db-c8a09adf6e3e,REFUND,low,app,2026-07-15T00:00:00,2026-07-17T13:00:00,refund_issued,fraud
acb25c60-b32e-4bd9-aa7b-42d28fafcf87,317a5bc8cf58c4401e221c74d7a51982,9f557f98-dc36-4749-81c8-96c37788a608,ACCOUNT,low,email,2026-07-13T00:00:00,2026-07-14T04:00:00,escalated_to_human,fraud
40ed47ab-80f7-4876-bca0-baee0fb59cc9,317a5bc8cf58c4401e221c74d7a51982,0c73afcf-d17a-44c4-84b8-aa48d39fdc97,FRAUD_REVIEW,high,app,2026-07-25T00:00:00,2026-07-26T00:00:00,escalated_to_human,fraud
61e65947-407b-499f-aa21-a6641bb1bdb2,317a5bc8cf58c4401e221c74d7a51982,96daaeb5-1e8e-4752-ae63-b23c0b5ad48f,REFUND,low,chat,2026-07-13T00:00:00,2026-07-13T03:00:00,refund_issued,fraud
e6260c2f-d114-43a4-b916-8183cf87b563,ce900bc17b3e45ec05956db418d86207,aa2f8dad-1dbf-49d6-b097-9b2cd0b125ab,DAMAGED_ITEM,medium,app,2026-02-16T00:00:00,2026-02-18T08:00:00,auto_resolved,existing
7a032686-6380-40ee-9869-15f236777bd0,a5c133a6a95d06f06939fd961fb8a0c3,b7700611-52ff-4924-b10e-a5855b927315,ORDER_STATUS,low,app,2026-06-25T00:00:00,2026-06-26T21:00:00,auto_resolved,existing
e2be40e3-4178-43b7-930c-3343b65d75c6,0d77d20b2c7c92602b0c4ec4fe5997af,c51fb5f3-53ba-474c-97b3-2ee127025003,SHIPPING_DELAY,low,chat,2026-07-14T00:00:00,2026-07-16T23:00:00,refund_issued,existing
80b47add-1e68-470d-9bb1-e06ca694bb7a,4f6d635ff2fd4e30ff5369a7b943eb22,44bf6bc2-cb69-48d7-b566-5d9e99746867,ORDER_STATUS,high,chat,2026-07-03T00:00:00,2026-07-05T09:00:00,auto_resolved,existing
c93b8387-c238-4031-acdc-6fd3cdba71e5,ca87392503c5a503ff16afc9344ebbe0,c982f21d-3df6-4f57-b1b9-c7c4ed1c8e1c,SHIPPING_DELAY,low,app,2026-04-29T00:00:00,2026-05-01T16:00:00,info_provided,existing
1cb782c3-c63d-43b6-8985-d5065b04a917,6ad430c5fac5e72b42f74af4ad7e98f3,60292108-4875-4e5a-aa65-1a2a01e8d9e5,REFUND,low,app,2026-06-20T00:00:00,2026-06-22T02:00:00,escalated_to_human,churn_risk
05ba32d0-4067-43e8-9c76-0f8d4a761695,2c4f12ef543ba44eead3e3a43c229c11,205378ce-2551-429d-9f54-e1d0bfbc55f8,REFUND,high,chat,2026-07-17T00:00:00,2026-07-18T14:00:00,auto_resolved,existing
4ebd9ae9-55bb-4759-9151-ef937132d7ec,dc77e5e1396c807043f506f794d8fd1e,eb5fcc28-e936-4bf1-80bf-f162114b1f52,REFUND,low,email,2025-10-14T00:00:00,2025-10-14T03:00:00,escalated_to_human,existing
5787574f-6dc4-4669-b5ef-62bc9024dad2,ec6a3d80eab7e27f7ee8efeb6839eee9,e3f46ba0-49ee-4fc0-8b5f-57709e6be32e,ORDER_STATUS,medium,email,2026-07-06T00:00:00,2026-07-07T15:00:00,auto_resolved,churn_risk
8915c757-5ee8-48d1-b30c-4b11a1372d41,9d85c39a38a86ed13978803d7560c612,39af32a7-dda7-4b61-b36c-069e260509b1,DAMAGED_ITEM,low,chat,2023-08-09T00:00:00,2023-08-10T14:00:00,escalated_to_human,existing
34d5e767-e98f-4d02-802c-1959ada68407,e44a59cd3178714eaf095face6112af5,21a5a4af-9e57-40b2-af1e-daa9bc92019b,SHIPPING_DELAY,medium,app,2026-07-15T00:00:00,2026-07-15T20:00:00,auto_resolved,fraud
05083dc2-af3f-4b03-bd4a-e00e195ff8e5,e44a59cd3178714eaf095face6112af5,50feea37-d4f0-4ce8-a805-a620c6c5003b,REFUND,medium,chat,2026-07-25T00:00:00,2026-07-25T21:00:00,refund_issued,fraud
7aa1f7fd-64a8-45df-8945-8d3596c67880,e44a59cd3178714eaf095face6112af5,831ec38f-0d97-4181-be78-8fbc5c493d22,SHIPPING_DELAY,high,chat,2026-07-06T00:00:00,2026-07-07T08:00:00,refund_issued,fraud
ae46c1ff-a286-4547-ba94-1c0c036b2fac,9f67d6145893e41e7ada2e646b84f658,d3b6ca91-890e-4ddf-b343-3713889d1684,PAYMENT_ISSUE,low,email,2026-05-23T00:00:00,2026-05-23T10:00:00,escalated_to_human,existing
2dfa019a-b0a8-41e9-991b-9e50dbe7c9fb,fc0a9229ea43fea6c9f9d79c06761a1e,986a6ed1-7729-48f6-a884-3eac0ff84fb7,PAYMENT_ISSUE,medium,chat,2026-07-21T00:00:00,2026-07-23T14:00:00,info_provided,new
a2a95b03-0cba-47bd-8023-0105df24b065,184ff574579b06c07152f2ba4ae74106,fc0c7b5f-6a01-4fe9-99d5-47134475bb4f,PAYMENT_ISSUE,low,app,2025-10-19T00:00:00,2025-10-19T17:00:00,info_provided,existing
af2ac9f2-ccba-41a6-917b-c7a8e193a87e,84032c13e75382a35c99ae73156b30b9,2350b06a-64a5-4dfa-aca8-3dfd05ebaeb6,REFUND,low,email,2026-07-18T00:00:00,2026-07-20T10:00:00,refund_issued,fraud
7f942760-4b09-4eeb-b0d8-956f563ed47c,84032c13e75382a35c99ae73156b30b9,e7cf70ee-5006-4d29-b667-cd8c5cea49f0,ACCOUNT,low,chat,2026-07-10T00:00:00,2026-07-12T03:00:00,refund_issued,fraud
8daf5f9c-6fd6-4e9f-b0b2-07a5cd1a50a9,97dc91f9e896442f6ac9650bb2a9b594,d38f947e-e2fb-4d6c-8203-826319ff92bc,ACCOUNT,medium,email,2026-07-15T00:00:00,2026-07-15T03:00:00,refund_issued,fraud
9c36eb8d-1437-4043-b359-6afd3b8bda6e,97dc91f9e896442f6ac9650bb2a9b594,8b0a6e88-b97d-4ed6-bc7a-f543fb69411a,ACCOUNT,high,app,2026-06-23T00:00:00,2026-06-23T16:00:00,refund_issued,fraud
97acf1fe-590e-4e6f-8027-a6969d2031f5,97dc91f9e896442f6ac9650bb2a9b594,bb9bbff2-de65-4399-aa87-087cb714218a,REFUND,low,chat,2026-07-12T00:00:00,2026-07-13T18:00:00,auto_resolved,fraud
86aa422d-0636-47df-bd51-269f4ed5d125,97dc91f9e896442f6ac9650bb2a9b594,4d1cdc9d-2e81-4439-8f87-91a292862983,FRAUD_REVIEW,high,email,2026-06-20T00:00:00,2026-06-20T02:00:00,escalated_to_human,fraud
043225df-e97f-49a3-9465-ac16c72166fc,97dc91f9e896442f6ac9650bb2a9b594,6ea1e1ed-fd9d-4eaa-ae62-855bb71273c0,ORDER_STATUS,high,email,2026-07-24T00:00:00,2026-07-26T12:00:00,auto_resolved,fraud
943d3800-0c86-407c-9169-3e756056e42e,97dc91f9e896442f6ac9650bb2a9b594,a3d6aade-45dc-4af6-a9be-bf80fddfc828,REFUND,high,email,2026-06-26T00:00:00,2026-06-26T12:00:00,escalated_to_human,fraud
2e6a9935-d388-4244-8299-14b87ce90fde,97dc91f9e896442f6ac9650bb2a9b594,2737f13c-cc73-4069-a887-3003ca1d6628,FRAUD_REVIEW,high,email,2026-06-21T00:00:00,2026-06-23T06:00:00,escalated_to_human,fraud
bcf9c77f-50a9-4f16-a912-fa171f7e559f,97dc91f9e896442f6ac9650bb2a9b594,d113f821-ba9a-4741-80d8-61416af267c6,FRAUD_REVIEW,high,app,2026-07-15T00:00:00,2026-07-17T20:00:00,escalated_to_human,fraud
92deedcf-80c5-4586-80e9-17aeb7fb9523,97dc91f9e896442f6ac9650bb2a9b594,db551984-9774-4d25-b260-358292b04b02,SHIPPING_DELAY,high,chat,2026-06-22T00:00:00,2026-06-24T07:00:00,info_provided,fraud
722dff92-da85-4aed-89e9-9b9b0b05eb04,97dc91f9e896442f6ac9650bb2a9b594,1f46ce02-7db0-4b0e-8df2-b396e37dea39,SHIPPING_DELAY,low,email,2026-07-05T00:00:00,2026-07-06T19:00:00,escalated_to_human,fraud
6d7c2f79-2608-4425-b81b-120bc02352f3,97dc91f9e896442f6ac9650bb2a9b594,cd648de5-1e90-41ec-b8e8-3f67576288b3,ORDER_STATUS,medium,app,2026-06-25T00:00:00,2026-06-25T14:00:00,auto_resolved,fraud
131597c8-07c3-44a1-b12d-6240ad6e4de5,97dc91f9e896442f6ac9650bb2a9b594,22152a3f-5f26-43f3-83d1-6b017527dfe3,PAYMENT_ISSUE,medium,chat,2026-07-11T00:00:00,2026-07-12T09:00:00,auto_resolved,fraud
a2b0370d-ccf8-44b8-b997-dafd069d0623,97dc91f9e896442f6ac9650bb2a9b594,31d60858-f784-4cdc-870e-29a08c584cf1,FRAUD_REVIEW,high,chat,2026-06-10T00:00:00,2026-06-11T08:00:00,escalated_to_human,fraud
9f974007-1eda-4537-9603-72feeda66e08,97dc91f9e896442f6ac9650bb2a9b594,65751c5b-07b3-4580-8a1a-146f902a0e68,CANCELLATION,high,chat,2026-07-01T00:00:00,2026-07-01T06:00:00,escalated_to_human,fraud
bd454a56-30e6-4b9e-90bf-fc5365f684b2,97dc91f9e896442f6ac9650bb2a9b594,5e9269fe-41f8-4693-8249-ff6956aef20a,REFUND,high,app,2026-07-01T00:00:00,2026-07-03T18:00:00,escalated_to_human,fraud
a667335a-342d-415e-b3af-b8fabc4551cf,97dc91f9e896442f6ac9650bb2a9b594,d75b1b52-405d-4ca6-a4d1-0be6ca98e73c,DAMAGED_ITEM,medium,email,2026-07-19T00:00:00,2026-07-21T18:00:00,info_provided,fraud
454fdbca-fdb1-4321-aa28-1fccbb8acca1,97dc91f9e896442f6ac9650bb2a9b594,16edc385-a13b-46e2-ac89-bc0c2c80c253,SHIPPING_DELAY,high,chat,2026-06-27T00:00:00,2026-06-27T09:00:00,auto_resolved,fraud
c57dc783-8f56-4d66-b943-b90f8efe4f74,97dc91f9e896442f6ac9650bb2a9b594,0ba84043-35ba-4679-b992-f4206ff7e002,FRAUD_REVIEW,high,app,2026-06-25T00:00:00,2026-06-25T19:00:00,escalated_to_human,fraud
519be8a2-357b-4dab-a20e-2b912619ae97,97dc91f9e896442f6ac9650bb2a9b594,400884bc-c6c9-45de-af4c-33fe68d6a75f,ACCOUNT,medium,app,2026-07-21T00:00:00,2026-07-21T17:00:00,auto_resolved,fraud
88e14657-5eff-4161-90e7-e2f5cea0d494,97dc91f9e896442f6ac9650bb2a9b594,50bf3987-f763-4e51-8bf6-b2733a758b72,FRAUD_REVIEW,high,chat,2026-07-14T00:00:00,2026-07-14T03:00:00,escalated_to_human,fraud
139ccb8f-59a7-4586-adc4-cb5aa3c3fd86,97dc91f9e896442f6ac9650bb2a9b594,d54c1aac-5f25-4a55-8023-d304a22afcdb,SHIPPING_DELAY,medium,app,2026-07-01T00:00:00,2026-07-01T18:00:00,refund_issued,fraud
7626caa3-8253-47d0-b54d-207e03d358b3,cb296f03ccd21cfcb3ba0778c4f3b7d9,6014a879-57a3-41a1-9ae7-2111d93618d1,FRAUD_REVIEW,high,app,2026-07-10T00:00:00,2026-07-11T19:00:00,escalated_to_human,fraud
5e72f316-7131-4156-9d2b-0e032496d3a0,cb296f03ccd21cfcb3ba0778c4f3b7d9,464fe3d9-26f5-47c9-9c6e-2266fb23d353,SHIPPING_DELAY,low,app,2026-06-30T00:00:00,2026-06-30T11:00:00,refund_issued,fraud
c87cffc4-5bca-4548-a58a-d87b8e2ec73e,cb296f03ccd21cfcb3ba0778c4f3b7d9,afba4501-585d-4b14-b95f-f2a5dc888ac6,FRAUD_REVIEW,high,email,2026-07-12T00:00:00,2026-07-13T17:00:00,escalated_to_human,fraud
4aa142e2-37b0-41fa-8bd2-0e6efe0c7106,cb296f03ccd21cfcb3ba0778c4f3b7d9,d9c80fa2-bc15-48ad-b5dd-37abddc096de,REFUND,medium,chat,2026-07-09T00:00:00,2026-07-09T16:00:00,escalated_to_human,fraud
f9eaf245-fef1-496b-b576-1e987ad47cdb,cb296f03ccd21cfcb3ba0778c4f3b7d9,af749d9a-41a7-4579-bb2a-2a26119ed2d4,FRAUD_REVIEW,high,email,2026-07-11T00:00:00,2026-07-12T19:00:00,escalated_to_human,fraud
07e7fe24-adc0-4c4c-81e4-2bdaaa8c8d43,cb296f03ccd21cfcb3ba0778c4f3b7d9,a7d7ac89-6437-4e86-a1cb-ebb034ad3080,FRAUD_REVIEW,high,app,2026-07-09T00:00:00,2026-07-11T01:00:00,escalated_to_human,fraud
f96e4117-6c7c-4079-92f0-90b9ccdc280d,cb296f03ccd21cfcb3ba0778c4f3b7d9,6dd17786-bbbf-4be9-b472-a2e54536f46b,DAMAGED_ITEM,high,chat,2026-07-11T00:00:00,2026-07-12T12:00:00,escalated_to_human,fraud
674e57ef-e18b-4c4b-bda3-1d8171888adc,cb296f03ccd21cfcb3ba0778c4f3b7d9,df769da0-1eca-44f8-9a4a-23d43384ad3b,SHIPPING_DELAY,low,app,2026-07-22T00:00:00,2026-07-23T02:00:00,auto_resolved,fraud
9d51550c-004e-4d26-bd14-d961cd769823,cb296f03ccd21cfcb3ba0778c4f3b7d9,63bc1846-65ee-40f0-9257-260c80ae879e,SHIPPING_DELAY,medium,email,2026-07-15T00:00:00,2026-07-17T06:00:00,auto_resolved,fraud
d7d5ef7a-5e45-4b86-8934-0d311b9d7272,803c9b252709beca97a308a9197371ff,8b4c2e49-bcff-4613-8a74-aebefe10d00c,REFUND,low,chat,2026-07-25T00:00:00,2026-07-26T11:00:00,refund_issued,new
7ccd8cb9-96fb-43a9-9ad4-4dd85397439d,717aa48025662fcf27ddebbecc5f782b,1372d94a-c5dd-416d-b78b-6250ae899878,FRAUD_REVIEW,high,email,2026-06-18T00:00:00,2026-06-19T22:00:00,escalated_to_human,fraud
22c62cba-a5eb-4a95-9f57-1c8e23f281f2,717aa48025662fcf27ddebbecc5f782b,024ab162-478c-469a-b283-06c12da80b37,CANCELLATION,high,app,2026-04-12T00:00:00,2026-04-12T16:00:00,auto_resolved,fraud
485f0d41-c88d-4068-982a-ff3a510429ee,717aa48025662fcf27ddebbecc5f782b,4eb443b3-a63b-4bdf-9b92-1b2add4f4216,REFUND,high,chat,2026-05-11T00:00:00,2026-05-13T05:00:00,info_provided,fraud
3983c4de-74ff-402a-8ea2-9b4588f601ea,717aa48025662fcf27ddebbecc5f782b,1078e5c2-1f74-487d-a326-ac9419f55a05,CANCELLATION,medium,chat,2026-04-17T00:00:00,2026-04-19T12:00:00,info_provided,fraud
8c6830f1-5d69-4b31-abf4-6e510252f340,717aa48025662fcf27ddebbecc5f782b,c0233eae-c091-4052-a244-dbf97717b418,ORDER_STATUS,medium,app,2026-07-01T00:00:00,2026-07-02T23:00:00,auto_resolved,fraud
81cb5aff-c5a5-4f62-839f-20247fff04f8,717aa48025662fcf27ddebbecc5f782b,abbe90b6-665e-49c5-ac78-dda7e77301ff,SHIPPING_DELAY,low,chat,2026-06-13T00:00:00,2026-06-13T14:00:00,refund_issued,fraud
87dbee01-5d3a-4884-ad77-2515811bfa07,717aa48025662fcf27ddebbecc5f782b,13a52483-3e80-4886-97db-fc168fc5ead2,REFUND,medium,app,2026-04-28T00:00:00,2026-04-30T10:00:00,escalated_to_human,fraud
372cf3b2-6759-4858-ba97-7e0eab74590b,717aa48025662fcf27ddebbecc5f782b,3d5ac780-0a60-4e6e-b932-336af13c2c9b,DAMAGED_ITEM,low,chat,2026-06-22T00:00:00,2026-06-24T17:00:00,info_provided,fraud
d8a2c514-ace0-41cd-8904-ca9e73b2cdda,717aa48025662fcf27ddebbecc5f782b,1c80f8bd-251e-4178-a3ea-c884d70058f3,ACCOUNT,high,chat,2026-04-20T00:00:00,2026-04-20T09:00:00,escalated_to_human,fraud
3fc1fc10-13fc-4d6e-a359-cbd8f828b01d,717aa48025662fcf27ddebbecc5f782b,f069f076-0d11-4f79-9cb7-22065c9d5e05,SHIPPING_DELAY,medium,chat,2026-04-23T00:00:00,2026-04-23T07:00:00,refund_issued,fraud
30768b82-319b-4fdc-9203-93fd6acc0ffc,717aa48025662fcf27ddebbecc5f782b,43d9221b-130a-4ea9-be12-7fb3d3524186,FRAUD_REVIEW,high,chat,2026-07-01T00:00:00,2026-07-01T03:00:00,escalated_to_human,fraud
7f0cb276-1850-404b-a7a2-847ebaff6636,717aa48025662fcf27ddebbecc5f782b,5681acf2-7b02-41a5-98bf-f639258f7a60,DAMAGED_ITEM,high,email,2026-07-06T00:00:00,2026-07-06T19:00:00,refund_issued,fraud
d9db7be2-52d0-4fa6-a5af-ce0b2fc49463,717aa48025662fcf27ddebbecc5f782b,2d82d1d1-3458-47c5-bba9-0dbc7b5a9637,SHIPPING_DELAY,low,app,2026-03-26T00:00:00,2026-03-28T17:00:00,auto_resolved,fraud
78efbc5d-f750-4cfd-b4ca-5d4c2d31d8e0,717aa48025662fcf27ddebbecc5f782b,fe4c384c-94cf-41f1-86b1-7e46d3a9eb8f,CANCELLATION,high,email,2026-03-23T00:00:00,2026-03-24T16:00:00,info_provided,fraud
21144442-2a0e-4f38-98b3-087f2cb9d34a,2767ebe1fedf70562aa588a37a23080a,b575656b-7cd9-4ffa-a919-b2f84d6d7f65,SHIPPING_DELAY,medium,app,2026-07-22T00:00:00,2026-07-23T20:00:00,escalated_to_human,existing
c5621cad-39ce-401d-aeec-0a2073b31129,05c567475380140907b9ca53ba1dcfeb,e085ae38-7b89-4e81-b661-f8f63d3293ef,ORDER_STATUS,medium,email,2026-06-24T00:00:00,2026-06-25T17:00:00,escalated_to_human,fraud
98566094-4128-4fa0-baf3-e6b5e700d680,05c567475380140907b9ca53ba1dcfeb,10bb8086-ef48-4008-99fa-59a13a35916f,SHIPPING_DELAY,high,chat,2026-06-23T00:00:00,2026-06-25T13:00:00,info_provided,fraud
6e19f4e7-ae6d-45d0-a873-5a18e9b8ea8b,05c567475380140907b9ca53ba1dcfeb,7a773368-231b-4965-aa24-dcb16888894d,CANCELLATION,medium,chat,2026-07-10T00:00:00,2026-07-10T08:00:00,auto_resolved,fraud
e39f13c1-38a9-496e-bb29-9fe878a36d18,05c567475380140907b9ca53ba1dcfeb,0a179dc4-a5e6-4ba5-86d8-992f1aed9adf,REFUND,high,app,2026-07-02T00:00:00,2026-07-02T12:00:00,info_provided,fraud
ee6b3fad-2113-47ab-8958-4285928865c0,05c567475380140907b9ca53ba1dcfeb,2db16a24-8278-4d5b-8c60-cadcc5cb6161,FRAUD_REVIEW,high,app,2026-07-14T00:00:00,2026-07-15T23:00:00,escalated_to_human,fraud
6414095f-014f-4cd7-8bb7-48dea4a3e028,05c567475380140907b9ca53ba1dcfeb,7c4fc975-e47f-4f3a-a8ac-4c01d177b26c,FRAUD_REVIEW,high,email,2026-06-16T00:00:00,2026-06-18T09:00:00,escalated_to_human,fraud
34503ad1-4e25-49fc-8c5d-d7060ce8db29,05c567475380140907b9ca53ba1dcfeb,d21accc1-c446-458c-9ffa-9731ea8a3ada,REFUND,high,email,2026-06-27T00:00:00,2026-06-28T07:00:00,escalated_to_human,fraud
0d53cf4e-8754-4b33-86a6-b3d8f531b112,05c567475380140907b9ca53ba1dcfeb,c5711865-4796-4557-b853-2efff98641b7,FRAUD_REVIEW,high,app,2026-07-09T00:00:00,2026-07-09T01:00:00,escalated_to_human,fraud
0fc8af9d-36c7-41f7-b3a6-61084a8198b9,05c567475380140907b9ca53ba1dcfeb,ace867a9-0dbb-4fa5-9711-b7408c3b977c,FRAUD_REVIEW,high,email,2026-06-27T00:00:00,2026-06-29T19:00:00,escalated_to_human,fraud
f5af0a72-0150-4aa5-b3b8-09eb536a1815,1b8b8c36e0ae8744756d6db86ebca373,2e4dfc3b-6bd5-4287-9faf-68f0abb62b22,REFUND,high,chat,2026-06-07T00:00:00,2026-06-09T02:00:00,info_provided,churn_risk
1a5f3a98-950f-4689-9b29-96f31cd82a07,5bd72a5ba72683010f8385cff8bb92fd,73a5752f-d1a4-4f6d-b1c7-52d3f0e820de,ORDER_STATUS,low,app,2026-06-21T00:00:00,2026-06-23T14:00:00,escalated_to_human,churn_risk
133f4ab2-b201-4a0f-bab5-77f524b88d51,39e2788db03e5eaeb2935a7e479682c6,94fc0b48-8591-41aa-9ae2-a026f42a03fd,PAYMENT_ISSUE,high,chat,2026-06-15T00:00:00,2026-06-17T15:00:00,refund_issued,existing
023c2533-8e16-4d0e-b9d8-9690c9551240,99e36749c5c84dc56b13138caac13b55,aed22874-63e9-4286-8284-7c125d74bea2,REFUND,high,chat,2026-06-28T00:00:00,2026-06-30T10:00:00,info_provided,fraud
e5e19f0d-8333-4b82-a647-a380af110513,20bb1d9431264f331e47b2da94991eaf,b43bab1a-c791-4728-b0d7-3909e5d322f0,PAYMENT_ISSUE,high,app,2024-05-22T00:00:00,2024-05-24T03:00:00,info_provided,existing
2b152372-fe4a-462f-8e20-ba70c62cd13b,9cea402fce863ec4bee5af27306e213d,0c4694b1-ce76-4b2c-b237-74e40ea31201,REFUND,high,app,2026-05-22T00:00:00,2026-05-25T00:00:00,refund_issued,existing
4886e8ec-63ff-40cd-889f-aef0b4ceaa57,c1c2fffe3d49911803df2e157bee7aa0,a4fad22b-bf96-4866-9fd0-969010913d94,CANCELLATION,high,chat,2026-06-18T00:00:00,2026-06-19T08:00:00,auto_resolved,existing
fcea09b0-e33e-4b29-9e03-1b6e4a955825,c1c2fffe3d49911803df2e157bee7aa0,1d3fd640-f7c1-4816-aafe-8e92844280e1,DAMAGED_ITEM,high,email,2026-05-01T00:00:00,2026-05-02T18:00:00,info_provided,existing
491148ac-66e1-430a-af77-54c4176afc1c,23c130edd9a7adeb635bb365f7478154,12dba5b3-3bd5-47c8-a42f-472f8047d811,PAYMENT_ISSUE,low,app,2026-07-17T00:00:00,2026-07-19T00:00:00,refund_issued,existing
3595a23c-acc8-4f91-84d7-9116007ef086,23c130edd9a7adeb635bb365f7478154,f32c0419-a062-47fe-be91-fdc2f813c135,SHIPPING_DELAY,low,chat,2026-07-03T00:00:00,2026-07-04T19:00:00,refund_issued,existing
a0b007d6-c106-4659-9689-1532cc08970a,323630f1bddac4dc06bf3bdeb90dbe36,fab5ab84-d5ec-4a25-be5c-2ef69c39a823,ORDER_STATUS,low,app,2026-06-23T00:00:00,2026-06-24T07:00:00,info_provided,existing
8544b614-fb98-4d0d-a036-6f96154fcd67,6ec999e67c5e05c33554a4ba2db847bb,8aafe8b9-478f-4daf-ba0f-984ffe2b4b8e,DAMAGED_ITEM,low,app,2026-07-22T00:00:00,2026-07-22T06:00:00,auto_resolved,existing
02edee9a-82d6-4fd6-a0c2-bbd4de65ce03,01ecc1f1f21f05d0736c99d92646f132,a248beae-fc21-4096-9545-63d3749caa9c,ACCOUNT,low,email,2026-07-21T00:00:00,2026-07-22T04:00:00,escalated_to_human,fraud
69f20654-c9b6-477f-91f6-d03c204f51db,01ecc1f1f21f05d0736c99d92646f132,d642631b-7b8f-442e-a50c-084840f183e4,REFUND,high,app,2026-07-15T00:00:00,2026-07-16T05:00:00,refund_issued,fraud
86c89acf-63ce-421b-91ec-ec451d21209a,01ecc1f1f21f05d0736c99d92646f132,00d494fc-3dbd-4051-a231-2555f5c637ab,REFUND,medium,chat,2026-07-09T00:00:00,2026-07-10T19:00:00,refund_issued,fraud
5f351fac-5afa-4d0b-a396-3f557d3a2d39,01ecc1f1f21f05d0736c99d92646f132,bd50c922-cf0a-4922-ac9d-9ce977363cbe,REFUND,high,chat,2026-07-10T00:00:00,2026-07-12T05:00:00,escalated_to_human,fraud
7dbac28d-6068-4b68-a95f-48cd11c2d39f,01ecc1f1f21f05d0736c99d92646f132,96f1b41a-6e37-4cc8-81f6-b3bcb204f002,REFUND,low,app,2026-07-19T00:00:00,2026-07-21T12:00:00,info_provided,fraud
d1030262-a36d-46ab-93ae-738f65807994,01ecc1f1f21f05d0736c99d92646f132,18da1b6b-17db-45e5-96b5-16f52937a16f,DAMAGED_ITEM,medium,chat,2026-07-13T00:00:00,2026-07-13T17:00:00,auto_resolved,fraud
1c6d4e73-16b9-4492-873a-f61b7db15a7d,01ecc1f1f21f05d0736c99d92646f132,c01fb0d9-9b25-4f15-857a-51e9535343b0,SHIPPING_DELAY,medium,app,2026-07-07T00:00:00,2026-07-08T19:00:00,escalated_to_human,fraud
31ca4739-aff5-4c02-9900-aa339252634e,22745c06a87ddc1142c22ce98c5bf8d1,a17eda94-9d62-41d3-a77e-b86c910c0a4f,DAMAGED_ITEM,high,app,2026-06-14T00:00:00,2026-06-16T14:00:00,refund_issued,churn_risk
5774d0da-d997-4f58-b99b-3285dde178fd,f054e8c1cbcf5e89ddd9b615c349936b,cb1fe252-7d46-4db0-8c44-20f25d622850,DAMAGED_ITEM,high,chat,2026-07-13T00:00:00,2026-07-14T00:00:00,info_provided,fraud
64e3c7de-1ab4-43f8-a618-da9e74cd9f2c,f054e8c1cbcf5e89ddd9b615c349936b,8d384490-6292-48e8-b349-eb8daa7f9e91,FRAUD_REVIEW,high,email,2026-06-15T00:00:00,2026-06-17T00:00:00,escalated_to_human,fraud
d996efc6-b1a6-48d2-b895-0df07707092f,f054e8c1cbcf5e89ddd9b615c349936b,87b3f960-f2f1-43b6-b26a-f91d43f87f16,CANCELLATION,high,email,2026-06-20T00:00:00,2026-06-21T20:00:00,auto_resolved,fraud
9e547923-e646-4a35-b50f-ebceb28da8c6,f054e8c1cbcf5e89ddd9b615c349936b,7b141a44-c28c-4c19-ba6a-85dbaa2b2d5a,REFUND,low,email,2026-07-05T00:00:00,2026-07-07T00:00:00,auto_resolved,fraud
030d7a14-56ad-49e4-91d7-1b1b248f0afb,f054e8c1cbcf5e89ddd9b615c349936b,221d1db8-80db-4acd-8a44-acbe4ba05949,REFUND,high,app,2026-06-08T00:00:00,2026-06-10T14:00:00,info_provided,fraud
5cd89db3-2825-477f-9ccb-a5e54c91833a,f054e8c1cbcf5e89ddd9b615c349936b,85a2a141-b632-4974-b801-5aec52d38e77,REFUND,high,chat,2026-07-17T00:00:00,2026-07-19T23:00:00,refund_issued,fraud
ecad0ce5-c0e9-434f-b1e6-51231b2a9d81,f054e8c1cbcf5e89ddd9b615c349936b,08e8a89f-e4d3-402b-ba19-0c49d8f56184,REFUND,high,chat,2026-07-08T00:00:00,2026-07-10T01:00:00,refund_issued,fraud
ff0f134d-a01f-4c41-94b9-cd31a46fdb51,f054e8c1cbcf5e89ddd9b615c349936b,f8585e9d-57a6-46c2-8a24-61cd15e01f43,ORDER_STATUS,medium,chat,2026-07-25T00:00:00,2026-07-26T15:00:00,escalated_to_human,fraud
0c29f7a0-a21a-4864-a854-a2174d6ba62e,f054e8c1cbcf5e89ddd9b615c349936b,a82e230a-38a5-4ccf-a054-271f3a04e3cf,PAYMENT_ISSUE,low,chat,2026-07-02T00:00:00,2026-07-02T05:00:00,auto_resolved,fraud
bd646b3a-2e42-4a34-a5aa-7cd43def2e7b,f054e8c1cbcf5e89ddd9b615c349936b,7373e645-7fdc-413f-9828-3bdd6570c5fe,CANCELLATION,low,email,2026-07-22T00:00:00,2026-07-22T19:00:00,refund_issued,fraud
8bad43a5-6094-4a5c-a8a4-273ad41c596f,f054e8c1cbcf5e89ddd9b615c349936b,3d36389c-a45f-4c9e-94af-f9e1a1dc2232,FRAUD_REVIEW,high,chat,2026-06-12T00:00:00,2026-06-14T11:00:00,escalated_to_human,fraud
55551260-e2ef-4b54-99da-98e6294ae99c,f054e8c1cbcf5e89ddd9b615c349936b,f2c6c2d6-b1fc-48e6-982e-e8d09aa31e91,REFUND,low,app,2026-07-12T00:00:00,2026-07-14T11:00:00,escalated_to_human,fraud
b9be2a07-bebf-45fb-ae8e-a3e6e5e6338f,f054e8c1cbcf5e89ddd9b615c349936b,944ae70a-c96b-4291-940e-9e4f9e2645d0,ORDER_STATUS,medium,chat,2026-06-14T00:00:00,2026-06-16T02:00:00,escalated_to_human,fraud
13cb7924-bd03-4b5a-a61d-74e0b62d9ee6,f054e8c1cbcf5e89ddd9b615c349936b,348b3779-f91d-4eca-bf11-1490931b9daa,ACCOUNT,high,email,2026-06-26T00:00:00,2026-06-28T07:00:00,escalated_to_human,fraud
59c2bfab-9846-497d-b8a1-340be604f606,f054e8c1cbcf5e89ddd9b615c349936b,888d0c32-f1f0-4b25-86cd-327bbfa2e843,SHIPPING_DELAY,medium,app,2026-07-14T00:00:00,2026-07-16T17:00:00,auto_resolved,fraud
2aae38a0-92d2-43dd-a811-98ef12a93fbe,f054e8c1cbcf5e89ddd9b615c349936b,4a01f4ab-00d7-44d6-9fcc-50ecfd7bc126,SHIPPING_DELAY,high,app,2026-07-18T00:00:00,2026-07-21T00:00:00,auto_resolved,fraud
308aad83-b373-4da3-b848-e31f637d5893,f054e8c1cbcf5e89ddd9b615c349936b,877ceadc-85a9-454a-b58a-f6377605414c,REFUND,high,email,2026-06-29T00:00:00,2026-06-29T22:00:00,auto_resolved,fraud
feb27ee4-b845-4ca1-996a-6320b38708a1,f054e8c1cbcf5e89ddd9b615c349936b,fe2004ef-241b-4507-8819-052b16988e24,FRAUD_REVIEW,high,chat,2026-07-19T00:00:00,2026-07-21T10:00:00,escalated_to_human,fraud
60c5cf07-58cd-4f34-af59-3273c1482af5,f054e8c1cbcf5e89ddd9b615c349936b,697f20c7-848d-411e-ade8-652768c9a719,FRAUD_REVIEW,high,app,2026-07-05T00:00:00,2026-07-06T22:00:00,escalated_to_human,fraud
61bca777-be94-4786-80f7-bd17dbd6767d,f054e8c1cbcf5e89ddd9b615c349936b,73a4e51e-ae0d-4749-bec6-5aa7a8929a24,SHIPPING_DELAY,high,app,2026-07-07T00:00:00,2026-07-08T03:00:00,escalated_to_human,fraud
bf1b9b66-de50-44cc-abf3-5bacbf139845,f054e8c1cbcf5e89ddd9b615c349936b,e6314b19-2577-4f47-9d48-5a52c9638bc3,REFUND,low,email,2026-07-27T00:00:00,2026-07-27T15:00:00,info_provided,fraud
a3f1009f-c2e2-4c9c-8383-e14615a926e4,f054e8c1cbcf5e89ddd9b615c349936b,c30ad2a7-f90b-4ea2-86fc-212b56206a4a,ACCOUNT,low,app,2026-07-05T00:00:00,2026-07-05T15:00:00,auto_resolved,fraud
316bee29-0063-4577-a2be-844059d177bb,f054e8c1cbcf5e89ddd9b615c349936b,b6a24455-1cf2-4a0f-8c73-cf4c2b952509,PAYMENT_ISSUE,high,app,2026-07-11T00:00:00,2026-07-13T22:00:00,auto_resolved,fraud
cae2370a-793f-4493-96fc-19b78ced4312,f054e8c1cbcf5e89ddd9b615c349936b,93d6a243-2f3d-43c6-a0e2-748f222ba05a,FRAUD_REVIEW,high,email,2026-06-23T00:00:00,2026-06-23T13:00:00,escalated_to_human,fraud
8bb96a6b-001d-4bd6-b508-ca67cf2218f0,f054e8c1cbcf5e89ddd9b615c349936b,f0775d52-5d3c-4f6a-9700-93fa1dbdc66c,ORDER_STATUS,medium,app,2026-07-04T00:00:00,2026-07-04T12:00:00,refund_issued,fraud
0c6234f6-2f8f-4afb-b5cb-34fbc3e4e3ff,f054e8c1cbcf5e89ddd9b615c349936b,600eec78-cd4e-4a39-8477-c963c7330324,CANCELLATION,medium,app,2026-07-02T00:00:00,2026-07-03T02:00:00,info_provided,fraud
2773631a-33bf-45ff-95c1-9f0a8cce9021,f054e8c1cbcf5e89ddd9b615c349936b,7443c73b-3b44-451f-8d2d-6f89df5ec30c,DAMAGED_ITEM,medium,chat,2026-06-30T00:00:00,2026-07-01T19:00:00,auto_resolved,fraud
11059160-3760-4087-abf6-80a6b056a868,f054e8c1cbcf5e89ddd9b615c349936b,cff4dee9-c6b1-4929-9f42-bce8eb036fae,FRAUD_REVIEW,high,email,2026-07-26T00:00:00,2026-07-28T19:00:00,escalated_to_human,fraud
3d3fa186-7b4a-4763-97f9-89f35881dfda,f054e8c1cbcf5e89ddd9b615c349936b,7b00b1ce-91e7-4b7d-8f63-82de5ca4d504,FRAUD_REVIEW,high,email,2026-07-17T00:00:00,2026-07-19T09:00:00,escalated_to_human,fraud
3a5a2364-713a-40bc-ac6b-654ebae1f3aa,f054e8c1cbcf5e89ddd9b615c349936b,41902028-e43f-47c2-87bf-f7e0f75fe85f,ACCOUNT,high,email,2026-07-25T00:00:00,2026-07-25T19:00:00,refund_issued,fraud
4e1e7244-4786-4493-91ab-977d51736eed,f054e8c1cbcf5e89ddd9b615c349936b,f40a2f29-7e77-4caa-8c81-39dade2b02c6,SHIPPING_DELAY,high,chat,2026-06-29T00:00:00,2026-07-01T06:00:00,info_provided,fraud
7a03aed5-8c34-4f94-b890-fe08b1dc4935,0071f46a072a9ae25bbe4438b15efe9c,9fb359e0-09c9-4977-b778-cbcb058a8c6a,REFUND,low,chat,2026-07-19T00:00:00,2026-07-19T07:00:00,info_provided,new
35c26806-2c5e-4bb4-ab2a-de98664bc5e1,50aef30dabc7aca975dbdec85dcb848f,b725bc44-3428-40bb-a1c5-c7fc5682c481,SHIPPING_DELAY,medium,email,2026-07-03T00:00:00,2026-07-05T19:00:00,auto_resolved,new
ead8804e-86e0-435f-817c-29751316fa3b,50aef30dabc7aca975dbdec85dcb848f,525ac101-92d0-488f-b676-a3138140b8ad,SHIPPING_DELAY,high,app,2026-07-27T00:00:00,2026-07-29T19:00:00,info_provided,new
5ea212e0-52b4-4bef-b964-ae5062383747,50aef30dabc7aca975dbdec85dcb848f,593c28c4-1be2-41fc-88d0-df022f00afdf,DAMAGED_ITEM,medium,chat,2026-07-22T00:00:00,2026-07-24T08:00:00,escalated_to_human,new
9f40d7b9-506c-4bc6-9d65-da9fdb2f3f53,50aef30dabc7aca975dbdec85dcb848f,d64cf81c-0ef7-4b05-be1a-32ff2de5fa84,PAYMENT_ISSUE,high,email,2026-07-08T00:00:00,2026-07-08T04:00:00,refund_issued,new
4c381c9e-f2d1-446c-9625-e26cdfd5a550,016a5760b723a3a0bcb4b294d4bc6b45,dae7cccd-7de8-454f-bed9-6f6049b5817e,ORDER_STATUS,low,email,2026-06-25T00:00:00,2026-06-25T22:00:00,escalated_to_human,existing
b60250db-cc28-45da-aa12-036277eb3f13,016a5760b723a3a0bcb4b294d4bc6b45,01ad06a9-366b-4bb8-a234-ffca81805c6a,ACCOUNT,low,email,2026-05-27T00:00:00,2026-05-29T01:00:00,auto_resolved,existing
7aa7e838-cd6f-43b6-aa2c-a03c1e3327c5,a1e5fdb1a21a5a35f49da96f780f4229,da58b162-93e5-4fc5-b4e1-6900cb178285,CANCELLATION,low,email,2026-07-18T00:00:00,2026-07-18T03:00:00,escalated_to_human,new
f7885e42-305d-4bee-98cc-4d6f3a7ea44c,744fcfb3939c1c57f16cb00f263c3929,0435b15b-4613-4298-91ca-6c9d770172d4,ORDER_STATUS,high,email,2026-07-16T00:00:00,2026-07-18T21:00:00,escalated_to_human,existing
1086d4aa-8aa4-4d17-947b-a5f150b79393,8e0275b5c7fb6f05e312a1079a674410,9281b180-f7ad-43b9-ae7e-5af583147716,REFUND,medium,app,2026-07-17T00:00:00,2026-07-18T01:00:00,refund_issued,new
4501ccdc-3aa2-43fe-b7a0-9ae148721426,31d01917860b026341cdde17c942b59b,11518d76-d79e-4551-a1c3-36db9375988d,CANCELLATION,medium,email,2026-06-29T00:00:00,2026-07-01T18:00:00,info_provided,new
d869cce8-2261-4653-971f-db3fc50b843e,a20ba663a5abf7b8341d5ba64f23775b,ce890e03-c9c6-493f-a8d5-fa9824a46934,PAYMENT_ISSUE,high,email,2026-07-09T00:00:00,2026-07-10T08:00:00,auto_resolved,new
e7a2d0d3-70f9-4df8-8a5e-0134e57a4fec,cff4ca65539a18d2726699ecc1ba6aa7,ad8b7077-66e6-44b7-a2e4-0dd17dc683dc,ACCOUNT,low,email,2026-05-26T00:00:00,2026-05-27T17:00:00,info_provided,existing
d0c1334e-970a-40d9-9ed7-ae288155cf03,0f6371fc9c2e78818a6e7aa33022a506,32aa60c0-532f-4ad4-84a8-a4c8af246c3e,REFUND,high,chat,2026-07-06T00:00:00,2026-07-08T03:00:00,refund_issued,fraud
b77c983d-82d2-44bd-81ae-c22c1dfd0a3f,5e21109503a635f7ad93db18a7ee4a21,f9188a89-bdd6-4743-9db1-12aa5f085190,SHIPPING_DELAY,low,email,2026-07-09T00:00:00,2026-07-09T12:00:00,escalated_to_human,new
b2b02fd0-9a8a-4268-a343-fc99b24dd7d0,09ec740fbf182446388824c67a5fb78d,0a73c992-93bf-49d9-98eb-91d70f378492,ORDER_STATUS,low,email,2026-04-03T00:00:00,2026-04-05T09:00:00,refund_issued,existing
ab7b1d19-56fa-4d49-90e8-8c8335473d6b,4914496b4e80679b99277e6a337715b7,6054e73e-a099-4ebd-94a2-8625e451846e,DAMAGED_ITEM,high,chat,2025-12-07T00:00:00,2025-12-07T10:00:00,info_provided,existing
5aae2358-5ac0-4232-976c-661af1979e3a,4914496b4e80679b99277e6a337715b7,bede6215-fa19-42dc-b8a1-7661e993c7b4,REFUND,high,chat,2026-03-20T00:00:00,2026-03-20T07:00:00,escalated_to_human,existing
97f7448c-4006-4661-8943-29f60e740028,4914496b4e80679b99277e6a337715b7,33b806fd-ccaa-42d0-89f6-220fd6273100,ORDER_STATUS,high,email,2025-08-14T00:00:00,2025-08-15T22:00:00,info_provided,existing
43224f11-2d5b-447e-89cd-b8be1b9e0d87,aec17cb0c9dba3200a2c49c3ef0a07dc,345df7b9-4be9-47c7-b486-9f1dc3483d22,ORDER_STATUS,medium,app,2026-07-10T00:00:00,2026-07-11T04:00:00,info_provided,existing
0c6703b7-2fd0-4d73-a693-6af598b0aeb3,18e3d276253780b44b5b7bf83f6785ec,399febc3-bb50-4713-9aea-89f0439a3032,DAMAGED_ITEM,low,email,2026-05-26T00:00:00,2026-05-27T00:00:00,auto_resolved,existing
7323216e-e410-4c9a-81e0-25518c93783d,18e3d276253780b44b5b7bf83f6785ec,54c1c832-afa1-4afb-baba-4357d1041f91,SHIPPING_DELAY,medium,app,2026-04-23T00:00:00,2026-04-23T01:00:00,escalated_to_human,existing
6e50de1f-13fb-4b66-ad7d-0970cde61d53,18e3d276253780b44b5b7bf83f6785ec,27a7e34e-21e6-4494-b635-2bde1d75cdf0,PAYMENT_ISSUE,high,email,2026-05-21T00:00:00,2026-05-22T14:00:00,info_provided,existing
03269162-1e6e-4518-820f-07012e85393d,18e3d276253780b44b5b7bf83f6785ec,81f8267c-b1dc-4a75-9368-a5348bd88be9,CANCELLATION,low,email,2026-05-01T00:00:00,2026-05-02T11:00:00,auto_resolved,existing
87d9cbfb-69e5-44dd-965a-46b6c8c15b0c,18e3d276253780b44b5b7bf83f6785ec,99d338c6-77e2-45d7-8c88-9f13df8d00e2,CANCELLATION,low,app,2026-07-19T00:00:00,2026-07-21T17:00:00,refund_issued,existing
eba5536d-b18d-4dcf-8d24-d09eb8101fb6,9065001c21c6240da6fa642651772e60,0aba2c3a-5097-4c17-b57a-005c52732953,SHIPPING_DELAY,high,email,2026-05-03T00:00:00,2026-05-05T18:00:00,escalated_to_human,existing
d21a8526-4e99-41be-944f-bb96b21886e3,9065001c21c6240da6fa642651772e60,a9de384c-a582-49bc-9c08-7791f7297ebc,CANCELLATION,medium,chat,2026-04-30T00:00:00,2026-04-30T19:00:00,auto_resolved,existing
ffd96167-ea9d-4dc5-83f1-5cef154f60cb,9065001c21c6240da6fa642651772e60,aa509bb3-3f4f-4d13-957a-faf22c71d190,DAMAGED_ITEM,medium,chat,2026-07-02T00:00:00,2026-07-03T18:00:00,escalated_to_human,existing
0cf6da82-10f7-4bbb-86e8-34e26b564299,dcdaced133f33e9651ddfe73b2350156,930eb805-e7ed-423c-94b3-012896306ce3,REFUND,high,app,2025-12-10T00:00:00,2025-12-10T04:00:00,info_provided,existing
54909fb6-8b08-4610-b72d-5596340d8e37,99e41e69b60bd63edd83935499523063,7f478a13-cf95-4969-8742-cebaaeef81df,ACCOUNT,medium,app,2026-07-16T00:00:00,2026-07-18T18:00:00,auto_resolved,new
ba69e92a-cab8-414d-88f7-f7204b1378a2,99e41e69b60bd63edd83935499523063,780d1460-93b4-4222-af80-797545fb811c,PAYMENT_ISSUE,medium,chat,2026-07-16T00:00:00,2026-07-17T05:00:00,auto_resolved,new
8d5bded2-2182-44e4-9886-04e1b9c14af7,cbc73c75d15c7292a3defd556c710b2a,e3d430d2-74c3-4a35-a427-9928ac9edf33,CANCELLATION,high,chat,2026-07-06T00:00:00,2026-07-06T07:00:00,auto_resolved,existing
0379393f-843a-4506-8106-692348c21728,91275e7b1847f102954b73d856b4eee8,39f8cd15-58bb-4c20-b062-eadee933c0c6,PAYMENT_ISSUE,low,chat,2026-07-11T00:00:00,2026-07-11T12:00:00,auto_resolved,fraud
9e17b317-b04a-4ab6-92b9-91d20a31546c,91275e7b1847f102954b73d856b4eee8,336d0e69-13ac-4515-b7b6-dca158363d8a,PAYMENT_ISSUE,medium,email,2026-07-28T00:00:00,2026-07-28T05:00:00,auto_resolved,fraud
e56f44eb-b8ec-4e6d-8962-ddeb83c759f4,91275e7b1847f102954b73d856b4eee8,b4279beb-e43a-4189-9a6b-5de7d6025ea9,FRAUD_REVIEW,high,email,2026-07-25T00:00:00,2026-07-26T09:00:00,escalated_to_human,fraud
4558ea96-09ff-49e8-b4a0-709843a861c6,e486555873e1947a1de7b1ff1e8c3554,ea6527d8-0ea0-4bd7-8a71-7798eeee61bb,ORDER_STATUS,medium,email,2026-07-01T00:00:00,2026-07-01T02:00:00,auto_resolved,new
9684f225-6ec2-4cf2-ad8c-6a6e6efb63f9,b134d1fbe77d00a8e0a4ce9d855ea927,701b4a28-67b3-468f-9457-28c29e741128,DAMAGED_ITEM,medium,chat,2026-07-10T00:00:00,2026-07-10T05:00:00,refund_issued,fraud
6e0506c0-9091-4c61-b5f0-af9af039e56a,b134d1fbe77d00a8e0a4ce9d855ea927,1e69146c-bf6b-4c39-94e3-6656abdd7233,CANCELLATION,high,app,2026-07-29T00:00:00,2026-07-30T06:00:00,escalated_to_human,fraud
9d22a1cc-15e9-49c5-b48f-79eb7dd93681,b134d1fbe77d00a8e0a4ce9d855ea927,a6f02f5f-25a8-48fe-81e0-060726871e11,ORDER_STATUS,high,app,2026-07-11T00:00:00,2026-07-12T09:00:00,info_provided,fraud
3d730b62-d31b-4d9c-b99d-76569471d128,b134d1fbe77d00a8e0a4ce9d855ea927,f947c23d-d407-40d7-ae64-766b2fcb5924,PAYMENT_ISSUE,high,chat,2026-07-14T00:00:00,2026-07-16T16:00:00,refund_issued,fraud
1211a312-b7b6-4075-96ff-6f42d1c504eb,b134d1fbe77d00a8e0a4ce9d855ea927,e5755745-5219-4e07-b6a2-8e969ac52412,SHIPPING_DELAY,low,chat,2026-07-12T00:00:00,2026-07-14T08:00:00,escalated_to_human,fraud
84f58cb4-ef93-46b7-bd6b-d78ae768c334,b134d1fbe77d00a8e0a4ce9d855ea927,d8e34344-e38a-4712-96b4-61e116bfb72d,REFUND,low,email,2026-07-13T00:00:00,2026-07-13T05:00:00,escalated_to_human,fraud
ccbe8487-f988-4dfb-b135-0d7be0865c98,b134d1fbe77d00a8e0a4ce9d855ea927,4498c7e6-3292-4cad-b12a-0359c67ca5e8,FRAUD_REVIEW,high,email,2026-06-26T00:00:00,2026-06-26T02:00:00,escalated_to_human,fraud
0532b422-401f-470f-be3c-ef92ee32e6e4,1964f2b215ebb68671d893438e974b0c,16d05bbc-387c-42e7-9971-02265fc231ed,CANCELLATION,high,app,2026-06-18T00:00:00,2026-06-20T21:00:00,auto_resolved,existing
af92c2a3-ce9c-4b33-a9d8-76a2ef03442e,035f60af6e7d7f78470e9443be08d339,65e115b3-604e-40bc-9f36-a184885128f4,ORDER_STATUS,high,email,2026-06-22T00:00:00,2026-06-23T13:00:00,info_provided,existing
0a29b386-8d7a-48c6-998a-1f2f793b601c,035f60af6e7d7f78470e9443be08d339,9f386011-cba7-4af5-8300-576766a9738b,SHIPPING_DELAY,medium,chat,2026-06-17T00:00:00,2026-06-18T03:00:00,auto_resolved,existing
eb5c8470-2327-4cf7-8dc4-557422578c60,fc0a613c6b9b23d3720b4f8878e1210d,cd039c77-c10a-4c7d-bafc-0412c2023505,DAMAGED_ITEM,medium,app,2026-06-22T00:00:00,2026-06-24T12:00:00,info_provided,churn_risk
f5c06437-629c-4d94-8cbc-5a4d48641530,60d23aecbf66b7f5058003a86e89232b,1bff0bcc-56bd-49e3-9b41-3c6c3fc14543,SHIPPING_DELAY,medium,chat,2026-05-21T00:00:00,2026-05-21T17:00:00,info_provided,existing
534b5011-8668-4ee3-854c-e3f687f24d45,60d23aecbf66b7f5058003a86e89232b,e440b3d0-3056-435f-a3da-10de7b26a365,ACCOUNT,high,chat,2026-05-08T00:00:00,2026-05-10T16:00:00,auto_resolved,existing
770179eb-fbd0-4e1b-a048-f285fa346701,340152332a04149987a705602615f0d0,c7a5b2f1-9d9c-438a-895f-d08f355e385e,PAYMENT_ISSUE,low,app,2026-07-27T00:00:00,2026-07-28T06:00:00,refund_issued,fraud
b860fe22-67b2-4273-91d2-0b0d28beb9d8,340152332a04149987a705602615f0d0,34b9521a-bd17-4920-98b3-174a3f52bb1d,REFUND,medium,email,2026-07-06T00:00:00,2026-07-08T06:00:00,info_provided,fraud
7a5123b0-d64b-4850-9db5-389e0fbd6ea3,340152332a04149987a705602615f0d0,cca884ce-460b-4465-9f88-d2e02f06b659,ORDER_STATUS,low,chat,2026-07-26T00:00:00,2026-07-27T15:00:00,info_provided,fraud
412e4dee-8ca2-4707-8d28-8e0343dfb1fc,340152332a04149987a705602615f0d0,5fd22622-74d0-4a43-a5b8-d442108a6092,FRAUD_REVIEW,high,email,2026-07-26T00:00:00,2026-07-27T03:00:00,escalated_to_human,fraud
96d89cae-c120-4415-87ca-7787c2412034,340152332a04149987a705602615f0d0,19ba79f9-c08a-40cb-b464-34f2ee32b33d,SHIPPING_DELAY,low,email,2026-07-21T00:00:00,2026-07-22T15:00:00,info_provided,fraud
d5a0a792-3293-45b7-9217-ef31942cd5ee,340152332a04149987a705602615f0d0,9a12f06b-7369-4a41-9aed-e10a8b80b152,DAMAGED_ITEM,medium,app,2026-07-20T00:00:00,2026-07-22T19:00:00,auto_resolved,fraud
bf62c698-2600-4a1c-87d0-5ceb72bf8b27,340152332a04149987a705602615f0d0,a14c0737-a452-45e4-841e-94874b3a5f4d,REFUND,low,email,2026-06-26T00:00:00,2026-06-28T04:00:00,auto_resolved,fraud
41a7d88c-d3ae-4e05-844a-50d1402fec5b,340152332a04149987a705602615f0d0,4b124da3-6e82-408b-a032-4e9973efdb37,PAYMENT_ISSUE,high,chat,2026-07-04T00:00:00,2026-07-05T11:00:00,refund_issued,fraud
4b68285e-23d4-4d71-ac11-a122b516c7d8,340152332a04149987a705602615f0d0,e4991227-3de8-47e9-9de2-c612f0c5e224,SHIPPING_DELAY,low,chat,2026-07-14T00:00:00,2026-07-14T01:00:00,auto_resolved,fraud
61fcc4ce-7e16-45f5-be67-71196042a9ea,340152332a04149987a705602615f0d0,8f9f25d1-9874-4dac-8942-a6d18ec03b14,CANCELLATION,low,app,2026-07-19T00:00:00,2026-07-19T07:00:00,escalated_to_human,fraud
390a65ff-0431-4c6e-a695-1df95470d27e,340152332a04149987a705602615f0d0,dbd68af9-f058-4ad8-ab8e-df6aa56819e3,DAMAGED_ITEM,high,chat,2026-07-15T00:00:00,2026-07-15T03:00:00,refund_issued,fraud
98e78481-5b78-46b4-8945-5ba40b3e9bb3,3c34090736785a45dd8cbf536ad289c4,003426d6-7582-456e-8068-0645ca69875c,REFUND,low,chat,2026-07-16T00:00:00,2026-07-16T20:00:00,escalated_to_human,new
4e6b3012-2827-4941-a5ac-df2662e368a6,d55417a83a73d1702b43988e63f0731a,b190d5e3-707c-42a5-855c-7165a4298c52,SHIPPING_DELAY,low,chat,2026-07-11T00:00:00,2026-07-11T11:00:00,refund_issued,fraud
4f00b4e1-c9a9-4839-ba5f-c91237ebedcd,d55417a83a73d1702b43988e63f0731a,0d05644f-b7fb-43e4-a22b-a30f0af7b181,FRAUD_REVIEW,high,chat,2026-07-03T00:00:00,2026-07-05T23:00:00,escalated_to_human,fraud
27576b89-3a97-490d-a805-668f7de6476a,d55417a83a73d1702b43988e63f0731a,d108cc2e-c39d-4b9a-800d-7796f8e1fe8a,REFUND,high,app,2026-06-19T00:00:00,2026-06-21T02:00:00,refund_issued,fraud
4e21d6dc-8fa5-41d4-9188-c9f42403be25,34f0b37e89f9ef4768bdd233630f9b62,94a4f682-000a-41f0-8c39-f2d7166a9b7e,PAYMENT_ISSUE,low,app,2026-06-10T00:00:00,2026-06-12T01:00:00,info_provided,existing
3141586f-73c7-417c-a878-6e4963f392ca,cdbeeb59bf23bb27eba2b6a8dd4b9e09,6c9044de-a6c0-475d-aa4f-bfefa2df1561,REFUND,high,app,2026-07-01T00:00:00,2026-07-03T04:00:00,escalated_to_human,new
4b219ef2-e673-400b-928d-30e9b9003924,e8b52a437e134cf2dcb5dbb93b29d0d5,30492624-e811-438f-a38f-36653b2a916e,CANCELLATION,medium,app,2026-06-27T00:00:00,2026-06-27T19:00:00,info_provided,existing
bde13e45-7f37-4f74-8731-5a24596efb88,196276c2651ca4783688aa741b72d540,e0b8033b-9599-4e3c-9e0b-dd8b929f2462,REFUND,medium,app,2026-07-13T00:00:00,2026-07-13T10:00:00,escalated_to_human,fraud
663b04e3-c60e-4b2f-8d2e-121f9f7826d4,196276c2651ca4783688aa741b72d540,243a35c8-824f-4344-a22c-74837e3b6094,SHIPPING_DELAY,high,chat,2026-07-14T00:00:00,2026-07-15T20:00:00,info_provided,fraud
6e25d09a-c0c4-485e-a557-9eb100dabcdc,196276c2651ca4783688aa741b72d540,de76ae3e-5cae-4c30-a3df-ed4037b7ffa1,FRAUD_REVIEW,high,app,2026-07-17T00:00:00,2026-07-17T23:00:00,escalated_to_human,fraud
4484e658-658d-47af-a1f5-7f271b531a4e,196276c2651ca4783688aa741b72d540,962c14d1-e000-4286-b6b5-7f713bef1d44,REFUND,low,email,2026-07-11T00:00:00,2026-07-14T00:00:00,refund_issued,fraud
8edcbb4d-6dca-4caf-b1fa-25db3f07e685,3574bc798156f406b12f377bf3fdd381,94ab8b48-29a5-46da-b6f1-5feb8a1a7d61,DAMAGED_ITEM,medium,email,2026-07-01T00:00:00,2026-07-01T08:00:00,auto_resolved,new
b4da59a8-c362-49dd-af57-f66dac0a6284,483ccebb9c42ae89d35740fadc153835,50dccd17-2a97-4bdf-b10e-5a01b000a894,ACCOUNT,low,email,2026-06-06T00:00:00,2026-06-06T22:00:00,escalated_to_human,existing
85545450-b12b-4d6b-a32e-e64e6b4a9040,483ccebb9c42ae89d35740fadc153835,cccdecdc-c3c8-4d81-aa61-2e336892347a,CANCELLATION,high,chat,2026-06-12T00:00:00,2026-06-14T18:00:00,refund_issued,existing
755ec339-cfe0-4586-85c1-b7f61b9691d8,30cdd9eea2b6192b8fa65c9ff5e59acc,c4ddc0bf-9058-4fe9-b3e8-817a990cbdae,REFUND,low,email,2026-07-09T00:00:00,2026-07-10T17:00:00,info_provided,fraud
2d3760cb-f7ab-44a1-909d-0d821739825a,30cdd9eea2b6192b8fa65c9ff5e59acc,2838bd24-f938-42c0-88e4-27419b10a7d3,REFUND,high,email,2026-06-23T00:00:00,2026-06-25T17:00:00,auto_resolved,fraud
0af6614e-5e4c-4002-806c-ae55db951ac2,30cdd9eea2b6192b8fa65c9ff5e59acc,acb4304a-1a8b-4d64-92d5-d8cbbd59c08a,SHIPPING_DELAY,low,app,2026-07-03T00:00:00,2026-07-04T13:00:00,refund_issued,fraud
80e1901b-c1af-43c5-8bb3-885ccfe8a195,30cdd9eea2b6192b8fa65c9ff5e59acc,1ee2b226-69d5-4c94-bf1d-adf6906749b2,REFUND,high,chat,2026-07-12T00:00:00,2026-07-14T20:00:00,auto_resolved,fraud
6951844f-3c7e-4a12-9fc5-cad8fe9ea515,587b326ba3bf8aa4d3e50fb1f38ea79f,9182fd48-cc37-4c4e-9a22-83e27a96f3ff,SHIPPING_DELAY,high,app,2026-07-24T00:00:00,2026-07-25T22:00:00,auto_resolved,new
4c36f19c-c07b-4fb7-8660-6bfd4bf2723c,c1c7632732a487b1221e7bfb627c575f,fc3c733d-12da-4795-bf28-1788d5edc58e,REFUND,medium,email,2026-05-06T00:00:00,2026-05-07T04:00:00,auto_resolved,existing
37eeb489-ec5c-451e-b449-1d7a5f793acf,c1c7632732a487b1221e7bfb627c575f,28fd409e-93ae-41a6-84da-686de3c3b5b0,ORDER_STATUS,low,email,2026-07-15T00:00:00,2026-07-17T06:00:00,info_provided,existing
d8577767-08d0-4d4f-8a70-b1575e6bdc5c,28345e4479fbaa6c278e0f64546ebf96,48f52dfe-77dc-47a0-8739-0290b2d4493f,ORDER_STATUS,medium,app,2026-05-25T00:00:00,2026-05-27T04:00:00,info_provided,churn_risk
26d1e099-5659-4eb5-a45d-3c5c227d42d6,945a0478f858996b861b5c9b1905e56c,bbf472a4-2de8-48d8-b6a8-c8f43039cb0b,PAYMENT_ISSUE,medium,email,2026-07-03T00:00:00,2026-07-05T23:00:00,refund_issued,existing
313ea99f-80ec-4506-9762-0d0c8a96e4ef,945a0478f858996b861b5c9b1905e56c,88bac185-1691-415c-9b00-248393498c8d,ORDER_STATUS,high,app,2026-06-26T00:00:00,2026-06-26T17:00:00,refund_issued,existing
27994b3d-a458-4044-8cf1-7aade351a680,1293c51162aeb8fcc29d498ea820f6b5,bce567c9-a95c-4de1-9aea-240026eb25b1,REFUND,high,app,2026-07-07T00:00:00,2026-07-07T13:00:00,refund_issued,new
38c4960b-6d2b-49b8-bfcb-c4c9253aade8,637c2caca17c2bf9fe41e50a6fcec9ed,f042386f-3384-4d44-ae55-c62a1168ed40,CANCELLATION,low,chat,2026-06-30T00:00:00,2026-07-01T22:00:00,auto_resolved,new
af694de9-1a73-4972-a8c4-cc207ef03433,fb1756887ae59c1b0efe8d0544d94815,a3ae8ea6-9287-4d73-a014-aff8e60c145d,REFUND,low,chat,2026-06-30T00:00:00,2026-06-30T05:00:00,refund_issued,fraud
f7896cef-65ad-4fef-927d-f40bad39a4fd,fb1756887ae59c1b0efe8d0544d94815,308d4ce3-dc88-4e5f-9f6b-c69a326d587f,PAYMENT_ISSUE,high,chat,2026-07-01T00:00:00,2026-07-03T08:00:00,info_provided,fraud
cc807d6c-dbf3-4b09-98e1-b10997ea6864,fb1756887ae59c1b0efe8d0544d94815,8c64c076-6496-4b9d-a6d1-0a401b1ac181,FRAUD_REVIEW,high,app,2026-07-24T00:00:00,2026-07-24T09:00:00,escalated_to_human,fraud
36637b90-355f-45b9-84da-b1ab9f9f5930,282ebddb3e85120b1652204758fc332b,11dc1cfd-1382-47de-8fb6-36a54b32f885,DAMAGED_ITEM,medium,chat,2026-07-04T00:00:00,2026-07-04T20:00:00,refund_issued,new
edc5ff38-6fe5-4258-988f-88a670f1c534,282ebddb3e85120b1652204758fc332b,81eaa474-110f-42d2-827e-ba5bc0479fb1,CANCELLATION,low,chat,2026-07-30T00:00:00,2026-08-01T21:00:00,escalated_to_human,new
4ac4ae56-5f25-4b62-9f25-97606c43fe92,8533fef411165ea5df3fe583670a76cf,e8bffacc-37b4-43bc-b674-8721fe380159,SHIPPING_DELAY,high,chat,2026-07-23T00:00:00,2026-07-23T17:00:00,auto_resolved,new
8f7b9c15-f854-40f6-a7dd-ba4d73ca6b90,774efd8e5cc822162e0af7311d81f5c1,2c7f235c-5fa4-475d-a990-c07c533afd16,REFUND,low,app,2026-07-29T00:00:00,2026-07-31T08:00:00,info_provided,existing
fa709163-10c7-4d7a-a802-b130f92c0731,ad91c910f921bc5d7b7cb140cd0d2c2a,be79e0cb-95f8-4cd7-8a76-7606eb06c966,REFUND,low,app,2026-07-20T00:00:00,2026-07-22T21:00:00,refund_issued,new
a4895f64-b837-46f3-8b42-37df83dc1a84,f48a9bdc7d38b43bba4082517ea1bc07,866d1d4e-7252-49e6-9830-a9757b2d0a9e,REFUND,high,app,2026-06-16T00:00:00,2026-06-18T22:00:00,escalated_to_human,new
6a175fef-737d-42ca-8174-b44c90e1ed0b,4a362420541051d3d4055a777681ccbe,49039560-9f30-4c93-b459-9fa5e8ca3126,ACCOUNT,low,email,2026-07-20T00:00:00,2026-07-22T23:00:00,refund_issued,new
3e6a5434-5b37-4bd0-810e-3ea9e1c625dd,4a362420541051d3d4055a777681ccbe,7779af25-41a9-4e7e-a2a8-c5fb37f75a7c,REFUND,medium,chat,2026-07-17T00:00:00,2026-07-19T03:00:00,info_provided,new
d1c35c6e-0a22-4368-9cef-7e5969ee60c7,4a362420541051d3d4055a777681ccbe,c81e4ee7-2857-490f-99f7-b211007bf0c1,SHIPPING_DELAY,low,chat,2026-07-27T00:00:00,2026-07-28T16:00:00,auto_resolved,new
2ed04057-3529-45a7-a6c0-b9f9b2d37fda,4a362420541051d3d4055a777681ccbe,6b6cd890-daa8-4797-9dab-8e46a4db8616,ACCOUNT,high,chat,2026-07-17T00:00:00,2026-07-17T02:00:00,refund_issued,new
e0dbbf01-1e91-4f59-900f-36591f5c489a,f0697e6813b23d285c3b3c8c50002fc0,cd0c70bc-a5ef-432c-9f9a-cecc9a57de91,CANCELLATION,high,email,2026-05-29T00:00:00,2026-05-30T08:00:00,escalated_to_human,existing
0a4b6f8d-0465-48d7-af58-f1560cd9238a,f0697e6813b23d285c3b3c8c50002fc0,5da6ed98-1360-493f-8c38-957c89c38118,ACCOUNT,medium,chat,2026-07-16T00:00:00,2026-07-16T21:00:00,refund_issued,existing
c67230ba-2f82-49cb-aab4-c9e7bb744daf,937f16b584dd395ce455ef468322b27f,a859e049-85d5-449a-862a-b7b47e87bb0d,REFUND,medium,app,2025-07-22T00:00:00,2025-07-25T00:00:00,refund_issued,existing
da59c3cb-2fd4-4125-9f49-cf17317dc788,937f16b584dd395ce455ef468322b27f,6fcf4a7f-261a-4302-84bb-69e5ac26c5f8,ORDER_STATUS,high,email,2024-11-18T00:00:00,2024-11-18T12:00:00,refund_issued,existing
00423ace-c992-4680-9178-932918d3b30b,be2cff6c84f1683300337ecd499992e0,5217c8f4-ea03-476d-b0f1-674032d2a3ee,SHIPPING_DELAY,medium,app,2026-05-03T00:00:00,2026-05-04T16:00:00,info_provided,existing
d636e14a-fe57-4b2e-bc8a-013928c3eb5d,be2cff6c84f1683300337ecd499992e0,0398001c-4125-4128-be3e-7bf7ea5d844d,REFUND,high,app,2026-06-24T00:00:00,2026-06-25T08:00:00,escalated_to_human,existing
1b36e05d-38b8-4569-b7ae-665264b2a942,be2cff6c84f1683300337ecd499992e0,842ce9bd-d76c-4ca6-bbb4-58c11e36f0a1,PAYMENT_ISSUE,high,chat,2026-01-26T00:00:00,2026-01-28T18:00:00,escalated_to_human,existing
80572ee2-a9f4-4952-a373-233db4978819,92d6a6df2cf2d6e2fa89dc1d28164c98,331475ae-b3cd-4c9c-8a36-09401ce7bdd9,REFUND,medium,chat,2026-04-20T00:00:00,2026-04-22T08:00:00,refund_issued,existing
d2c10d98-d0da-44bd-88d6-aa6c9807ebf2,26a2b0baec2ef2e226f1297de4b6a86f,b1dc2854-c595-4d44-abb7-b6f4e83648c0,REFUND,medium,email,2026-06-28T00:00:00,2026-06-28T18:00:00,info_provided,existing
2eedd480-a839-4718-b111-706a51a8a351,a6f2e4a9ff6fdb7626039136dee62c4b,3c868ebd-ddcd-4e4f-8a2d-93d4a5c50d0b,PAYMENT_ISSUE,medium,chat,2026-07-12T00:00:00,2026-07-12T05:00:00,escalated_to_human,existing
59c4f1ad-d8f0-41dc-aaaa-704609d7045b,a6f2e4a9ff6fdb7626039136dee62c4b,6dc9fbff-e6a5-4665-b3c6-fef4eb1b8ee6,REFUND,high,email,2026-07-19T00:00:00,2026-07-19T02:00:00,escalated_to_human,existing
8dd01ce3-945f-48d0-a1cc-c1072febe3b0,a6f2e4a9ff6fdb7626039136dee62c4b,37afcc59-1e0c-470a-8e00-190e7b6aabdb,CANCELLATION,low,app,2026-07-14T00:00:00,2026-07-16T11:00:00,escalated_to_human,existing
b7c96abe-9eec-4976-8c2a-f989bb5e1bbb,cc438a8c7120027da70eafaf8c3727f8,73190f08-994b-49f8-b086-6c9e4909bd7c,REFUND,medium,app,2026-07-14T00:00:00,2026-07-15T09:00:00,escalated_to_human,existing
9ad5e0c3-29ab-4dc0-97da-8c4c89075454,dd8c586651f9232e473ad86cf89c143f,7d42f0ee-86e5-47e0-aec1-4e81dc04d7df,REFUND,high,email,2026-06-29T00:00:00,2026-06-30T00:00:00,escalated_to_human,new
d3c9c0c6-9270-44e8-b0a5-1f54d14d7c3f,8fd232dc0c1648e549e2811728f6076d,8a7d549c-f1d0-468e-8754-6d5d489288ad,ORDER_STATUS,medium,chat,2026-06-26T00:00:00,2026-06-27T11:00:00,refund_issued,churn_risk
b8b30bfd-5397-4e4f-a575-f78c1b2b9ceb,3d7fb21a86fa49b9dce2ac0814d6dc22,23146e55-a159-4b11-b8cc-6d6a6228838a,ACCOUNT,high,email,2026-06-07T00:00:00,2026-06-08T20:00:00,refund_issued,existing
d1cb27b0-2764-4b9b-b3ae-a87d35398f04,1c3e4aa255e596013fc2b6dffc8041bd,577450b5-63ac-4e2d-b4bb-98ea58e35484,REFUND,medium,app,2026-04-29T00:00:00,2026-05-01T16:00:00,info_provided,fraud
4b031991-851f-465e-8eda-8d8f47f980f0,1c3e4aa255e596013fc2b6dffc8041bd,0e9014f0-e564-4b59-b718-b8416ff73e64,REFUND,high,app,2026-05-23T00:00:00,2026-05-25T08:00:00,refund_issued,fraud
b735f613-bd82-4e46-97b1-1c4fa1a5d877,2aa9325eab1676f4d62830f004d67a34,b3915307-cf99-4125-9b4a-b90ce0f3722f,CANCELLATION,low,email,2026-07-28T00:00:00,2026-07-28T12:00:00,escalated_to_human,existing
11ecff79-93ac-49ad-9c7f-4aed0547c9b8,30a8328a39c99665deea9fe8954e8339,0f21287c-32d8-4f5c-a4a9-f21b75b46c03,REFUND,medium,app,2026-05-13T00:00:00,2026-05-14T12:00:00,refund_issued,new
26c64f8a-a597-41cf-bfdb-e0131e16309e,71200e5ed443c22e1df3cfe1e053c07c,d5fb9536-6b41-47c7-aa82-21d7e1400a2f,ORDER_STATUS,high,chat,2026-07-10T00:00:00,2026-07-12T07:00:00,refund_issued,existing
810ef58f-db5f-4b0a-9fd1-f995439f9972,536dfadbe03a1508f0300502ddb0545f,d3215f6c-e85c-45f4-b11c-94271cb20160,REFUND,low,email,2026-07-11T00:00:00,2026-07-11T15:00:00,escalated_to_human,new
bb74ab97-329a-467d-b56f-9a00df4e4737,4cc24e44f98ce556d647948ae2d27cc9,6b81c6cd-bb52-4c24-8c5c-5fc0c1d659b5,SHIPPING_DELAY,medium,email,2026-06-28T00:00:00,2026-06-28T22:00:00,refund_issued,fraud
2a4b0374-b491-4bd0-a90a-4a9e848641a8,4cc24e44f98ce556d647948ae2d27cc9,de13c417-19f3-4cb9-b1c5-97026be452d7,DAMAGED_ITEM,medium,email,2026-06-30T00:00:00,2026-07-02T00:00:00,refund_issued,fraud
29eceab3-7e13-4999-b25d-68603abbbb6e,4cc24e44f98ce556d647948ae2d27cc9,897bca9a-f5cd-41fd-ab8e-5ccd373540e5,SHIPPING_DELAY,medium,app,2026-07-03T00:00:00,2026-07-03T16:00:00,auto_resolved,fraud
08366650-4626-45f2-bf83-9de1bb6b9fa4,4cc24e44f98ce556d647948ae2d27cc9,fc0ceac2-ee41-43fc-8c86-d35b50b6a8dd,FRAUD_REVIEW,high,app,2026-07-19T00:00:00,2026-07-19T09:00:00,escalated_to_human,fraud
8f5fa66e-d23d-4e00-a886-c1636e45b739,4cc24e44f98ce556d647948ae2d27cc9,3efae4ee-5469-4423-b0d2-0331cbfd2e13,ACCOUNT,high,chat,2026-07-25T00:00:00,2026-07-27T01:00:00,auto_resolved,fraud
3b24b8b1-76ea-43c2-a1d2-66754eab112d,e5d46317b6efaf96ecc28f78ac4ba3bc,bcceb7c0-a5e3-4fb4-89de-35cbbeaff96c,PAYMENT_ISSUE,high,chat,2026-06-29T00:00:00,2026-06-30T16:00:00,info_provided,churn_risk
77b9a390-5f4d-413e-b67e-3729ccf0c7d4,95b4b60a728bff942c8bd59a43effa33,3ac43b66-47f4-477a-80da-d1e9e6fe8410,REFUND,medium,email,2026-07-11T00:00:00,2026-07-13T00:00:00,auto_resolved,fraud
43e810ae-7d93-49c8-9731-1cd1054baedb,95b4b60a728bff942c8bd59a43effa33,85ef668d-7e29-42ae-a908-cafe3035425e,PAYMENT_ISSUE,high,app,2026-07-06T00:00:00,2026-07-06T06:00:00,auto_resolved,fraud
6dafacc8-7731-46e5-aa9c-a14b1cbcc7c8,95b4b60a728bff942c8bd59a43effa33,55a0f40d-50cd-449f-9d70-20c6a8db2933,PAYMENT_ISSUE,medium,app,2026-06-28T00:00:00,2026-06-28T21:00:00,auto_resolved,fraud
5c0bd317-2416-433f-a644-8b3f3517a246,95b4b60a728bff942c8bd59a43effa33,3a624933-e970-485a-b81d-cd93714bb262,DAMAGED_ITEM,high,email,2026-06-29T00:00:00,2026-07-01T10:00:00,info_provided,fraud
01c8c14a-b3b8-4944-a002-f471a47a28fe,95b4b60a728bff942c8bd59a43effa33,093f8007-f0d9-40a2-a6b8-b0f200e4b343,REFUND,low,email,2026-07-17T00:00:00,2026-07-19T17:00:00,refund_issued,fraud
b9e50b0a-c84f-4820-a29a-5c7d39c78cf5,23d79f5efab47bee80aee4e351829b74,4131eadd-7e08-4a46-8fd6-5026522c8710,DAMAGED_ITEM,high,app,2026-07-15T00:00:00,2026-07-16T15:00:00,escalated_to_human,new
3b6d85ab-a849-4701-b55c-393db97f6e97,97d007095d1f9c6c5dbb15c3c1aecf5d,7bdd9c9d-c71b-4c10-b715-5c76dbeaaf5a,ACCOUNT,low,email,2026-06-29T00:00:00,2026-06-29T18:00:00,escalated_to_human,churn_risk
07616be4-8157-4109-bbfb-1c67b8e95ff9,6ac6902b78ed854e42f75c8e25234e8c,db479aa0-2f85-4aad-9652-ad5db91aeecf,DAMAGED_ITEM,low,email,2026-07-18T00:00:00,2026-07-19T13:00:00,escalated_to_human,existing
ec76e394-862c-4c98-91a5-f8450e571946,67fcfe4915b93624867d350b8191ff7b,49de151d-22e4-4584-9ca7-80f08fdb37ff,SHIPPING_DELAY,high,app,2026-07-18T00:00:00,2026-07-20T02:00:00,refund_issued,existing
089f5205-d02c-42e3-a6fe-0efd56058975,fa2b68fd80b323901db1473bb98ad68f,6986d287-8195-4d38-98a1-a5f63cc044a1,SHIPPING_DELAY,high,app,2026-07-03T00:00:00,2026-07-03T11:00:00,auto_resolved,existing
4ca2580d-16ce-4768-a145-47647966eb9e,661bcc412eb64f26a12a5c0c46cbb449,3a57b6bc-1728-429a-bbba-b5735804517d,SHIPPING_DELAY,medium,email,2026-07-02T00:00:00,2026-07-04T17:00:00,refund_issued,new
d2e62ae0-f1a5-4cb9-ad0a-7e394f185ba1,ee301c76bd2b939da9740c6f5eb280c6,c5fae2df-ca3c-4fd8-9905-d50970d28877,CANCELLATION,high,chat,2026-07-05T00:00:00,2026-07-06T23:00:00,refund_issued,new
23a521f4-edb3-4fe8-8f2f-49c996e0efa6,6cc5f19513662ec401e8ebbbe399ed06,fe88d4e4-9c5a-4adc-95c6-d708e71daee5,DAMAGED_ITEM,low,app,2026-07-07T00:00:00,2026-07-09T22:00:00,auto_resolved,existing
f5a735b7-6bae-40f0-ae03-ab8c8b61118a,8f601c7d9263ca954656792b02517b3b,774ac5c2-d18c-4114-9461-55e7ec728da5,REFUND,low,email,2023-03-26T00:00:00,2023-03-26T04:00:00,refund_issued,churn_risk
9bc31e1a-fc80-4574-9bde-0be9a86de9e5,912a41ed4b2200e0ac7b5ea1ef1c433b,a9c16eed-03e7-4a00-871b-1a41b798521a,ORDER_STATUS,high,chat,2026-05-26T00:00:00,2026-05-28T14:00:00,refund_issued,existing
0577dc6f-5bec-4ba8-b953-f1a7f410620a,63df651d5e8adb6a0e4baeb66a0eea37,db041065-0c7c-43a7-9da7-84a381a2e664,DAMAGED_ITEM,high,app,2026-06-25T00:00:00,2026-06-26T08:00:00,info_provided,existing
61b48567-d9fe-4a23-be18-ab685bb423b7,0fa3dfc9b8012e55a6e11db4d8a82c4b,762b31b0-a0f8-46cf-8aea-ad556cd803c8,PAYMENT_ISSUE,low,chat,2026-04-22T00:00:00,2026-04-22T18:00:00,refund_issued,existing
6f058d33-8c1c-490b-b10b-3c6f5e6d1a9b,374026021639ada6e97c12b31a997a64,f57b68e4-4a8e-4711-ac96-8b181e55f18a,ORDER_STATUS,low,app,2026-07-12T00:00:00,2026-07-12T17:00:00,auto_resolved,new
703d20ed-435a-44b0-8c61-4ccc476abb38,c29bc878f4400d62f9d33ddd8d13236b,ac2892ae-2720-45e4-9028-bc1fb89d5286,ORDER_STATUS,medium,chat,2026-06-26T00:00:00,2026-06-26T07:00:00,escalated_to_human,existing
b182eb65-fa64-4f77-8729-1c406d7894da,32fb60e2ce6a1f62eeccbc2d33046072,888698d1-d7f4-4a52-b407-2f19cac0b9ad,PAYMENT_ISSUE,low,app,2026-07-19T00:00:00,2026-07-20T17:00:00,escalated_to_human,existing
58617ee1-8193-4c3a-ab5a-2ff4e4246eea,3fc63a1cff1beeaf62fff26f695de143,1a418276-cf83-42ac-a1fc-7a7f53311ac0,ORDER_STATUS,low,email,2026-07-18T00:00:00,2026-07-19T20:00:00,auto_resolved,new
14a13369-2fb9-4cf3-af9a-8c5d161db13c,3fc63a1cff1beeaf62fff26f695de143,bbebc28a-7f8a-40a6-a362-271a32133b5d,DAMAGED_ITEM,medium,app,2026-07-07T00:00:00,2026-07-07T17:00:00,escalated_to_human,new
18d5168e-f47c-4e47-a424-3792faf7228f,1145616de76e14f4e7fd5452c2be149c,4a71d776-5165-455c-a92d-580378a2e842,ORDER_STATUS,low,email,2026-07-07T00:00:00,2026-07-07T06:00:00,auto_resolved,fraud
6f16e1df-2a80-4cc7-acb5-e9036d5bcde9,1145616de76e14f4e7fd5452c2be149c,ff3467bf-51c3-409a-8737-2c909a2b9be6,REFUND,low,chat,2026-07-05T00:00:00,2026-07-05T15:00:00,refund_issued,fraud
6c9f4cc0-697e-492b-8b46-8bd93eb0777a,1145616de76e14f4e7fd5452c2be149c,1cb63d43-8203-4c88-9253-b77654d4dfc6,ORDER_STATUS,medium,app,2026-06-28T00:00:00,2026-06-29T04:00:00,auto_resolved,fraud
1a2fbcb6-d17a-4bde-9883-c064adbe2b60,1145616de76e14f4e7fd5452c2be149c,8aadd287-101a-4e86-9452-a2185d30d658,ACCOUNT,high,email,2026-07-11T00:00:00,2026-07-12T12:00:00,info_provided,fraud
11e0996b-4d56-4392-9522-64ecc9be2023,1145616de76e14f4e7fd5452c2be149c,d27f6762-f996-4e4c-86f8-8f5eeb7d0d16,ACCOUNT,high,app,2026-07-25T00:00:00,2026-07-27T09:00:00,info_provided,fraud
d3500d10-dc15-4073-8171-9737a78ec3d4,1145616de76e14f4e7fd5452c2be149c,76b17847-3c04-4ce7-8454-5d66c9d88417,PAYMENT_ISSUE,medium,app,2026-07-05T00:00:00,2026-07-05T11:00:00,auto_resolved,fraud
e4fedb89-d2a9-4e51-aae1-ad1597b6882d,1145616de76e14f4e7fd5452c2be149c,4e609c18-024f-414a-8128-423213281e84,DAMAGED_ITEM,high,app,2026-07-09T00:00:00,2026-07-11T03:00:00,escalated_to_human,fraud
deafaf61-efe0-4bbf-acc1-767cdfdf6c32,1145616de76e14f4e7fd5452c2be149c,7ee1d10d-2db1-4034-bbff-1ad48256a6a3,REFUND,high,app,2026-07-23T00:00:00,2026-07-24T05:00:00,auto_resolved,fraud
d83a33a9-4b99-41a3-9dd4-5e2f31a091dc,1145616de76e14f4e7fd5452c2be149c,a871e742-79d3-4c4e-b2c8-e1c1f2b547e5,FRAUD_REVIEW,high,app,2026-07-12T00:00:00,2026-07-14T17:00:00,escalated_to_human,fraud
967ae593-8dfc-4bcf-a76f-26435e0bdbca,1145616de76e14f4e7fd5452c2be149c,05ad8130-3e99-47d0-85a3-55c338fe8d0d,CANCELLATION,medium,app,2026-06-29T00:00:00,2026-06-30T14:00:00,refund_issued,fraud
41a58fa4-b83c-4d50-ab81-eca2a170ac3d,1145616de76e14f4e7fd5452c2be149c,bf9b5651-b2ae-4fed-99d2-d37a95d134f4,DAMAGED_ITEM,medium,chat,2026-07-16T00:00:00,2026-07-17T00:00:00,refund_issued,fraud
aed63ab8-cdbd-4f16-92c3-f10de7e2c306,1145616de76e14f4e7fd5452c2be149c,082000d6-1ce2-44c6-b0f1-3f46e75c4c27,PAYMENT_ISSUE,low,email,2026-07-13T00:00:00,2026-07-14T19:00:00,auto_resolved,fraud
8013e87b-bab7-4e45-86b6-8933a861cd1d,35e8b4c2a64acb75f3bf063d82a8478b,33f70eeb-962e-4e55-8e8e-ae846621adcb,SHIPPING_DELAY,high,app,2026-07-02T00:00:00,2026-07-02T15:00:00,refund_issued,new
499f50da-2908-4613-afc5-3927c85b6208,0890bfbe7e7ce34f5ead1f48e41e5772,beb18d89-02a6-4c06-adb3-27cc95336f91,REFUND,low,email,2026-03-07T00:00:00,2026-03-09T10:00:00,refund_issued,existing
8160b650-6e24-42b4-957e-410bbd223c33,cc117a146f6e56e036afcedbd420c0e6,725d9355-dd78-42a9-bd8b-1c228383f588,DAMAGED_ITEM,low,email,2026-07-04T00:00:00,2026-07-04T12:00:00,escalated_to_human,existing
9a5e5370-28b8-49c6-a553-0741e95f01f7,cc117a146f6e56e036afcedbd420c0e6,30f35148-0210-498e-922a-daeeed1c84c3,ORDER_STATUS,high,app,2026-07-05T00:00:00,2026-07-07T20:00:00,escalated_to_human,existing
90ff6907-bb4e-4c8b-afe8-b4e460a5cd1d,cc117a146f6e56e036afcedbd420c0e6,3f1b7ac5-a8a7-43af-8951-b665aab3b0a2,PAYMENT_ISSUE,high,email,2026-07-12T00:00:00,2026-07-12T02:00:00,escalated_to_human,existing
eba95d7f-a9ff-41fe-873a-d24fdff7f804,860251114960c25499acca49949b1f12,4ec2206e-e46b-4e97-aefc-52978bd43edb,PAYMENT_ISSUE,high,email,2026-07-16T00:00:00,2026-07-18T01:00:00,info_provided,existing
8a486a71-735a-4e0a-a232-6117a2f475e9,0beec065ce2d16d3a8dbb22b87cf4c43,2f07a9ef-10d3-48b1-a794-ca554eae820b,REFUND,high,app,2026-07-13T00:00:00,2026-07-15T14:00:00,info_provided,new
5a1be2a2-3f71-4a79-a5b8-0f0177c07d8f,0e58d0234d25ec72a22396e55e223959,90b4db17-6f3e-4676-954b-37d9061679df,REFUND,medium,app,2026-05-14T00:00:00,2026-05-16T13:00:00,auto_resolved,churn_risk
ed5927e1-a804-40f8-b590-b77e0a0c7e51,527c6fbbe85cdf78ff1645e0a71e266f,702df48e-345e-4b10-bacd-faf83617fe68,ACCOUNT,medium,app,2026-06-22T00:00:00,2026-06-22T08:00:00,escalated_to_human,churn_risk
0d5f18d9-349f-40ed-bcdc-e3ff14f62039,89e3027de49c3012858cfeb7f5a34f59,01d288a9-c73c-4857-aa48-031360533f14,SHIPPING_DELAY,medium,app,2026-06-30T00:00:00,2026-07-02T01:00:00,auto_resolved,new
254db6fd-8c5e-4c1e-9e0b-77076c9dd913,89e3027de49c3012858cfeb7f5a34f59,dcb6bf56-e1ef-465a-8662-06bdbe0f2e10,ACCOUNT,medium,app,2026-07-15T00:00:00,2026-07-15T08:00:00,escalated_to_human,new
05dfa377-0e76-4b8c-ac59-6d7bf81cea48,89e3027de49c3012858cfeb7f5a34f59,7458d841-6be4-4dda-8d89-d98640df96e2,DAMAGED_ITEM,medium,app,2026-07-31T00:00:00,2026-07-31T18:00:00,auto_resolved,new
5334a4ae-b014-479a-a5e0-881b21d4ea0e,89e3027de49c3012858cfeb7f5a34f59,f3de157a-5223-4e3a-9b5d-19f4b1edd809,CANCELLATION,medium,app,2026-07-18T00:00:00,2026-07-20T22:00:00,escalated_to_human,new
cecc4dcc-e30f-4e57-a22a-34c5a593bbf4,89e3027de49c3012858cfeb7f5a34f59,b35731d6-41e7-4191-9542-72686287b2bd,DAMAGED_ITEM,medium,chat,2026-07-06T00:00:00,2026-07-08T18:00:00,escalated_to_human,new
51c63459-ae76-4443-bc29-84bc2c8077fc,89e3027de49c3012858cfeb7f5a34f59,6d5120d1-a662-4771-8148-6a42316e4586,SHIPPING_DELAY,low,app,2026-07-19T00:00:00,2026-07-20T11:00:00,auto_resolved,new
3c0a4290-bcd1-4a3d-9b34-d370e632764c,1a39704fa1459528597c7e52f99e39d4,44510945-a4d1-4c92-80a0-c8e903896c5f,SHIPPING_DELAY,medium,email,2026-04-18T00:00:00,2026-04-20T12:00:00,auto_resolved,existing
18ede078-e594-4e15-a766-62a017a79fc9,51123d30e274aeedc27ae7f4d1abed14,0c925d74-780f-43f2-82ed-1b5ad3b6d713,SHIPPING_DELAY,low,email,2026-06-01T00:00:00,2026-06-01T15:00:00,info_provided,existing
0aeb4e6a-5798-4fb1-a64f-c33c89009aa8,b99ad02f5d0dce8edaed40e36fd4d71e,8bf56166-1bfe-40c6-b6d1-c9a3fd184a71,ACCOUNT,medium,email,2026-06-04T00:00:00,2026-06-05T20:00:00,escalated_to_human,existing
1499428f-02dd-484e-8235-7414ad4c5754,f102240598836332442c455abbcecfbc,9821f93f-9cd7-4173-9fb0-3877d73c9eb8,DAMAGED_ITEM,high,chat,2026-06-21T00:00:00,2026-06-21T04:00:00,escalated_to_human,existing
c9b81a88-2551-469c-91f7-c7f67b823a66,b9fe8c4b5fbad9389aa5f425561a2786,a48fe450-9e94-4b01-a367-0144df12c8b4,SHIPPING_DELAY,medium,chat,2026-07-12T00:00:00,2026-07-14T12:00:00,escalated_to_human,new
eac2d863-1e6d-4bbe-b90b-59cbdfb5cd8a,d5b838b5c341f1957cea18610d054ac6,166fe7c7-2165-493e-b22a-03e7ab0b8c8d,REFUND,medium,email,2026-07-09T00:00:00,2026-07-09T17:00:00,info_provided,existing
0308d3ea-c3e4-49f8-b309-1f244ad9b804,d5b838b5c341f1957cea18610d054ac6,7218c356-1586-44fe-a04d-885150b35372,CANCELLATION,high,app,2026-07-18T00:00:00,2026-07-20T18:00:00,info_provided,existing
284ee219-5eb3-47dd-a78e-c84b97198eae,01daeb09de8f07882ccd4319ffbc4693,aa07b9fa-26d1-4e4c-99dc-63006a3eb083,PAYMENT_ISSUE,high,chat,2026-07-22T00:00:00,2026-07-22T11:00:00,escalated_to_human,existing
50b801d4-be19-4090-b718-ade4923faea4,4cbdc0f2029c78a012c400623a82e55f,0e933b64-aca7-4e77-9e81-d5d38910bea9,PAYMENT_ISSUE,medium,chat,2026-06-29T00:00:00,2026-07-01T08:00:00,refund_issued,fraud
79617707-738b-489d-986d-5840de10e47e,4cbdc0f2029c78a012c400623a82e55f,25c8fa68-1afb-4532-b04a-b33203d5728f,ORDER_STATUS,low,app,2026-07-19T00:00:00,2026-07-19T19:00:00,refund_issued,fraud
9efee121-60e5-4b43-90b6-6457b1e4d251,4cbdc0f2029c78a012c400623a82e55f,ca67c605-0a73-4c41-b380-724d901f0c16,FRAUD_REVIEW,high,app,2026-07-10T00:00:00,2026-07-11T20:00:00,escalated_to_human,fraud
834ec443-57d1-4b74-9d99-073e095b0481,4cbdc0f2029c78a012c400623a82e55f,4fe08895-6171-4bef-b78f-f684705009f1,SHIPPING_DELAY,high,app,2026-07-13T00:00:00,2026-07-14T04:00:00,escalated_to_human,fraud
d8e61680-0ea8-48c5-a18e-a68f5e879b6f,4cbdc0f2029c78a012c400623a82e55f,4b6f69c8-cb57-4699-a4b1-af7291064c6e,PAYMENT_ISSUE,medium,app,2026-07-17T00:00:00,2026-07-17T05:00:00,auto_resolved,fraud
577a0e99-eb3c-44e6-bbf9-c1256a1780be,4cbdc0f2029c78a012c400623a82e55f,c178de22-19d6-4d96-83ca-06012b478f8a,ORDER_STATUS,low,chat,2026-07-09T00:00:00,2026-07-11T14:00:00,auto_resolved,fraud
b2734d0f-6e8b-49ab-9d3c-69253e49f6ed,4cbdc0f2029c78a012c400623a82e55f,33451296-de71-4dfa-b310-32435679ea6b,ORDER_STATUS,high,app,2026-07-12T00:00:00,2026-07-12T02:00:00,refund_issued,fraud
7b406235-e03b-4218-81ce-c56139ad8825,4cbdc0f2029c78a012c400623a82e55f,66b0bcbe-331c-4a6a-8217-491d53fb6735,REFUND,high,chat,2026-06-25T00:00:00,2026-06-25T13:00:00,escalated_to_human,fraud
da0e9aef-6085-4b07-b126-84cedc24218c,4cbdc0f2029c78a012c400623a82e55f,255a13ee-ef38-4a2f-837d-c515b5e44ca3,FRAUD_REVIEW,high,chat,2026-07-14T00:00:00,2026-07-14T04:00:00,escalated_to_human,fraud
cbb11598-b33c-42f7-9d66-02557d42d13d,ed5b0d9aa093cc966424056ec8c10c4c,f27d0db3-4c1b-436e-8724-aa18468aae1f,ACCOUNT,low,chat,2026-06-23T00:00:00,2026-06-23T07:00:00,auto_resolved,existing
afb8c549-32e6-4d21-8897-aeb98c1aa08f,c4727b31f6dae15654a8a097c91abe75,649e5701-1bfc-4935-8b9b-87f91d2cfd27,SHIPPING_DELAY,low,email,2026-07-20T00:00:00,2026-07-20T01:00:00,auto_resolved,new
cf423c1a-748d-4903-82ff-da6ea3b64774,08995ff3d56d1423655c3b21cebe06bd,18ee1cf7-aced-4ad0-94f8-37851c363615,REFUND,high,chat,2026-07-08T00:00:00,2026-07-09T03:00:00,refund_issued,existing
a31cceb8-d4c7-4517-933f-9fcb851f2660,08995ff3d56d1423655c3b21cebe06bd,ebda5f77-6e65-4662-8713-172857f4ba38,SHIPPING_DELAY,medium,email,2026-06-27T00:00:00,2026-06-27T14:00:00,escalated_to_human,existing
44c1509d-b2d3-442b-a9a2-b29bc07994f0,08995ff3d56d1423655c3b21cebe06bd,c4f8b0fc-fa3f-4ff3-b3af-7caaf5302e06,ORDER_STATUS,medium,chat,2026-07-14T00:00:00,2026-07-16T07:00:00,refund_issued,existing
7f5b6ded-1136-411a-9098-09ca30a34464,08995ff3d56d1423655c3b21cebe06bd,31d27e4b-015b-42bf-b0ac-685b93ca4164,SHIPPING_DELAY,medium,email,2026-06-24T00:00:00,2026-06-24T08:00:00,escalated_to_human,existing
cb187532-34ba-4dad-8090-04fe8e5e9c36,08995ff3d56d1423655c3b21cebe06bd,668bdbe4-ef6c-4f2e-8344-963af08a0819,CANCELLATION,high,chat,2026-07-09T00:00:00,2026-07-09T22:00:00,info_provided,existing
2e35353d-2d70-41be-a084-4d348682971f,470a8f2e1dc7b277e4625f23039c6f84,6a3e54b5-c795-49a5-89e6-61d19b5a633d,SHIPPING_DELAY,medium,chat,2026-07-17T00:00:00,2026-07-19T02:00:00,refund_issued,existing
1979b356-717c-4e3e-8a5b-3c167179ef21,e1a5b21153987479299c92d5c8b1ee1a,bd3882a1-2411-495f-8781-74da141a8fda,DAMAGED_ITEM,medium,app,2026-07-07T00:00:00,2026-07-07T23:00:00,escalated_to_human,existing
933dcfc8-960b-4ca2-b5b7-5a96201c053f,324b9a2e37fc2ab928a842b9429c46ea,07f36952-76e5-4ded-969f-7fd415a5494e,SHIPPING_DELAY,low,email,2026-07-04T00:00:00,2026-07-06T10:00:00,escalated_to_human,existing
524a9179-742e-4989-85fb-bb03e49dde98,324b9a2e37fc2ab928a842b9429c46ea,8f394ae5-1971-48bd-b2ce-2e07fa50ae4d,CANCELLATION,low,chat,2026-07-04T00:00:00,2026-07-06T15:00:00,refund_issued,existing
57dd58ea-3021-4a88-8d66-00b2fcab854d,4e65032f1f574189fb793bac5a867bbc,44ffc951-be23-48b7-a3b5-2fa7d8558815,SHIPPING_DELAY,medium,email,2026-07-17T00:00:00,2026-07-17T08:00:00,info_provided,new
4b53b2de-05a8-4a39-a811-2240ff3bd00e,0062adafa3846d9f372d8f1bde591b24,ba21fc1f-be16-4804-90b2-cc675612320a,CANCELLATION,medium,app,2026-06-22T00:00:00,2026-06-22T19:00:00,info_provided,fraud
20b963cd-02b0-40d8-919f-0c6b7081b405,0062adafa3846d9f372d8f1bde591b24,5276b85e-f642-4893-a8ea-a05f5e0a6997,REFUND,low,email,2026-07-10T00:00:00,2026-07-12T18:00:00,refund_issued,fraud
6b083b2e-fce9-4875-81ae-d2208225c93e,fe78f9a2d0726d03ff9fc4307d3fa5df,cdd96a2e-e2ba-47f0-b77c-a31643a7ed7a,REFUND,medium,chat,2026-07-24T00:00:00,2026-07-24T17:00:00,auto_resolved,fraud
49fbfa45-3c61-43f0-bf58-95d761ce7506,fe78f9a2d0726d03ff9fc4307d3fa5df,a220acba-fa44-41a9-acc3-e0e00400b0ce,REFUND,low,chat,2026-07-05T00:00:00,2026-07-06T11:00:00,refund_issued,fraud
38469927-675b-4798-9c09-300268213bb6,8dfbc9064378d19ac99a21ac353072d7,e5a70b7a-8e13-4422-8499-32154eb6d24d,REFUND,medium,email,2026-07-09T00:00:00,2026-07-11T05:00:00,refund_issued,new
0d475220-7f5e-495c-9493-18cfa88b9142,8dfbc9064378d19ac99a21ac353072d7,dcafecd9-d19d-4b81-a914-23713f0de26a,REFUND,low,chat,2026-07-04T00:00:00,2026-07-05T03:00:00,escalated_to_human,new
c65cb87a-537e-4ae1-a5af-f6e969f63610,1c68b10c39678b2f8a7354ae67c44ef3,5f61fda4-5a6b-4b30-9a0a-ae2a2929c84f,REFUND,low,app,2026-07-27T00:00:00,2026-07-28T12:00:00,refund_issued,new
e6305254-9b02-48c3-8744-4a07e26fdbce,1bb02eb35385950b5dace2632164426c,2b117956-e910-423c-9d0a-ac436a6d3ac7,SHIPPING_DELAY,medium,app,2026-06-14T00:00:00,2026-06-14T13:00:00,escalated_to_human,existing
0f8ce280-b9ab-4fae-bd14-8599ac27ae63,77a63731fc358f68a5ce26211fc340a8,90938449-32f6-418a-9be2-22e06cdf348e,ORDER_STATUS,medium,app,2026-07-14T00:00:00,2026-07-15T05:00:00,info_provided,new
6bbffea8-38a8-438c-88e9-64073b7e10b8,77a63731fc358f68a5ce26211fc340a8,5c172a95-c8b8-4e48-8da5-b65af04a4270,SHIPPING_DELAY,high,email,2026-07-17T00:00:00,2026-07-18T09:00:00,escalated_to_human,new
55b10174-d474-48de-9bb1-8099f6047bec,77a63731fc358f68a5ce26211fc340a8,6e36a954-3477-439a-ad12-cc9b2d88157f,CANCELLATION,low,email,2026-07-17T00:00:00,2026-07-17T20:00:00,refund_issued,new
bda4a186-642b-4101-961a-a44a0cc52909,bdf7458b78fc3a9cc62e71cb779d0452,8df65e35-36dd-425a-a347-e99ac9095c3c,SHIPPING_DELAY,low,email,2026-07-02T00:00:00,2026-07-02T08:00:00,info_provided,new
4c78fcfa-c147-4af4-a80d-cdd41568cef3,acd9aa54ba1fb6d537ea8bb1bd65eed2,6cc0151b-c005-414d-95d5-02d2396c9ddc,SHIPPING_DELAY,low,app,2026-07-09T00:00:00,2026-07-11T17:00:00,info_provided,new
811cb43e-108c-4021-a779-56901876bd5d,04a710ba27c70647fb2a4ffc6fe48e43,5b52185b-ae56-4d10-8cc4-7c335b9a05f8,ACCOUNT,low,email,2026-07-22T00:00:00,2026-07-24T11:00:00,info_provided,new
d7c5f455-31b4-440a-bd4e-35abec4ba023,6c3974f2a296fbcb0aa071279dbf6f24,0cf36fa8-186f-4bba-bf6f-d893c0aebfa4,CANCELLATION,medium,app,2026-07-08T00:00:00,2026-07-08T11:00:00,refund_issued,new
bbf87af5-a089-4341-b335-1d1a23ff4eb6,42398dee8f2098eec5579129cc1a6f5e,b83e2ce3-8c42-4638-9f4a-623f8f4b7bba,ACCOUNT,medium,app,2026-07-08T00:00:00,2026-07-09T19:00:00,refund_issued,existing
aade77f4-61d1-43d8-9a7a-1704d29dfce1,42398dee8f2098eec5579129cc1a6f5e,d038eda0-0717-47b1-988a-b82d6c14d14e,SHIPPING_DELAY,low,app,2026-07-03T00:00:00,2026-07-05T07:00:00,refund_issued,existing
4ad6f672-889b-491f-b84c-7bc6babf4604,42398dee8f2098eec5579129cc1a6f5e,b1088b1e-7bc1-46ac-8f11-a542ff677fae,SHIPPING_DELAY,low,chat,2026-07-06T00:00:00,2026-07-08T23:00:00,info_provided,existing
f85418de-fbc4-45a6-bd51-149036d5a9d3,bb6ffa5f9b68665f0cb238ea298092a3,0923c3cb-b2de-424a-9086-6bfe4bb8848f,REFUND,low,email,2025-08-10T00:00:00,2025-08-11T18:00:00,escalated_to_human,new
e43278c0-9ba7-4429-8eb0-8905c7f21363,fffbf87b7a1a6fa8b03f081c5f51a201,ee7948de-3295-452a-afa1-7a45f60260c5,REFUND,medium,app,2026-06-18T00:00:00,2026-06-21T00:00:00,info_provided,existing
3973672b-aa5e-4883-9cca-74d6ebd93f6f,f2b73529bb775e473cdeb67d991cc985,265a9765-ee7d-4197-9441-1e6d78e06de4,ACCOUNT,high,app,2026-06-30T00:00:00,2026-06-30T07:00:00,escalated_to_human,existing
82115ff6-12b6-4f34-9f0d-a819682862b0,7d435b111211b3f34f6995914fdef980,dd3d9065-2b90-4542-880a-6b24e657a15c,ACCOUNT,high,email,2026-07-05T00:00:00,2026-07-05T13:00:00,auto_resolved,existing
710d461f-b184-4906-ac79-44a840af46e7,ce590a0c44295fc160eca2f1791f37e9,624f4030-fe02-4f0f-9103-cca85771cec4,REFUND,high,email,2026-07-25T00:00:00,2026-07-26T08:00:00,escalated_to_human,fraud
9ccc5e2e-93d0-42fd-a397-7b3ca74977e1,ce590a0c44295fc160eca2f1791f37e9,557427b1-422e-4224-90bf-c856d09c8819,FRAUD_REVIEW,high,chat,2026-07-10T00:00:00,2026-07-13T00:00:00,escalated_to_human,fraud
a9e5f103-d5b6-4f0a-a655-e2da0576b2a2,a4e7c06913461ef2298e10fb4cdd2d71,d80cea1a-3088-4fd3-8b00-4f9a0c91adf6,ORDER_STATUS,low,email,2026-07-08T00:00:00,2026-07-10T14:00:00,refund_issued,new
992a8a00-fc9f-4aa4-b72f-394aad646761,afa1462306ce1941adc5524ab4198909,ef2bd959-8a55-4c41-9a4a-d2f37f1b021f,ACCOUNT,low,app,2026-07-02T00:00:00,2026-07-03T04:00:00,info_provided,fraud
a2ba31a5-f17c-490d-8e35-ccbcd59f30e3,afa1462306ce1941adc5524ab4198909,2c3940ef-7dbd-498b-8e08-adcea126e00b,ORDER_STATUS,low,app,2026-06-27T00:00:00,2026-06-27T21:00:00,info_provided,fraud
3313564f-233e-410b-9242-a757d0421d57,70a8db6a5ae17c3a4e5df68bbeae451c,88c20ea0-1a4b-4ea1-aa0d-a22d865dbffb,ORDER_STATUS,low,email,2026-06-26T00:00:00,2026-06-26T21:00:00,refund_issued,existing
ebaaf84e-629f-4c3f-94aa-a52664b6d1f0,c98371c8c628fe00729bc01622b9009b,fcd2f47a-1ddb-4dc5-a036-9230a505c46a,CANCELLATION,medium,email,2026-07-05T00:00:00,2026-07-05T02:00:00,escalated_to_human,existing
8a31c353-f728-49e5-a420-325888e26a84,0d2fe5cee9cab31429efc0da96406758,688538ac-3c3a-4d61-ab57-fcfccda7faac,REFUND,medium,app,2026-06-20T00:00:00,2026-06-20T16:00:00,auto_resolved,existing
50666666-cd08-491b-b5f0-72d455a772ef,f8945c1122a948f727f6cc5f56f02532,f366975b-0060-48cd-b339-0cafb8aa2661,SHIPPING_DELAY,medium,chat,2026-05-08T00:00:00,2026-05-10T04:00:00,escalated_to_human,existing
ca52e3f7-fc8e-4876-824a-301a62848b4f,e527d87e5717a8e1432c67e902a56a9b,52f864e9-47b2-45bf-b711-c2f3a07054c9,ACCOUNT,medium,chat,2026-07-22T00:00:00,2026-07-23T17:00:00,escalated_to_human,fraud
8c61f3fb-0b64-4681-9632-7a55f1ef38b5,e527d87e5717a8e1432c67e902a56a9b,14823e36-68d6-4804-90ed-85c1bc82a482,REFUND,medium,chat,2026-06-28T00:00:00,2026-06-29T04:00:00,escalated_to_human,fraud
752ff31b-5e70-45af-a92c-4e828a90b2b8,e527d87e5717a8e1432c67e902a56a9b,72419881-60d3-483e-8cfe-41be7e8f7376,CANCELLATION,low,email,2026-07-14T00:00:00,2026-07-15T20:00:00,info_provided,fraud
d4e4b62a-5076-4281-939e-f3701e19ac7f,e527d87e5717a8e1432c67e902a56a9b,6ac1b4b9-10d3-4436-9345-c4424fb09792,CANCELLATION,high,chat,2026-07-25T00:00:00,2026-07-26T21:00:00,info_provided,fraud
d802b449-8186-4d96-b1bf-59c3378913e2,e527d87e5717a8e1432c67e902a56a9b,ad1ab28f-4628-43b8-8108-b7e0f1c37334,REFUND,high,app,2026-07-29T00:00:00,2026-07-31T16:00:00,info_provided,fraud
3bd8b313-6c71-44b6-a33b-143a534196f9,4af9d92576710a7d35603adfdff67acf,899fd59d-e91e-45b3-8677-f9e4b53769c1,SHIPPING_DELAY,low,email,2026-07-16T00:00:00,2026-07-16T17:00:00,auto_resolved,new
b3fa8d37-909f-424b-9a07-aa549446f0de,63fe99fa23473a7340917d48f548ccd7,93e2fd6c-9173-4911-8561-272951942d0d,ACCOUNT,high,app,2026-07-05T00:00:00,2026-07-06T19:00:00,escalated_to_human,existing
f2b28479-7503-4441-9d2f-2a26d8f8258c,483686d2c2ea82359b6aa0bb2b20829a,201bf7fd-321c-4da6-9ea2-7cb79a77a1e7,PAYMENT_ISSUE,medium,app,2026-07-19T00:00:00,2026-07-21T12:00:00,refund_issued,new
60f9f3bd-8548-4d48-896e-a955a247da6d,483686d2c2ea82359b6aa0bb2b20829a,b0a45c36-88c0-446c-a1a8-2219377e81dc,ACCOUNT,low,app,2026-07-11T00:00:00,2026-07-11T16:00:00,refund_issued,new
00ac3b27-27d8-4e09-b97b-bf8f76db13dd,293c9db44b6588c4e52fbef455fccde8,27b3e65a-6c1c-4591-a35e-728734f03d7a,ORDER_STATUS,high,app,2026-06-30T00:00:00,2026-06-30T01:00:00,info_provided,churn_risk
c8558e85-02bd-4490-a2ad-3c784174e9f2,a72a2d4e19868dba726c0e6f49198c7e,bbbe2fb4-e764-49e9-bbf9-807790a56d88,ACCOUNT,low,chat,2026-06-14T00:00:00,2026-06-16T10:00:00,info_provided,existing
05236e84-91d3-45b0-bdc0-ff2208882067,a72a2d4e19868dba726c0e6f49198c7e,1ba60993-ae77-433e-b85c-c5797fcb7434,REFUND,medium,app,2026-07-07T00:00:00,2026-07-09T01:00:00,refund_issued,existing
69911460-ae76-4de0-b3cd-313eb5989191,9852ae41cc160b7df4017c45373187fc,22a851bd-ac78-472f-83d1-91de7f337eca,ACCOUNT,high,chat,2026-07-12T00:00:00,2026-07-14T16:00:00,auto_resolved,existing
c7a61e0f-d360-4b68-85de-bfc5785f569f,726c8f1821bccdbb500536a36b6804bc,e8e09156-041e-4ea8-907d-6165e0a2c5fa,CANCELLATION,high,email,2026-02-26T00:00:00,2026-02-27T12:00:00,auto_resolved,churn_risk
727a1143-d6ba-4659-bfe5-155ab89b2261,d215654948fc3ce8f8010cc12a8c843e,ac2485fe-89a7-4a76-ace8-af634317d570,ACCOUNT,medium,email,2026-07-16T00:00:00,2026-07-18T06:00:00,auto_resolved,new
1ab44d66-cc8f-4ed2-9cb0-a1869aaf438e,4d160824ea5977aa52fef32596211a93,17bae1e3-ae91-40d5-bebd-5c0a9c007578,SHIPPING_DELAY,medium,email,2026-07-05T00:00:00,2026-07-07T21:00:00,refund_issued,existing
c6f0b705-4fef-4c08-8508-5e058445472d,4d160824ea5977aa52fef32596211a93,ad130e3a-f530-4ef2-9ec0-79d1f9f39865,DAMAGED_ITEM,high,app,2026-06-28T00:00:00,2026-06-28T12:00:00,refund_issued,existing
1e689ef7-1c7a-4a3f-ad6e-ed170abf9790,fa87e5558d2010f19641ca49363d5a1a,e12f748d-cec5-4479-9208-862e03f8e855,SHIPPING_DELAY,high,chat,2026-07-21T00:00:00,2026-07-23T21:00:00,refund_issued,existing
e84b3473-b7ea-4dda-b7db-621749011bbd,68d8acf19d02fb3b95c8954d31d75448,1d31b456-b854-4a33-8c9c-3bf69eb3f22c,ACCOUNT,low,app,2026-07-11T00:00:00,2026-07-12T15:00:00,escalated_to_human,existing
14a26565-ac86-47d7-9119-85f3db2552f0,3f9d987156fddc08ef77f52d1a15c073,ed0927b5-4445-40bc-9149-19380d8bddf3,SHIPPING_DELAY,high,app,2026-07-26T00:00:00,2026-07-26T06:00:00,info_provided,new
0780b564-e33d-4411-a446-78222c3fb80c,3f9d987156fddc08ef77f52d1a15c073,40e33c34-36f0-4593-b12f-996349286e13,SHIPPING_DELAY,high,chat,2026-07-03T00:00:00,2026-07-05T05:00:00,info_provided,new
c866bb04-f7e4-44ad-975a-37e0d2b0e7de,a2b3dadeee49f301f5307689f05d49c2,64597f4e-8daf-4187-a568-4f39d89e96fd,REFUND,high,chat,2026-06-28T00:00:00,2026-06-29T11:00:00,info_provided,new
ea231482-66f6-4045-aad2-9f2d4dab11f9,9a8ae5697c81ca094e4bc087022d89d9,f8851919-fa80-473b-9326-52047db500fe,DAMAGED_ITEM,medium,email,2026-05-15T00:00:00,2026-05-16T12:00:00,escalated_to_human,existing
80c0f50e-2937-4c81-a537-172a2d16033a,9a8ae5697c81ca094e4bc087022d89d9,26578fe4-7525-40e1-bb63-600651509122,REFUND,medium,app,2026-05-25T00:00:00,2026-05-25T02:00:00,refund_issued,existing
3e2e13b8-3105-4373-8ccc-df1893140877,1c7fae8db20821423f3155642caad457,dd4ce3b2-34bd-42ac-a057-0ab22719cd8e,REFUND,low,chat,2026-07-15T00:00:00,2026-07-16T05:00:00,refund_issued,fraud
d1500133-c41c-4e03-8d3a-f68ecdacf469,1c7fae8db20821423f3155642caad457,9a7e8e96-c74c-4a78-8d78-2b447fa45898,REFUND,low,app,2026-07-24T00:00:00,2026-07-26T03:00:00,info_provided,fraud
edd7d48b-7d90-459c-92e3-20ed193beb0c,dfbde47bde19b04d057e18b028d5b5cd,91e3cbb8-7687-49a6-8394-81976e31a994,REFUND,high,app,2026-07-05T00:00:00,2026-07-07T22:00:00,auto_resolved,fraud
c0aaeddb-243f-4da7-a07e-a5cef3bd1f28,dfbde47bde19b04d057e18b028d5b5cd,9b3910f3-cdef-4698-9e21-3a05b2c34421,FRAUD_REVIEW,high,app,2026-07-25T00:00:00,2026-07-25T02:00:00,escalated_to_human,fraud
2e3e52b7-0258-4fc0-b90d-60e9eeb23e43,18aef158fe07c1e9ca8e1a5e3b7b723a,cc6fc8b0-02c1-4fab-ae48-0a820fe4eb49,REFUND,medium,chat,2026-07-12T00:00:00,2026-07-13T16:00:00,refund_issued,new
09d7bf08-1d36-4139-996e-42b9ce1e6d74,961efa774ea7c0d0a4514295647e78d5,afeb35d1-b26f-46eb-a9ca-0344138c6b32,ACCOUNT,high,app,2026-05-28T00:00:00,2026-05-29T08:00:00,info_provided,existing
6274d9af-171b-4121-bd70-aa2a30b412b1,a6bf63037fb9e3064d1f8fa4224df32d,8f162671-04ef-4b3a-ae93-8d6016edd4a1,SHIPPING_DELAY,high,app,2026-07-17T00:00:00,2026-07-17T13:00:00,info_provided,existing
909ae69c-9fb7-4888-aab0-43fe962d0030,86ee190a174409391a427eed6f5e2728,58a91282-5835-433c-b1a4-06a584bf6538,CANCELLATION,high,email,2026-01-12T00:00:00,2026-01-14T08:00:00,info_provided,existing
13b6f369-7eda-4990-b89a-2a4cd27214c3,61657cd378eabeaa8ec89a448432357d,1f1415ae-e101-437e-b73b-b5d3c1b9e3eb,REFUND,medium,chat,2026-05-06T00:00:00,2026-05-08T20:00:00,info_provided,existing
d9ca8f8c-c347-4f94-b9cc-d14d98d16bf2,61657cd378eabeaa8ec89a448432357d,ebb1a549-773b-448d-97e5-a2925871a8be,DAMAGED_ITEM,medium,app,2024-01-28T00:00:00,2024-01-29T01:00:00,auto_resolved,existing
3defb367-06e0-4618-b9b9-b484bf2967b0,8de2a640697fdc751bf88a16ae07591d,efc2d16a-15bc-49a6-8033-4dbcfd199cca,FRAUD_REVIEW,high,chat,2026-07-09T00:00:00,2026-07-10T08:00:00,escalated_to_human,fraud
c4391edc-c13f-400a-87f1-7d3f41365484,8de2a640697fdc751bf88a16ae07591d,9b130eea-3e65-447f-8102-c914b16b5354,FRAUD_REVIEW,high,chat,2026-07-16T00:00:00,2026-07-17T03:00:00,escalated_to_human,fraud
50a28785-054c-4a53-bf0f-6330794a6b4a,8de2a640697fdc751bf88a16ae07591d,ac74c037-a593-49ae-b1d0-79c9392f80ac,REFUND,high,email,2026-07-18T00:00:00,2026-07-18T14:00:00,refund_issued,fraud
6b80d3f1-feeb-4583-9084-6e4b238fbef2,8de2a640697fdc751bf88a16ae07591d,9643b1c6-006d-4077-85b4-2c7f4937df54,DAMAGED_ITEM,low,chat,2026-07-16T00:00:00,2026-07-17T22:00:00,escalated_to_human,fraud
4c38b8ec-fca3-4f33-8698-1388a55f169e,8de2a640697fdc751bf88a16ae07591d,5d93ac16-bcf6-4b73-b62d-dcbbc45ccef0,SHIPPING_DELAY,low,email,2026-07-12T00:00:00,2026-07-14T10:00:00,refund_issued,fraud
c9fab978-9d0a-420a-a038-44a37c2f053f,13613cae6e3bfea8327a916246c96cc9,77c5bbf1-3f1a-48cb-8781-48f8e6d067ec,SHIPPING_DELAY,low,email,2026-07-06T00:00:00,2026-07-06T23:00:00,refund_issued,existing
e4088fb8-2710-4694-b4d2-3b0f008ca85e,318a8173e6ffb6811284913d9e25bae9,69e21391-b8be-48e9-b881-6d413797b5c0,ACCOUNT,high,app,2026-07-04T00:00:00,2026-07-05T04:00:00,refund_issued,new
849f7f6c-23e3-4bab-af38-54b0755a290a,88baa2a0a13e63c2e2b3ebc09595e4c8,ef540ade-654c-434d-ba81-b583fdf6dc6b,ORDER_STATUS,low,app,2026-07-02T00:00:00,2026-07-04T18:00:00,auto_resolved,new
d09cc301-ad47-4c9a-8a15-01b6846bcd62,e3113c1f62d89d94df4fc7cb38159411,f6cc943e-701f-4503-85d9-10e69feff91e,REFUND,high,app,2026-07-13T00:00:00,2026-07-13T05:00:00,info_provided,fraud
946c6252-cb61-447d-8349-5981cf6cda7d,e3113c1f62d89d94df4fc7cb38159411,686f960e-229c-40f0-82d0-702c65db4da5,REFUND,high,app,2026-07-08T00:00:00,2026-07-09T10:00:00,info_provided,fraud
3ae4be6f-12c1-4f3e-a78a-076bbfc79057,cbddc85ed8c77a56bc0ba0cfbf057242,207da1be-4e8b-4a56-a1ae-86dd210cdbc4,REFUND,low,chat,2026-06-06T00:00:00,2026-06-07T12:00:00,escalated_to_human,existing
f59c59cc-547d-40d0-a4aa-5432697556b2,264f33eb52366d6efeae97a7de43a1e6,7d20bc08-7ea2-429d-8eb1-6f61a964d667,CANCELLATION,medium,app,2026-07-20T00:00:00,2026-07-21T12:00:00,info_provided,existing
a078846e-62e0-4c99-ac16-c5356a431b10,a7657330b1c135f3acd420326e335b2c,94ae5099-d1c1-4931-9a25-27c5cb0cafc4,DAMAGED_ITEM,medium,app,2026-07-14T00:00:00,2026-07-14T01:00:00,auto_resolved,existing
1d147fae-9c2e-4cc8-a98c-1ae2ead9e0fd,0032c76b20340da25249092a268ce66c,7176572a-f2f8-4fbe-8b83-657ae41aafbe,REFUND,high,email,2026-06-29T00:00:00,2026-07-01T06:00:00,refund_issued,churn_risk
3f779ab8-0dc9-4bfe-967e-bcd7735038ec,a2346489c23a35ba85d17038fa1cb7da,83cd8538-0c03-4819-9dd2-0c40510bc34d,REFUND,low,app,2026-06-30T00:00:00,2026-07-02T21:00:00,auto_resolved,existing
ec1a850e-cf28-4671-b6d9-bdc2c5b7df82,65333bf484bb685082b70adc3e154aeb,95914286-fee9-4d36-bd0a-0c7a1f63c629,ACCOUNT,low,email,2026-05-07T00:00:00,2026-05-09T16:00:00,info_provided,existing
4530135b-8d87-414f-8367-1ec7e4545a0a,1098d1250d5bdf8bfc6a83f26494067c,14d8d2f7-d2d9-4423-8081-506248e8ecd3,ACCOUNT,high,chat,2026-06-28T00:00:00,2026-06-28T16:00:00,escalated_to_human,existing
c0ec8dd5-cc71-4400-8f75-1c5f5a01d697,1098d1250d5bdf8bfc6a83f26494067c,53bf6fec-a1ac-4198-a97f-54e04bc7c23a,SHIPPING_DELAY,medium,app,2026-06-25T00:00:00,2026-06-26T02:00:00,refund_issued,existing
010e5af7-104e-42f8-83ee-8c192b497c9e,1098d1250d5bdf8bfc6a83f26494067c,1a087780-852f-4f47-a8af-7fd4978c7056,REFUND,medium,email,2026-06-29T00:00:00,2026-06-29T21:00:00,auto_resolved,existing
82ee977b-04f8-452c-9959-047562473f7b,1098d1250d5bdf8bfc6a83f26494067c,aac3da5b-240a-4853-a299-25d47d49cf17,SHIPPING_DELAY,high,email,2026-07-04T00:00:00,2026-07-04T14:00:00,info_provided,existing
6abbc59a-3a88-4857-a91c-17b556912de3,1098d1250d5bdf8bfc6a83f26494067c,f84076dc-855b-416e-a16f-aebff7f486cb,DAMAGED_ITEM,low,email,2026-06-19T00:00:00,2026-06-21T14:00:00,info_provided,existing
16599762-5b65-4e50-98f7-aa60ee8b56dc,1098d1250d5bdf8bfc6a83f26494067c,d5aadd28-54e4-4a89-8441-87fcfb59e3ec,REFUND,high,email,2026-07-28T00:00:00,2026-07-30T20:00:00,refund_issued,existing
022a8cf9-09f6-4635-b529-9fa7ae875e46,f3df2c0b7cf3814b81b37ff6273f76cd,83ecd611-e860-41a4-829d-bd981a1b9788,REFUND,high,app,2026-07-09T00:00:00,2026-07-09T23:00:00,escalated_to_human,existing
a2347b7e-10cc-4109-a41a-d362cf1666b1,f3df2c0b7cf3814b81b37ff6273f76cd,da3687d8-a1da-4608-99e6-b7f0d8653030,PAYMENT_ISSUE,high,email,2026-07-14T00:00:00,2026-07-15T15:00:00,auto_resolved,existing
55473566-3079-4295-8a67-0d633395f5b0,a1b27fb279cf1f20c233f6f8c7d468ff,8288179e-18ff-4395-827e-74affc7a6d2f,SHIPPING_DELAY,medium,chat,2026-06-03T00:00:00,2026-06-05T07:00:00,refund_issued,existing
e03b4645-5700-4f7a-9910-612a30793f26,0b9ae040f85e7cc54f7c20efd637c859,c3d886ad-1769-4a79-aeec-3c82de10e842,PAYMENT_ISSUE,medium,app,2026-06-17T00:00:00,2026-06-18T03:00:00,escalated_to_human,existing
9ef29887-b96d-47b7-a618-aeafb05d9b3b,58e41c352b12a7e96c322dca803dc08f,d6f110c4-8bf1-4938-8b40-1ce677b2e4be,DAMAGED_ITEM,low,email,2026-07-03T00:00:00,2026-07-04T02:00:00,info_provided,existing
7684e22d-5a14-44b8-b7a3-d4640492a8e5,58e41c352b12a7e96c322dca803dc08f,74191814-e691-4812-8f73-c653d9384aff,SHIPPING_DELAY,low,chat,2026-07-11T00:00:00,2026-07-11T19:00:00,info_provided,existing
ddacea29-efff-413c-a97e-03a967cf51b5,58e41c352b12a7e96c322dca803dc08f,8341e892-c23c-4b8a-b172-d525f701645e,CANCELLATION,medium,chat,2026-06-02T00:00:00,2026-06-03T11:00:00,refund_issued,existing
8dd6113c-7d1d-4972-91c6-fc25dabfa8c9,7ae8e196478928ab8223458a90681d26,1078439d-af34-4103-aed6-40663b54297a,SHIPPING_DELAY,medium,app,2026-07-19T00:00:00,2026-07-19T01:00:00,info_provided,new
77bf25fb-4698-4228-bdf9-0f16d8b2eddc,0826e933ca018e8b6d1ceaad86d82691,5ca71ad8-efae-4fff-94b5-84cac978d54f,ORDER_STATUS,low,email,2026-07-20T00:00:00,2026-07-22T12:00:00,escalated_to_human,existing
542dbe37-761a-4e0a-b829-9e23540f469a,ecb43665c8c390857cabf385d918da87,88dc0172-5257-46fb-8927-dd80a068174e,PAYMENT_ISSUE,high,email,2026-06-28T00:00:00,2026-06-29T15:00:00,auto_resolved,existing
cb97597d-590d-4193-a814-d05eb42b1eda,ecb43665c8c390857cabf385d918da87,44fce661-6af5-416d-9710-89a9d0f12da1,SHIPPING_DELAY,high,app,2026-07-21T00:00:00,2026-07-23T04:00:00,refund_issued,existing
8f9ffe55-11f9-4484-bbd0-c64e50ba1154,2ad3e8ebee7119e3be506709cf52c2e7,cb211710-aa48-4d49-b011-e878c5dd42fa,REFUND,low,app,2026-07-06T00:00:00,2026-07-06T14:00:00,info_provided,fraud
3c25e772-ff22-48b4-afc5-8193f5007ce5,2ad3e8ebee7119e3be506709cf52c2e7,e59639db-3da1-46b7-86fa-aa8c03ce2780,FRAUD_REVIEW,high,app,2026-07-16T00:00:00,2026-07-18T22:00:00,escalated_to_human,fraud
60117dc0-885f-4dc1-8935-45785cfb90db,2ad3e8ebee7119e3be506709cf52c2e7,5d190dc0-b202-4a70-9676-09db87a9d839,ORDER_STATUS,low,app,2026-07-26T00:00:00,2026-07-27T18:00:00,refund_issued,fraud
148220d8-9bf1-4cf9-bcda-f834baf4fc0e,2ad3e8ebee7119e3be506709cf52c2e7,c2c307c6-3a3f-4552-98a2-383292882fc9,REFUND,low,chat,2026-07-07T00:00:00,2026-07-08T21:00:00,refund_issued,fraud
727686f5-1c06-4e19-a646-0eb19193daee,2ad3e8ebee7119e3be506709cf52c2e7,e8f0bc93-bbe3-4f48-a659-fa1397f7a0a2,CANCELLATION,high,chat,2026-06-30T00:00:00,2026-06-30T10:00:00,auto_resolved,fraud
e48dda90-3367-414b-8c1e-c2c6ff776f33,2ad3e8ebee7119e3be506709cf52c2e7,3691185d-e7df-43ae-8a1d-e6b1889951ec,DAMAGED_ITEM,low,app,2026-07-25T00:00:00,2026-07-26T00:00:00,escalated_to_human,fraud
00633c71-3b80-4e1c-b08c-6bde223da1ed,2ad3e8ebee7119e3be506709cf52c2e7,553ae1af-e3e1-4893-9bf2-094c6b313653,REFUND,low,email,2026-07-10T00:00:00,2026-07-11T16:00:00,escalated_to_human,fraud
4c172082-9983-4651-8944-6f35e09da4d0,3971f4c7f3c96fef10932785e1093510,f5f56f8e-5a7e-48fc-b343-4f82de1a76e9,DAMAGED_ITEM,medium,chat,2026-07-18T00:00:00,2026-07-20T01:00:00,info_provided,new
970e54bf-a2eb-4a77-b147-06cf1d4854d3,6d06583742c138d70b952a6f5f4fd62c,c8fbe51f-27c9-4f91-93ad-312e02916a7e,REFUND,high,email,2026-07-11T00:00:00,2026-07-13T18:00:00,info_provided,existing
b73757e6-51ea-48df-823c-13414ee6fba9,6d06583742c138d70b952a6f5f4fd62c,6d169ab5-101a-4811-832d-3871eb6cc360,ORDER_STATUS,medium,app,2026-05-21T00:00:00,2026-05-21T11:00:00,info_provided,existing
e4f14205-dd64-4da2-a77a-7c65eabb0883,6d06583742c138d70b952a6f5f4fd62c,cdb6e594-d73f-4fb6-aba3-b3eedb6392a9,SHIPPING_DELAY,high,email,2026-05-31T00:00:00,2026-05-31T20:00:00,info_provided,existing
05ce4bff-e719-4362-9c9a-ed51da83805c,6d06583742c138d70b952a6f5f4fd62c,58676c18-4675-4fe4-930d-86213329db4d,DAMAGED_ITEM,low,chat,2026-05-31T00:00:00,2026-06-02T23:00:00,escalated_to_human,existing
226d92b7-1df4-4dd8-ba54-aea34fe0ac1a,39d16e1ef9c58bb82e54cf87906c185d,104a39a9-0ee9-4e1f-b97c-5924326f4ce0,REFUND,low,chat,2026-06-12T00:00:00,2026-06-12T12:00:00,escalated_to_human,fraud
ffd35469-8427-4883-9b86-2a5e2381a08d,db87b9a23aca22405ab394338f087a68,d256e001-6a97-4467-b7a9-99ce3a3ef22b,ACCOUNT,medium,chat,2026-07-27T00:00:00,2026-07-28T01:00:00,info_provided,existing
11d627f4-ecb5-4857-931e-967d13d81568,a124666e823bbd5fb77a72afc8c1360c,e6d12aff-250c-4352-b238-6bce6b895f7c,ACCOUNT,low,chat,2026-07-03T00:00:00,2026-07-03T07:00:00,auto_resolved,existing
fcdf437f-02ec-4604-a12d-7016f20bf5db,f9cf4bd5f758bdbcb0f8397c6bd49d3c,861ee91c-0248-4a51-aa71-56faf6de6324,PAYMENT_ISSUE,high,email,2026-07-01T00:00:00,2026-07-02T11:00:00,info_provided,new
757342d7-669c-4ffb-814f-c04bf5a56e9e,77528332d8d9e9a13c03da164e28040f,4f6b63c2-47c2-483f-a121-6f42f6c0bf2b,PAYMENT_ISSUE,high,email,2026-07-10T00:00:00,2026-07-12T10:00:00,refund_issued,existing
9194a0fd-2da8-4724-989c-101000973588,227dee340139e8c2f57bf05bcb1246f8,319c14f3-e6ba-4293-8d3a-b0cca8c79f72,SHIPPING_DELAY,medium,app,2026-07-27T00:00:00,2026-07-29T00:00:00,auto_resolved,new
9d389dad-91b4-4104-856b-50a52a907c77,a8953e3d7677addada63eee79b91e7ff,8e2d2f4a-9451-4f35-b918-4a34f270baba,SHIPPING_DELAY,medium,chat,2026-07-26T00:00:00,2026-07-27T15:00:00,escalated_to_human,new
5afa8e38-280f-4eb4-9106-1807f735e16f,058199325498b546a39e5652a04dbbcc,a7c7833a-04cc-49bc-9d83-71b6933ec9c5,SHIPPING_DELAY,medium,app,2026-07-01T00:00:00,2026-07-03T07:00:00,refund_issued,existing
64a1dba2-d93a-4e14-b873-d72c3dbf52b7,058199325498b546a39e5652a04dbbcc,8190cc85-1c45-4e70-87d8-6b939252ce35,SHIPPING_DELAY,low,app,2026-07-09T00:00:00,2026-07-10T01:00:00,escalated_to_human,existing
e0e5585f-63ef-406d-8139-4193acf7a4d1,51e96af5f0314b37ecdc524b4c44c06a,877d85c0-e9b3-4764-beca-943d0acc1a70,REFUND,high,chat,2026-07-08T00:00:00,2026-07-10T06:00:00,auto_resolved,new
ece7f0e1-2c0f-46ce-9c10-948e3f74c585,f5de43d4ead76e9519babb3d6189ea5b,54903857-ca0c-44d5-bb4f-05e9b04b67dd,ORDER_STATUS,medium,email,2026-07-26T00:00:00,2026-07-26T06:00:00,auto_resolved,fraud
64943d13-0c55-44a0-a340-812abd07f67b,f5de43d4ead76e9519babb3d6189ea5b,feab309e-bd99-46f4-a444-ade1b14b2b12,CANCELLATION,high,email,2026-07-08T00:00:00,2026-07-10T23:00:00,escalated_to_human,fraud
6ac3ac23-7f77-413b-b869-e7225637e3e3,f5de43d4ead76e9519babb3d6189ea5b,a6443b81-61ec-4cac-affd-629c35bd8a9b,CANCELLATION,high,email,2026-07-14T00:00:00,2026-07-14T02:00:00,auto_resolved,fraud
a37be8b4-4432-4fde-bd48-b13e6beca57d,f5de43d4ead76e9519babb3d6189ea5b,8a065e2e-5af6-45fc-af58-94cdb297cc6f,REFUND,low,chat,2026-07-05T00:00:00,2026-07-05T11:00:00,auto_resolved,fraud
c9b3c295-9ee5-4e87-88f8-8aa51f42af0c,7e8ace5e83e019d284a1cf0108b57f94,4b2e8f19-5eee-45a5-badb-6685679da16a,DAMAGED_ITEM,medium,app,2026-06-07T00:00:00,2026-06-07T08:00:00,escalated_to_human,fraud
846d79a4-bf2a-42d4-b8f9-901acb8dc81e,7e8ace5e83e019d284a1cf0108b57f94,f11e4378-be23-4bfc-a116-5fd486a08a73,SHIPPING_DELAY,high,app,2026-07-29T00:00:00,2026-07-30T22:00:00,escalated_to_human,fraud
a9527871-6a85-442a-936b-001fe3043117,7e8ace5e83e019d284a1cf0108b57f94,cc6bc3a5-6c1d-4006-b1d1-2d1f52818d10,REFUND,medium,chat,2026-07-09T00:00:00,2026-07-10T17:00:00,escalated_to_human,fraud
e369a45d-a2b7-48b8-a009-0aa3dd336801,7e8ace5e83e019d284a1cf0108b57f94,f8ddc9b3-f135-4164-8d4b-4790d547c6fb,REFUND,medium,app,2026-06-23T00:00:00,2026-06-23T06:00:00,escalated_to_human,fraud
096fff37-275f-4c9e-93b8-59c3fea03ce5,7e8ace5e83e019d284a1cf0108b57f94,48eb9991-1ba8-4a58-a15d-8eadce0b80bb,ACCOUNT,high,email,2026-06-21T00:00:00,2026-06-23T11:00:00,auto_resolved,fraud
64b588bc-b746-4060-b0bd-67a1f54cc680,7e8ace5e83e019d284a1cf0108b57f94,4d60315f-34a9-4d1f-9e89-466dcb2a2219,PAYMENT_ISSUE,low,email,2026-07-12T00:00:00,2026-07-13T21:00:00,info_provided,fraud
e47db44a-75b9-42f8-bd2f-a2c052698e06,7e8ace5e83e019d284a1cf0108b57f94,f343dc4f-3634-485c-92bc-7cf257f446ca,FRAUD_REVIEW,high,chat,2026-06-07T00:00:00,2026-06-08T10:00:00,escalated_to_human,fraud
83b987ad-6b50-47f4-abdd-6bdd0fc9377c,f9acaaf53948041869bb52c7eb1e116c,153761ea-51bc-4254-9aea-1c193ee99648,DAMAGED_ITEM,low,app,2025-05-15T00:00:00,2025-05-15T06:00:00,refund_issued,existing
c150b1f2-1ee7-4216-be85-359d64672e4f,40b1c1468c27787235deb9bf979fd51d,412d8c34-7ffa-4e6e-b0fd-5fd3d882ea0a,SHIPPING_DELAY,medium,app,2026-06-15T00:00:00,2026-06-17T13:00:00,info_provided,existing
b51c2dae-d2ae-43da-a085-bab5070ddae7,843c7e9e24758cfbc00dd941be3de79b,b1655bcc-be9a-47c7-b859-3b59983a0631,CANCELLATION,low,app,2026-04-23T00:00:00,2026-04-24T01:00:00,info_provided,existing
262c2778-7b1d-4861-a92d-f60e5653bb4c,843c7e9e24758cfbc00dd941be3de79b,89c8a094-f4c4-4f4f-b30f-ababfa9ba8e3,REFUND,high,chat,2026-06-09T00:00:00,2026-06-11T23:00:00,auto_resolved,existing
609f66da-df2b-4dec-928b-152014bbfecf,3ff874206f1d7d1e3ffe12bc9c88c27c,fe3a478e-1a44-4e5b-a067-5bf56da1c7ca,ACCOUNT,high,email,2026-07-10T00:00:00,2026-07-12T06:00:00,refund_issued,existing
587bab22-6f05-479d-914d-c2a26b5f61f8,3ff874206f1d7d1e3ffe12bc9c88c27c,ab72fb78-fda3-4de9-ab80-e40d502e14f7,SHIPPING_DELAY,low,chat,2026-07-08T00:00:00,2026-07-10T12:00:00,escalated_to_human,existing
0a882ee9-6347-4a7b-b31f-0b419a935728,8e990907b56d2383d3a39bf0cf9a3f42,c8ff7d7b-9eed-487a-be9e-2624b05bfe94,PAYMENT_ISSUE,high,chat,2026-07-10T00:00:00,2026-07-12T00:00:00,escalated_to_human,fraud
bd182f97-32db-477e-8d1e-b6d02fbc0612,8e990907b56d2383d3a39bf0cf9a3f42,d0728259-506b-4607-9e44-9e47283fb67f,REFUND,medium,app,2026-07-11T00:00:00,2026-07-12T23:00:00,info_provided,fraud
db748165-8339-427e-acb5-c189c2516765,8e990907b56d2383d3a39bf0cf9a3f42,8840975c-7ae4-45ae-a107-9383d9991c17,ORDER_STATUS,medium,app,2026-07-19T00:00:00,2026-07-20T17:00:00,refund_issued,fraud
bd70c6a8-f9e7-43d0-be67-1049b605c9bd,8e990907b56d2383d3a39bf0cf9a3f42,a78636d9-deec-4c5b-a505-3a7c0817dd76,FRAUD_REVIEW,high,app,2026-07-07T00:00:00,2026-07-09T00:00:00,escalated_to_human,fraud
1c6c4592-1c12-43ca-8c3a-10758bd0eeca,8e990907b56d2383d3a39bf0cf9a3f42,43f17770-6715-45cf-87a5-ab2dc4d56393,REFUND,low,chat,2026-07-17T00:00:00,2026-07-17T04:00:00,auto_resolved,fraud
819fb50e-969d-4620-b708-51b7aab699b7,8e990907b56d2383d3a39bf0cf9a3f42,e116b815-cb91-46be-8dd4-0af2b8080c17,PAYMENT_ISSUE,medium,email,2026-07-12T00:00:00,2026-07-12T14:00:00,escalated_to_human,fraud
bd8db6f1-a20e-48ae-9254-b5ffdc7c7044,8e990907b56d2383d3a39bf0cf9a3f42,19d8fc79-bf02-4c20-8988-dbbc9356aaee,PAYMENT_ISSUE,high,app,2026-06-14T00:00:00,2026-06-15T09:00:00,refund_issued,fraud
5716fbde-b26f-4d07-92b2-37a6fc8372bf,b7b162291adff744d6f3c6450557ffee,50e6014c-75ce-4f53-8ec1-04bd82a62572,SHIPPING_DELAY,low,email,2026-07-20T00:00:00,2026-07-20T16:00:00,refund_issued,existing
4335121f-e481-4089-9c1b-424ee0909462,7f8332909b975683069ed4777867f021,8e735c6d-ba9b-4e67-9e4c-8474c1039551,CANCELLATION,low,app,2026-06-23T00:00:00,2026-06-23T12:00:00,refund_issued,new
e99d3a99-03ab-47a1-876a-8f294537cc41,e6925d3e39cebd0f699008b248e58361,6a3eb5cf-713f-4b53-9e28-ab4dca91eb1c,ORDER_STATUS,low,email,2026-07-02T00:00:00,2026-07-04T14:00:00,auto_resolved,fraud
344ee6c4-40f0-453c-8621-6f9b4a56e2c8,e6925d3e39cebd0f699008b248e58361,46553a50-9a6f-4278-90e7-402f11f7fd92,FRAUD_REVIEW,high,chat,2026-07-30T00:00:00,2026-07-31T02:00:00,escalated_to_human,fraud
1bdff332-a54f-455a-a1fd-120d57529e54,e6925d3e39cebd0f699008b248e58361,2485e476-6cf0-4bf6-9c5f-67753efe5f8f,SHIPPING_DELAY,medium,email,2026-07-09T00:00:00,2026-07-10T10:00:00,refund_issued,fraud
8ab0969d-b9bb-47f3-93bd-7294d9b48b03,e6925d3e39cebd0f699008b248e58361,c1d50eff-7962-42cc-b068-a25e14a844ae,SHIPPING_DELAY,medium,app,2026-07-29T00:00:00,2026-07-31T13:00:00,info_provided,fraud
9b38bbf2-d48b-4ca5-8a20-a7a32cd57634,e6925d3e39cebd0f699008b248e58361,7866ae8a-16e5-4971-b7ec-860b3cdba612,REFUND,high,email,2026-07-10T00:00:00,2026-07-12T20:00:00,info_provided,fraud
3b8e8027-86be-4110-b5be-f1603ae91ba8,e6925d3e39cebd0f699008b248e58361,12f9ebff-2b22-48bf-88a4-ee5e247ccb15,SHIPPING_DELAY,medium,email,2026-06-15T00:00:00,2026-06-15T19:00:00,info_provided,fraud
b8c6c1ac-389b-49a3-a971-a699e55f29db,10b7ec8d59e18192862f78be58cd3458,06a123ec-2433-49fb-9a15-28248dcbe5ed,ORDER_STATUS,medium,chat,2026-07-01T00:00:00,2026-07-02T13:00:00,info_provided,existing
b6b73dda-cc63-4745-9de4-949f130b15b6,6dd5be3b2a4f4f7fe09e81590896fa0e,8c6819ee-4e72-4cb0-8054-1bb8ac942765,ORDER_STATUS,high,chat,2026-07-18T00:00:00,2026-07-20T22:00:00,info_provided,new
ae8ce57c-6ee1-4643-a585-47dc53f975c5,6dd5be3b2a4f4f7fe09e81590896fa0e,0432a9f0-faa4-4704-a30f-34fca2878f18,SHIPPING_DELAY,low,chat,2026-07-07T00:00:00,2026-07-08T16:00:00,info_provided,new
a81c7aaa-7e20-490d-9c4c-4470c4c4599e,6dd5be3b2a4f4f7fe09e81590896fa0e,c88f8c57-967e-49af-8851-01cad1e3090e,ACCOUNT,high,email,2026-07-09T00:00:00,2026-07-10T05:00:00,escalated_to_human,new
7c873e92-f380-41e9-b896-711ecf2bc391,ba6da4841dcbcc20caa9a57808664368,64e63203-3a9d-421e-b520-1ac549b0ba3d,REFUND,low,chat,2026-07-07T00:00:00,2026-07-09T18:00:00,refund_issued,existing
adb9255d-0918-4136-a0dd-75459ec0081d,c38ea92aa01ad97a67b5fdc061846fc4,076805fd-5ee9-4846-9b0d-9e63485e03fa,DAMAGED_ITEM,low,app,2026-07-06T00:00:00,2026-07-06T23:00:00,escalated_to_human,existing
9e989014-d7f4-4f05-bea6-227142d9d50a,c38ea92aa01ad97a67b5fdc061846fc4,9e54f3c3-12bf-4067-a8db-84b36cd02a31,CANCELLATION,high,chat,2026-07-09T00:00:00,2026-07-10T04:00:00,auto_resolved,existing
7d48d306-ecae-4958-944c-709071fd889f,34d93be3a57e6f8bba423d9064cda7c8,84218da0-9b98-4cd8-9efd-0235e0f0374a,CANCELLATION,high,app,2026-05-28T00:00:00,2026-05-29T13:00:00,refund_issued,existing
b96067b5-0b8c-4452-890b-51fbf2ef7a36,34d93be3a57e6f8bba423d9064cda7c8,1afe85b4-a35f-40ae-a1eb-dc3c9946e78e,SHIPPING_DELAY,high,email,2026-06-14T00:00:00,2026-06-15T02:00:00,refund_issued,existing
761d5e5b-2609-45bb-a24a-3e91b4e86f78,0788a5e2db8d16e610407f3ee826b813,2a9c98ba-86ac-4084-b390-d033bf702367,FRAUD_REVIEW,high,app,2026-07-17T00:00:00,2026-07-18T09:00:00,escalated_to_human,fraud
ca5e8aee-242a-4d5a-8bc5-f788470aa322,0788a5e2db8d16e610407f3ee826b813,199231f5-92e9-4ba0-871f-b0c769790c9e,PAYMENT_ISSUE,low,app,2026-06-22T00:00:00,2026-06-23T19:00:00,refund_issued,fraud
ab877c3f-31e9-4242-886c-b027c3e82888,0788a5e2db8d16e610407f3ee826b813,c6ce3ad1-047b-4749-84ef-1ba9cb7fff90,FRAUD_REVIEW,high,chat,2026-06-16T00:00:00,2026-06-17T02:00:00,escalated_to_human,fraud
8e19f13e-6d5d-4666-8bef-1faeac9eba53,0788a5e2db8d16e610407f3ee826b813,8fb6cc5b-f367-400f-a626-8f320dee2c53,FRAUD_REVIEW,high,app,2026-07-04T00:00:00,2026-07-04T22:00:00,escalated_to_human,fraud
fda3c90a-c8d0-45e0-b569-790ed1befe43,0788a5e2db8d16e610407f3ee826b813,91229150-2cb2-4c59-a220-75cb985471a1,REFUND,low,chat,2026-07-03T00:00:00,2026-07-04T08:00:00,auto_resolved,fraud
9a079bce-0217-4fc0-9cf6-211273fd64a2,0788a5e2db8d16e610407f3ee826b813,c57301f2-fd1d-4bb7-a96a-937065b56d53,CANCELLATION,medium,app,2026-07-09T00:00:00,2026-07-09T22:00:00,refund_issued,fraud
51e2dc61-08f6-45e5-8b5c-711db25aa9a4,0788a5e2db8d16e610407f3ee826b813,b1d98300-8d46-4eaa-86f7-d8b384912666,ACCOUNT,high,email,2026-07-08T00:00:00,2026-07-10T11:00:00,escalated_to_human,fraud
b6fcdd6d-e25c-4260-b0f6-1ae1eaeeaddb,d0a9421d1143535e463a15d18fcddf90,f1102cd6-4a83-4aec-b157-434fa88d9188,ORDER_STATUS,medium,email,2026-06-17T00:00:00,2026-06-17T22:00:00,escalated_to_human,existing
a067264c-970f-4be7-9689-36474c440034,d0a9421d1143535e463a15d18fcddf90,2190b818-a0d2-4661-b61e-15af2448fce1,CANCELLATION,high,app,2026-07-14T00:00:00,2026-07-15T06:00:00,escalated_to_human,existing
479c560d-9dd1-43ed-b65e-4f5a6082dc43,1ccd4d08c7d4d9bc6ceb426ee6f7acee,9a73b7e7-8244-4edc-81db-9efbf1719dcb,SHIPPING_DELAY,low,chat,2026-07-10T00:00:00,2026-07-10T01:00:00,escalated_to_human,churn_risk
8df5c64d-e858-48d0-a8d2-d3908e80e518,75897dfb21f53272945a344799721579,2974feb1-a4ef-4405-8dda-9c3faedcb4ea,REFUND,medium,email,2026-06-30T00:00:00,2026-06-30T04:00:00,auto_resolved,existing
30a5be39-9a9c-46f4-b455-8ce10b27d6ca,75897dfb21f53272945a344799721579,16e29dce-b50c-4708-b8d8-422389979cc9,REFUND,medium,chat,2026-07-20T00:00:00,2026-07-22T11:00:00,auto_resolved,existing
cae81b58-4d13-4fff-8859-24d036995460,67b05b597a66b5c449025000b9430abb,109816b8-7c11-4164-893c-b215677304a5,REFUND,low,email,2026-07-11T00:00:00,2026-07-11T18:00:00,escalated_to_human,new
40fb2689-62cb-4f0a-afd3-6ebfb7b79e5b,67b05b597a66b5c449025000b9430abb,ac02a5f9-3ed7-4c4f-a804-cad9b4c67413,ACCOUNT,low,chat,2026-07-25T00:00:00,2026-07-26T22:00:00,auto_resolved,new
cdea8f19-4ab4-4baf-a307-5b326d510cc5,f12cfa9263ca5dd51027f902d1d05321,40604611-4233-4df2-bcc5-d256cee8132c,ORDER_STATUS,high,app,2026-07-06T00:00:00,2026-07-06T13:00:00,info_provided,new
01bde869-8fdc-4b5a-ae4e-5164720b29bc,ece98a5dccb1e985d69a38d4e0f054e5,59adee09-84f9-4d3e-a5d0-6132719a8959,CANCELLATION,high,chat,2026-07-12T00:00:00,2026-07-14T06:00:00,escalated_to_human,existing
7da8c9c5-dbce-46ed-88cd-5da9a8d30a87,e2083012443da79cfafc6b423fa64a75,a67c7aa7-b3a2-4186-9dd4-19422188510f,REFUND,medium,app,2026-04-28T00:00:00,2026-04-30T18:00:00,info_provided,new
75a94c14-22d4-40d3-84fe-7a870b5d3742,111206009c4b4cfb6463a53cf3043ab2,baeb6f67-5a71-4a1e-9a70-1b71ffa887f1,ORDER_STATUS,low,app,2026-07-09T00:00:00,2026-07-10T08:00:00,escalated_to_human,new
57681d6a-8bf0-46d2-a2bc-f68aff79e2d2,39618678c9395910a7d675df2b0af941,5b5f73eb-5240-493c-a416-78fc27f8c968,DAMAGED_ITEM,medium,email,2026-07-06T00:00:00,2026-07-07T00:00:00,escalated_to_human,existing
71ee1ef2-e30b-41f7-bf7b-79635ecf959c,39618678c9395910a7d675df2b0af941,35077b06-e257-4d8a-9efe-78365fcfff67,ACCOUNT,low,app,2026-07-19T00:00:00,2026-07-21T08:00:00,refund_issued,existing
9976a5fd-18fc-4684-82f8-7d212612381b,463d8425827e81d905edf86f9c231eef,e95ba66b-448d-4073-9a84-bab13b438af5,SHIPPING_DELAY,high,chat,2026-07-19T00:00:00,2026-07-19T04:00:00,auto_resolved,existing
9ff2e274-2dd3-4ebe-964d-36df479c31d5,c27d02e495180cbc358137a14d1b029d,3db19cc7-ca01-4ae6-9d45-a6dab39692b8,ACCOUNT,low,chat,2026-06-28T00:00:00,2026-06-30T14:00:00,info_provided,new
f7a42e59-b305-4de1-85f4-a9bc8913404b,527d59def65c2a1300ae5c4138c279ea,79c4f425-0587-4a77-8fb5-2a2d025e885d,REFUND,medium,chat,2026-06-07T00:00:00,2026-06-07T14:00:00,escalated_to_human,existing
06deecf4-281c-4e23-9e16-fdf3ae5ac0dd,6832ad9ac97f82c7c5d614fb8e632e7b,28ffc533-8357-4c07-9b19-cb5f0bf049ab,PAYMENT_ISSUE,high,email,2026-07-21T00:00:00,2026-07-23T17:00:00,escalated_to_human,new
65e13bb6-5403-4524-8b5d-19cb2268b8c0,08dad77aba35e08dac6e113a1c01d2c0,8231e7cb-cd4a-4309-bf6b-34bed63d1a29,REFUND,high,email,2026-07-27T00:00:00,2026-07-28T23:00:00,refund_issued,new
5f955779-e295-436a-a035-1d88b58f1a3d,0cc3629bcdae6909e00d9512d566f570,353a4800-2148-4eee-a564-2165f1eaa378,DAMAGED_ITEM,high,chat,2026-07-15T00:00:00,2026-07-17T12:00:00,escalated_to_human,existing
009764bb-6ef1-4eb1-bb50-3a0a4ac1a87e,8d97ec3fada2f08485838b53e2d70bcd,cb914ccb-bfa5-4b9a-92e4-29e736b7c720,CANCELLATION,low,email,2026-07-19T00:00:00,2026-07-21T18:00:00,refund_issued,existing
c892b0da-3726-4d09-9e41-3dd55ab05cf8,913a4e0cb7fe555e6cffa875ecd58e2e,e3429105-c763-422b-aead-eff0506d119a,ORDER_STATUS,high,chat,2026-06-26T00:00:00,2026-06-27T05:00:00,auto_resolved,existing
551cb240-74ce-4cc9-8960-94b4262bb8f8,7be63f0ed4d9c76ed55844021da8d5e5,3b47107e-006a-4265-a1eb-ae3d8980240a,REFUND,high,email,2026-06-28T00:00:00,2026-06-29T09:00:00,info_provided,existing
1c67d519-2a8f-4347-9073-02e80f24043f,2a2eeca87e56515b095e26141f95a2ce,fbee21de-9d13-41fb-a730-a55ccb34dfa6,REFUND,low,app,2026-06-14T00:00:00,2026-06-16T10:00:00,refund_issued,existing
38626662-382c-42cd-bbdf-7bed558374c0,fafbc4ecb15933633821dfd530c9263b,dca94418-9b4c-42d1-90c2-429c7f6be2e6,ACCOUNT,low,chat,2026-06-07T00:00:00,2026-06-07T10:00:00,escalated_to_human,churn_risk
5d940f51-1d5a-4667-bc58-aed292178246,86a01fa0e06f44ce0edf54c195443036,5d5dfdf6-6953-4fa5-b04a-9b2440100a90,ORDER_STATUS,medium,email,2026-06-12T00:00:00,2026-06-12T12:00:00,escalated_to_human,existing
11f6d556-c1eb-4d53-b400-c107e9154f4e,df033c6cca61206b057d843131600fc0,8df542e5-581b-43c4-b908-136fc5550af4,ORDER_STATUS,low,app,2026-07-05T00:00:00,2026-07-06T01:00:00,auto_resolved,new
ad6afc93-970c-4d2c-94c8-acc5ae0ce40f,f00acae66459f1828fc1feba2c759fa0,ad88f363-48ef-4b2e-b2e2-7eda7a96bee8,ACCOUNT,high,app,2026-06-30T00:00:00,2026-06-30T13:00:00,escalated_to_human,fraud
fbf86fc3-6905-4cab-93ce-7f52a4f66169,f00acae66459f1828fc1feba2c759fa0,e3f3ef17-4203-4824-9ab4-909839cdf57c,REFUND,medium,chat,2026-07-18T00:00:00,2026-07-20T02:00:00,refund_issued,fraud
8e3e4012-26db-4420-80cb-2fa77f8615ad,ddd8485a202512dc3df53d3092b15ff0,aaf4f430-594d-4445-896a-14ac72cef9d3,REFUND,medium,email,2026-07-17T00:00:00,2026-07-19T04:00:00,refund_issued,new
9c9db567-5896-4f0b-ab52-33cd511a1b4f,17ecbb11ad271dc15ba46b93be52062a,2d16ae39-c751-41f5-97f4-2000c7e5794c,REFUND,high,app,2026-07-05T00:00:00,2026-07-05T20:00:00,info_provided,existing
a0589933-a4bd-40a8-9233-d0643a4597da,17ecbb11ad271dc15ba46b93be52062a,0e72e102-6a80-4f46-9a75-0636cf2d21f4,CANCELLATION,low,app,2026-06-26T00:00:00,2026-06-26T23:00:00,info_provided,existing
cb4ee55f-e599-4573-be2c-67579a3cd77b,17ecbb11ad271dc15ba46b93be52062a,4c4af6eb-bb74-4661-b4a5-43852a87825b,ORDER_STATUS,medium,app,2026-07-01T00:00:00,2026-07-01T16:00:00,auto_resolved,existing
000318d9-6666-4228-b7b3-e1cd711b082c,b0454e831e63abc9d4148e48e4ebb4ae,1906522f-8bbe-4b5e-b72e-fa31857ae901,ACCOUNT,low,email,2025-09-25T00:00:00,2025-09-26T02:00:00,escalated_to_human,existing
7b3ef2d6-435f-4756-9e8d-3c3286332568,19067e6acbb88e562f0f58eca762ac76,aba63ec2-83c1-4fcc-9136-53ec24d4ce8f,CANCELLATION,high,chat,2026-07-26T00:00:00,2026-07-27T16:00:00,info_provided,existing
a191d6ac-d6f8-4fa7-ac4a-03847213bec5,04baa28903e22974e6213e632b09c193,b81ea5c5-d386-426d-bff2-c6b373f43120,DAMAGED_ITEM,medium,chat,2026-05-17T00:00:00,2026-05-19T06:00:00,auto_resolved,existing
cd0ca715-719f-4371-8169-9e3edb1c6323,d7dcb6a86716cae0bae52007bd8b7822,feb22020-9638-4b9f-9121-fed99a2553ba,REFUND,medium,email,2026-07-12T00:00:00,2026-07-14T11:00:00,refund_issued,fraud
2fcfcc1b-4356-49c9-b074-a455b000ce8c,d7dcb6a86716cae0bae52007bd8b7822,a3ffdd21-017c-4fc6-af8f-e39c0d74c5a6,REFUND,high,app,2026-05-08T00:00:00,2026-05-08T06:00:00,auto_resolved,fraud
fd2e3edf-5a1b-48ec-b556-dd5439f168d0,d7dcb6a86716cae0bae52007bd8b7822,fb5b2bc3-b337-4813-aa23-bde4caaa0eb2,REFUND,medium,chat,2026-06-04T00:00:00,2026-06-07T00:00:00,auto_resolved,fraud
77266b96-0323-4a7f-b92f-ba83086cc52d,035b9e2e22e07827ab0ca933ad55f89a,fb613848-a4a3-4e7b-a76f-01017c309c36,REFUND,low,email,2026-07-17T00:00:00,2026-07-19T14:00:00,info_provided,existing
866a72d5-b576-4204-83d7-f06d4876b707,c645339c7f927e64c0cbe6079255fc7a,0a3ca129-f459-4e20-ba9b-2709ce73e7ce,FRAUD_REVIEW,high,email,2026-07-05T00:00:00,2026-07-05T20:00:00,escalated_to_human,fraud
34b3826f-34d8-4019-85aa-a2a0c6c53034,c645339c7f927e64c0cbe6079255fc7a,df683792-cc7c-4b05-89cb-e6dc71fbdc83,FRAUD_REVIEW,high,email,2026-07-17T00:00:00,2026-07-19T05:00:00,escalated_to_human,fraud
9083af73-e101-45a3-aff1-44c86be81096,c645339c7f927e64c0cbe6079255fc7a,a6303b0a-7d8f-4414-9c19-7683c8951ff1,REFUND,low,app,2026-07-01T00:00:00,2026-07-03T05:00:00,refund_issued,fraud
45531b2f-9232-4b6e-8309-24f47683a11c,c645339c7f927e64c0cbe6079255fc7a,ba38acdf-9c20-4a3a-89b6-3f61b921c956,ORDER_STATUS,medium,email,2026-07-20T00:00:00,2026-07-22T15:00:00,refund_issued,fraud
b6c9b25d-a44a-401c-a961-0171ff149ffe,c645339c7f927e64c0cbe6079255fc7a,d3b0c078-9e3e-40e4-b6b3-3f01d8bd7a44,PAYMENT_ISSUE,medium,email,2026-06-26T00:00:00,2026-06-26T12:00:00,auto_resolved,fraud
49a52992-360d-4f4c-9d62-ded5ff818b81,c645339c7f927e64c0cbe6079255fc7a,07a1d93a-c564-4d0f-b1e9-3c9a134d43a5,DAMAGED_ITEM,low,app,2026-07-22T00:00:00,2026-07-24T01:00:00,refund_issued,fraud
a4db8a16-ccc8-43ba-8426-9b4116735368,c645339c7f927e64c0cbe6079255fc7a,7edac2ef-7e35-49ad-bee7-3b4a36efd984,REFUND,high,email,2026-07-01T00:00:00,2026-07-01T01:00:00,refund_issued,fraud
5a9a4984-1c9f-4fa4-bb37-1975e66d9a83,c645339c7f927e64c0cbe6079255fc7a,47eaf9c5-a1a5-48f6-ac57-7e70097f24f1,REFUND,medium,app,2026-07-03T00:00:00,2026-07-04T15:00:00,escalated_to_human,fraud
1ff586f4-e60a-46d3-b326-3b092c38b00a,e48c34104caa1c6ad2fbcaddabe30092,45db1592-4603-4b26-b56a-18d966555bb1,REFUND,high,app,2026-05-26T00:00:00,2026-05-28T07:00:00,escalated_to_human,existing
1ca326e8-aeba-451e-a5f7-b59665c30620,6b0c568efa39d9923961096ab40d3ed9,c4c15da1-c1f6-42be-8d77-a04c46611049,ACCOUNT,high,email,2026-05-24T00:00:00,2026-05-24T16:00:00,info_provided,existing
bb0c5191-6af9-4bf8-a558-8ec2a35b1f86,6b0c568efa39d9923961096ab40d3ed9,2e7d393d-9c69-4760-8e62-dd86e55c67f7,ACCOUNT,low,email,2026-07-13T00:00:00,2026-07-16T00:00:00,escalated_to_human,existing
97a0915e-7bb0-4fdd-9859-37f557d1b39f,790352c18a7b36b50eb483aa9eba0a43,f8d62e50-5712-49a2-aad6-c1eb164808e5,PAYMENT_ISSUE,low,app,2026-01-13T00:00:00,2026-01-13T22:00:00,auto_resolved,existing
57597b36-64e5-4588-8ff2-0ce76502fbc6,84da12896f5cde5ebcb0c8bc0f35e26e,12879d1b-7b5d-438a-a9c1-3b81d5f8e790,ORDER_STATUS,low,chat,2026-07-08T00:00:00,2026-07-09T17:00:00,info_provided,new
dd7ebff1-9093-459b-ab23-0f9cc5706753,21a2d9dc71459dbd3dad219cb9681964,b1384c32-2e7f-452a-95ac-323143b8e34b,SHIPPING_DELAY,low,chat,2026-07-18T00:00:00,2026-07-19T16:00:00,auto_resolved,new
e684d6f6-8380-42cc-a513-1c58409bfaf7,7b6d07dac0a2c373d749142e920ae356,735c12aa-c144-4da5-b0a9-005cd9cf6f09,REFUND,low,email,2026-06-20T00:00:00,2026-06-22T11:00:00,escalated_to_human,existing
214e72a1-292a-408c-95b4-113f5217cfc1,4232024117e4618d2cfdc07c30b5d3c7,ecb4e4ea-00f5-4f90-863f-ca7bd9c8b1cb,ACCOUNT,low,chat,2026-06-27T00:00:00,2026-06-30T00:00:00,auto_resolved,churn_risk
7e869222-d858-46f4-9b71-1871a5d29702,efdfdcb4890f42ff5fdc077b298f9af8,7cedb83e-9f16-42c0-9a8d-db5a4d555dca,REFUND,high,app,2026-07-31T00:00:00,2026-07-31T23:00:00,refund_issued,new
671d3308-4959-4e03-b641-9c2be57cbb48,39d7ce28dfadb187458ae98f1e7e3857,36cfcb7f-bd5d-4b54-99b6-89245c32ce62,ORDER_STATUS,medium,app,2026-07-04T00:00:00,2026-07-06T10:00:00,info_provided,existing
373d5802-d254-458e-b26a-b5061afcd40b,38e31fda99a5fb901d27134d18d36c75,8c013578-808b-42ce-8a20-e652342938aa,FRAUD_REVIEW,high,app,2026-07-25T00:00:00,2026-07-27T11:00:00,escalated_to_human,fraud
11c9bd0f-6e64-492b-8b8b-6bcc3c4bc2a0,38e31fda99a5fb901d27134d18d36c75,4b560457-e160-4262-b1cd-ebb10e75d6ab,ORDER_STATUS,medium,app,2026-07-20T00:00:00,2026-07-20T12:00:00,refund_issued,fraud
de362fbc-0e1b-453d-af6e-1b1541dc7de4,38e31fda99a5fb901d27134d18d36c75,2f042a2a-828c-4593-9ac9-4397c309aaa9,REFUND,high,chat,2026-07-14T00:00:00,2026-07-16T17:00:00,escalated_to_human,fraud
106bea48-102e-4423-8c0b-40af36edb0a3,38e31fda99a5fb901d27134d18d36c75,42bb21d9-b4ee-42c2-8419-6eb89c15baf7,PAYMENT_ISSUE,low,email,2026-07-01T00:00:00,2026-07-03T12:00:00,auto_resolved,fraud
6f12c2b8-1ea0-46e8-9141-ec9999f9e7f7,38e31fda99a5fb901d27134d18d36c75,122ceffc-bd94-42a5-aad4-306d2754ab95,REFUND,high,email,2026-07-24T00:00:00,2026-07-26T18:00:00,auto_resolved,fraud
872a4abf-251b-47cb-a031-f14900de69ae,38e31fda99a5fb901d27134d18d36c75,f42af2d1-37e6-400f-a0c2-42cfee3e897f,REFUND,low,app,2026-07-18T00:00:00,2026-07-19T06:00:00,refund_issued,fraud
44e6f301-9a32-4103-b112-200d22e75aee,38e31fda99a5fb901d27134d18d36c75,c5f62b75-1113-48ca-8ecb-20b3199a7c39,ACCOUNT,high,chat,2026-07-26T00:00:00,2026-07-27T10:00:00,info_provided,fraud
f92e6f7f-dda7-4961-97f7-274be2f5b5ff,38e31fda99a5fb901d27134d18d36c75,5cabd8d4-327c-4edc-8d7e-055fc449f8a0,PAYMENT_ISSUE,low,chat,2026-07-18T00:00:00,2026-07-18T23:00:00,info_provided,fraud
69310e6a-2b24-4cb4-9941-ab4af6efeadc,38e31fda99a5fb901d27134d18d36c75,9ab4a211-fed9-4054-b863-49e3ee248ed5,PAYMENT_ISSUE,high,chat,2026-07-14T00:00:00,2026-07-16T20:00:00,info_provided,fraud
41067757-4722-4547-859c-27a8d4098281,38e31fda99a5fb901d27134d18d36c75,ca112655-323e-4e4f-81a5-e9a92385542b,SHIPPING_DELAY,low,email,2026-07-19T00:00:00,2026-07-19T21:00:00,escalated_to_human,fraud
8c57638a-1ae5-4a3b-ad53-1094133b987f,38e31fda99a5fb901d27134d18d36c75,fa7e914e-5d79-4284-89aa-d30c588ac338,DAMAGED_ITEM,high,email,2026-07-13T00:00:00,2026-07-13T05:00:00,escalated_to_human,fraud
3784c184-5c19-4942-8a4f-51ccb3361029,38e31fda99a5fb901d27134d18d36c75,a1bb6beb-5997-48e1-a412-7f9c8d44c57e,DAMAGED_ITEM,low,chat,2026-07-12T00:00:00,2026-07-13T01:00:00,escalated_to_human,fraud
8100fbb5-b655-4d09-988a-8c38a5729931,38e31fda99a5fb901d27134d18d36c75,fe534cef-4d8d-42c4-9576-06025af80602,FRAUD_REVIEW,high,app,2026-07-28T00:00:00,2026-07-28T01:00:00,escalated_to_human,fraud
48651fe7-8e0c-4c82-bb8e-ee9c97b54373,38e31fda99a5fb901d27134d18d36c75,2bac945d-f53d-4542-9780-80107f576a34,ACCOUNT,low,email,2026-07-25T00:00:00,2026-07-27T16:00:00,auto_resolved,fraud
2034e606-0c2a-4a1d-b536-fb37dc207add,38e31fda99a5fb901d27134d18d36c75,9e290a8c-f03e-4e9d-92d0-1a35c2f4b006,SHIPPING_DELAY,low,chat,2026-07-20T00:00:00,2026-07-21T09:00:00,auto_resolved,fraud
2ea96ea6-c895-41e5-8a37-e60f4f75dca7,38e31fda99a5fb901d27134d18d36c75,7de1c607-98e9-404b-a768-9caa20e658a3,REFUND,low,email,2026-06-28T00:00:00,2026-06-30T08:00:00,info_provided,fraud
132609c8-646e-4885-9943-02d738f1e794,38e31fda99a5fb901d27134d18d36c75,fbc959c7-a688-40b1-80e7-0080504fb659,REFUND,medium,email,2026-07-02T00:00:00,2026-07-04T22:00:00,info_provided,fraud
1e7637d3-6568-48a3-87b5-2060097ed93d,38e31fda99a5fb901d27134d18d36c75,dc44cca9-045f-41f2-81aa-7f234ffad2f3,REFUND,high,chat,2026-07-15T00:00:00,2026-07-16T07:00:00,escalated_to_human,fraud
bf92a710-a68f-4683-ac77-db8eb77962ec,38e31fda99a5fb901d27134d18d36c75,ce53f52f-f05a-465d-b9ba-5b3e2b56ef4d,SHIPPING_DELAY,high,app,2026-07-20T00:00:00,2026-07-22T14:00:00,escalated_to_human,fraud
e2a76bf3-bf97-4370-bab2-da646a6f3052,38e31fda99a5fb901d27134d18d36c75,f1bdb5ab-5e99-4879-96de-4dc671c49269,SHIPPING_DELAY,low,email,2026-07-23T00:00:00,2026-07-25T18:00:00,refund_issued,fraud
67861f88-e21b-45e0-aacb-36251474064e,38e31fda99a5fb901d27134d18d36c75,f7c1e222-94d7-4d5c-a9dd-73f5f880e126,REFUND,high,chat,2026-07-02T00:00:00,2026-07-04T03:00:00,refund_issued,fraud
bdb4a916-7c7b-4dab-9abb-06a66162fdb6,38e31fda99a5fb901d27134d18d36c75,42c79d97-b41d-4eac-a23c-947e99bc05fa,REFUND,high,app,2026-07-16T00:00:00,2026-07-16T11:00:00,refund_issued,fraud
261a92b1-4936-47d2-b2c4-bbf966e058fe,6ce73016161f051b4267667a28bb417e,581e9072-8fd1-4cfb-83db-70907347d32b,ACCOUNT,medium,email,2026-05-12T00:00:00,2026-05-13T14:00:00,escalated_to_human,existing
fe6d86e3-8813-4683-9101-12faa330d4a5,2a9c0f0e5f06e91c50c74baf4dc67a0f,905eb9cf-837f-4389-864b-ef46960cd5c2,SHIPPING_DELAY,medium,email,2026-07-05T00:00:00,2026-07-05T03:00:00,refund_issued,existing
ad2c8fad-c862-4d55-9a94-1f2cc3205e38,6b3e85b566abefbb24c346a5c2faf23f,bfca6cd0-4aa9-43b0-a613-bb1e9eea7816,SHIPPING_DELAY,medium,app,2026-07-08T00:00:00,2026-07-09T18:00:00,escalated_to_human,churn_risk
135dd837-23e3-45f3-884a-9d941386d6e3,6e9c6c2120611104445c767b78377d21,1c3df772-41d0-43d1-be38-b6228ca8bb9c,REFUND,high,email,2026-06-22T00:00:00,2026-06-24T19:00:00,info_provided,fraud
e7e39533-4436-4cee-8dec-cd70d7c4f8a6,6e9c6c2120611104445c767b78377d21,34c21eeb-6bc5-4828-99da-1308be739320,REFUND,low,app,2026-07-23T00:00:00,2026-07-25T19:00:00,refund_issued,fraud
f8788b20-1d90-4574-b3d1-1794ee7ecfec,6e9c6c2120611104445c767b78377d21,0e7815b7-90c8-4aca-b53c-6b37d9de7857,SHIPPING_DELAY,low,email,2026-06-11T00:00:00,2026-06-13T22:00:00,info_provided,fraud
162e7b59-c1be-4237-b0e8-889518290766,6e9c6c2120611104445c767b78377d21,9ca79448-4b4e-4eaf-b7c1-a12079957fb2,REFUND,medium,chat,2026-07-13T00:00:00,2026-07-14T05:00:00,escalated_to_human,fraud
fa82b168-eddd-4c4d-bdce-e7bc06ef699d,6e9c6c2120611104445c767b78377d21,cbd72eb3-81a3-4ba5-8f5b-cf0fa24b378b,PAYMENT_ISSUE,low,email,2026-06-14T00:00:00,2026-06-14T11:00:00,auto_resolved,fraud
b09baac9-fe91-47b4-bc52-01938e8be63f,6e9c6c2120611104445c767b78377d21,155b2f19-9c94-4f88-acce-5de42652d1f1,SHIPPING_DELAY,low,app,2026-07-11T00:00:00,2026-07-11T07:00:00,auto_resolved,fraud
0ccaa060-49b9-4cf9-9df4-7695bb3fb52b,6e9c6c2120611104445c767b78377d21,015f3c0c-c25a-4c18-b275-63bd2317547d,DAMAGED_ITEM,low,chat,2026-07-05T00:00:00,2026-07-05T10:00:00,auto_resolved,fraud
fd9cd13d-49fd-4947-ad75-5f505ffaa663,6e9c6c2120611104445c767b78377d21,3c0c8b59-149c-4d83-aae9-a6e5e631cfda,FRAUD_REVIEW,high,app,2026-06-25T00:00:00,2026-06-25T19:00:00,escalated_to_human,fraud
01df86f6-a2cc-4604-9066-fe2a65b4ec3a,6e9c6c2120611104445c767b78377d21,3123bce0-c269-4e34-a1fe-e861fc52d3f3,PAYMENT_ISSUE,high,email,2026-06-20T00:00:00,2026-06-22T00:00:00,refund_issued,fraud
0c1443f1-daae-45a9-ac57-5921750a7a48,6e9c6c2120611104445c767b78377d21,f221369b-cd88-426a-bb73-b36a98e2784d,ACCOUNT,high,app,2026-06-02T00:00:00,2026-06-03T06:00:00,info_provided,fraud
eed04a5f-9f9a-4663-b9e2-2eba8153c6cf,6e9c6c2120611104445c767b78377d21,8b166e26-ed74-4081-8ba0-ea0d41099f4d,ACCOUNT,medium,app,2026-07-06T00:00:00,2026-07-06T05:00:00,escalated_to_human,fraud
7ff6d28b-14bc-4308-a87b-0deb65c09e6a,6e9c6c2120611104445c767b78377d21,4e134dbe-85ba-4d02-98c0-d5957e3631e9,FRAUD_REVIEW,high,chat,2026-07-22T00:00:00,2026-07-24T05:00:00,escalated_to_human,fraud
870f2cbb-5787-438f-ad7e-45eda1449502,6e9c6c2120611104445c767b78377d21,1d5cafdf-7934-4a4e-86db-ed26335f5611,ACCOUNT,low,email,2026-07-16T00:00:00,2026-07-17T21:00:00,refund_issued,fraud
267c32ef-1dc6-415e-93db-318769103488,6e9c6c2120611104445c767b78377d21,3c615af1-e291-4f2a-803e-dea193f38b58,FRAUD_REVIEW,high,app,2026-07-08T00:00:00,2026-07-09T23:00:00,escalated_to_human,fraud
42288b23-b2d5-42f1-a008-2941e55b10e5,6e9c6c2120611104445c767b78377d21,753ad9c2-ae4c-485a-8ba4-b46822b6787a,SHIPPING_DELAY,high,email,2026-06-12T00:00:00,2026-06-12T17:00:00,auto_resolved,fraud
28d57cdb-25de-417c-ad1c-275ab984275a,6e9c6c2120611104445c767b78377d21,4ac8aa01-3076-4aca-9593-39d2e6667efd,FRAUD_REVIEW,high,app,2026-07-07T00:00:00,2026-07-08T23:00:00,escalated_to_human,fraud
dd2298a7-b036-4c1a-996a-52764c9303c2,b4b26faae91bc1b8f9458d29bc3c200c,09003abe-a51c-4e4c-9b06-1a752900a42d,ACCOUNT,low,chat,2026-06-05T00:00:00,2026-06-07T14:00:00,refund_issued,existing
fb4b2402-255d-4090-b864-eb4e3dbc3386,6fa75bcd8374aaf022bf590a4aad45e2,ca05f9aa-43d7-4dfb-a7cd-4e1b758540c2,REFUND,low,email,2026-07-16T00:00:00,2026-07-17T10:00:00,auto_resolved,new
bf27f4aa-99f2-4f94-8613-0b2a6525fcd9,43f0b8fa25a050c02dc18e166ed574ef,7ccb3b68-c5bb-4f66-a2f5-18962c7bf147,SHIPPING_DELAY,medium,chat,2026-07-09T00:00:00,2026-07-10T02:00:00,auto_resolved,existing
a051e7f9-4d21-4778-bfd2-42048bcfa4a4,bb4a329975df85aa69684e124f0b48b1,ea67e804-707c-48a3-8fa1-01eaa64a6809,ORDER_STATUS,medium,chat,2026-07-06T00:00:00,2026-07-08T15:00:00,escalated_to_human,existing
f30d70ae-0bc0-4def-9766-6a8c36a36f4b,bb4a329975df85aa69684e124f0b48b1,172492e6-cf43-46c0-a138-7a4f02b3e8d3,DAMAGED_ITEM,medium,app,2026-07-02T00:00:00,2026-07-03T18:00:00,info_provided,existing
6c3b0cbd-ee87-45e1-811e-e4a0639f6d59,f1bb87ce3b511f772f77765bd3fcef6a,9604a02e-9153-4683-b94e-84214de57d06,ORDER_STATUS,high,chat,2026-07-29T00:00:00,2026-07-29T18:00:00,info_provided,existing
3ce027d1-2a28-4093-b90d-fedf73dee9ff,1b5908d160c0942cc1b26bc725536d42,bbf36b50-1929-45e1-b49a-1dcf8864088f,REFUND,low,email,2026-07-21T00:00:00,2026-07-23T23:00:00,auto_resolved,new
bfdb92b6-844a-4cc5-b53d-749d0d5fedfd,1b5908d160c0942cc1b26bc725536d42,63f6abbb-fb3f-4cf0-9d15-a2406db3a3b5,CANCELLATION,medium,chat,2026-07-13T00:00:00,2026-07-13T11:00:00,refund_issued,new
c9ebbd0a-d231-42ac-8bd6-b41327e67a7e,682dd9d89b6bd17e600db2ebb25bd46d,7455a73a-ab80-405b-8268-c4956c6e83ea,CANCELLATION,low,email,2025-07-11T00:00:00,2025-07-13T01:00:00,auto_resolved,existing
facfcea4-b690-4fd6-94b1-8b826d9a7671,6df2dbb5ec4a3c72ffc716d264b4b425,ef8bf191-2cbe-418e-8923-4e9e2386b92a,DAMAGED_ITEM,medium,app,2026-07-06T00:00:00,2026-07-07T21:00:00,info_provided,churn_risk
03384ce6-fdc1-440a-b54a-37515173416a,acd046ff2c7ad6d4b091883063c93ff6,874a9fbf-0e5c-4c96-bc6c-86c1b6e7611c,CANCELLATION,medium,chat,2026-05-07T00:00:00,2026-05-08T09:00:00,info_provided,existing
01da2fe0-cd5c-4a40-8b3d-7a08bbb15ef3,acd046ff2c7ad6d4b091883063c93ff6,d10144a6-d915-4d06-a052-3d3edc8844c0,SHIPPING_DELAY,medium,app,2026-04-26T00:00:00,2026-04-27T00:00:00,info_provided,existing
554adc9d-6fb0-4ef0-aa05-07284b8f0da9,8625b708ec6cc8afaf5d676fafc4f37e,5467db1a-2a05-41d2-82f4-d398179aeeed,SHIPPING_DELAY,high,chat,2026-08-01T00:00:00,2026-08-01T18:00:00,escalated_to_human,existing
500d78e5-9014-4f08-919a-2766fc894dce,e9738b45a5906bd7778b089a4ebba74b,e22bcf9a-aae5-44df-8d02-da5522b9b803,REFUND,low,chat,2026-05-15T00:00:00,2026-05-16T20:00:00,escalated_to_human,churn_risk
4439fcf0-9575-4f75-8531-1b879e198c69,3842d2de8b603bbfe941ade4da285f32,d643b899-d68f-41a5-8864-a157ef71059c,PAYMENT_ISSUE,high,chat,2026-07-28T00:00:00,2026-07-30T14:00:00,escalated_to_human,new
4586258a-03f3-42cb-88f9-67fb4e26ffac,929de36edcb645b07f26d1871120a9ab,23dfcfe7-26f1-4d29-b476-6cce12e8f555,CANCELLATION,low,app,2026-05-18T00:00:00,2026-05-19T01:00:00,info_provided,existing
e4f45134-95a5-419e-b3fc-fb810e31c4e3,4f463757edb0250ec353ab6f3610cf34,695a3044-6cb0-4984-aba6-91f58e71618e,ORDER_STATUS,high,email,2026-07-29T00:00:00,2026-07-30T21:00:00,escalated_to_human,new
bed40b99-35c8-48fc-80b7-669d7a1f1921,4f463757edb0250ec353ab6f3610cf34,daf618a8-cbf2-448b-b01f-dcd60dad19ef,REFUND,high,email,2026-07-16T00:00:00,2026-07-18T01:00:00,info_provided,new
ccbb8749-e8a1-497e-a9d1-4b866f60ad00,a5782905d18c0d30d5dfbf6f2a864719,7b5b1398-6755-43ba-89d3-b49cccacbfd0,CANCELLATION,high,email,2026-07-24T00:00:00,2026-07-24T15:00:00,escalated_to_human,new
a968b1e7-19c4-4718-a67c-8fff0b03cad9,ff3e14860e32acc535aea6a5402d531c,50ec76c1-6652-4389-8d0f-d088623e4b5e,REFUND,medium,chat,2026-07-20T00:00:00,2026-07-22T11:00:00,escalated_to_human,existing
0b88fb56-8aff-495a-8d4f-8d85cbf18d05,f75da962fb4ddac1569e90c21803c455,c1b57516-e168-40fd-b8ef-72a3d9505638,REFUND,medium,email,2026-07-14T00:00:00,2026-07-15T17:00:00,info_provided,fraud
fb629751-f5b6-4fc4-85a8-9bec399e9e9c,f75da962fb4ddac1569e90c21803c455,3762b5bd-840f-4c5f-a5c4-5f4a595f5531,ORDER_STATUS,high,email,2026-07-25T00:00:00,2026-07-26T01:00:00,info_provided,fraud
c5d6f3e1-7f20-4637-8ee5-f1cf2fef4809,f75da962fb4ddac1569e90c21803c455,c6276be3-690b-49ff-9ee1-e9861777b31b,ORDER_STATUS,medium,email,2026-07-13T00:00:00,2026-07-13T02:00:00,escalated_to_human,fraud
f0b4a1bb-1109-40f2-9601-a5d7f2f8aa9b,f75da962fb4ddac1569e90c21803c455,4215aa5a-c259-45d6-a5d1-e98e8b8ee4ef,REFUND,high,email,2026-07-15T00:00:00,2026-07-15T05:00:00,auto_resolved,fraud
e2e46a37-eda6-4c6d-b1f4-c3739c6c29a9,f75da962fb4ddac1569e90c21803c455,16167cdc-83a6-4879-8259-5c1167af5e45,DAMAGED_ITEM,high,app,2026-07-27T00:00:00,2026-07-28T23:00:00,escalated_to_human,fraud
29b9ba38-3681-4a47-9fe7-17ad081e733b,f75da962fb4ddac1569e90c21803c455,e2b37aa8-5f54-4e3c-bf38-c8c4686ee92c,ORDER_STATUS,low,chat,2026-07-24T00:00:00,2026-07-26T16:00:00,escalated_to_human,fraud
18f6b03b-9228-47f8-89f0-4b2d17ce14fd,788d87eeb999019a75d8ba69017398b7,edcc0aae-7963-4acd-a969-da44f74077b3,SHIPPING_DELAY,high,app,2026-06-06T00:00:00,2026-06-08T05:00:00,auto_resolved,existing
a3426f34-f774-44cc-a4c7-2393349017e8,788d87eeb999019a75d8ba69017398b7,67dce112-088d-4b70-ad9a-881f482776ee,ORDER_STATUS,low,email,2026-06-19T00:00:00,2026-06-21T05:00:00,auto_resolved,existing
4a9414af-75aa-4067-8360-5f2219dc85b4,557cd07fbd892abdb1dc537a91ac9f00,28398046-f802-4aee-aed8-f339ae67cac2,SHIPPING_DELAY,low,app,2026-07-08T00:00:00,2026-07-08T14:00:00,refund_issued,new
0d64265b-6a06-4530-852a-a283a5848e06,2e642fa075db8661dab42c957cfe6290,e8ffde51-5f4d-4ef0-8770-45b742e1dbd0,REFUND,high,app,2026-06-03T00:00:00,2026-06-05T05:00:00,info_provided,existing
53f64599-3621-4502-b41c-44626084fbc4,8c8b21e9534948db376200dd8de97c98,350b86d8-518c-446b-bc60-7d240319ed2a,SHIPPING_DELAY,low,chat,2026-05-27T00:00:00,2026-05-29T01:00:00,escalated_to_human,fraud
bf030714-7081-40a0-af0b-810d00619a1f,8c8b21e9534948db376200dd8de97c98,4cff57b4-563a-4e5b-bf3c-91e6c0bd45c8,REFUND,low,app,2026-07-23T00:00:00,2026-07-23T15:00:00,escalated_to_human,fraud
e7b65e96-2ecf-4bf9-94fa-de6e4c70b28e,8c8b21e9534948db376200dd8de97c98,255e8fa0-9130-483e-ab30-f2d79168800d,FRAUD_REVIEW,high,app,2026-07-06T00:00:00,2026-07-06T05:00:00,escalated_to_human,fraud
149e5f28-abec-4f88-9179-e95b62abef2d,8c8b21e9534948db376200dd8de97c98,031d0915-4dc8-4bb0-baa1-b3f5383992c9,PAYMENT_ISSUE,high,chat,2026-07-14T00:00:00,2026-07-16T19:00:00,escalated_to_human,fraud
bf3851bd-6d7d-4487-9137-3da9ba566848,8c8b21e9534948db376200dd8de97c98,c6ce3baf-224a-40f0-898f-e36f090679cb,ORDER_STATUS,medium,chat,2026-05-13T00:00:00,2026-05-14T11:00:00,refund_issued,fraud
f542c755-921a-41fb-abd3-0e414b9dedfa,8c8b21e9534948db376200dd8de97c98,488d7590-2800-435e-848b-827ff51d58c2,ACCOUNT,high,app,2026-07-03T00:00:00,2026-07-04T17:00:00,info_provided,fraud
28473dea-647f-4a81-bcf0-4f7cec4c9aad,8c8b21e9534948db376200dd8de97c98,39315621-2e57-4cc7-8c29-f82fb06fbc4b,CANCELLATION,high,app,2026-06-04T00:00:00,2026-06-05T11:00:00,auto_resolved,fraud
e2aed2bb-de51-4893-a165-e1f7723a79d5,fa7b428394b88f4f3e244cd84163e81d,c3c7d86f-6a35-4f96-b98e-e3c01bfdc940,REFUND,high,app,2026-06-18T00:00:00,2026-06-19T02:00:00,auto_resolved,existing
797d7c42-f180-4011-ae15-c18af1292f5d,acfb17c1122b06dd09ea27d6e55cd139,7c0af7c3-e9bf-49e1-9160-31f982fbcefc,ACCOUNT,low,chat,2026-06-21T00:00:00,2026-06-23T23:00:00,info_provided,existing
c27662a2-39cb-4008-9871-2e2b4020aa47,e92cf8004da0ba60863ad7d5bd816f5c,6fce9dc7-21ed-4ecb-8a5e-e71703b472de,PAYMENT_ISSUE,high,app,2026-07-07T00:00:00,2026-07-07T19:00:00,refund_issued,existing
3a08fad2-7f3f-4ace-9c82-12d607226464,a776fa09b1b0a5b40d46bc4c9b91906d,a3461fc6-8669-4a95-8a64-05a3e278699f,REFUND,medium,app,2026-07-20T00:00:00,2026-07-22T19:00:00,auto_resolved,new
b85325a4-1fbb-4098-abfb-d00b902059ca,c2d0d46bbdebdc3160671251b42d5d5b,55445973-971c-427a-b31f-9a7929ae5be0,DAMAGED_ITEM,medium,chat,2026-06-25T00:00:00,2026-06-25T03:00:00,refund_issued,churn_risk
f35c24f2-bed7-4571-aa96-87ad79582f85,77c213e10acbd145d50fcb035d0e86d9,ceadd975-43a3-4c98-8a8d-18c2c68bdd83,SHIPPING_DELAY,high,chat,2026-07-11T00:00:00,2026-07-11T02:00:00,refund_issued,existing
7d21a8e0-886d-44b4-b8f9-cb3e28f9b94f,cbbe4b5beeea8b05dae43cfd1a73e6d9,aff93385-f26e-4b5a-8e60-f3cf6287709d,CANCELLATION,high,chat,2026-06-22T00:00:00,2026-06-23T03:00:00,info_provided,existing
cd391daa-ced6-4262-92e4-0bf3b6253d99,ced1416fc6e0276033a69ead27de0ccc,b4ef8924-4333-43a3-9467-efaa28b37db0,ACCOUNT,high,email,2026-07-08T00:00:00,2026-07-09T13:00:00,escalated_to_human,churn_risk
c6367490-2a46-451f-afc0-8da58c40d918,c756c5a0183a0e0c511a8b00fa1e2ee2,97a2701f-9bd1-45ff-9096-b513e30cb482,DAMAGED_ITEM,low,app,2026-07-08T00:00:00,2026-07-08T07:00:00,refund_issued,fraud
1adce5d5-f507-4663-b66c-c8ca16715f65,c756c5a0183a0e0c511a8b00fa1e2ee2,9af85fb7-37ec-4743-a333-c8651dbfaa9b,ACCOUNT,high,chat,2026-07-26T00:00:00,2026-07-26T21:00:00,refund_issued,fraud
682afb17-843b-493d-89f8-b1302efa1ced,c756c5a0183a0e0c511a8b00fa1e2ee2,0421834d-c48b-4038-9ddc-9ae300928f53,REFUND,medium,app,2026-07-06T00:00:00,2026-07-08T06:00:00,escalated_to_human,fraud
41afe492-320a-418c-b08f-2680ef7974c5,c756c5a0183a0e0c511a8b00fa1e2ee2,832283d0-c530-431e-be9e-9d6f0ae8a99b,FRAUD_REVIEW,high,email,2026-07-22T00:00:00,2026-07-24T18:00:00,escalated_to_human,fraud
ab2f395e-9ce7-4344-81d1-b541c2cd032c,75911973553414cf548f0d62eb2f0fbc,844d910a-aae9-4203-ac14-d881bec3b6be,SHIPPING_DELAY,low,email,2026-02-12T00:00:00,2026-02-14T18:00:00,info_provided,fraud
4f5c56ac-4511-4d59-a441-d435949c1753,75911973553414cf548f0d62eb2f0fbc,e5abcb29-453c-4c90-bca3-f4b9bb537130,REFUND,medium,app,2026-03-07T00:00:00,2026-03-07T19:00:00,refund_issued,fraud
f7432713-e1f8-4fe7-9f39-1cde0e9f4146,b896655e2083a1d76b7b85df8fc86e40,32e9ad73-72fa-43e3-8dae-05c7c6113f6b,REFUND,high,email,2026-07-18T00:00:00,2026-07-20T07:00:00,info_provided,new
54f64322-6784-49a8-a703-9136f85ec301,27aedee05bc8e9bcc4da2bae37fd4d78,a50a1edb-6ecd-40bb-82a1-56a7a8f53192,REFUND,medium,email,2026-07-09T00:00:00,2026-07-10T04:00:00,info_provided,fraud
a0ba39eb-4e1a-4ee3-a656-7ac83bfbe95c,27aedee05bc8e9bcc4da2bae37fd4d78,abb78f30-71f1-4e54-b9c9-d4e83aa7502f,ACCOUNT,high,email,2026-07-01T00:00:00,2026-07-03T05:00:00,info_provided,fraud
045170e7-27cf-4583-961f-843d84ff08f2,668dc9fde9d42de2f1ac1ddaa7823694,90f9c9da-7967-4b5e-8c50-efb07bd58c6d,PAYMENT_ISSUE,high,email,2026-05-06T00:00:00,2026-05-08T18:00:00,refund_issued,existing
cdd7bbbb-b0b7-4f5a-940d-e4f34599a7f4,668dc9fde9d42de2f1ac1ddaa7823694,5fea9bf8-7e36-463f-b50a-d70774e110d3,REFUND,high,chat,2026-07-27T00:00:00,2026-07-28T06:00:00,info_provided,existing
e42686a8-8210-41aa-98bd-c3093158a656,668dc9fde9d42de2f1ac1ddaa7823694,6c97181e-e5b6-4fe9-9e81-f55b8b44d4e3,REFUND,high,app,2026-07-10T00:00:00,2026-07-10T03:00:00,info_provided,existing
1ef9d537-abec-40a8-83ba-f86538c48120,baa2381220d03aa74d97baf23302ddc9,2e7a825c-7ef3-48a1-8d92-1dcba6c8bee0,REFUND,medium,email,2026-04-25T00:00:00,2026-04-27T13:00:00,escalated_to_human,fraud
a118f1ad-c217-49c8-a58f-ec4195a6f8fb,3341514b8049f4a268e4188fb0211d34,f4bafe49-afe7-4b79-8bbf-7ede2f247d97,REFUND,high,chat,2026-07-12T00:00:00,2026-07-14T16:00:00,refund_issued,fraud
9cac6a2c-4411-4c9d-8034-dce71554bd1f,3341514b8049f4a268e4188fb0211d34,3e194ccb-0905-410c-8200-28075941e5d9,ORDER_STATUS,high,chat,2026-07-25T00:00:00,2026-07-26T23:00:00,refund_issued,fraud
bb522029-7cc6-49fc-a27d-26b3b42c3635,3341514b8049f4a268e4188fb0211d34,1909c207-81d3-4c8c-813d-526d7fc78cf7,DAMAGED_ITEM,low,chat,2026-07-25T00:00:00,2026-07-28T00:00:00,auto_resolved,fraud
ed9b12e0-9980-4e73-8e87-13054fdd83d4,3341514b8049f4a268e4188fb0211d34,ccdf923c-33ea-405b-91b4-99da5938582c,FRAUD_REVIEW,high,email,2026-07-07T00:00:00,2026-07-08T07:00:00,escalated_to_human,fraud
b5209e1c-b430-49ac-a049-1fd1d1faf981,3341514b8049f4a268e4188fb0211d34,baa1ced9-01d7-4749-ba52-3752d24314b5,SHIPPING_DELAY,medium,email,2026-07-10T00:00:00,2026-07-10T18:00:00,refund_issued,fraud
911fb2df-2a7f-44ac-9846-8b281fbe9d40,3341514b8049f4a268e4188fb0211d34,bf094690-0760-4023-8e4f-010c08f86468,SHIPPING_DELAY,low,chat,2026-07-10T00:00:00,2026-07-12T00:00:00,refund_issued,fraud
63033766-f7ef-48b8-a8f0-79165a47f815,3341514b8049f4a268e4188fb0211d34,da41e6bb-8165-4f93-a702-9243b08f65cd,ORDER_STATUS,medium,email,2026-07-10T00:00:00,2026-07-10T08:00:00,escalated_to_human,fraud
4e790c49-3cf3-4118-9fb6-f70816a5d50d,f5479eed84b3486132141fe08c598b95,76421c2d-1b53-41a7-a38d-c58187eebbbb,CANCELLATION,low,chat,2026-07-04T00:00:00,2026-07-05T21:00:00,auto_resolved,existing
28682ac9-449d-4115-a01f-a29274244ff1,f5479eed84b3486132141fe08c598b95,eee3ad76-d4a0-4506-86e7-4d2dc355d28d,CANCELLATION,high,app,2026-06-17T00:00:00,2026-06-19T01:00:00,escalated_to_human,existing
abe5ec34-9b5a-4685-b66c-ebadf2511e60,515be97b99f6127120e5793a7cb71aef,4f11ffc2-a642-4cac-adae-205ab8503214,PAYMENT_ISSUE,high,email,2026-07-11T00:00:00,2026-07-13T07:00:00,info_provided,existing
358f511a-c143-48a2-9377-2244bb386a69,515be97b99f6127120e5793a7cb71aef,f23ea0bd-3bbd-4002-b8d5-e5792ca60fb6,ORDER_STATUS,high,email,2026-06-09T00:00:00,2026-06-11T03:00:00,info_provided,existing
b4e28a48-920f-481a-9569-537983bb367d,040641ad9a73250e1362678a81db1b9b,bbcb6ea7-1f97-4057-b210-38ae308b4203,ACCOUNT,medium,app,2026-07-14T00:00:00,2026-07-14T18:00:00,auto_resolved,existing
4001d59e-52fd-46e9-b3e1-c9a3c240066f,c0b8f06358c17e08e149768d1568b639,112d6b8c-7894-4692-b55a-bb1225b37578,ORDER_STATUS,low,chat,2026-06-29T00:00:00,2026-06-30T21:00:00,info_provided,existing
376952c8-6f35-4857-abdc-5f87eac1504f,7b9fdbf39311ea24e456accef9d98b6d,35b4927b-8ef3-4467-aea6-0a54c7357242,PAYMENT_ISSUE,low,email,2026-07-20T00:00:00,2026-07-22T11:00:00,auto_resolved,new
078de7df-5516-4be9-a1e4-f6ea93934044,65af86340218f71a500596087e69bd10,d938ef42-2683-4ba4-9697-39cbd5249e4d,ACCOUNT,low,app,2026-06-27T00:00:00,2026-06-27T13:00:00,info_provided,churn_risk
95475eb4-9681-48d3-9582-8c66422b0715,949970123579e8829ddd1ba3d32ac18d,fc797b97-477e-4672-929f-019e780f9ccc,DAMAGED_ITEM,medium,app,2026-07-14T00:00:00,2026-07-14T01:00:00,escalated_to_human,new
d83c7c0b-65d3-4da6-8f6d-84e65c2674b4,01ca0680cddb7f4c71e3235f08cd16a2,f7aaeef3-82e0-4b86-89b4-1876180263c5,CANCELLATION,high,email,2026-07-16T00:00:00,2026-07-18T13:00:00,auto_resolved,new
c9429dd2-609e-43e0-9068-73cd05973dd3,30d77053d42d9d72c6875552cba2cc64,3be729c7-b905-49ec-a782-a73741756cca,REFUND,medium,chat,2026-07-10T00:00:00,2026-07-12T04:00:00,escalated_to_human,fraud
f5fa946e-8b64-4e8e-8ec1-d8a9a3870470,30d77053d42d9d72c6875552cba2cc64,d99ecb3e-c078-49a8-a53a-de33bb82683f,REFUND,high,email,2026-07-06T00:00:00,2026-07-06T10:00:00,auto_resolved,fraud
3f544d67-ff01-43a8-8325-0bae4473deae,3daa1c97a3155484f70c88b19c90dfb5,07fe4624-f0d2-4c4c-bfb0-750350fac05a,PAYMENT_ISSUE,low,email,2026-06-29T00:00:00,2026-06-29T08:00:00,info_provided,new
c3848b64-8526-45e0-865d-d14ec6860d3e,796af4fac93296428070925a8a78aaa1,ef8c9a5d-2091-4296-906b-f47da016e12e,DAMAGED_ITEM,high,chat,2026-07-14T00:00:00,2026-07-15T08:00:00,refund_issued,fraud
4a4e924b-b439-4a95-89ea-34eb4d3794cd,796af4fac93296428070925a8a78aaa1,aae68edb-ba30-4096-81ae-5e03defac810,ORDER_STATUS,medium,email,2026-07-22T00:00:00,2026-07-24T21:00:00,auto_resolved,fraud
fe8cae4d-cb35-4af7-a11d-02c5bfdd6846,796af4fac93296428070925a8a78aaa1,ad19bf41-158a-40d2-90c2-fbc980fed5aa,FRAUD_REVIEW,high,chat,2026-07-12T00:00:00,2026-07-13T04:00:00,escalated_to_human,fraud
99ed1dac-5571-4af8-a0a5-efa85971d9b7,796af4fac93296428070925a8a78aaa1,bbb4fe2f-0dee-4349-95ea-fe43339aa039,CANCELLATION,high,chat,2026-06-29T00:00:00,2026-06-30T22:00:00,refund_issued,fraud
afa04aeb-c955-4db5-b821-c1de8017a0cc,796af4fac93296428070925a8a78aaa1,fa0d0f64-ffe0-4d60-b556-7ab016c28573,REFUND,high,chat,2026-06-29T00:00:00,2026-06-30T18:00:00,info_provided,fraud
203f49ee-db71-428f-8b88-04a9a5ee8426,d20f34444ce44ca683d46e9da98456e1,41c91e81-4011-4562-9843-13e1b35df7fe,ORDER_STATUS,high,chat,2026-06-23T00:00:00,2026-06-25T16:00:00,auto_resolved,existing
b1801c80-73c9-442e-bd93-a196474684c4,d20f34444ce44ca683d46e9da98456e1,00a2f839-95a2-47ce-828e-7411499da20a,SHIPPING_DELAY,low,chat,2026-07-17T00:00:00,2026-07-18T14:00:00,info_provided,existing
43f92a00-37d0-4e41-a45b-4c779527b1ba,2e22a2c99a49984d1ef90e308770ebe4,e58bb4a6-21f3-4b41-ab82-adab9d2d3fd4,ACCOUNT,high,app,2026-07-17T00:00:00,2026-07-18T04:00:00,info_provided,new
42f3b50b-a3da-4b28-8183-35640017a93a,04c5ad73047074972e9a1c744c3b4bf8,8b51970f-5a23-4c4f-82d7-cb8f1927b3cf,SHIPPING_DELAY,low,email,2026-07-01T00:00:00,2026-07-03T16:00:00,escalated_to_human,existing
b9351a28-acec-4ab4-bb6e-69f737131c70,a696ba5db33cf4835a04dd5965a86781,782bc621-7b24-4832-a312-1464b83f3cab,ORDER_STATUS,high,app,2026-06-25T00:00:00,2026-06-27T18:00:00,info_provided,fraud
46ac2818-c868-494f-ac7f-d07460735b81,a696ba5db33cf4835a04dd5965a86781,a7377c1f-7515-499d-b3f6-9571f6b880fa,REFUND,low,chat,2026-06-06T00:00:00,2026-06-08T06:00:00,auto_resolved,fraud
706dc82f-1630-4867-b8b7-e2c0260a8bfe,a696ba5db33cf4835a04dd5965a86781,65b77ffb-4e4e-40fe-ac8a-3981667ebd37,FRAUD_REVIEW,high,app,2026-07-11T00:00:00,2026-07-11T10:00:00,escalated_to_human,fraud
ee6c9a87-a8ed-4e63-b1bb-2405a023f4bf,a696ba5db33cf4835a04dd5965a86781,4400b533-7542-499b-87b5-1c010bed030c,REFUND,low,chat,2026-06-08T00:00:00,2026-06-09T21:00:00,info_provided,fraud
5919ccda-6ebc-49d9-92e7-e244fc5f2a24,8dffa3165d189110cdbe104f7f948f1f,b0484740-cb9a-4e9e-86f0-1c5a05c43b7f,CANCELLATION,medium,chat,2026-06-09T00:00:00,2026-06-11T18:00:00,info_provided,existing
7852cd49-6215-4100-9feb-b33538a5bb66,8479ef9838c9bca6f1ad143f1c0404f9,438f0325-68ac-499d-8795-d1f710efac8c,SHIPPING_DELAY,high,chat,2026-07-22T00:00:00,2026-07-22T16:00:00,escalated_to_human,new
e500455b-8cd9-4b39-9ada-2aeb5d121ae7,3be2432d88955b7cc6e9cb71d9d1931e,23f4b33b-df6e-45d0-b9a7-131c5ecb9f31,ACCOUNT,low,email,2026-07-30T00:00:00,2026-08-01T18:00:00,auto_resolved,fraud
0d3ecfe7-f1f8-4493-b593-22789345d6e7,3be2432d88955b7cc6e9cb71d9d1931e,b0980a96-f2e7-4ba8-89d9-08a066e3060a,ORDER_STATUS,low,chat,2026-07-09T00:00:00,2026-07-09T12:00:00,escalated_to_human,fraud
79dda379-465d-43b0-ae76-6fe5996b9fcc,3be2432d88955b7cc6e9cb71d9d1931e,01e59530-b293-4fc5-800a-63cfa7a5aa35,FRAUD_REVIEW,high,app,2026-07-16T00:00:00,2026-07-18T10:00:00,escalated_to_human,fraud
f057f365-1caa-448e-8963-6cf7cf30afd7,3be2432d88955b7cc6e9cb71d9d1931e,c883fffb-eb5b-4b93-98ca-3a71ca365443,REFUND,medium,chat,2026-07-10T00:00:00,2026-07-11T09:00:00,info_provided,fraud
418dde61-cc78-4564-b72c-572584ffe34c,afa2d112b99f01c2f052f0dfec88726c,792f40a7-e346-478f-a04c-de124c8af65a,REFUND,medium,email,2026-07-14T00:00:00,2026-07-15T02:00:00,info_provided,fraud
af0eb2ff-95a8-48f4-9ef7-858df70894d3,afa2d112b99f01c2f052f0dfec88726c,56027bf3-e06a-4b89-912b-06cdebb32b31,REFUND,low,chat,2026-05-31T00:00:00,2026-05-31T12:00:00,info_provided,fraud
f9e63c8b-a0ae-4b25-9042-1927b1e68555,39104edef5e46d7b8c61848cc95e6d97,8f029663-5064-4f67-aff6-d5e0ea4dd91d,PAYMENT_ISSUE,high,email,2026-07-07T00:00:00,2026-07-09T15:00:00,refund_issued,existing
02bb00f0-23d2-4254-9463-2b0dc829f443,cb3766a52eaee82451ef56d6f12b9fb0,b057e743-f56a-4672-8b79-1166ec0b2faa,DAMAGED_ITEM,high,app,2026-04-15T00:00:00,2026-04-16T12:00:00,info_provided,existing
bf099c24-8db7-4d6e-934e-ef585ff44593,32c050ea3af0bf160de1209adfb922eb,92a73340-fa62-4b5d-809a-1df9d74ed365,ACCOUNT,high,app,2026-04-11T00:00:00,2026-04-13T08:00:00,escalated_to_human,existing
ab03f935-acad-4e7a-975e-62c352a61e3f,af93c8e23e4df2d72f78fd43cb6ae215,711ba32c-0ea1-4bcc-b57c-aaeae7138452,SHIPPING_DELAY,low,chat,2026-07-08T00:00:00,2026-07-10T01:00:00,refund_issued,churn_risk
8ab6a3ae-d26c-4e01-8da1-08a368bb580c,57f374ff5fea84f3570619a1425a6b43,0d98fb28-1620-4e11-a26f-809fe3687c85,SHIPPING_DELAY,low,chat,2026-07-11T00:00:00,2026-07-13T18:00:00,escalated_to_human,new
0aa941f4-d148-40e8-8427-505e1954a46f,71483eefef96601ce6e0f9437715b5fe,18002365-7183-4993-a327-c0f7359bc003,REFUND,low,email,2026-05-31T00:00:00,2026-06-02T17:00:00,auto_resolved,new
bb36079c-76c1-49d5-b2a0-a9ed6cc7af0e,f0fe4ee68e4a03068e981e6481bb9e1e,d959febd-bc38-4bbc-8b2c-c94174631cde,ORDER_STATUS,low,app,2026-07-16T00:00:00,2026-07-17T02:00:00,escalated_to_human,fraud
23ad08e3-1d41-4d44-8847-94fb2a976e82,f0fe4ee68e4a03068e981e6481bb9e1e,b09f7482-09dd-454b-bccb-3f4ba4d28041,CANCELLATION,low,app,2026-07-02T00:00:00,2026-07-04T02:00:00,refund_issued,fraud
a10cc2b0-a3fc-4336-ae70-e49f9e04f70b,f0fe4ee68e4a03068e981e6481bb9e1e,04a2b9e9-7f91-42c6-9c37-80710afd8744,REFUND,medium,app,2026-07-05T00:00:00,2026-07-07T06:00:00,refund_issued,fraud
9b2b721c-46be-42aa-bc34-ae621943502d,f0fe4ee68e4a03068e981e6481bb9e1e,c3d8ae71-2050-4bd2-93fd-ed12bc4c6be8,SHIPPING_DELAY,low,app,2026-07-31T00:00:00,2026-07-31T01:00:00,info_provided,fraud
966bc43c-6726-48ed-af3f-73aae42df470,f0fe4ee68e4a03068e981e6481bb9e1e,fce506bc-5b3f-44f7-97bc-ba714f813a78,SHIPPING_DELAY,high,app,2026-07-02T00:00:00,2026-07-04T20:00:00,info_provided,fraud
ddb493bc-e6b3-447c-9e2e-c957f6f93743,f0fe4ee68e4a03068e981e6481bb9e1e,8af264d9-4c5b-423b-80ad-6cf0e925890a,PAYMENT_ISSUE,medium,email,2026-07-29T00:00:00,2026-07-30T04:00:00,auto_resolved,fraud
0f10360b-1898-43a7-8bc5-5dda54a6b50f,f0fe4ee68e4a03068e981e6481bb9e1e,f519276a-9451-49b9-9b89-7a2a33639be6,FRAUD_REVIEW,high,app,2026-07-29T00:00:00,2026-07-30T13:00:00,escalated_to_human,fraud
35967ac9-9f8d-46e9-813e-c3ad6dd00681,5dbaf31e6f3ccef2df173b8d09a07128,4ecdffb7-bfe8-4709-918c-a5d95342094a,ACCOUNT,low,app,2026-06-28T00:00:00,2026-06-28T03:00:00,escalated_to_human,new
e2af66a5-dc18-4f52-bc2a-da4ed9d4db71,f26327ec6541f1c2aa119fd0d02a351d,45ca4e4d-2c4d-401a-ab12-712d6361bf4b,PAYMENT_ISSUE,medium,app,2026-06-15T00:00:00,2026-06-15T04:00:00,info_provided,churn_risk
478cf7ff-27e4-4c13-8ecc-9730e7119a2d,a66e716d02b556bd6a57ee40c8a610ef,e5bb1e6a-fa6d-4edd-9b89-534c17c8bc28,ORDER_STATUS,low,app,2026-07-10T00:00:00,2026-07-11T02:00:00,escalated_to_human,new
226d374a-d895-4d5e-a472-09e9ed9793b5,6202c5845cda18b2540b7e0c3883840c,caf9d775-a2f1-47a4-a3fd-fd02b03dfe79,PAYMENT_ISSUE,high,email,2026-07-13T00:00:00,2026-07-13T18:00:00,refund_issued,new
82b151c9-dc65-43b6-ae98-42c4e995919c,8c2e1b595fa98d5f22cb089e0e70d9cc,c0078925-b077-4f66-bc26-b62f35407791,ACCOUNT,medium,chat,2026-06-26T00:00:00,2026-06-27T04:00:00,escalated_to_human,fraud
1042c05c-0c47-41a6-9542-e727c1c4dc91,8c2e1b595fa98d5f22cb089e0e70d9cc,6910d285-60a8-40b0-996b-5b5e39afad0d,ACCOUNT,high,app,2026-07-15T00:00:00,2026-07-16T17:00:00,info_provided,fraud
946d2f09-88c8-4825-8b67-611dbcc60f75,8c2e1b595fa98d5f22cb089e0e70d9cc,ebaae632-f021-4f51-9c1e-9fcb52513026,ACCOUNT,high,chat,2026-07-21T00:00:00,2026-07-22T02:00:00,escalated_to_human,fraud
f47bae53-72ff-46ed-9733-bbe9cdd126cc,ae5df8e33ea496f14db277c8b8e77281,d2c6ea59-2505-42e7-8915-0b442e51f4d0,FRAUD_REVIEW,high,app,2026-06-20T00:00:00,2026-06-21T12:00:00,escalated_to_human,fraud
602e1b5c-ca0e-4f5f-9d0f-bcda1bb031e0,ae5df8e33ea496f14db277c8b8e77281,26b339d9-311f-403e-9a65-cb34878cd19f,SHIPPING_DELAY,low,app,2026-07-17T00:00:00,2026-07-18T15:00:00,refund_issued,fraud
105636fd-74ba-4699-8977-376f0c451773,ae5df8e33ea496f14db277c8b8e77281,1a246f87-87d2-4ab1-b5a3-0c02e53fd4f7,REFUND,low,app,2026-07-16T00:00:00,2026-07-17T22:00:00,escalated_to_human,fraud
58a8c4b1-6f1a-4833-88bf-a31bc97bc4b2,ae5df8e33ea496f14db277c8b8e77281,044f02f2-4379-47c8-a8dc-05ac2f7c9f43,FRAUD_REVIEW,high,email,2026-07-02T00:00:00,2026-07-02T14:00:00,escalated_to_human,fraud
71776564-48ce-4ff7-bf63-36620215586a,ae5df8e33ea496f14db277c8b8e77281,682d0998-801e-4afb-814d-5d602afde84c,ACCOUNT,high,email,2026-06-18T00:00:00,2026-06-20T04:00:00,auto_resolved,fraud
6058c8e3-7d88-4a4a-9aa1-108fc91767c0,ae5df8e33ea496f14db277c8b8e77281,86d4b665-0e24-465f-88f3-dc6b9ce38a0d,REFUND,low,app,2026-07-16T00:00:00,2026-07-16T05:00:00,escalated_to_human,fraud
0534daf9-06b8-48c2-afd9-5ddc962aa8c3,ae5df8e33ea496f14db277c8b8e77281,9d186392-e0d0-48e8-909e-cf9ae45f6942,REFUND,medium,email,2026-07-10T00:00:00,2026-07-12T12:00:00,escalated_to_human,fraud
374f5e26-5281-4e6b-a9ca-fa5edd126ce4,18e362d58b54666925aacfd86ff84213,7d51c832-6b60-4bf8-99d4-0ee470bab6c1,REFUND,medium,app,2026-07-11T00:00:00,2026-07-12T15:00:00,escalated_to_human,new
3a076d69-4853-42e1-9c02-a12f169808ad,4e17943c8edf2f66d70f0e97b81aaf17,db7f2fa2-27ef-453a-a205-8078e9f42c06,ACCOUNT,medium,chat,2026-06-18T00:00:00,2026-06-20T16:00:00,escalated_to_human,existing
cb095363-3111-4e12-88cb-7dfa2a0640fc,d35862da9bdb38fad3994de72a77a3c2,a5c3f9ad-1a3a-4a50-a622-0619e8ba2fa2,DAMAGED_ITEM,high,email,2026-06-23T00:00:00,2026-06-25T07:00:00,escalated_to_human,existing
8e5704e1-e1c9-4fb7-85e8-947682f86cca,8f3dca4306d5a89e4ae2c65c110603a2,0dd3a593-1076-4cb1-ba14-12c47fd6c6ed,CANCELLATION,low,chat,2026-07-12T00:00:00,2026-07-12T15:00:00,info_provided,new
82cf515d-2558-49cb-9806-923b506ec5c4,03f923dbcd3b3c763b22b24db6072d27,e699398e-6416-47c2-af74-7c4929a8d895,REFUND,high,app,2026-07-09T00:00:00,2026-07-10T10:00:00,auto_resolved,fraud
0a61da51-5698-4c09-941d-9840fd6455ac,03f923dbcd3b3c763b22b24db6072d27,ad126d3d-fe0d-4ac7-8826-e1a3ec3ef15b,REFUND,high,app,2026-07-14T00:00:00,2026-07-15T20:00:00,info_provided,fraud
46fe58bb-423d-4116-a669-bbbecd773fe0,5802e2beb1b61c3ec744d5780f0600bb,6a15ff65-5db1-4f63-92a3-ec02543be524,REFUND,high,app,2026-06-07T00:00:00,2026-06-08T00:00:00,escalated_to_human,churn_risk
986835a6-0463-47e8-a0cd-ec9c411fde32,825ace36a4828de05694b8047f6dd905,71e5bb9a-bd12-4043-bb8b-6ec2a3b9660a,PAYMENT_ISSUE,medium,app,2026-07-19T00:00:00,2026-07-19T11:00:00,escalated_to_human,fraud
df14d955-8cec-4921-aeac-7bee24674808,825ace36a4828de05694b8047f6dd905,f5f18d2a-a1fe-4509-803a-8e44d1301c44,FRAUD_REVIEW,high,chat,2026-07-22T00:00:00,2026-07-23T23:00:00,escalated_to_human,fraud
8e455f1e-9380-4965-ac48-8da22aaaea92,825ace36a4828de05694b8047f6dd905,234d9e26-1fb4-43bb-918d-c312f6cb48b1,REFUND,medium,email,2026-06-29T00:00:00,2026-06-30T05:00:00,info_provided,fraud
0a61bc6e-497c-464f-b9f6-c3cca5ac55cb,d6d67261f2634cdf9ec293cd765c8479,56e45374-1e51-48ef-8226-86f47f0588b4,ORDER_STATUS,low,chat,2026-06-20T00:00:00,2026-06-22T14:00:00,auto_resolved,existing
080b6ba2-e649-4af9-9f19-5d4c0427d66e,d6d67261f2634cdf9ec293cd765c8479,b89af7bf-9066-4202-90ce-4b9f08b58533,REFUND,high,chat,2026-06-25T00:00:00,2026-06-26T05:00:00,auto_resolved,existing
bac54c32-1fbb-49ed-9c3a-6377511fb497,9caf7fce45f197ace0ef67476d5f0b94,33c703dc-c172-4916-94b1-2ce4fb7cb1ed,PAYMENT_ISSUE,low,email,2026-06-30T00:00:00,2026-06-30T20:00:00,refund_issued,existing
7adea2b0-dd61-4cf3-90c5-2fba28bdb0bf,27b4a7740a9b118f9eed1e8c8be7822b,d96ff735-2f64-400a-b332-0bcdea8c3b9b,SHIPPING_DELAY,low,chat,2026-07-23T00:00:00,2026-07-23T05:00:00,escalated_to_human,fraud
17d30705-7c62-46c9-9f3d-235d3ca97442,55133cf96f44c834ac51d0e3b678c7a8,ef20d79c-0b01-4b9a-b3a1-e6012b0df00d,SHIPPING_DELAY,low,app,2026-07-22T00:00:00,2026-07-24T10:00:00,refund_issued,existing
f3ec56a8-eef1-40ef-8560-20d937954f56,4b3496d4740f8929ba830bb965b82891,02817c2d-3031-41ed-90aa-24a58f1c4da9,REFUND,high,email,2026-07-27T00:00:00,2026-07-28T15:00:00,refund_issued,fraud
cc94f576-bd8b-4449-8475-345bc5e2ebb3,4b3496d4740f8929ba830bb965b82891,5e6117f5-045e-421a-a084-aff738ea2693,REFUND,low,chat,2026-07-08T00:00:00,2026-07-10T06:00:00,refund_issued,fraud
5a8fa32d-a62f-4d16-a9f3-332f0c39340f,62049cfbc68cd893920204de3b5c057d,9477dadb-a153-4b06-8a7c-44c93e755bac,FRAUD_REVIEW,high,email,2026-07-03T00:00:00,2026-07-03T09:00:00,escalated_to_human,fraud
b14ae175-2fe2-4a64-bd18-831b864fd1f4,62049cfbc68cd893920204de3b5c057d,f5d89773-8500-465d-8e08-1d242258efe1,DAMAGED_ITEM,low,email,2026-07-08T00:00:00,2026-07-09T07:00:00,refund_issued,fraud
55e5958c-d571-4b80-ab46-13086963d41b,62049cfbc68cd893920204de3b5c057d,1f71d2f5-9396-415d-9a1e-89231fbbe1a1,REFUND,high,app,2026-07-15T00:00:00,2026-07-17T13:00:00,refund_issued,fraud
0bd497da-dc9d-4856-854e-0b9654370d23,62049cfbc68cd893920204de3b5c057d,6d1199f5-cb88-4b95-8be6-693a759280ee,ACCOUNT,low,email,2026-07-26T00:00:00,2026-07-28T23:00:00,info_provided,fraud
b0618aca-f79f-41e7-9b38-62b79d351e59,62049cfbc68cd893920204de3b5c057d,348e324a-d741-4c8d-ba1e-11dbcca60ccb,CANCELLATION,high,app,2026-07-14T00:00:00,2026-07-16T02:00:00,refund_issued,fraud
c6647220-f0a1-4aee-8d3c-2a88c36a4bae,62049cfbc68cd893920204de3b5c057d,5037eacc-a682-4d29-a465-cfdb5fe76921,DAMAGED_ITEM,medium,app,2026-06-28T00:00:00,2026-06-30T21:00:00,escalated_to_human,fraud
1f229781-40d4-4832-a208-21b9ef63f509,62049cfbc68cd893920204de3b5c057d,91367e08-3fa3-4050-8dff-0a127ad60b06,REFUND,low,app,2026-07-14T00:00:00,2026-07-14T10:00:00,auto_resolved,fraud
421e97fc-09fb-4c77-a7b6-8143be627989,e94f497b64b4c843216126feedb1dfae,d6fa6d47-1c9e-464c-9fc7-f307e0aa22ea,SHIPPING_DELAY,low,chat,2026-07-28T00:00:00,2026-07-30T06:00:00,refund_issued,fraud
6c28bb1b-7d65-4ad4-8b82-1da3afc4f328,e94f497b64b4c843216126feedb1dfae,a412aae9-8305-4795-90b8-3b78c3b2afe1,FRAUD_REVIEW,high,chat,2026-07-13T00:00:00,2026-07-15T23:00:00,escalated_to_human,fraud
054fb6fb-1831-41c0-9b6e-e56ee27b7ff1,e94f497b64b4c843216126feedb1dfae,93c80a43-90ae-4fda-abf2-c746554ae948,SHIPPING_DELAY,low,email,2026-07-18T00:00:00,2026-07-20T23:00:00,refund_issued,fraud
73a4ea78-9387-46f3-983d-2e68248046ce,e94f497b64b4c843216126feedb1dfae,ecb8a2a4-f5cb-4039-affa-1cc59545d421,REFUND,medium,app,2026-07-14T00:00:00,2026-07-14T15:00:00,info_provided,fraud
bf3fe560-2c84-4e6d-84e1-b3dd9a61be0a,e94f497b64b4c843216126feedb1dfae,20c8fe68-40cb-46d2-8bbe-dfd441c7da45,ORDER_STATUS,medium,email,2026-07-21T00:00:00,2026-07-22T03:00:00,info_provided,fraud
a9feefaa-a90e-4ca7-8671-1199e8b2631a,e94f497b64b4c843216126feedb1dfae,732ec4d5-3c91-44de-b973-5dd9e0ffee99,REFUND,medium,email,2026-07-05T00:00:00,2026-07-06T00:00:00,info_provided,fraud
4f14a973-f2e1-4071-bad0-34a4d6331825,e94f497b64b4c843216126feedb1dfae,5605b28a-5542-473f-9f59-ebc9b3bd09b3,REFUND,medium,app,2026-07-19T00:00:00,2026-07-19T12:00:00,info_provided,fraud
f7347d9e-ee8f-418f-a65c-b0457023f540,e94f497b64b4c843216126feedb1dfae,ac549685-4727-4bfd-a407-d983ee6e1e8e,ACCOUNT,low,app,2026-07-11T00:00:00,2026-07-13T23:00:00,info_provided,fraud
223c8bed-eacd-4472-a2ac-1e7dd1cf86b5,e94f497b64b4c843216126feedb1dfae,7b9ee943-d9ea-481b-8bc6-be181fccc1ba,ACCOUNT,high,chat,2026-07-19T00:00:00,2026-07-19T15:00:00,auto_resolved,fraud
509a9a1f-43f5-4eda-9c5b-f1b576aed698,e94f497b64b4c843216126feedb1dfae,f5748090-f468-49ba-8f7e-32ebfb45b111,FRAUD_REVIEW,high,email,2026-07-12T00:00:00,2026-07-12T05:00:00,escalated_to_human,fraud
46727492-e143-41a5-852a-cc49bd0fc1a1,e94f497b64b4c843216126feedb1dfae,0aeb15dd-3c14-483b-905e-b02a19273aaa,ACCOUNT,medium,app,2026-07-22T00:00:00,2026-07-23T08:00:00,refund_issued,fraud
a82ad9bf-3f01-470f-9a97-7b2cd0fc93d6,e94f497b64b4c843216126feedb1dfae,007e173b-6857-4c3f-bcc2-a86e9bb56b04,PAYMENT_ISSUE,medium,app,2026-07-21T00:00:00,2026-07-22T16:00:00,escalated_to_human,fraud
bf0282af-9956-4977-954b-30d4a25fabfc,e94f497b64b4c843216126feedb1dfae,27e5b8ef-a70a-4a0b-ba50-64bb6283504d,REFUND,low,chat,2026-07-23T00:00:00,2026-07-25T21:00:00,auto_resolved,fraud
cc851105-4069-4181-addd-cd6b3e23118d,e94f497b64b4c843216126feedb1dfae,6d6871b1-83fe-4733-b050-ec750b070187,REFUND,high,app,2026-07-09T00:00:00,2026-07-10T00:00:00,escalated_to_human,fraud
aed94db1-5de1-4e84-88f6-7e5f9152418f,e94f497b64b4c843216126feedb1dfae,03f7d5c1-3bf0-4d56-88ad-986759b8e086,CANCELLATION,medium,email,2026-07-03T00:00:00,2026-07-05T18:00:00,escalated_to_human,fraud
c9c14e06-179d-4d7e-a8e1-30727b880e46,e94f497b64b4c843216126feedb1dfae,cdb96ba6-fa78-4f48-922c-eb1ad5b431bc,DAMAGED_ITEM,medium,email,2026-07-13T00:00:00,2026-07-13T05:00:00,auto_resolved,fraud
c1e669f6-6f7d-487b-b293-5e290941cbc1,e94f497b64b4c843216126feedb1dfae,db52ced7-282b-4afb-a354-cb0381510d51,CANCELLATION,medium,app,2026-07-27T00:00:00,2026-07-27T19:00:00,info_provided,fraud
b00f6a7a-b381-4933-9bb1-72415e731ea4,e94f497b64b4c843216126feedb1dfae,288a4bc6-c28c-471f-979f-1c59361ea08a,PAYMENT_ISSUE,low,email,2026-07-01T00:00:00,2026-07-02T20:00:00,info_provided,fraud
86d7e4fd-584e-4884-afe2-5ad96df878d4,e94f497b64b4c843216126feedb1dfae,56ef7ddf-1bea-4f8e-afdc-e2f607a28f6d,SHIPPING_DELAY,low,chat,2026-07-11T00:00:00,2026-07-11T10:00:00,refund_issued,fraud
16eeba55-1aaf-4865-a21d-44df5db40ba9,e94f497b64b4c843216126feedb1dfae,d856d68f-30fa-4e2c-aa55-21641505ae29,SHIPPING_DELAY,medium,email,2026-07-12T00:00:00,2026-07-13T09:00:00,escalated_to_human,fraud
a285d2ba-9f97-4c5c-b515-1f6e8427dcc0,e94f497b64b4c843216126feedb1dfae,d93d0c68-9c88-45fd-9189-3d400cc792a5,DAMAGED_ITEM,high,app,2026-07-17T00:00:00,2026-07-18T12:00:00,auto_resolved,fraud
770db2ad-c2df-42d5-b9dc-68070d9da94f,e94f497b64b4c843216126feedb1dfae,d68014e9-5ed9-4dc9-b212-bdebf6bdb586,DAMAGED_ITEM,high,email,2026-07-22T00:00:00,2026-07-23T01:00:00,info_provided,fraud
33e8ec25-71bb-432b-9563-ba7dfa451201,e94f497b64b4c843216126feedb1dfae,8cf69c84-49fa-4148-8fd8-8be368c6e04b,FRAUD_REVIEW,high,app,2026-07-02T00:00:00,2026-07-02T19:00:00,escalated_to_human,fraud
a2181163-6e96-434d-b6bf-887ab6546f36,e94f497b64b4c843216126feedb1dfae,add19f3c-a207-4003-8b4d-55e2014846ab,FRAUD_REVIEW,high,email,2026-07-19T00:00:00,2026-07-20T09:00:00,escalated_to_human,fraud
1167385f-bcf0-43c9-8778-264f2d3d18a9,e94f497b64b4c843216126feedb1dfae,6d7eb7c8-1078-4b93-b8a8-215a0b058350,REFUND,medium,chat,2026-07-24T00:00:00,2026-07-24T12:00:00,refund_issued,fraud
9acc7173-63ea-41b0-a506-ce148671563a,0db307a3bf5f0cf05e7a62c6c3bb942d,6e1f2145-d06e-46d7-ac81-837b223ed73c,DAMAGED_ITEM,low,chat,2026-07-22T00:00:00,2026-07-24T16:00:00,auto_resolved,new
2520b869-6083-4515-863d-b0f2097f71a7,b33f678a7299da3b06beb4438a8d6908,2c644eb4-d258-48cf-a5ee-47b25175c2c1,SHIPPING_DELAY,medium,chat,2026-07-06T00:00:00,2026-07-07T21:00:00,info_provided,fraud
0a59cd2e-2335-4a4a-9db5-307958693a16,92a4b4c966f31e01ad29b7adc861f25a,8e89cb26-7dca-4074-803a-557c38a64913,REFUND,high,app,2026-04-29T00:00:00,2026-04-30T02:00:00,escalated_to_human,existing
97ea3358-2218-42b7-b21d-72200c5260b5,5f2eb40c7352bf49c3876e764133f0c2,1a04da5c-ab95-43b2-9fbc-2b45365bcf6b,PAYMENT_ISSUE,low,app,2026-07-27T00:00:00,2026-07-29T17:00:00,info_provided,existing
d5078499-cb44-4c8a-83a6-014621866e1d,f4371991881a328886a134bbc99cec9e,e8d0a723-3e7c-466e-bd9b-67ec7906b2a5,CANCELLATION,high,chat,2026-07-13T00:00:00,2026-07-14T21:00:00,refund_issued,new
123e76b1-dfc5-4aeb-a66d-a1bd76de0c5e,80751f3256e9ecc03c4556904f6d72c8,db680652-e580-42d9-a976-619409f1e3b8,ACCOUNT,medium,app,2026-07-12T00:00:00,2026-07-13T01:00:00,escalated_to_human,existing
45c44f80-de4b-4aba-8fdc-1acf3843c855,edf55e0391148600e839275491f147e5,079b374a-4367-4d04-865d-7e0a5b73847d,REFUND,high,app,2026-06-25T00:00:00,2026-06-27T03:00:00,refund_issued,new
85175fd5-eba1-4136-a1fd-014ea1ff2a41,437ca9feaa724197fb6f66a2b9060bed,850b3f2c-bca7-48ee-8fb6-d52b537535a3,REFUND,high,email,2026-07-09T00:00:00,2026-07-10T18:00:00,info_provided,new
9b33cb2f-2c68-4c16-a555-fddb2bfcd14c,255db56b61e0c9227afd094f0a2f1aa5,bb91b369-ca1b-44b0-b754-e59ec06e760b,SHIPPING_DELAY,high,app,2026-05-28T00:00:00,2026-05-30T23:00:00,escalated_to_human,existing
130d48bc-e5ad-424b-8349-1bf1337001e1,886fa36372fc4428557e3352f37ffc55,3659e5c2-0c5d-4165-b475-4d9f253dbcaa,ORDER_STATUS,high,email,2026-07-09T00:00:00,2026-07-09T09:00:00,escalated_to_human,new
ba0332dc-9d86-4d0e-b81d-a1b3757a3747,e719553726c32083e14d368222557f1b,36bacfd2-7175-43ef-8173-47763d73479f,ORDER_STATUS,high,chat,2025-09-20T00:00:00,2025-09-20T18:00:00,info_provided,existing
cbd83243-cc57-422a-8bcd-131e2ec7b6be,3e7093ecfc2d4fda791cc93d9e18c3ad,21694d26-c534-4118-9da8-099bcd8072f2,REFUND,high,email,2026-06-29T00:00:00,2026-06-29T02:00:00,refund_issued,existing
1591fb66-8101-46e6-af7a-c99f68c0b4b4,af891fdabc40f3e11c5813f876b5257f,bf50e92d-b077-4215-b6ab-c6398487bba9,DAMAGED_ITEM,medium,email,2026-07-18T00:00:00,2026-07-18T04:00:00,auto_resolved,new
2aebce77-7b0c-4429-93d8-5e91ed2a2201,af891fdabc40f3e11c5813f876b5257f,17f7853d-75bb-4b9b-8f0c-33fc19c7478d,REFUND,medium,chat,2026-07-10T00:00:00,2026-07-10T14:00:00,auto_resolved,new
9eedeb1e-b44d-438d-992b-dd7ea74d8ffe,bec4565233c872dc005b32e9616669d1,2a154ca0-1190-463e-8aef-bb6bb4819927,SHIPPING_DELAY,low,email,2026-07-24T00:00:00,2026-07-24T15:00:00,info_provided,existing
a4115c1f-1fef-4682-bdfe-ea2aca9cc1ca,184f9811137ce4bd9fb8308cf535a857,7ee6a889-df87-4841-a97d-b031abf595dd,ORDER_STATUS,high,chat,2026-07-23T00:00:00,2026-07-25T11:00:00,refund_issued,existing
2b96993d-934d-418d-a27b-e2e28624874a,184f9811137ce4bd9fb8308cf535a857,d45c3029-40e2-401b-befd-6ae738ca0d5d,REFUND,medium,chat,2026-07-10T00:00:00,2026-07-12T14:00:00,escalated_to_human,existing
77dfb175-41ee-4c51-ae14-8ddbe63b01c0,184f9811137ce4bd9fb8308cf535a857,b4592e24-62b7-468b-8146-16d26409e1e7,SHIPPING_DELAY,medium,email,2026-07-06T00:00:00,2026-07-06T01:00:00,refund_issued,existing
b96524c5-e1b1-43c6-9ff7-4270dd2591e9,513f44fd9ef4992cdf77e9b60dd986af,5bd0d695-a35c-4367-8342-4dd74e680454,CANCELLATION,high,chat,2026-07-24T00:00:00,2026-07-25T01:00:00,info_provided,new
5a1b373a-fa73-4b83-9d54-57f6794f3dc6,513f44fd9ef4992cdf77e9b60dd986af,c550d230-1a08-4c1c-a8f7-43411fa23f1a,PAYMENT_ISSUE,low,app,2026-07-17T00:00:00,2026-07-19T15:00:00,escalated_to_human,new
6dfb0d6c-990d-434b-8540-80fe1e8408d4,2d2f795be3c86374ae2ffecaac3c4013,75b842a1-92c0-4425-9b24-e7950dd4c820,SHIPPING_DELAY,high,chat,2026-01-06T00:00:00,2026-01-06T14:00:00,refund_issued,existing
c12e153f-b439-4487-96c8-7d15e5b64616,598303f52e054ede6c3b5d53ba72ff65,17d8113f-e6c6-405a-9e4c-1b10f1efac85,CANCELLATION,medium,app,2026-07-19T00:00:00,2026-07-20T07:00:00,refund_issued,new
6afa9457-8f61-462f-84ed-012a63e6b276,278fe707d0e9a60b36b5de18762499f4,1dacfc29-90f2-4f91-8694-342ef1fc293b,REFUND,high,app,2026-06-28T00:00:00,2026-06-29T09:00:00,refund_issued,new
9b74acd6-32d5-4029-8c0f-c621dcf5eddf,8edc207feeb0cf1b7094bd24e55b03fc,83f91a57-4459-4f6c-a52d-28b2902b302c,DAMAGED_ITEM,low,email,2026-04-04T00:00:00,2026-04-04T19:00:00,info_provided,existing
14ea32a4-1c53-4ca1-aa43-fef9a6a2fa0f,ef94ab37c9e865083fb1916862c23fd2,145f822e-f44a-4aa2-9fd2-09fb2fdba83e,ACCOUNT,low,app,2026-05-24T00:00:00,2026-05-25T12:00:00,auto_resolved,existing
e0f75ffe-bf0e-4b44-bd38-a7a172fe0df8,ef94ab37c9e865083fb1916862c23fd2,6da844c4-7381-4857-a510-f80c57ae7d1d,ORDER_STATUS,medium,email,2026-05-18T00:00:00,2026-05-20T18:00:00,auto_resolved,existing
7ac9e51c-c462-4b99-a66e-47c94b570bc4,ef94ab37c9e865083fb1916862c23fd2,d7f949dd-edab-460f-9103-0a7b78875ff7,SHIPPING_DELAY,high,app,2026-05-28T00:00:00,2026-05-30T18:00:00,info_provided,existing
b078f4a4-88f9-49f1-a27e-b0ca3d29086f,d3b1ea21e85de5679eb875b8a3a9dd4c,9ae10ec1-6bf2-473e-8d40-b01ca0669fa9,ACCOUNT,high,app,2026-06-29T00:00:00,2026-07-02T00:00:00,escalated_to_human,fraud
a837e36e-6c43-46bd-9542-c2d86b9a1840,d3b1ea21e85de5679eb875b8a3a9dd4c,bb6a8c03-7df2-459c-a2a9-4fb5aed2edc4,ACCOUNT,medium,chat,2026-07-14T00:00:00,2026-07-16T02:00:00,info_provided,fraud
08365e8c-470f-440e-8329-d1de0ffc0abb,d3b1ea21e85de5679eb875b8a3a9dd4c,8de30caf-e25d-4e46-ad0a-1a5272832a31,SHIPPING_DELAY,high,chat,2026-07-07T00:00:00,2026-07-09T17:00:00,refund_issued,fraud
f571c084-9383-44be-a60e-b6877c255093,d3b1ea21e85de5679eb875b8a3a9dd4c,96570105-1063-4bdf-bd84-c1d74f3a1230,REFUND,low,app,2026-07-26T00:00:00,2026-07-28T22:00:00,auto_resolved,fraud
738a0c1f-0e27-48b6-af42-bc80113ee147,d3b1ea21e85de5679eb875b8a3a9dd4c,a7eb70b8-2a13-4125-8f32-a93173397416,ORDER_STATUS,low,app,2026-07-23T00:00:00,2026-07-24T03:00:00,escalated_to_human,fraud
67df1c48-8640-44f0-bf46-7d269678b6fb,d3b1ea21e85de5679eb875b8a3a9dd4c,9ca63b63-8ef0-4198-b883-c46a0798f5ef,ORDER_STATUS,medium,app,2026-07-11T00:00:00,2026-07-11T22:00:00,escalated_to_human,fraud
b6f284bb-d304-446b-b9f4-a0603ec236a5,d3b1ea21e85de5679eb875b8a3a9dd4c,717ddcc1-671c-4324-9342-c65271b9b49b,CANCELLATION,high,app,2026-07-09T00:00:00,2026-07-09T12:00:00,auto_resolved,fraud
8b1559da-1e7a-43f7-9413-ab0e586a06a2,d3b1ea21e85de5679eb875b8a3a9dd4c,5e43787c-1d9c-4c82-aa7d-f9cf861d787c,FRAUD_REVIEW,high,app,2026-07-18T00:00:00,2026-07-20T02:00:00,escalated_to_human,fraud
02c57db6-2d12-40de-884c-67dc70467073,d3b1ea21e85de5679eb875b8a3a9dd4c,07258fd6-9504-4796-9bdd-09667a85f384,PAYMENT_ISSUE,medium,chat,2026-07-25T00:00:00,2026-07-27T16:00:00,refund_issued,fraud
0c9628c2-8c92-4445-b9a2-95b3bd55ca52,d3b1ea21e85de5679eb875b8a3a9dd4c,c9360b0c-ef77-45d6-800d-84a3686d1257,PAYMENT_ISSUE,high,chat,2026-07-07T00:00:00,2026-07-08T16:00:00,auto_resolved,fraud
afc529ca-9823-4f3b-81ff-51b79413ccb5,d3b1ea21e85de5679eb875b8a3a9dd4c,a54bc523-0058-40fa-83f6-084bf4100214,REFUND,medium,app,2026-07-16T00:00:00,2026-07-16T17:00:00,auto_resolved,fraud
40b06712-037a-4346-93fb-c3afe41ad427,084b52bfe7638733e0c99f8139ea3924,b14b56ae-edd3-48e7-9bf6-aed5d0f392ba,REFUND,medium,app,2026-05-03T00:00:00,2026-05-04T03:00:00,info_provided,churn_risk
2a18a387-ce57-419a-bfbf-628463d47ad1,7cf6aa111c7b888b8f9fcc26b6fa1130,58bab991-d742-4b31-a137-5790faf69df7,SHIPPING_DELAY,low,app,2026-07-25T00:00:00,2026-07-26T22:00:00,escalated_to_human,new
02c2bd26-ddd1-406f-960a-c797ae53c741,7cf6aa111c7b888b8f9fcc26b6fa1130,2d12702a-a826-4305-9079-340e64c96898,PAYMENT_ISSUE,high,app,2026-07-10T00:00:00,2026-07-12T12:00:00,refund_issued,new
e43fe07b-be72-4af1-9621-1f63fba6b4cb,f2ee0221f86c32532028f6be7f94f07b,37754664-d0ba-4e18-b1a2-a565a3883b72,PAYMENT_ISSUE,medium,email,2026-07-28T00:00:00,2026-07-28T22:00:00,refund_issued,new
8508c25c-50b1-4e01-97af-e90cdae6153b,a9b4929689bc74b4d8764b7214a9bbc8,f9e3dcdf-2771-46dd-b337-9f30a6d43ac9,SHIPPING_DELAY,high,chat,2026-07-25T00:00:00,2026-07-25T22:00:00,refund_issued,existing
51664083-b2e1-4d28-b15d-01e571857b0f,a9b4929689bc74b4d8764b7214a9bbc8,a1b9d222-a862-4210-bd9d-91bf09537908,REFUND,high,chat,2026-06-05T00:00:00,2026-06-07T08:00:00,auto_resolved,existing
43b6bd4c-c82a-4537-8639-7c16e217349a,84f30d2fd3937449dc7e0c835c281961,fc8e5d93-ed24-47b8-89d7-922237590af2,DAMAGED_ITEM,high,app,2025-07-04T00:00:00,2025-07-06T07:00:00,refund_issued,existing
f69cfad8-ba75-448c-81ae-059ee7aebbc9,cb5c545d96f39390b7f372aaa88c4a7e,0a0a3596-1e14-4486-8234-62f88a90c65d,REFUND,medium,email,2026-07-17T00:00:00,2026-07-17T04:00:00,auto_resolved,new
9b68c113-36c6-420c-93cb-ddd773a07cc2,04f621df77702e8f5e8fb25c81c5bf5c,918929ec-8302-498a-aa92-4d9b4adc92e0,REFUND,high,app,2026-07-03T00:00:00,2026-07-05T09:00:00,escalated_to_human,new
df8afb32-ba67-4f60-9a18-7237f67d5d42,75ecead8782ef6730e1f7e51f7052f75,b3508e2c-9b07-4c4a-a5fa-b7da290c8498,DAMAGED_ITEM,medium,app,2026-06-30T00:00:00,2026-07-01T18:00:00,escalated_to_human,fraud
8becda24-387b-45a4-915e-89739463ebed,75ecead8782ef6730e1f7e51f7052f75,4ed53a3e-8c1b-4b89-9206-74945162764c,FRAUD_REVIEW,high,email,2026-07-17T00:00:00,2026-07-19T20:00:00,escalated_to_human,fraud
68e396c5-dab7-431f-99d4-51470795508e,75ecead8782ef6730e1f7e51f7052f75,00018d9f-2eaa-4fda-aa82-4ad26b7abb4f,DAMAGED_ITEM,low,chat,2026-07-26T00:00:00,2026-07-27T18:00:00,auto_resolved,fraud
0f99e1a7-fdb6-4e37-bbae-76abc8d6964d,75ecead8782ef6730e1f7e51f7052f75,57ef77f4-00ef-4f8b-9cf9-57e8ddcea396,FRAUD_REVIEW,high,app,2026-07-18T00:00:00,2026-07-20T15:00:00,escalated_to_human,fraud
83f85799-bd28-45ae-b834-0d6965588de3,75ecead8782ef6730e1f7e51f7052f75,061ea5ef-3ec0-4b8d-b86f-3f3161211967,PAYMENT_ISSUE,low,app,2026-06-20T00:00:00,2026-06-20T06:00:00,auto_resolved,fraud
2b817ca2-81ba-44ac-9ba4-15fac63d81a5,75ecead8782ef6730e1f7e51f7052f75,7f2dd499-91b9-4789-b9d3-ffcbb4765e84,CANCELLATION,low,app,2026-07-18T00:00:00,2026-07-20T16:00:00,auto_resolved,fraud
3e65c9a3-2101-4802-a32e-9f7ca43f0d94,75ecead8782ef6730e1f7e51f7052f75,bbf627dd-e51b-4824-956d-4a6ed8c76f92,REFUND,high,email,2026-07-14T00:00:00,2026-07-15T09:00:00,auto_resolved,fraud
0bf032ff-0e4b-451c-9a49-ce9bc99a9f9f,75ecead8782ef6730e1f7e51f7052f75,5ce8a264-e63a-497e-9677-84f962f8fccf,PAYMENT_ISSUE,high,app,2026-07-09T00:00:00,2026-07-09T15:00:00,escalated_to_human,fraud
48d10038-3a03-4015-a73e-b4a7a26fb8cd,75ecead8782ef6730e1f7e51f7052f75,79e1d588-f5a4-4db0-a217-3e5df1adf337,SHIPPING_DELAY,medium,chat,2026-07-09T00:00:00,2026-07-10T19:00:00,escalated_to_human,fraud
45cf85a9-78db-4d3d-ae26-30f2d76b14d5,75ecead8782ef6730e1f7e51f7052f75,fc2bf3ec-e7d1-4d90-bf1f-6f4a19729029,REFUND,low,app,2026-06-24T00:00:00,2026-06-24T21:00:00,escalated_to_human,fraud
b627f7b6-25f6-412f-baa5-cc7780bee1b1,75ecead8782ef6730e1f7e51f7052f75,bc427c46-cabd-41a8-8d12-360afeedca15,CANCELLATION,high,chat,2026-07-18T00:00:00,2026-07-18T12:00:00,auto_resolved,fraud
df2af9c1-163d-4ad3-8ed6-b879046bc47a,0228e299d1cabeaf9be64b5ccd784c97,9e34b659-18b1-45df-bcf1-df4b2f849f1f,SHIPPING_DELAY,low,email,2026-05-17T00:00:00,2026-05-17T03:00:00,auto_resolved,fraud
99c1a818-4050-4283-810d-5c39cce28249,0228e299d1cabeaf9be64b5ccd784c97,fb2e9525-a5bc-4d83-9f67-6e8b96914895,REFUND,medium,chat,2026-05-27T00:00:00,2026-05-28T00:00:00,refund_issued,fraud
e579d99e-5cd5-422a-9f16-f188eb9eb231,0228e299d1cabeaf9be64b5ccd784c97,26ecc4c0-a693-4cc7-9600-560eba78fe67,CANCELLATION,low,email,2026-05-31T00:00:00,2026-06-01T03:00:00,escalated_to_human,fraud
a9a886f4-9a4a-4d27-a7c4-48c228c6032b,0228e299d1cabeaf9be64b5ccd784c97,74fc3da0-cb12-4506-b62d-baf6cb339049,FRAUD_REVIEW,high,app,2026-07-17T00:00:00,2026-07-18T21:00:00,escalated_to_human,fraud
225f44de-965c-45d5-914e-390b47f783a5,0228e299d1cabeaf9be64b5ccd784c97,0fd7ed9c-3978-4a3b-892f-d608804cdd80,SHIPPING_DELAY,high,chat,2026-06-06T00:00:00,2026-06-06T12:00:00,auto_resolved,fraud
d66c65ff-46ae-4e51-b59b-e461729956bb,0228e299d1cabeaf9be64b5ccd784c97,4b019c32-8771-4381-bc32-b4e667cd1114,CANCELLATION,low,email,2026-06-15T00:00:00,2026-06-16T16:00:00,auto_resolved,fraud
ce49f2ab-b51c-46e9-b289-ee1ee2b25b32,0228e299d1cabeaf9be64b5ccd784c97,6f728e31-9c54-4ed2-846d-44c18e757734,CANCELLATION,low,app,2026-06-13T00:00:00,2026-06-15T01:00:00,auto_resolved,fraud
e8209631-61c8-4692-b101-66634bf5140d,0228e299d1cabeaf9be64b5ccd784c97,a5a5f434-d0a7-468f-8be5-d61fa4913db0,SHIPPING_DELAY,medium,chat,2026-05-12T00:00:00,2026-05-12T09:00:00,escalated_to_human,fraud
9864be0f-decd-4fdd-a5c1-4f7063b02d5d,0228e299d1cabeaf9be64b5ccd784c97,bd2fe2bc-286d-46e6-a9cd-4961411588e1,CANCELLATION,high,chat,2026-05-29T00:00:00,2026-05-31T15:00:00,info_provided,fraud
e44c5f85-6220-4ca7-9b59-22d337bf5028,0228e299d1cabeaf9be64b5ccd784c97,d20f437c-1cd8-4da1-98d5-e9a64a1f3186,CANCELLATION,low,chat,2026-07-19T00:00:00,2026-07-20T01:00:00,refund_issued,fraud
2c952296-ca0d-43ff-8fe1-c5d0ba061ca6,0228e299d1cabeaf9be64b5ccd784c97,43d676a0-b751-4008-bad6-5077cb2e984a,FRAUD_REVIEW,high,app,2026-06-15T00:00:00,2026-06-16T10:00:00,escalated_to_human,fraud
625560aa-0df6-4d5a-9776-bf656e1db9b0,d864fec759886e2c8ee25038e7f095ab,0fc69c4b-112e-4db4-8265-1637587de34c,ACCOUNT,medium,app,2026-07-17T00:00:00,2026-07-19T12:00:00,refund_issued,new
aa9ca7ae-4b11-47d6-93d1-d844683c0b43,a012820fbbced38a03331716e231e0ba,48afa0e3-154b-45cb-8bef-cf3fb695a27b,FRAUD_REVIEW,high,app,2026-07-16T00:00:00,2026-07-18T05:00:00,escalated_to_human,fraud
d0300d65-9840-4274-b453-84dc4700416f,a012820fbbced38a03331716e231e0ba,784fed6e-fe3b-4933-948e-8cdd1eebf323,FRAUD_REVIEW,high,app,2026-07-19T00:00:00,2026-07-20T15:00:00,escalated_to_human,fraud
e9dcc561-0df7-4491-92ff-d3cb45cfab5b,a012820fbbced38a03331716e231e0ba,da676c93-07d3-411f-b53c-ce40e3d1df87,FRAUD_REVIEW,high,chat,2026-07-12T00:00:00,2026-07-12T11:00:00,escalated_to_human,fraud
7bc26eeb-c351-42f6-9361-43a3ce68254d,a012820fbbced38a03331716e231e0ba,8405a3c9-d3a8-48cb-b702-4eee43279f40,FRAUD_REVIEW,high,chat,2026-07-14T00:00:00,2026-07-14T16:00:00,escalated_to_human,fraud
5bbd2db1-3674-4d0f-bf1e-9a0b3a425c7d,a012820fbbced38a03331716e231e0ba,0330732c-68b0-4d9c-9308-c4f8fb27c965,CANCELLATION,high,chat,2026-07-04T00:00:00,2026-07-05T04:00:00,info_provided,fraud
868c8168-b2ce-4930-8989-b753212696e7,a012820fbbced38a03331716e231e0ba,0d5a3dc1-2b87-4131-a444-6350f15bae78,FRAUD_REVIEW,high,chat,2026-07-28T00:00:00,2026-07-30T13:00:00,escalated_to_human,fraud
ac4134fd-4656-4603-a830-7177be7ceded,a012820fbbced38a03331716e231e0ba,2998b7c2-0d02-4aba-babb-6c559f16f786,REFUND,medium,chat,2026-07-26T00:00:00,2026-07-27T01:00:00,refund_issued,fraud
325130c5-0b02-490a-90ba-c8939b1c36da,a012820fbbced38a03331716e231e0ba,0c74fb6a-a1eb-4d8c-8326-3d04da193727,FRAUD_REVIEW,high,chat,2026-07-07T00:00:00,2026-07-09T14:00:00,escalated_to_human,fraud
2bdb7e06-0499-45c0-8837-b309020e5242,a012820fbbced38a03331716e231e0ba,8fa4c98c-9e5b-4103-9fc7-ba2e8144e7cb,REFUND,medium,email,2026-07-04T00:00:00,2026-07-05T17:00:00,refund_issued,fraud
60d7f995-1a4a-40b5-82f7-8e6f9b88a1e6,a012820fbbced38a03331716e231e0ba,100e8b5d-9366-4323-9d17-6876371c199e,ACCOUNT,low,chat,2026-07-19T00:00:00,2026-07-21T14:00:00,auto_resolved,fraud
b034eaa4-7fd1-49eb-b176-bff29bb95b82,a012820fbbced38a03331716e231e0ba,f65065bc-7f56-4cf1-a29b-b16014dd78c7,REFUND,medium,app,2026-07-02T00:00:00,2026-07-04T20:00:00,auto_resolved,fraud
a1079c5a-4f64-4b2f-a536-fdd185e111b6,a012820fbbced38a03331716e231e0ba,f4f74543-2b4a-47ab-8998-e75a3254b4c1,REFUND,medium,email,2026-07-12T00:00:00,2026-07-14T19:00:00,info_provided,fraud
d5636165-9594-4bc4-a20f-8edd611f0ac1,a012820fbbced38a03331716e231e0ba,790ea68d-d56e-4963-ad86-9e5f2ed69271,SHIPPING_DELAY,high,app,2026-07-06T00:00:00,2026-07-07T15:00:00,auto_resolved,fraud
f172b3de-e1a3-4fb2-9cc1-29016fbeff41,a012820fbbced38a03331716e231e0ba,7245e450-1e57-4a7c-8ef6-9f8d9b35cf70,FRAUD_REVIEW,high,chat,2026-06-29T00:00:00,2026-06-30T20:00:00,escalated_to_human,fraud
c2686a11-cb2a-440b-8b0f-df87617b6324,a012820fbbced38a03331716e231e0ba,edaa9668-4520-4606-9257-26dc8a3fedf8,ORDER_STATUS,low,email,2026-07-15T00:00:00,2026-07-17T02:00:00,auto_resolved,fraud
a3cdcb76-19eb-4137-b881-5732ed9adf78,a012820fbbced38a03331716e231e0ba,a8a576ea-e929-4738-a23b-197cbd8897cb,SHIPPING_DELAY,medium,chat,2026-07-22T00:00:00,2026-07-22T11:00:00,refund_issued,fraud
11f58be1-2245-4b02-84be-18a429c0707c,a012820fbbced38a03331716e231e0ba,fb0b3cb9-a602-4593-be4a-0a7e1a89348c,SHIPPING_DELAY,low,app,2026-06-28T00:00:00,2026-06-30T17:00:00,auto_resolved,fraud
26405fc6-bb58-481a-860e-a212ff654291,a012820fbbced38a03331716e231e0ba,7ce0a38d-c32a-4d27-9a9e-e1d3a0cb4448,ACCOUNT,low,app,2026-07-30T00:00:00,2026-07-30T02:00:00,auto_resolved,fraud
0fe31787-4f2d-448c-a0e6-50445573e815,a012820fbbced38a03331716e231e0ba,a1b8d1f8-1905-4051-80db-af203acab778,REFUND,low,email,2026-07-07T00:00:00,2026-07-08T18:00:00,refund_issued,fraud
eb117d4b-102f-4bab-b798-5ea9e4b98639,a012820fbbced38a03331716e231e0ba,fd77d5c2-8bdd-433d-9aa9-eff6ab133287,SHIPPING_DELAY,high,app,2026-07-24T00:00:00,2026-07-25T16:00:00,refund_issued,fraud
7c5aea2d-09e7-4452-a5a9-5507ddc2c835,a012820fbbced38a03331716e231e0ba,0d8930bf-905b-4f57-8ecf-839dd83c31a0,REFUND,low,email,2026-07-10T00:00:00,2026-07-10T21:00:00,auto_resolved,fraud
29c162c6-d1b7-4283-ad32-dced4654422c,a012820fbbced38a03331716e231e0ba,9fe14d13-c4b5-474a-a4d4-196106b0ad9f,SHIPPING_DELAY,medium,app,2026-07-05T00:00:00,2026-07-07T10:00:00,auto_resolved,fraud
aff6d5b8-550c-4ce0-a932-e7337edee8de,a012820fbbced38a03331716e231e0ba,3ddf4116-9a40-4e3c-9a2b-5c8d5a151f03,PAYMENT_ISSUE,low,email,2026-06-30T00:00:00,2026-06-30T17:00:00,refund_issued,fraud
b8788c3e-eae7-443d-848d-f3cbc8b1c30f,a012820fbbced38a03331716e231e0ba,82fda217-7f29-4128-893c-1f1e4bb83d19,SHIPPING_DELAY,medium,chat,2026-07-08T00:00:00,2026-07-10T18:00:00,refund_issued,fraud
fe480663-666f-42f0-9c7c-a932c670e853,c4854939d499d4786a9273c855fa6b77,6ad1a5b5-d9bc-41b5-870d-dd007c7638bd,REFUND,low,chat,2026-07-27T00:00:00,2026-07-27T23:00:00,info_provided,fraud
68a5b333-4c47-4748-b611-20a7f6958b3d,c4854939d499d4786a9273c855fa6b77,4c48849a-d961-4545-ae7d-8a1830932f21,ORDER_STATUS,low,chat,2026-07-21T00:00:00,2026-07-22T00:00:00,auto_resolved,fraud
4866ec8c-2e71-4adb-b15c-7bd0654377a7,c4854939d499d4786a9273c855fa6b77,e9efd11d-6351-4c08-95be-64839250f18c,CANCELLATION,medium,chat,2026-07-16T00:00:00,2026-07-16T19:00:00,escalated_to_human,fraud
b0583048-b16d-43e9-a533-e7d9a058e0a4,29c059c81f62aa098e896ddd7fbc5c32,c7cf8125-4cda-490e-a043-72f1435874f9,REFUND,high,app,2026-07-08T00:00:00,2026-07-10T10:00:00,auto_resolved,existing
4f66d40a-a2c5-490b-96fe-211f6f46fb5a,29c059c81f62aa098e896ddd7fbc5c32,6cbac49c-896b-418d-a3b5-0864467a554c,DAMAGED_ITEM,high,app,2026-07-16T00:00:00,2026-07-17T08:00:00,info_provided,existing
8b9a80b6-d3c2-4020-b3c8-98f10685e949,fd837fa3548f0e74f75081f38a34e56b,c3292403-1f91-4793-9ff6-df7b0695141f,PAYMENT_ISSUE,low,app,2026-07-23T00:00:00,2026-07-24T19:00:00,escalated_to_human,fraud
13e7913a-019d-4a82-b6b6-e7bfdb941a76,fd837fa3548f0e74f75081f38a34e56b,a479a0e8-6883-433f-bbca-de0d81e5c7b0,ACCOUNT,low,chat,2026-07-24T00:00:00,2026-07-25T16:00:00,escalated_to_human,fraud
58f790fc-b086-4e76-9ec9-04c14a5871d8,fd837fa3548f0e74f75081f38a34e56b,f3365e3c-ce04-4f54-bdec-377489e878aa,SHIPPING_DELAY,low,email,2026-06-29T00:00:00,2026-06-29T04:00:00,auto_resolved,fraud
09f2f53a-6df4-4ce4-a145-96f9843ade9f,4ddeefbdd502268d9c7223d31452481c,f28f80d4-a93c-47ba-a5fa-9c211ab144e5,ORDER_STATUS,low,chat,2026-07-18T00:00:00,2026-07-18T03:00:00,auto_resolved,new
38c1c244-414f-48cd-9d46-8c5e70087693,5abaf8290581633718e3ad75f2400643,2960c387-000e-4760-891b-2413504f54ca,SHIPPING_DELAY,medium,email,2026-03-13T00:00:00,2026-03-14T16:00:00,info_provided,existing
5fe1470e-3f1d-403d-baaa-f2df9feea55a,43fcee98a4442ab2f299df637f8e2413,5e412d18-57ad-41ce-9ecd-d9a95601d493,SHIPPING_DELAY,low,app,2026-06-25T00:00:00,2026-06-25T22:00:00,auto_resolved,fraud
90a7c0ed-e8ec-4696-8bea-909ba17f2edd,43fcee98a4442ab2f299df637f8e2413,73f115b9-f584-4448-86da-d6452e58c492,REFUND,medium,email,2026-07-17T00:00:00,2026-07-18T20:00:00,info_provided,fraud
6e350f8b-e165-409b-8f3f-e63bf3190b94,43fcee98a4442ab2f299df637f8e2413,845b190d-d373-40f0-a164-d81b5cf74ea2,ORDER_STATUS,high,email,2026-07-14T00:00:00,2026-07-15T00:00:00,auto_resolved,fraud
6fe454b3-f8ee-4b87-a8cb-1e2a9fd4fd5d,43fcee98a4442ab2f299df637f8e2413,0f271123-ec0b-4db5-b442-d22b4e0a9e68,FRAUD_REVIEW,high,app,2026-07-11T00:00:00,2026-07-11T07:00:00,escalated_to_human,fraud
c009bdcb-1d5a-4b3a-91f9-3f1743563091,43fcee98a4442ab2f299df637f8e2413,5824e148-301d-4201-ad6b-7c63f1a3cee2,REFUND,low,app,2026-07-16T00:00:00,2026-07-17T18:00:00,info_provided,fraud
6d0dfd2e-024a-4652-bbbe-ffda466c8f2c,43fcee98a4442ab2f299df637f8e2413,26ae2c4d-bfad-4699-866b-ead3e0565b66,PAYMENT_ISSUE,medium,chat,2026-07-14T00:00:00,2026-07-14T23:00:00,info_provided,fraud
68e91064-ada5-46c5-b8cf-41f236c4fc7e,43fcee98a4442ab2f299df637f8e2413,2446d682-3ef6-466d-8e09-7ea57ec8eca2,PAYMENT_ISSUE,medium,chat,2026-07-15T00:00:00,2026-07-15T17:00:00,refund_issued,fraud
41bfa8e2-5e08-4a3f-b7d7-228866da3ad6,7c64114d404c93f2c4305a9f2e7dc3eb,fa82dea5-ef83-439b-8fe1-1360b898c3d1,ORDER_STATUS,medium,app,2026-07-18T00:00:00,2026-07-18T22:00:00,escalated_to_human,fraud
207a21ac-fc05-4a00-be8d-baf2b79c0b5f,7c64114d404c93f2c4305a9f2e7dc3eb,214f1b92-783a-4bf2-bdae-b30f921932df,FRAUD_REVIEW,high,email,2026-07-03T00:00:00,2026-07-03T17:00:00,escalated_to_human,fraud
942bd4e3-5ade-421e-8ea9-7ed3c610cf93,7c64114d404c93f2c4305a9f2e7dc3eb,25f00843-fda4-454c-96e2-21bfc373253e,FRAUD_REVIEW,high,app,2026-06-30T00:00:00,2026-07-01T06:00:00,escalated_to_human,fraud
53a0cb19-410c-4f94-8571-c7510e7d21c7,7c64114d404c93f2c4305a9f2e7dc3eb,92a27669-ba3b-43de-a7b5-5e632087b4d9,SHIPPING_DELAY,high,app,2026-06-06T00:00:00,2026-06-06T09:00:00,auto_resolved,fraud
4e88938f-5df5-463f-a153-b8ab0291f6e2,7c64114d404c93f2c4305a9f2e7dc3eb,2dd27072-01ce-4b48-9a91-8645c543955d,REFUND,high,email,2026-07-15T00:00:00,2026-07-16T07:00:00,escalated_to_human,fraud
9ce91a24-2097-437d-a464-82fec4ce37ca,7c64114d404c93f2c4305a9f2e7dc3eb,a06874af-fa01-4193-bc1f-fd7150ae2f34,DAMAGED_ITEM,medium,chat,2026-06-20T00:00:00,2026-06-20T21:00:00,refund_issued,fraud
92d637ca-e586-4802-a0bb-5ef5b00c1941,7c64114d404c93f2c4305a9f2e7dc3eb,e12a5ab5-f402-43ff-948d-e5b188c15e5a,FRAUD_REVIEW,high,chat,2026-05-25T00:00:00,2026-05-27T17:00:00,escalated_to_human,fraud
8acdf1c0-e7ef-4909-9a68-46647c0e9673,7c64114d404c93f2c4305a9f2e7dc3eb,6b34be1f-bfc0-4b46-be00-783a5cf2322a,ACCOUNT,medium,email,2026-07-08T00:00:00,2026-07-09T15:00:00,escalated_to_human,fraud
5236ca5c-65fb-4a94-86f1-d2c63576a28c,7c64114d404c93f2c4305a9f2e7dc3eb,4abf81a8-488d-4fcc-8138-aaea66d683b4,REFUND,high,chat,2026-05-13T00:00:00,2026-05-13T08:00:00,info_provided,fraud
4a7aa50a-b21b-4fcb-a273-d83e2c746476,6d9ccbd8cc7ce34491c34c7ce5d03767,35fac7e5-27ea-464e-bb12-e6df387c3dc0,PAYMENT_ISSUE,high,app,2026-07-10T00:00:00,2026-07-10T09:00:00,auto_resolved,new
3b623824-b02f-4bc6-94a7-2fcbc5a5b7d0,a61f05883cecf76583e22f4283e3c015,b1dc1cb6-54a6-4231-a491-1f55090c86c9,DAMAGED_ITEM,medium,chat,2026-07-01T00:00:00,2026-07-02T23:00:00,refund_issued,new
00a391d2-7081-44f6-9557-37dd31327c96,bf7e07e4ccc7df0889db4653d60c3f27,b1c1be03-77c6-4dc3-be9b-36a62133a7d3,SHIPPING_DELAY,medium,app,2026-07-04T00:00:00,2026-07-05T01:00:00,info_provided,new
ddab4a99-0e16-40f1-a7be-c7f2a981f810,17edcf1332227a04be5ee81262f0757e,f7f440d0-aef6-40e1-8a86-d2d91e89e69b,CANCELLATION,high,app,2026-07-09T00:00:00,2026-07-10T06:00:00,escalated_to_human,new
da225378-a97d-4d50-9195-6b7330f6d2dd,17edcf1332227a04be5ee81262f0757e,5fb82c10-ea88-4d21-bc71-d55283f70c46,ORDER_STATUS,low,chat,2026-07-12T00:00:00,2026-07-14T18:00:00,auto_resolved,new
c2003ced-6d8c-462b-98bd-f147aa02906a,17edcf1332227a04be5ee81262f0757e,f0479b6f-ce5b-4ee5-8e12-c6d10a51a13d,CANCELLATION,low,app,2026-07-03T00:00:00,2026-07-03T12:00:00,auto_resolved,new
cc9fa8a7-40c7-42ee-9fb7-67af93e6e007,17edcf1332227a04be5ee81262f0757e,799dca31-fdc6-446c-98e7-449209a2ced6,DAMAGED_ITEM,medium,chat,2026-07-01T00:00:00,2026-07-02T20:00:00,refund_issued,new
43e71942-4b5f-4f70-bd7e-fe061aab137a,17edcf1332227a04be5ee81262f0757e,e554b0a6-1ee7-4d1b-8051-5bd88c46b9c8,ORDER_STATUS,low,chat,2026-07-12T00:00:00,2026-07-14T09:00:00,info_provided,new
800df7a2-fbbb-4b7a-9285-3217c2075615,17edcf1332227a04be5ee81262f0757e,42471cf1-cdeb-4dfd-a3e9-f466eb7a93da,PAYMENT_ISSUE,medium,app,2026-07-07T00:00:00,2026-07-09T13:00:00,refund_issued,new
83f696c1-f780-42e9-bb43-b6ba78b7d626,17edcf1332227a04be5ee81262f0757e,24136a9c-b2d6-4ff1-ad67-36563a1bcbc7,DAMAGED_ITEM,high,chat,2026-07-10T00:00:00,2026-07-10T22:00:00,info_provided,new
4cdd0121-fe82-4dbf-95c7-022bb5605c44,d0658aae129bbf2d62a72fb809308a8d,1b1f3da7-9550-46f4-9868-bba6dd26a31c,PAYMENT_ISSUE,medium,app,2026-05-24T00:00:00,2026-05-24T02:00:00,refund_issued,existing
397afb60-6d0c-4dd2-a3da-a4c1c5f96f39,0f0a9438a8f4fb6f9fd50c0df502ae0c,5e21268e-74b7-44b1-b79d-cd43fa238c77,CANCELLATION,high,email,2026-07-10T00:00:00,2026-07-10T14:00:00,info_provided,existing
32a97dd4-fae4-45fe-bf73-2157c492b2c0,55954d0157e12e3284be75bcf04dc088,b4e5ecd8-a1fa-40d0-945c-4488bd6cee79,DAMAGED_ITEM,medium,email,2026-07-20T00:00:00,2026-07-22T16:00:00,auto_resolved,new
256fa3de-0a74-4fed-8153-48a5f1c69b61,225f33b719e0dffa058cf6485e08fecc,0e3a9165-b4fd-41f3-8765-c1ac6bac3d77,SHIPPING_DELAY,low,app,2026-07-23T00:00:00,2026-07-25T03:00:00,info_provided,new
b96defc8-1dbb-4e6e-87f8-d1c141314c59,9e4cec36a7f9294540b39950eade4190,003c3c24-f313-41c6-874e-634f71bddcd9,CANCELLATION,low,app,2026-06-29T00:00:00,2026-06-29T01:00:00,info_provided,new
26a69d01-8dfd-43b2-895e-e27b9750fd78,4df43d4c7d3a093a519dbfe0b9dcc0d6,a83db75d-9a63-4e26-a61b-7ecd3a625608,CANCELLATION,high,email,2026-07-09T00:00:00,2026-07-09T15:00:00,info_provided,existing
cdbc26ea-8448-4a35-8894-b7e1fbaf6926,003e2af81ea3c72fbdd093f07724a4de,e3da903e-bc58-4a5e-a267-063807e1a543,SHIPPING_DELAY,low,app,2026-06-25T00:00:00,2026-06-26T01:00:00,auto_resolved,existing
b6e8087e-c2ad-4709-b971-77dc8c8cfa6e,b8b3c435a58aebd788a477bed8342910,09cbded0-8abc-4842-83c4-d773a8ca9fd2,ACCOUNT,medium,email,2026-07-19T00:00:00,2026-07-21T01:00:00,refund_issued,existing
3327e8ca-9188-4339-9a4d-d738941d7684,688f41aa35d278c66448d8c443304f51,7e6123ce-e2e9-41be-b8fa-3e3ae9ec315b,ORDER_STATUS,low,app,2026-04-23T00:00:00,2026-04-24T02:00:00,auto_resolved,existing
98879fd2-9914-42d7-a802-a97448ce87ac,578d5e6d37a20bbf631183feedfe2dea,50498fdb-f422-4849-ba55-0c3373324216,PAYMENT_ISSUE,high,chat,2026-06-26T00:00:00,2026-06-26T05:00:00,info_provided,existing
c377d144-e645-4bfa-b378-e8d5b78aa1bc,578d5e6d37a20bbf631183feedfe2dea,b1933e96-47d2-4363-aa0e-446998f44d27,REFUND,high,email,2026-07-03T00:00:00,2026-07-04T02:00:00,escalated_to_human,existing
542ed45e-2e90-40e6-8448-ecd6151de7b8,b5e391181709e5196275b01b8e6e9d73,9ef91d17-ac14-4079-ac17-b23a4586b0d0,REFUND,low,email,2026-07-04T00:00:00,2026-07-05T19:00:00,info_provided,fraud
b2868d23-f190-425c-9d5c-d8b1a7cf19d8,b5e391181709e5196275b01b8e6e9d73,2344e2a9-2caa-466e-8ffa-5b468a04f47e,ORDER_STATUS,high,email,2026-06-17T00:00:00,2026-06-17T09:00:00,info_provided,fraud
2f01e190-60db-4fa5-8ac2-f9f9de8356c6,b5e391181709e5196275b01b8e6e9d73,bc56536d-79e1-424a-9955-73af72248287,REFUND,high,app,2026-06-24T00:00:00,2026-06-26T07:00:00,info_provided,fraud
e7ca24c5-fd96-41b0-8e8f-6aca48662fa3,b5e391181709e5196275b01b8e6e9d73,de5e3e53-57ed-44c0-be4a-32c6c9408e15,REFUND,high,chat,2026-07-03T00:00:00,2026-07-04T00:00:00,auto_resolved,fraud
903a7fb2-b29f-4946-a6cd-ac6a792dc111,b5e391181709e5196275b01b8e6e9d73,de5d4e16-4acd-4426-bdc6-a77bc6cf3ae8,SHIPPING_DELAY,high,app,2026-06-18T00:00:00,2026-06-19T23:00:00,escalated_to_human,fraud
2fd466ff-3611-4f09-9264-ad7c203005c9,27891f64aa89e1e7a933b2862b583ee4,4723059c-bb6f-44dd-b1ea-c684567bf352,SHIPPING_DELAY,medium,chat,2026-07-19T00:00:00,2026-07-19T22:00:00,refund_issued,new
a516ebbf-14ed-4509-9fab-cd08a3558da2,b193a594e0171de03f8d3ba14722a7b9,00e73ca9-7888-4719-aef2-1a9a356d016d,ACCOUNT,low,app,2026-06-18T00:00:00,2026-06-18T18:00:00,info_provided,existing
b224ac00-74c9-427a-808e-a314f03dc410,b193a594e0171de03f8d3ba14722a7b9,cc4bcf9b-3b6e-4da1-accc-599bfb41e28b,DAMAGED_ITEM,low,email,2026-07-10T00:00:00,2026-07-11T17:00:00,escalated_to_human,existing
537ec404-9b41-4369-b513-70f075ceeb0d,42669722f592114360451dba9cfb6f49,119877fc-e7bf-4abf-9f8e-77386f8eb281,SHIPPING_DELAY,high,email,2026-06-22T00:00:00,2026-06-24T01:00:00,info_provided,existing
016bb71b-20cb-421b-ba8a-9282fdcc513e,c8dbfbb4a47a215d79659c927e786a58,93530f06-0dc7-47d7-ba85-889ac246d5cf,SHIPPING_DELAY,high,app,2026-07-22T00:00:00,2026-07-22T19:00:00,auto_resolved,fraud
e014f078-1e96-45cf-bf31-d38b42bc59a0,c8dbfbb4a47a215d79659c927e786a58,ab808d5e-5e07-4bb2-a783-4cb666961a00,FRAUD_REVIEW,high,app,2026-06-26T00:00:00,2026-06-27T23:00:00,escalated_to_human,fraud
7cebda8d-1252-47c5-8445-7c7172557caa,c8dbfbb4a47a215d79659c927e786a58,8d71ee2a-9fd7-4f16-98f7-9978a5ed4ac8,SHIPPING_DELAY,low,app,2026-06-12T00:00:00,2026-06-14T01:00:00,refund_issued,fraud
98c49af1-5807-4c0d-8bc7-6e431c6ad3c1,c8dbfbb4a47a215d79659c927e786a58,3f68504e-00d6-4ab7-92bc-861c661d8174,SHIPPING_DELAY,high,chat,2026-07-04T00:00:00,2026-07-04T07:00:00,info_provided,fraud
8f2fbc9f-7e48-4b18-806d-6c6edba2bff4,c8dbfbb4a47a215d79659c927e786a58,333f8d29-1f5c-45f9-a253-ff111248ad9c,SHIPPING_DELAY,high,email,2026-06-23T00:00:00,2026-06-24T18:00:00,auto_resolved,fraud
8d83d081-7d66-4a3d-bb28-9c9e2009bf05,c8dbfbb4a47a215d79659c927e786a58,6a37b0cc-47df-4963-872a-f3b89e129b83,FRAUD_REVIEW,high,email,2026-06-15T00:00:00,2026-06-17T20:00:00,escalated_to_human,fraud
6587fa9c-9ea8-4a9d-8061-aa279aa7c686,c8dbfbb4a47a215d79659c927e786a58,630bec37-7ccf-46d2-9fbc-51aaa2305ec5,DAMAGED_ITEM,medium,app,2026-06-20T00:00:00,2026-06-20T05:00:00,auto_resolved,fraud
eecbade1-d315-4ad0-a709-30f8561b0354,c8dbfbb4a47a215d79659c927e786a58,bc9cf7cf-f455-4dba-852c-6ecf61dcfab1,REFUND,low,email,2026-06-25T00:00:00,2026-06-26T05:00:00,auto_resolved,fraud
ee23d3c7-345c-4268-b840-bf96525ed100,c8dbfbb4a47a215d79659c927e786a58,1a524d53-88af-4088-bd18-a2dab867582f,REFUND,low,chat,2026-07-26T00:00:00,2026-07-27T02:00:00,refund_issued,fraud
56b0401f-ac07-43e2-9306-07425e173316,c8dbfbb4a47a215d79659c927e786a58,60646063-754f-4780-b118-ccaf84639657,FRAUD_REVIEW,high,app,2026-06-25T00:00:00,2026-06-27T01:00:00,escalated_to_human,fraud
d84e6c3b-dda1-4229-8769-50bd39c4d984,c8dbfbb4a47a215d79659c927e786a58,90688f66-3d06-4c33-9dd1-764f57d9579d,DAMAGED_ITEM,high,chat,2026-07-14T00:00:00,2026-07-16T19:00:00,refund_issued,fraud
5080cc16-bc09-4a3b-958f-31e38538f521,c16948c2abc51af80a151392f718e895,0ccfc9c0-a36c-4933-b5ff-fe3ee5037750,DAMAGED_ITEM,low,app,2026-07-16T00:00:00,2026-07-17T23:00:00,info_provided,existing
b85852ea-275b-40d5-bc4b-6177371c81ff,f9b57816964006c90c458a0caba0306b,6db794ff-7d2a-4230-b13f-a303a635bfec,REFUND,medium,email,2026-07-01T00:00:00,2026-07-02T17:00:00,refund_issued,fraud
83d57514-10a1-42c7-8ca9-1ab30c6a4be4,f9b57816964006c90c458a0caba0306b,46a85bdc-7bb7-4035-abf9-e3fbe9672b88,ORDER_STATUS,high,email,2026-05-21T00:00:00,2026-05-22T05:00:00,info_provided,fraud
e23da4ae-8aa1-4106-9cb0-3fe4f943c4d0,f9b57816964006c90c458a0caba0306b,ec437cb4-b4c0-43e1-966b-42b2e1552c43,SHIPPING_DELAY,high,chat,2026-06-22T00:00:00,2026-06-24T21:00:00,auto_resolved,fraud
e3344f2e-b8cc-4dfd-8093-a3df3fbb81d0,6f041ad60d1b98ad6ffa085775b93041,f66374fc-e1c5-4dbe-b549-bb8aabc8c3eb,ORDER_STATUS,medium,chat,2026-06-21T00:00:00,2026-06-23T21:00:00,info_provided,existing
7946c573-0fee-48f0-ae00-97af07160a54,f153272ca75661659630de82f3f2084d,f54509fa-168c-4782-af22-9ecb11108358,REFUND,high,app,2026-07-13T00:00:00,2026-07-14T02:00:00,escalated_to_human,fraud
1905f550-a6a9-4578-91fe-3adc3716e834,f153272ca75661659630de82f3f2084d,3cceea02-ebcf-42ae-b3c8-314de7c9148c,ACCOUNT,medium,email,2026-07-18T00:00:00,2026-07-20T15:00:00,auto_resolved,fraud
eb468a38-cd62-4608-9346-0021e9a0f337,f153272ca75661659630de82f3f2084d,4783b38e-c392-4227-a938-eeebb5145453,ACCOUNT,high,app,2026-07-12T00:00:00,2026-07-13T16:00:00,info_provided,fraud
bd5f1fb0-e09f-46e4-add4-ec05ef54dc84,f153272ca75661659630de82f3f2084d,ce5d8870-70db-4ff7-b8b9-25f03a291044,SHIPPING_DELAY,high,chat,2026-07-25T00:00:00,2026-07-26T02:00:00,escalated_to_human,fraud
3042e26d-340e-4e79-8d1c-bc9fe1b2b816,f153272ca75661659630de82f3f2084d,102afceb-8b98-4764-8ff2-a2e33760e53f,REFUND,medium,email,2026-07-25T00:00:00,2026-07-27T00:00:00,auto_resolved,fraud
f6e0aec0-3f35-4a00-8d7f-c0a8a0a59a3e,c1d9e6bbbc34d8eabbaf75ec77de9eff,4a15065c-3e43-432d-93f4-9c6401517330,SHIPPING_DELAY,medium,email,2026-07-18T00:00:00,2026-07-18T17:00:00,auto_resolved,new
46930226-f3c7-4190-99e6-ee0127c7575e,546ed56ed469aa89580be8bb1b51a6fc,b9f4b129-bd30-432b-b0c0-f4385bd13ad1,FRAUD_REVIEW,high,app,2026-07-30T00:00:00,2026-07-31T11:00:00,escalated_to_human,fraud
e6d2a641-2cf1-4f74-8846-70abd4b9e784,546ed56ed469aa89580be8bb1b51a6fc,4e2681f0-d80c-440b-96a2-6ae754aa15db,REFUND,high,chat,2026-07-02T00:00:00,2026-07-02T15:00:00,auto_resolved,fraud
9a585efe-d20d-460d-9dba-81649602229b,3b529e86d89222d9af57ee77a108374e,199f7285-7181-48d0-9aa7-b5928e3a2233,REFUND,high,app,2026-06-26T00:00:00,2026-06-28T07:00:00,info_provided,fraud
d182e29b-ac8f-449a-967e-35c002d48065,2c7ad76b7694988382706caa2b5b33f9,81b8e5a9-794d-4e60-abfd-992405833fae,SHIPPING_DELAY,high,chat,2026-07-26T00:00:00,2026-07-28T14:00:00,escalated_to_human,existing
7f2ac512-ed7e-4a96-9b69-65de7deacdfa,75314dd3e9d6fa51365b9e7a405f35b5,63635f1e-1c5e-40af-acb7-cbf691e44dad,DAMAGED_ITEM,high,chat,2026-06-27T00:00:00,2026-06-28T08:00:00,auto_resolved,new
1e885b26-7c37-47f8-8d5a-eafc521ee2fa,01726e5d6a88d1a8dffd9578872ce54e,a0e2844e-9784-4fae-963e-2806f7578795,CANCELLATION,low,chat,2026-06-30T00:00:00,2026-06-30T19:00:00,info_provided,existing
e056a54a-2c48-45e1-bcad-f358697237be,70a242b52ee3d0640c6d7f5ee237651b,c0d3fc89-0f63-441a-bf7c-7a550a8b5141,SHIPPING_DELAY,low,email,2026-06-30T00:00:00,2026-07-02T23:00:00,info_provided,existing
fb7921fb-7953-4c5c-8bdc-6b6a58506805,467bf79ce2396e5892760388eae4fcce,c93c8117-442a-4104-afdd-3758dc55f53f,CANCELLATION,low,app,2026-02-13T00:00:00,2026-02-14T11:00:00,info_provided,existing
f7421de7-23e9-4b1a-b305-6debeff4d628,467bf79ce2396e5892760388eae4fcce,072432e4-4d92-4016-b433-d62c09dac607,PAYMENT_ISSUE,medium,app,2026-04-25T00:00:00,2026-04-25T19:00:00,info_provided,existing
df919e56-4fed-4a0b-af8e-270c1033fbf1,5bcc8f0e733f747f511a810ec408fdd9,b4c8741d-2e0d-4464-8ef6-c8f09ac40a3e,ACCOUNT,high,chat,2026-07-24T00:00:00,2026-07-24T14:00:00,refund_issued,existing
e70f4684-402e-4b59-932e-b7235ef2ab83,07f1a64852859634cccf3e52125aa854,307a8cc3-0556-4cb7-88b0-95288bf9b2ba,REFUND,medium,app,2026-05-23T00:00:00,2026-05-24T10:00:00,auto_resolved,existing
570801bb-fb32-4610-889a-125552604cf1,07f1a64852859634cccf3e52125aa854,836878c5-b24b-4f1a-877e-145b33febc39,ACCOUNT,medium,email,2026-07-27T00:00:00,2026-07-27T17:00:00,refund_issued,existing
78f2391c-987a-4b99-b406-3963c719538f,07f1a64852859634cccf3e52125aa854,98f51037-6a71-49d5-bc2f-5a0c94df34f2,ORDER_STATUS,medium,chat,2026-07-02T00:00:00,2026-07-04T09:00:00,refund_issued,existing
60a60218-e3f4-4aeb-abfc-7956f7de2847,c4ad2cc1cab80dd3e916573b773cdfcc,5ad4868d-1859-448c-a300-cc55ce0e4125,ACCOUNT,low,email,2026-07-05T00:00:00,2026-07-06T17:00:00,info_provided,new
cd37b8be-6050-40c7-b78a-394b2d0783dd,6a7ee8caad3b24acd1400d10ec62bf64,7282ac57-7ae9-4f9f-8257-7f97dff4f5cd,ORDER_STATUS,medium,email,2026-06-30T00:00:00,2026-07-02T22:00:00,info_provided,new
832d10a0-63a9-47c2-b6aa-ea6a7c0f6ebc,50353cb3dff3aa5646fabd41e30572da,662d89c6-0f38-477b-abd6-300250b21833,SHIPPING_DELAY,high,email,2026-07-29T00:00:00,2026-07-31T09:00:00,auto_resolved,new
c5495464-4188-4fa8-8765-5cc717433d9a,1fe7afd58ce8429c5a8d27bf8c24738f,d507f4bb-679c-4946-94ce-fdcd28216e2a,ORDER_STATUS,medium,chat,2026-05-05T00:00:00,2026-05-07T21:00:00,refund_issued,fraud
a1e7ec62-52c5-4245-8983-1e9e5850e587,1fe7afd58ce8429c5a8d27bf8c24738f,c7045054-1070-48d8-a8e5-5d1ec0cd2415,SHIPPING_DELAY,medium,chat,2026-05-29T00:00:00,2026-05-31T21:00:00,auto_resolved,fraud
c93f7afc-bfdc-4f68-9dea-1df703ad315a,1fe7afd58ce8429c5a8d27bf8c24738f,657db268-58fc-4698-8958-620d68d5c3d9,ORDER_STATUS,low,email,2026-05-09T00:00:00,2026-05-09T23:00:00,auto_resolved,fraud
a5c8bc71-5316-4047-87ad-d510c959e442,1fe7afd58ce8429c5a8d27bf8c24738f,417b09a7-8901-4f94-9650-45e1c6dc6a5a,ORDER_STATUS,high,app,2026-06-13T00:00:00,2026-06-14T09:00:00,info_provided,fraud
351391ea-79fe-4da1-a0c6-631f4caa1021,1fe7afd58ce8429c5a8d27bf8c24738f,6375e33e-66c7-4205-8a80-ad39d9bda6c7,REFUND,medium,app,2026-07-22T00:00:00,2026-07-22T20:00:00,auto_resolved,fraud
55de6fd8-d5a2-4b77-969c-091ade16db81,d55e594accb5b8cd7e3c26cdd854f5bd,9e4e04d9-c75e-482b-b5ed-0682ff9ccf5b,CANCELLATION,low,chat,2026-07-12T00:00:00,2026-07-12T12:00:00,auto_resolved,existing
614a355a-d031-478b-b46f-a854015a0aa7,90149dae3857b44597744541030794a3,3cc45984-f235-41d0-bad3-aded11b33c6b,ACCOUNT,medium,app,2026-07-03T00:00:00,2026-07-04T06:00:00,info_provided,new
74e27560-783f-4acb-b583-bdf3c6e6d116,8912b89ef23a547c94ffc09574c01357,826c16e1-a514-4f08-918a-9f38af290fe7,SHIPPING_DELAY,medium,chat,2026-07-01T00:00:00,2026-07-03T10:00:00,escalated_to_human,existing
c04a311e-6f3e-4a74-b07e-8b95c7ba4f8c,cd79b407828f02fdbba457111c38e4c4,c8410ce7-297a-4e7b-afa7-291a3726388f,CANCELLATION,low,chat,2026-07-03T00:00:00,2026-07-03T14:00:00,auto_resolved,fraud
267a02cc-3c1f-495f-9401-481a91b94b3e,c0fcd6e2e07097e1461b44aabb0c3306,7c2ac406-f458-460e-ac49-c344926edf70,ACCOUNT,low,email,2026-07-02T00:00:00,2026-07-03T10:00:00,info_provided,new
2e43b717-2be6-4809-8249-d76d8cbe2e5b,4f2942851db2a70c008b54fd9e970fa6,2d569836-4bc5-40db-bafe-8c6a2fdb719a,SHIPPING_DELAY,medium,app,2026-05-29T00:00:00,2026-05-30T18:00:00,escalated_to_human,existing
c609df05-5564-43f2-8df7-7b8cd0407dc3,fc25f71bab94146446884fc523121d48,c038662e-7c92-480c-adf7-56729440e8c9,FRAUD_REVIEW,high,email,2026-07-21T00:00:00,2026-07-23T07:00:00,escalated_to_human,fraud
c2e7b982-7feb-4b4f-a9e0-4f6d3dfe3523,fc25f71bab94146446884fc523121d48,4a0024f6-4a35-4753-a86b-8ccc5600cc37,PAYMENT_ISSUE,low,email,2026-06-27T00:00:00,2026-06-27T20:00:00,refund_issued,fraud
aa5170b7-6a19-4cb8-bc0d-bdbb57f53f53,fc25f71bab94146446884fc523121d48,7ff7b36a-3391-4c0d-a9dc-86dccc34f873,DAMAGED_ITEM,high,app,2026-07-11T00:00:00,2026-07-12T03:00:00,info_provided,fraud
a016bdf9-2611-4d08-a6a5-8804f59ab93f,fc25f71bab94146446884fc523121d48,cce802e2-d377-4b0e-9f1a-988389ffa0b8,FRAUD_REVIEW,high,chat,2026-07-09T00:00:00,2026-07-09T16:00:00,escalated_to_human,fraud
a7fe34a3-c52b-4148-ba14-bced3b13b762,fc25f71bab94146446884fc523121d48,a5643931-946e-478c-9bb7-503cccf76a00,REFUND,high,email,2026-07-15T00:00:00,2026-07-16T06:00:00,auto_resolved,fraud
95c607bf-8b2f-42f4-9453-b476e7a0b24b,fc25f71bab94146446884fc523121d48,0101eb26-c651-41a8-a81a-21ba609559c3,ACCOUNT,medium,email,2026-07-09T00:00:00,2026-07-09T20:00:00,refund_issued,fraud
43f77a26-087b-4a88-9d8b-4414476addbb,fc25f71bab94146446884fc523121d48,1a9196d9-0b9e-4e85-a34f-c4026436f2b4,PAYMENT_ISSUE,high,email,2026-06-27T00:00:00,2026-06-29T13:00:00,auto_resolved,fraud
212ac5d4-29be-4a50-8250-640bc0b7d00b,fc25f71bab94146446884fc523121d48,2e58e7b2-990b-4946-b1d4-acee5e8f1fa1,REFUND,medium,email,2026-07-07T00:00:00,2026-07-08T10:00:00,refund_issued,fraud
62be97f0-c1e6-4b65-a1ed-033f96aef151,fc25f71bab94146446884fc523121d48,d47d09c4-0ea2-4209-a3a4-5d3f3b13fe22,PAYMENT_ISSUE,low,app,2026-07-11T00:00:00,2026-07-12T05:00:00,refund_issued,fraud
763c3f74-f162-4ceb-93b4-355ba4e1324e,fc25f71bab94146446884fc523121d48,19c3aec6-0b06-4ca8-875d-3a4d29d210ae,ORDER_STATUS,medium,email,2026-07-26T00:00:00,2026-07-26T08:00:00,escalated_to_human,fraud
a56ca649-c79e-4b0a-94fc-055c8d1761d5,fc25f71bab94146446884fc523121d48,ef6908ee-f10a-4d47-be73-3a327f5470fe,ORDER_STATUS,high,app,2026-07-06T00:00:00,2026-07-08T07:00:00,info_provided,fraud
9080e67b-85b4-4110-aa36-bb0a400ce305,fc25f71bab94146446884fc523121d48,ca16b362-230e-402c-ad70-8976e43c1478,CANCELLATION,medium,chat,2026-06-22T00:00:00,2026-06-24T19:00:00,auto_resolved,fraud
745b2b52-ce4d-406e-95c1-7190adb3d8db,fc25f71bab94146446884fc523121d48,25bac7af-698e-426a-bbee-74554a1fbb5d,CANCELLATION,low,email,2026-07-11T00:00:00,2026-07-11T05:00:00,refund_issued,fraud
c34fff8f-3249-42f3-9cbe-a1227ae521da,fc25f71bab94146446884fc523121d48,54261bd6-8e5e-4657-a573-03366a4cbae0,REFUND,high,chat,2026-07-09T00:00:00,2026-07-11T09:00:00,refund_issued,fraud
2db25d4b-045d-4704-9bcf-193f1a21c53c,fc25f71bab94146446884fc523121d48,486fd403-e72b-48b7-b057-386a1cbb589c,REFUND,low,email,2026-06-28T00:00:00,2026-06-28T22:00:00,auto_resolved,fraud
b7d508a3-7de4-405a-8003-b5659dd8a130,fc25f71bab94146446884fc523121d48,a449be9a-4f97-4092-802a-d41b3a054a16,PAYMENT_ISSUE,medium,email,2026-07-09T00:00:00,2026-07-09T03:00:00,auto_resolved,fraud
79971f34-4da4-414b-835d-b9e01136537a,fc25f71bab94146446884fc523121d48,c0dc9701-93dc-451e-a13a-916ebb77debb,FRAUD_REVIEW,high,chat,2026-07-11T00:00:00,2026-07-13T05:00:00,escalated_to_human,fraud
913232ad-50fc-49a9-b3c4-0f4afd233104,fc25f71bab94146446884fc523121d48,4c23fe68-f25f-4269-a410-e0f457eaa85b,FRAUD_REVIEW,high,chat,2026-07-07T00:00:00,2026-07-07T14:00:00,escalated_to_human,fraud
fde61892-4dbd-4c8a-ac3f-e6f2f378c4dc,fc25f71bab94146446884fc523121d48,048ae954-de72-4dd7-82b1-d3db008ed44f,ACCOUNT,medium,email,2026-07-13T00:00:00,2026-07-15T12:00:00,info_provided,fraud
a97b2a33-4a6d-437d-9928-9843c356e21c,fc25f71bab94146446884fc523121d48,4c5429eb-7526-4826-a8e0-5f025e26088e,REFUND,high,app,2026-07-11T00:00:00,2026-07-12T03:00:00,auto_resolved,fraud
8ecb7ca1-78b8-46d5-a734-cd14214c55b2,fc25f71bab94146446884fc523121d48,53128134-23ef-4310-a752-f3e16821e266,SHIPPING_DELAY,high,email,2026-07-20T00:00:00,2026-07-20T20:00:00,refund_issued,fraud
a195dbdc-0649-4688-81dd-c4d2a6dcd726,fc25f71bab94146446884fc523121d48,e0c90e4f-5ad2-4344-a6ef-1e957fc73540,REFUND,high,chat,2026-07-12T00:00:00,2026-07-12T16:00:00,escalated_to_human,fraud
9895c798-0000-4786-893c-e90cf8e7e00a,fc25f71bab94146446884fc523121d48,31bbea52-7abd-4f22-8ad6-619ccaab647b,REFUND,medium,email,2026-07-25T00:00:00,2026-07-25T08:00:00,auto_resolved,fraud
42ec8853-980b-44f4-b935-d826ff4f83aa,fc25f71bab94146446884fc523121d48,f190dbf2-e066-43ff-99f7-6653f86d45fe,REFUND,medium,app,2026-07-17T00:00:00,2026-07-18T18:00:00,auto_resolved,fraud
bb10ea2a-b9f2-4c48-804b-5d5bd2448aa4,fc25f71bab94146446884fc523121d48,3d6ccc91-6cee-4d9e-82d7-b4b216466dab,CANCELLATION,medium,app,2026-07-10T00:00:00,2026-07-12T17:00:00,info_provided,fraud
33aed059-3ca2-40d5-9f5e-b12df75c3719,fc25f71bab94146446884fc523121d48,b0d47038-85ce-4e58-93e7-68b4441ba871,CANCELLATION,medium,chat,2026-07-15T00:00:00,2026-07-16T05:00:00,refund_issued,fraud
d29b64b4-79b8-4d01-929d-bcee6c198bd4,fc25f71bab94146446884fc523121d48,e35628cf-8004-4364-aff3-41b301aa09e3,FRAUD_REVIEW,high,chat,2026-07-14T00:00:00,2026-07-15T22:00:00,escalated_to_human,fraud
2a5baea6-58ab-4e71-9dd5-628ce0f32ab8,d83533715a8843e3a26adf36d889e9b7,836d7da9-84dc-4aea-8ff5-55121e5a1366,SHIPPING_DELAY,low,app,2026-07-07T00:00:00,2026-07-07T07:00:00,info_provided,existing
aed5e6c2-5855-43ef-96c2-6348fcfd1b80,54b50d481e0c0501204f7d42446f73da,5c68757a-4c4b-436b-ba21-547c975d8bd0,ACCOUNT,high,app,2026-07-04T00:00:00,2026-07-04T05:00:00,info_provided,existing
6f169902-7127-48a0-a2cc-e9c038017d66,a3b2490482986f1638e702550961658d,0f0df061-3408-4c48-aa95-9804ad58782f,REFUND,high,chat,2026-06-20T00:00:00,2026-06-21T03:00:00,auto_resolved,new
3cd3142f-d351-42a2-a344-4439f36ef3e7,e640111298500f5006fac7f416d7637f,38b17d79-a80a-4403-b22b-225f1375f49e,ACCOUNT,high,email,2026-07-01T00:00:00,2026-07-02T15:00:00,auto_resolved,existing
a73f69f7-42ac-4690-b61a-26eca674e004,e640111298500f5006fac7f416d7637f,99c39d5c-a962-4c10-8a25-442b5fe291fd,SHIPPING_DELAY,low,email,2026-06-02T00:00:00,2026-06-02T20:00:00,info_provided,existing
520ca96d-c2d7-4cb1-a75b-89b26f47bdd7,e640111298500f5006fac7f416d7637f,4091502d-e302-4ad5-93f0-5a7d347deeaf,PAYMENT_ISSUE,medium,chat,2026-06-26T00:00:00,2026-06-26T16:00:00,refund_issued,existing
b2b49f79-f8f2-412a-979c-cdff584f1066,16df396804bc71ff9a59764e3c0f490c,1b102d56-c98a-4cef-8e45-534c384d19f7,DAMAGED_ITEM,low,chat,2026-06-30T00:00:00,2026-06-30T17:00:00,info_provided,existing
48521fec-44a1-4763-87f9-d67c731559b8,fdcf4139f50f370c91e8b8f33adde2a6,7d1c10e4-908c-4fa2-8d1b-3053288bb692,ORDER_STATUS,low,app,2026-07-19T00:00:00,2026-07-21T22:00:00,refund_issued,fraud
6f7e0445-17d3-4a6e-84ba-1c3a00e36fe8,fdcf4139f50f370c91e8b8f33adde2a6,ff5ccd41-eeab-4638-a909-b1f3eee0cd93,PAYMENT_ISSUE,low,app,2026-07-18T00:00:00,2026-07-18T13:00:00,auto_resolved,fraud
7af1571c-9778-492d-bfe9-87c0670da3b4,fdcf4139f50f370c91e8b8f33adde2a6,15413d15-8d22-45c7-aead-c3f07ba6e8eb,ACCOUNT,medium,email,2026-07-03T00:00:00,2026-07-05T16:00:00,auto_resolved,fraud
eb6d0938-d885-4009-b5e3-d5e7269414c7,fdcf4139f50f370c91e8b8f33adde2a6,4cb0b9d1-29a5-4b90-a762-d6d818ce18ed,SHIPPING_DELAY,high,email,2026-07-02T00:00:00,2026-07-03T03:00:00,escalated_to_human,fraud
fabf78a2-a889-4fc4-87c6-d2280c67aa58,fdcf4139f50f370c91e8b8f33adde2a6,11b55061-d06c-49da-8bc2-3e0d73532bf2,FRAUD_REVIEW,high,chat,2026-07-13T00:00:00,2026-07-15T04:00:00,escalated_to_human,fraud
28ab05c9-a1da-424a-9102-953bdb757bda,fdcf4139f50f370c91e8b8f33adde2a6,d08a1736-d0bd-4681-bc04-a9a193462447,FRAUD_REVIEW,high,app,2026-07-03T00:00:00,2026-07-03T02:00:00,escalated_to_human,fraud
327437bc-887e-4e0e-8102-a9df2fb014f0,fdcf4139f50f370c91e8b8f33adde2a6,681cdc0d-3f55-4412-8456-6eea8a714032,SHIPPING_DELAY,medium,email,2026-06-27T00:00:00,2026-06-27T15:00:00,info_provided,fraud
994b1b6c-560a-4348-adaa-1c2a1bf8c8e9,fdcf4139f50f370c91e8b8f33adde2a6,e6ea85fb-5964-4137-abad-986e8c582555,FRAUD_REVIEW,high,email,2026-07-15T00:00:00,2026-07-17T04:00:00,escalated_to_human,fraud
71ae7402-af44-4b0f-a443-f834a083d9ad,fdcf4139f50f370c91e8b8f33adde2a6,84dcfec6-8911-43b2-8445-c18ff6eb73f2,CANCELLATION,high,app,2026-06-27T00:00:00,2026-06-28T17:00:00,refund_issued,fraud
4ea0ee5a-72d9-4313-bcb3-fc67cd47228e,fdcf4139f50f370c91e8b8f33adde2a6,f67a66b8-1102-41d6-8b27-ab7564474c9c,FRAUD_REVIEW,high,email,2026-07-05T00:00:00,2026-07-07T12:00:00,escalated_to_human,fraud
07f9a2e1-a8e5-40e9-b009-14e213d60a3b,fdcf4139f50f370c91e8b8f33adde2a6,6efc3c9d-9658-4d88-9472-70990cd24810,FRAUD_REVIEW,high,chat,2026-07-10T00:00:00,2026-07-11T20:00:00,escalated_to_human,fraud
f0595629-ac40-470f-b78f-3f130da327fe,5319364c457e14aa56350c44d314bff3,c42b1c17-6998-40f8-9f18-925d4847c848,ORDER_STATUS,medium,chat,2026-04-12T00:00:00,2026-04-13T01:00:00,info_provided,new
18c1f7c6-8603-49de-8675-88a1ea97682b,816a9d13b0b4a4c4b7c1015ba08deff1,d966843c-619f-459a-ae16-7adc288c388e,REFUND,low,chat,2026-07-16T00:00:00,2026-07-18T06:00:00,info_provided,existing
2045461b-4b9c-4a52-920a-559a1c647fc6,848eabba326848e8125cb53af4720eb5,9d488349-2b86-413f-acd7-b0c5047a4860,REFUND,high,chat,2026-07-11T00:00:00,2026-07-12T10:00:00,info_provided,fraud
12219e93-6bb3-4a14-a3c8-212eb72716bb,a1d02d8e96f1691603036bfcad4df844,e720f315-adc5-41ed-a019-1326ea347a65,PAYMENT_ISSUE,medium,app,2026-07-02T00:00:00,2026-07-03T11:00:00,refund_issued,existing
5b65b9f5-3fa1-42ae-9a07-7a8b09fc1e9e,a1d02d8e96f1691603036bfcad4df844,e44dfe3e-eae4-4ffc-b45f-102afde3426a,DAMAGED_ITEM,medium,app,2026-07-15T00:00:00,2026-07-15T22:00:00,escalated_to_human,existing
6887000c-ddb1-4e11-87e1-685b18cd122b,a1d02d8e96f1691603036bfcad4df844,70cb1499-60b0-45da-9ea6-05c666262be7,REFUND,high,email,2026-06-21T00:00:00,2026-06-23T21:00:00,info_provided,existing
ad7055b2-6ca2-42d2-84fe-8211f03d6638,8d692a436fa634e911ebb1e69bb0f481,f23cd592-e9ba-48b4-b6af-45999e9bb546,CANCELLATION,high,email,2026-05-05T00:00:00,2026-05-06T17:00:00,escalated_to_human,new
29453dad-a0be-48ab-a85e-77d319885a60,0c7f5da7d9d33d16ddc25dfafcc513ce,e0049ced-1a20-446b-8f2e-21b148a0525e,REFUND,low,chat,2026-06-19T00:00:00,2026-06-19T15:00:00,info_provided,existing
7354a8ae-6ff2-4cac-b83b-4ca23e933e79,0c7f5da7d9d33d16ddc25dfafcc513ce,502746ca-e516-4ba7-8f68-4057080ac417,ACCOUNT,low,chat,2026-04-03T00:00:00,2026-04-05T18:00:00,auto_resolved,existing
f791d8af-2788-4d30-9765-bc6189778384,6d72dcf4278a605a832b7d5375d33ba8,b24c3cae-e6cc-4261-bb90-b7650cacc2c1,CANCELLATION,medium,chat,2026-07-20T00:00:00,2026-07-21T14:00:00,escalated_to_human,new
3bfa7125-2a33-4823-b3bb-c5c49527b35b,de5b15b5269883dea3cf95f30cf7fece,4068d5a9-ad18-47dd-8fc3-fccdbf337822,ORDER_STATUS,low,email,2026-06-23T00:00:00,2026-06-25T19:00:00,escalated_to_human,existing
3bf50a9c-7246-463e-a3b3-b17ade6ec95e,cabd63ea066284b36b128a865fb15e2a,8ac03de2-93fc-4d07-9a59-1ab53e952447,SHIPPING_DELAY,high,app,2026-07-18T00:00:00,2026-07-19T11:00:00,escalated_to_human,new
177a088d-8508-48d0-8a86-36fa810224a8,33f86281d5203b278e32070d4a02592e,685a422a-7dfd-4fa2-af74-32bd3a615db8,SHIPPING_DELAY,medium,app,2025-08-15T00:00:00,2025-08-15T07:00:00,auto_resolved,fraud
1306ee04-1b19-4e7c-b1ac-74c5f3cb14e2,33f86281d5203b278e32070d4a02592e,3d62582d-ac08-40f6-adf1-a2e233564e61,PAYMENT_ISSUE,high,app,2022-09-02T00:00:00,2022-09-03T05:00:00,auto_resolved,fraud
0fecd307-0de6-48c9-901c-d601725bf8ff,33f86281d5203b278e32070d4a02592e,b3d08ace-1c20-4c82-b078-f057d0244923,REFUND,medium,email,2024-10-16T00:00:00,2024-10-17T05:00:00,refund_issued,fraud
91a289ea-a162-4d00-ace9-2de9dadef7fd,33f86281d5203b278e32070d4a02592e,8cef4ed6-063a-4037-aefb-48c1a0445d60,ACCOUNT,medium,app,2024-09-05T00:00:00,2024-09-05T04:00:00,refund_issued,fraud
457d9529-b998-4afc-903e-8955343b663c,33f86281d5203b278e32070d4a02592e,d43a0a84-7573-41a0-8b63-69ed9ba94d37,PAYMENT_ISSUE,high,email,2023-07-07T00:00:00,2023-07-09T15:00:00,info_provided,fraud
e4044d59-288e-4b78-ab80-6e6b9f680727,33f86281d5203b278e32070d4a02592e,8eee10e4-5b28-4e54-b0f9-dd482463354f,CANCELLATION,medium,chat,2026-05-19T00:00:00,2026-05-19T18:00:00,info_provided,fraud
247e25ab-2177-4f8a-9ed2-e0c8f6f14704,44bd7571a7dad968306f7776bd5a5745,f46ad053-3bfd-4544-b1e6-5f5999702bce,DAMAGED_ITEM,high,app,2026-06-29T00:00:00,2026-06-30T06:00:00,refund_issued,existing
4822f4bf-d47f-47c1-be3b-54e81a2a4f5e,55fbb64f60861980e74c4f136f304297,8837b224-27f7-471d-9323-d531fa5cb73e,ORDER_STATUS,high,chat,2026-05-16T00:00:00,2026-05-18T20:00:00,refund_issued,existing
ce136866-47cc-4818-a9ff-2d6165bcab84,c7c92d52defccd813e462a6bd33ab16b,3ebf0bc7-8d7c-45ed-9dbf-86d289236909,CANCELLATION,high,email,2025-12-24T00:00:00,2025-12-24T20:00:00,auto_resolved,existing
a4e7d0a6-8fb8-4784-af80-026ed4fc37fd,147375750bdc81b55b75dc08daf84c8a,c0286ee1-262f-4242-a4e5-842f8dd79ddb,PAYMENT_ISSUE,medium,app,2026-07-15T00:00:00,2026-07-17T09:00:00,auto_resolved,existing
4f8fbaef-9c51-4511-a8fd-3fea6c7f892b,147375750bdc81b55b75dc08daf84c8a,f929af80-4a28-4e83-8fc6-6dbf5562340a,PAYMENT_ISSUE,low,email,2026-07-03T00:00:00,2026-07-04T08:00:00,info_provided,existing
7edead15-b9ae-47a9-8519-b672f85f37bb,5faabfe6772088c4d906b63fa81ac63d,8d52fb85-003d-4386-8ebb-2e63f4f92c7b,ORDER_STATUS,low,chat,2026-06-26T00:00:00,2026-06-26T02:00:00,info_provided,fraud
f243077a-35e6-4ffe-94f5-5a093430d732,5faabfe6772088c4d906b63fa81ac63d,aef9efd3-9b9f-4fcc-a8ae-eb91ecf3fdcc,REFUND,high,app,2026-06-27T00:00:00,2026-06-27T10:00:00,escalated_to_human,fraud
f5a7adb0-acf0-488e-845e-e31009a6ff0b,11cd4821f3f646fae625b1f043fb5ec3,4c2b3ad6-10cd-4497-a8f8-f0246bec2526,SHIPPING_DELAY,low,email,2026-06-23T00:00:00,2026-06-25T21:00:00,refund_issued,fraud
980546bc-adb7-4ca5-b1cd-ee0b5940693b,11cd4821f3f646fae625b1f043fb5ec3,e4629ce1-7ddf-4ddd-b290-37b50835a61c,PAYMENT_ISSUE,low,app,2026-06-05T00:00:00,2026-06-06T04:00:00,refund_issued,fraud
95138421-98f8-4454-beca-55fd551767d7,11cd4821f3f646fae625b1f043fb5ec3,f4b9ced1-3bd4-4a1a-b622-c871e2b1766c,SHIPPING_DELAY,medium,email,2026-07-11T00:00:00,2026-07-13T07:00:00,escalated_to_human,fraud
2094ceaf-96a6-452d-b2ee-b7fc1c4a7347,11cd4821f3f646fae625b1f043fb5ec3,4eb271f1-cf18-4f19-863d-ec8d67c81940,SHIPPING_DELAY,medium,app,2026-07-08T00:00:00,2026-07-09T15:00:00,refund_issued,fraud
1ea0bd39-9d56-43de-ba5b-48c8deaa7493,462bb3bbbb472504944511257137ebc8,3821fcb4-7cfc-4e68-9088-680359dcc2e8,DAMAGED_ITEM,medium,chat,2026-07-12T00:00:00,2026-07-13T19:00:00,escalated_to_human,new
209dc46e-bea2-4a53-ab21-487c6ece79c2,369a11c5adc1b48c07a6f2342a36f2cf,919bef02-9d84-470b-9d4a-156220bc23c6,CANCELLATION,low,chat,2026-07-16T00:00:00,2026-07-17T21:00:00,auto_resolved,existing
470917be-2c24-4eb6-832d-8bd1b0bb6ad5,de063bea4f3c9809b4780af305873f02,09394fe5-a599-4810-b46d-cdebd06f944e,REFUND,medium,email,2026-07-26T00:00:00,2026-07-27T16:00:00,refund_issued,new
48211dda-ebbe-4341-bfdb-c3ef866d8efb,6056d31a9cf9cf98ea9de7ef86cf4f5d,adc8739d-fa5d-4866-a60a-b02436f9ee3b,REFUND,low,email,2026-07-14T00:00:00,2026-07-16T01:00:00,escalated_to_human,fraud
0d881e9f-145e-49ca-bc02-a89f3a0f1114,6056d31a9cf9cf98ea9de7ef86cf4f5d,5ff1940e-c98c-4a54-8b87-ca2f4a1ec5cb,PAYMENT_ISSUE,low,app,2026-07-24T00:00:00,2026-07-24T09:00:00,escalated_to_human,fraud
7795fa55-0106-42f7-8802-3eea7eb1fb73,6056d31a9cf9cf98ea9de7ef86cf4f5d,c7716d0b-f2b5-427f-af12-f3b814b1235f,ORDER_STATUS,medium,chat,2026-07-02T00:00:00,2026-07-02T16:00:00,escalated_to_human,fraud
d6748ad9-ebe8-44f3-8acc-459c22a7d3ce,6056d31a9cf9cf98ea9de7ef86cf4f5d,74e7e67d-e98e-4580-9251-4ebf631112e6,ACCOUNT,high,chat,2026-07-16T00:00:00,2026-07-16T12:00:00,refund_issued,fraud
888f49e3-40b2-4671-96a0-7aefefa452e2,6056d31a9cf9cf98ea9de7ef86cf4f5d,2d1d5c01-66b7-4d6b-b393-73e9de007dea,FRAUD_REVIEW,high,email,2026-07-25T00:00:00,2026-07-26T21:00:00,escalated_to_human,fraud
bb657de6-65e3-49e5-bce8-be06ffb6038c,6056d31a9cf9cf98ea9de7ef86cf4f5d,3bdacaba-a303-476b-951d-8b20da09377a,ORDER_STATUS,high,email,2026-07-17T00:00:00,2026-07-18T21:00:00,refund_issued,fraud
62340072-9249-4763-a798-28133ea77a49,6056d31a9cf9cf98ea9de7ef86cf4f5d,7f00b7e8-a1aa-4421-8585-c9b83f97d8ba,REFUND,high,email,2026-07-10T00:00:00,2026-07-11T21:00:00,refund_issued,fraud
57d582ef-c8b0-4967-937b-d503b65f970f,6056d31a9cf9cf98ea9de7ef86cf4f5d,acd316ae-094c-46c1-9dd6-1fb54bde60fc,ORDER_STATUS,medium,email,2026-07-16T00:00:00,2026-07-17T05:00:00,info_provided,fraud
ad26b8b7-61dd-4494-9f8f-37fe0eae1ec7,6056d31a9cf9cf98ea9de7ef86cf4f5d,a01da124-f03c-4111-984c-c5fef2ab9f3b,REFUND,low,app,2026-07-03T00:00:00,2026-07-03T11:00:00,info_provided,fraud
dca84c54-cf3d-4519-8b88-355b9541bea9,6056d31a9cf9cf98ea9de7ef86cf4f5d,b2ab97b9-2826-46ce-9d9f-f3c233368128,FRAUD_REVIEW,high,chat,2026-07-24T00:00:00,2026-07-25T18:00:00,escalated_to_human,fraud
6aa90388-d8d4-4233-b190-613bcd771370,6056d31a9cf9cf98ea9de7ef86cf4f5d,bef01732-2353-4407-a602-f81f1766a14b,FRAUD_REVIEW,high,app,2026-07-10T00:00:00,2026-07-11T11:00:00,escalated_to_human,fraud
37566b54-ad69-4ff2-b842-34c2cadb7f31,6056d31a9cf9cf98ea9de7ef86cf4f5d,b6f755c3-f13a-4ec6-a3dc-da13b5918cbd,FRAUD_REVIEW,high,chat,2026-07-02T00:00:00,2026-07-03T09:00:00,escalated_to_human,fraud
767c56c7-2abc-4a82-a6e7-8fc86b811b75,6056d31a9cf9cf98ea9de7ef86cf4f5d,c16117ec-9f12-4ffe-8cb1-4b7da2e0aa20,FRAUD_REVIEW,high,app,2026-07-16T00:00:00,2026-07-16T11:00:00,escalated_to_human,fraud
b3c508da-525f-4a45-853d-d391507fc8c1,6056d31a9cf9cf98ea9de7ef86cf4f5d,263d83dd-ed50-4688-a943-aa6d4d4a443c,PAYMENT_ISSUE,low,email,2026-07-21T00:00:00,2026-07-22T06:00:00,refund_issued,fraud
0ad4615c-870b-491a-8105-24d8c5dade28,6056d31a9cf9cf98ea9de7ef86cf4f5d,c39c87c2-cd28-4048-8d43-53dfe60d68f2,DAMAGED_ITEM,medium,app,2026-07-06T00:00:00,2026-07-08T09:00:00,auto_resolved,fraud
b804652f-946f-49bb-b8cc-4b3c37d052f8,6056d31a9cf9cf98ea9de7ef86cf4f5d,786f649e-af3d-456a-b87f-785eeb8e89a0,FRAUD_REVIEW,high,chat,2026-07-24T00:00:00,2026-07-25T18:00:00,escalated_to_human,fraud
02249787-ad10-4018-970e-a7bad5f5b91c,6056d31a9cf9cf98ea9de7ef86cf4f5d,71dce4c0-5acd-4f70-b6f7-9ba96cfed5d5,PAYMENT_ISSUE,high,email,2026-07-15T00:00:00,2026-07-16T19:00:00,escalated_to_human,fraud
cc54d86f-4560-4023-aa5b-f9a882539f1e,6056d31a9cf9cf98ea9de7ef86cf4f5d,9105a835-cc2a-4001-8a15-93cfa505dd14,DAMAGED_ITEM,medium,chat,2026-07-10T00:00:00,2026-07-12T09:00:00,info_provided,fraud
13a3629e-a913-4512-bb0c-1630916d1cad,6056d31a9cf9cf98ea9de7ef86cf4f5d,624b161d-1911-44ce-85e9-4889f6e06323,DAMAGED_ITEM,high,email,2026-07-18T00:00:00,2026-07-20T23:00:00,refund_issued,fraud
6610fe2c-d574-453e-8c6b-37d38a4fcff9,6056d31a9cf9cf98ea9de7ef86cf4f5d,4f2b1a66-6f0e-4829-a894-ab4713591b5a,PAYMENT_ISSUE,high,app,2026-07-15T00:00:00,2026-07-17T18:00:00,info_provided,fraud
c816e378-e661-48fd-bb1c-31d10c926b5e,6056d31a9cf9cf98ea9de7ef86cf4f5d,6f3c9a3d-bb1c-4d7c-ba20-e0bd7cb317d2,PAYMENT_ISSUE,low,app,2026-07-18T00:00:00,2026-07-18T22:00:00,refund_issued,fraud
54b49df9-8774-4558-b277-89b13414db7a,6056d31a9cf9cf98ea9de7ef86cf4f5d,34d93dc9-6fb9-44a0-9b56-15ce882ece53,PAYMENT_ISSUE,high,chat,2026-07-23T00:00:00,2026-07-23T14:00:00,refund_issued,fraud
e99b9cf0-7e20-4aff-9b16-c8be9d2bd573,6056d31a9cf9cf98ea9de7ef86cf4f5d,4f31e3c0-465e-4a48-a444-06e7aa1f8cfd,FRAUD_REVIEW,high,chat,2026-07-10T00:00:00,2026-07-12T13:00:00,escalated_to_human,fraud
af271a33-201e-4c1b-89e6-f2138aec19c0,6056d31a9cf9cf98ea9de7ef86cf4f5d,d8982a0c-3ee0-41fe-897d-ffdaaaa2b5fa,PAYMENT_ISSUE,medium,chat,2026-07-24T00:00:00,2026-07-24T23:00:00,escalated_to_human,fraud
ed771426-2d0a-4450-8cd4-37470667d7f6,6056d31a9cf9cf98ea9de7ef86cf4f5d,9eaa809f-c0c0-4723-987b-a0fb6f86652c,FRAUD_REVIEW,high,chat,2026-07-19T00:00:00,2026-07-19T12:00:00,escalated_to_human,fraud
b8ba482c-acd5-469d-b1d6-0805c9dafc93,6056d31a9cf9cf98ea9de7ef86cf4f5d,5288950b-c85d-4146-92dc-692f650ca3cf,PAYMENT_ISSUE,low,app,2026-07-09T00:00:00,2026-07-09T14:00:00,info_provided,fraud
f6a98329-914d-4585-b9b0-7469b9aae977,6056d31a9cf9cf98ea9de7ef86cf4f5d,a94446b1-c2df-4f72-9678-c4bbcef06d73,FRAUD_REVIEW,high,app,2026-07-12T00:00:00,2026-07-12T16:00:00,escalated_to_human,fraud
e64ba382-bb05-4b3b-9bf8-e18666b36aa4,6056d31a9cf9cf98ea9de7ef86cf4f5d,7fdae3d6-4938-4d9a-85cd-e13e9facaa71,ACCOUNT,medium,app,2026-07-02T00:00:00,2026-07-04T04:00:00,info_provided,fraud
12a74554-d6ca-4f70-b84a-f7517e50436f,6056d31a9cf9cf98ea9de7ef86cf4f5d,ad78d5e2-3034-4ef1-9a7e-7c95eab76413,DAMAGED_ITEM,low,email,2026-07-27T00:00:00,2026-07-28T17:00:00,escalated_to_human,fraud
dd190e51-c17a-43e3-bdf9-11fb475673dc,6056d31a9cf9cf98ea9de7ef86cf4f5d,8ec2cf5a-7325-4e04-a373-2b3345748894,REFUND,high,email,2026-07-28T00:00:00,2026-07-29T14:00:00,auto_resolved,fraud
549d2c21-6e87-492a-93bc-cd38eb7ee444,6056d31a9cf9cf98ea9de7ef86cf4f5d,981433fc-9c1c-42e7-89e9-fa770b011486,REFUND,medium,chat,2026-07-08T00:00:00,2026-07-09T19:00:00,info_provided,fraud
cfc9edae-0138-420d-8d1d-8cd016b17be1,6056d31a9cf9cf98ea9de7ef86cf4f5d,2ab2278c-7431-4e05-bc4a-17b451e5dc54,PAYMENT_ISSUE,high,app,2026-07-20T00:00:00,2026-07-22T11:00:00,auto_resolved,fraud
6b77828a-9816-4350-8633-da5580f57817,6056d31a9cf9cf98ea9de7ef86cf4f5d,7a68e949-151c-4f5b-bf75-bf412b7c34d9,ACCOUNT,high,app,2026-07-23T00:00:00,2026-07-23T23:00:00,escalated_to_human,fraud
81ee45bb-70d7-4cae-89e7-00f5f623f5eb,d3e1706bd9290ddbfd20fc30fa7224b0,15228228-8ef2-4cb6-81f4-ca9f364ce53c,FRAUD_REVIEW,high,chat,2026-07-05T00:00:00,2026-07-05T23:00:00,escalated_to_human,fraud
f693d018-7820-4132-856b-bdfa26c23deb,d3e1706bd9290ddbfd20fc30fa7224b0,8dfe8a09-b5ac-4688-a7a8-4e9829ff3afd,FRAUD_REVIEW,high,chat,2026-07-11T00:00:00,2026-07-13T07:00:00,escalated_to_human,fraud
17770f45-6eb1-4fd7-ba57-eaf5371d1253,d3e1706bd9290ddbfd20fc30fa7224b0,313d344a-5936-4ab8-94e1-5917a012e6c4,REFUND,high,email,2026-07-21T00:00:00,2026-07-22T19:00:00,info_provided,fraud
89f822ed-9a1e-40aa-85f2-04768e97c97c,d3e1706bd9290ddbfd20fc30fa7224b0,c90063f3-b2cc-4b82-8e28-1aabb6ae49b9,REFUND,low,chat,2026-07-12T00:00:00,2026-07-12T18:00:00,refund_issued,fraud
9f618af4-f235-4f54-8b22-2d9091b78833,d3e1706bd9290ddbfd20fc30fa7224b0,d5902526-13f0-4f75-8682-9fe6dee932cc,ORDER_STATUS,high,app,2026-07-14T00:00:00,2026-07-16T01:00:00,refund_issued,fraud
2ec8136b-a516-4f65-865f-ee485369f7b8,d3e1706bd9290ddbfd20fc30fa7224b0,87af78f7-25cb-4283-89f5-49d3de23e6aa,SHIPPING_DELAY,low,app,2026-07-03T00:00:00,2026-07-05T17:00:00,auto_resolved,fraud
9481f117-b2f9-4894-a032-4206574885e5,a31afd5504f618a4cd9f19a215db2705,2dac3fbb-3183-4b94-af95-1f7783e4065b,ACCOUNT,high,email,2026-07-08T00:00:00,2026-07-09T14:00:00,refund_issued,new
fe681cb6-11ea-4dd9-aeab-2affc25f0a82,65f03fbedc7e8316cd4eeef6480b681e,3be9428a-ea72-4b23-b413-785606191036,ACCOUNT,low,app,2026-07-25T00:00:00,2026-07-26T10:00:00,refund_issued,new
ded6c0ab-1f84-4f95-9994-b2a7404e9c70,d3a5fa065a68c1f357e6d8f4385938ee,844b887d-d971-4238-9f26-545fad49acf2,REFUND,high,chat,2026-03-26T00:00:00,2026-03-26T16:00:00,info_provided,fraud
0b18fd9e-13ff-4579-8c1f-25e191bbeb95,d3a5fa065a68c1f357e6d8f4385938ee,faf11f34-f7a8-4be2-8b90-545ea2509a49,CANCELLATION,medium,email,2026-07-04T00:00:00,2026-07-04T09:00:00,escalated_to_human,fraud
22f95da3-96f2-4ec0-8569-92334593eaae,d3a5fa065a68c1f357e6d8f4385938ee,8ddde927-7b94-4ece-a5b9-61a63185a1d0,CANCELLATION,medium,email,2026-05-09T00:00:00,2026-05-09T10:00:00,info_provided,fraud
3f698335-bca1-4b35-86d7-5faa6b030cd2,7f75745b4c2e50fbe27640c3949d0769,dd3f26ff-243a-4eff-a23c-363459121e8a,DAMAGED_ITEM,medium,app,2026-07-16T00:00:00,2026-07-16T16:00:00,refund_issued,new
eb41743f-c14f-483f-8e25-778f8985b582,6fe1eeba50adb26785158eef67c6ce38,39605bd4-f298-4cb1-b192-b96b09f6678b,SHIPPING_DELAY,high,email,2026-04-09T00:00:00,2026-04-11T06:00:00,info_provided,existing
cf5f3f60-ce2f-4345-aa9f-3393ad37f5be,7c4c172f6ad96039c75d87385d74d0b8,bdd6f295-4e58-46ca-b31d-07ac97f8c18f,DAMAGED_ITEM,high,app,2026-06-24T00:00:00,2026-06-24T01:00:00,refund_issued,existing
1fd27974-ef86-4cb9-b038-64742077afdd,caf8cfa0ac3ff60facda076545837647,d286feeb-173e-452e-8256-13c65e737435,REFUND,high,app,2026-06-18T00:00:00,2026-06-20T00:00:00,info_provided,fraud
843d84ba-1631-4ac8-ad77-0c53f797ffe8,caf8cfa0ac3ff60facda076545837647,4dadcf38-13b1-43bd-ba96-f29e0b3df458,ORDER_STATUS,low,app,2026-06-16T00:00:00,2026-06-16T17:00:00,auto_resolved,fraud
e3fd3937-9b46-4d4f-ac79-33b80363c80b,caf8cfa0ac3ff60facda076545837647,fb00e235-b414-4ad4-a761-ea129c50be62,SHIPPING_DELAY,high,app,2026-06-22T00:00:00,2026-06-22T22:00:00,auto_resolved,fraud
3c7a50d9-a111-4f91-bba4-e9742821d2a2,caf8cfa0ac3ff60facda076545837647,4f2f55ca-2250-4996-9dd2-6483b074b4df,DAMAGED_ITEM,medium,chat,2026-07-08T00:00:00,2026-07-09T16:00:00,auto_resolved,fraud
c83f25c6-6280-4985-b87f-c0ee2a64f677,caf8cfa0ac3ff60facda076545837647,c703800d-be26-4284-a613-5be7a2eab199,ACCOUNT,medium,email,2026-07-15T00:00:00,2026-07-16T00:00:00,escalated_to_human,fraud
bbd9feda-3246-4c56-a44f-cfd94fb330b9,caf8cfa0ac3ff60facda076545837647,b6147ff4-4861-42ea-b4de-cc87d50cb723,PAYMENT_ISSUE,medium,chat,2026-07-20T00:00:00,2026-07-22T06:00:00,refund_issued,fraud
01c59166-f73d-489a-9737-7e37465e20e8,caf8cfa0ac3ff60facda076545837647,81468837-ef68-41c9-85fb-200f5ef0bb41,FRAUD_REVIEW,high,chat,2026-06-23T00:00:00,2026-06-24T06:00:00,escalated_to_human,fraud
747d1943-6c03-4617-ae7d-c47407214075,caf8cfa0ac3ff60facda076545837647,5b68c718-6089-48ee-b4a4-b70524adf00b,ACCOUNT,low,app,2026-06-29T00:00:00,2026-07-01T03:00:00,auto_resolved,fraud
81adf707-603a-4595-a792-b43da61589f6,caf8cfa0ac3ff60facda076545837647,c7d5bdf7-c0c7-4ed1-95ba-98f9507deaff,REFUND,medium,email,2026-07-26T00:00:00,2026-07-26T13:00:00,info_provided,fraud
68aa5617-7d45-4c41-a23c-2548ae43815e,caf8cfa0ac3ff60facda076545837647,4a5e0b00-b29a-43b3-b63c-6e80229c97cb,DAMAGED_ITEM,low,email,2026-07-22T00:00:00,2026-07-22T05:00:00,info_provided,fraud
9e6547e0-1955-49b0-b550-85f73f39d82b,caf8cfa0ac3ff60facda076545837647,ccbaa0eb-c1fa-41fd-8811-79a55a727fb5,DAMAGED_ITEM,high,email,2026-06-26T00:00:00,2026-06-28T22:00:00,refund_issued,fraud
844c7f6e-8daf-4455-baa5-a644ecac1e03,caf8cfa0ac3ff60facda076545837647,145093ba-9780-4ff4-86e8-03ed5be9ded5,CANCELLATION,low,email,2026-07-23T00:00:00,2026-07-25T05:00:00,escalated_to_human,fraud
9c7e59e5-bc83-4d1a-a678-6b211a89a8de,caf8cfa0ac3ff60facda076545837647,ce329e70-85a6-4def-b5e8-c5a18dfc6936,REFUND,low,app,2026-07-16T00:00:00,2026-07-18T05:00:00,info_provided,fraud
91763373-4a07-4ce8-9e45-afeb6feda93e,caf8cfa0ac3ff60facda076545837647,8d21180d-6e30-4cfd-be41-ab1e7674a138,ACCOUNT,high,chat,2026-06-21T00:00:00,2026-06-21T19:00:00,auto_resolved,fraud
a80188fd-86c1-43d3-8b21-95a2861d4ba9,caf8cfa0ac3ff60facda076545837647,5650e8bc-4e34-4612-afcf-3439c7a122ef,DAMAGED_ITEM,low,chat,2026-07-06T00:00:00,2026-07-08T22:00:00,refund_issued,fraud
97704ba4-bcba-40ba-b4e4-36c5a858b52f,caf8cfa0ac3ff60facda076545837647,f730e0df-6ceb-4e14-914a-c456c2d61c59,ACCOUNT,low,chat,2026-07-09T00:00:00,2026-07-11T23:00:00,escalated_to_human,fraud
24a75b62-7ef1-4cb4-bbed-8221e8819f25,caf8cfa0ac3ff60facda076545837647,937eed15-5ce3-4255-acb2-ba3dd035c18e,ORDER_STATUS,high,chat,2026-07-02T00:00:00,2026-07-02T15:00:00,escalated_to_human,fraud
1586bc32-8dfa-4bf8-8762-359ea0cbddc3,caf8cfa0ac3ff60facda076545837647,b1032635-3e4c-4093-b37b-09371a734375,FRAUD_REVIEW,high,email,2026-07-07T00:00:00,2026-07-09T09:00:00,escalated_to_human,fraud
a41e8561-38cd-4497-80d1-2d956e0ef4d8,caf8cfa0ac3ff60facda076545837647,04c2c931-280e-4f77-a512-b0e7836506e3,ORDER_STATUS,low,email,2026-06-24T00:00:00,2026-06-26T19:00:00,info_provided,fraud
b15e4a23-ff18-4c73-b352-ab8d197b5641,caf8cfa0ac3ff60facda076545837647,4f9e66a5-8e8e-4be5-bb4d-632994f8bf9b,CANCELLATION,high,app,2026-06-22T00:00:00,2026-06-22T03:00:00,info_provided,fraud
8c8c7a75-5b0b-421e-b7c6-77f6bd4dd2b7,caf8cfa0ac3ff60facda076545837647,1570ca02-db1f-4bb8-8c44-8dc155c6804b,ORDER_STATUS,high,chat,2026-07-27T00:00:00,2026-07-28T23:00:00,refund_issued,fraud
8252f22b-decf-415c-85fd-7a29c2cc9485,caf8cfa0ac3ff60facda076545837647,25c75648-4cbf-468d-be82-bf76c8e1ede1,CANCELLATION,medium,email,2026-07-16T00:00:00,2026-07-17T19:00:00,escalated_to_human,fraud
bd86eb38-2ff9-48e3-adbf-16fc4f32f5e6,caf8cfa0ac3ff60facda076545837647,3e369e60-8f1a-49dc-b2dc-7e75251f9987,DAMAGED_ITEM,medium,email,2026-07-06T00:00:00,2026-07-06T09:00:00,info_provided,fraud
a9552b3b-8ae4-4f11-b40b-f0142d48072f,caf8cfa0ac3ff60facda076545837647,fe80c66c-4c50-4f73-bddf-7bd0df3b9e1c,ACCOUNT,medium,app,2026-06-19T00:00:00,2026-06-19T07:00:00,refund_issued,fraud
ca8a9972-cb4e-48f0-b9a6-0f02a1e1ef1b,caf8cfa0ac3ff60facda076545837647,93d2737d-5d51-4a20-bee6-552e5168dd61,FRAUD_REVIEW,high,app,2026-07-22T00:00:00,2026-07-23T03:00:00,escalated_to_human,fraud
7f7a149e-6d18-45c6-93e6-a88ff6e09618,caf8cfa0ac3ff60facda076545837647,9e30b999-117c-4087-8ff6-2639a4a0c5fc,FRAUD_REVIEW,high,app,2026-06-17T00:00:00,2026-06-18T09:00:00,escalated_to_human,fraud
d6e67caa-2d0f-4356-8b22-13bf33a86aab,caf8cfa0ac3ff60facda076545837647,a698557b-5fa0-40fd-8092-904ca6372ba1,FRAUD_REVIEW,high,chat,2026-07-27T00:00:00,2026-07-29T04:00:00,escalated_to_human,fraud
b47ee920-0597-4aeb-89a1-d40ab54fe4e3,caf8cfa0ac3ff60facda076545837647,eef507c5-1eee-444b-9229-e748040e8445,REFUND,low,chat,2026-06-21T00:00:00,2026-06-22T19:00:00,escalated_to_human,fraud
b53bb0e8-1544-4f7a-81e0-ba2fb69e3590,caf8cfa0ac3ff60facda076545837647,5556805a-ef2b-4d77-a69a-19c6c954990a,SHIPPING_DELAY,medium,chat,2026-06-29T00:00:00,2026-07-01T04:00:00,info_provided,fraud
ef994623-18a9-40f3-bc1c-a12d8456f7a7,caf8cfa0ac3ff60facda076545837647,ace7fb58-4ad4-4dd8-8dde-64e450fd96a3,REFUND,medium,app,2026-06-16T00:00:00,2026-06-17T03:00:00,refund_issued,fraud
337a233e-522a-4f03-9808-fc03ca77c185,caf8cfa0ac3ff60facda076545837647,561eed57-c18b-438c-9732-5270136e52ba,SHIPPING_DELAY,low,app,2026-07-22T00:00:00,2026-07-23T00:00:00,info_provided,fraud
611c592f-14dd-4241-b9e7-92ab05a3f8ba,caf8cfa0ac3ff60facda076545837647,16756bef-33ad-4c88-9ece-176e44167f4b,SHIPPING_DELAY,high,chat,2026-07-02T00:00:00,2026-07-03T01:00:00,escalated_to_human,fraud
8813f072-ce12-472b-8523-7ca58b47ac45,caf8cfa0ac3ff60facda076545837647,36786692-bec0-4799-93ae-04946d0c2b0a,FRAUD_REVIEW,high,email,2026-07-20T00:00:00,2026-07-20T09:00:00,escalated_to_human,fraud
e98b18dd-01a3-426a-94d6-14ab51a66fbc,caf8cfa0ac3ff60facda076545837647,9891e6cc-7ba4-4bcb-9329-fd678746a7f2,SHIPPING_DELAY,high,chat,2026-06-25T00:00:00,2026-06-27T09:00:00,info_provided,fraud
1f73793a-caa4-4d16-aa84-4ef46772ae76,d1ec84ece21390313fe8dd6457dd6ecb,b2a2cecc-95a3-4607-99d4-d188c803501c,ACCOUNT,low,email,2026-07-25T00:00:00,2026-07-25T23:00:00,info_provided,new
ed115490-582b-4edf-91cd-7786927c1396,d847d66f1135608cc13cb31f967f902f,d70374f1-860a-4da3-94c6-39fe0418569a,ORDER_STATUS,low,app,2026-06-25T00:00:00,2026-06-25T04:00:00,auto_resolved,new
db17039d-ef65-45c1-8268-c0c51939477e,51471983a16795b28218d45c15d22fd5,55dfc437-ee76-4823-afb0-93ec0130df4f,ACCOUNT,high,email,2026-07-11T00:00:00,2026-07-13T12:00:00,info_provided,new
7897f36f-83f1-4e14-b50f-fbf1831c91e3,a9ef550a2e94766b3491bffc789ad91c,a84ad5f3-c91c-469f-bd52-f0105de25994,CANCELLATION,low,app,2026-07-09T00:00:00,2026-07-11T20:00:00,info_provided,existing
8fbc6a57-7727-455a-b82d-4606b02b7cc2,1b2d658aff066cc4c104cd74093101b6,fc3abfc3-97aa-47ff-99a8-eed838939d38,ACCOUNT,high,email,2026-07-25T00:00:00,2026-07-25T17:00:00,info_provided,existing
bdc71721-aa76-4ac4-8a2e-608b51852354,019441bdb2c9b0b1990cac725c427960,2b82a6e9-26fb-474a-afa6-87f9464cec88,SHIPPING_DELAY,high,app,2026-07-14T00:00:00,2026-07-14T01:00:00,info_provided,new
7cdad94b-2197-44f7-8894-ef5e7faa7050,16fd4a65560ace047d491ce149537337,bc99682f-6484-4b27-9f02-ae7122aa5e6c,SHIPPING_DELAY,medium,chat,2026-07-11T00:00:00,2026-07-14T00:00:00,info_provided,new
b3a2f684-be45-42db-91ea-f0007079212b,7c534bad6850d94161a9cf12e8171339,020405c9-fe70-4eaa-a145-1d145c1983f4,REFUND,high,chat,2025-12-03T00:00:00,2025-12-05T18:00:00,refund_issued,existing
3c8103b8-f553-4722-88aa-7ddb6cb2d0c7,5a4a5f760f4e24691ad78a7f84bbe608,5b0d84be-ff75-4df6-a81f-3472e85f0a2c,SHIPPING_DELAY,high,app,2026-07-18T00:00:00,2026-07-19T22:00:00,info_provided,new
17c4bf2f-f049-4de8-aa33-0236ee4b4ea3,f1731fa7ae810577598d2d31a1888b4f,b4496de8-d24e-4c1d-9ac7-014e287abe60,PAYMENT_ISSUE,high,app,2026-07-24T00:00:00,2026-07-25T15:00:00,auto_resolved,existing
34974a7e-1d3c-4902-9647-a35743ee49ba,ce128a731e25fed87a7ace92333b142f,53f66f38-75a4-4095-ab68-f5ffb9d4ffa6,CANCELLATION,medium,app,2026-07-18T00:00:00,2026-07-18T09:00:00,refund_issued,new
d7a2f044-5fa7-45ab-bb1c-a99563499e8b,2bb655e5a68145d14491771f4a29e58f,2c40237a-62fa-4d3f-8d64-6c9de1634bbc,REFUND,high,chat,2026-06-16T00:00:00,2026-06-18T23:00:00,refund_issued,existing
6a3c1812-6e50-4527-b6bf-80d8147fbc14,b5b17698671a4c3822309b13d4f16f9e,5a2c87db-89c8-4098-8668-b68bd6b0f575,ACCOUNT,low,email,2026-06-29T00:00:00,2026-06-30T19:00:00,escalated_to_human,existing
4f30f837-c88d-4c59-8fde-8266d76a0221,00e984e99fdfd52943156d2d7eb4a5e6,fa65a60f-3bed-4801-b9c7-3e52ce7b01d6,FRAUD_REVIEW,high,chat,2026-06-25T00:00:00,2026-06-25T10:00:00,escalated_to_human,fraud
bb2e0e56-64a7-45a8-b7e7-0381e933a733,00e984e99fdfd52943156d2d7eb4a5e6,7fa0bfaa-4ab8-4b2b-9662-8a778e58fd7e,SHIPPING_DELAY,high,email,2026-07-11T00:00:00,2026-07-11T08:00:00,escalated_to_human,fraud
4da2dd54-3025-4e73-9ab5-caa222257618,00e984e99fdfd52943156d2d7eb4a5e6,9ef54d73-8b05-4838-b438-4559f24f9681,CANCELLATION,high,chat,2026-07-15T00:00:00,2026-07-17T21:00:00,refund_issued,fraud
11a99c17-5cc6-44c2-9d2e-b9e2a482c9c8,00e984e99fdfd52943156d2d7eb4a5e6,ebf6b560-7d53-46e3-a2cf-a690ad98eaf8,ACCOUNT,high,email,2026-07-06T00:00:00,2026-07-06T09:00:00,refund_issued,fraud
af605790-7e81-4730-a8ad-072a408a85cf,00e984e99fdfd52943156d2d7eb4a5e6,236b9bd3-1bbd-441d-83eb-88f4fedd059e,SHIPPING_DELAY,medium,email,2026-07-06T00:00:00,2026-07-06T08:00:00,info_provided,fraud
dfb8ccad-fdc8-4f20-b95f-c26e86477241,00e984e99fdfd52943156d2d7eb4a5e6,a4e5311b-86ca-48b1-8e50-9d50584c5c01,ACCOUNT,low,app,2026-07-09T00:00:00,2026-07-10T04:00:00,escalated_to_human,fraud
b8a8478d-aa02-4ea2-b103-feae422c0781,00e984e99fdfd52943156d2d7eb4a5e6,ceeaa261-b800-46d2-8298-c67990a3de51,ACCOUNT,low,chat,2026-07-27T00:00:00,2026-07-27T02:00:00,auto_resolved,fraud
1e4732f8-894c-486d-89cd-43c269dd8925,00e984e99fdfd52943156d2d7eb4a5e6,d62aa4e4-dbc0-417f-8977-3b92d63bd446,ACCOUNT,medium,chat,2026-06-29T00:00:00,2026-06-30T22:00:00,escalated_to_human,fraud
aaab201f-e0f3-4325-9729-379736c08e4a,00e984e99fdfd52943156d2d7eb4a5e6,7b455008-f632-4086-9915-0d16887fc336,REFUND,high,app,2026-07-09T00:00:00,2026-07-12T00:00:00,escalated_to_human,fraud
cdaffd6a-3997-451c-ac6a-e8f7d2261a2e,00e984e99fdfd52943156d2d7eb4a5e6,9030a138-ccef-4c98-aa4d-ab75872c0a4c,SHIPPING_DELAY,low,email,2026-07-20T00:00:00,2026-07-20T22:00:00,info_provided,fraud
ced6a0cf-7410-42ab-9c1e-3092173669aa,00e984e99fdfd52943156d2d7eb4a5e6,60f80fd0-48ea-4706-81ef-59049b1eb074,SHIPPING_DELAY,medium,app,2026-07-12T00:00:00,2026-07-13T02:00:00,info_provided,fraud
076c58a7-55bc-41f5-974f-9fd00c26cbfd,00e984e99fdfd52943156d2d7eb4a5e6,db8f35fc-0567-4386-9cf8-a67b77697d6d,DAMAGED_ITEM,high,chat,2026-07-03T00:00:00,2026-07-05T16:00:00,escalated_to_human,fraud
82dbc2fc-8263-4c41-94f6-acebf4c5f2df,00e984e99fdfd52943156d2d7eb4a5e6,045814b6-697f-49bc-afbf-8bbfacca21b1,REFUND,high,app,2026-07-08T00:00:00,2026-07-10T12:00:00,escalated_to_human,fraud
1708d7c4-d71a-449d-9508-cb94e1a67ca7,00e984e99fdfd52943156d2d7eb4a5e6,85b834c9-393b-411c-99d8-c49fcb905208,ORDER_STATUS,high,email,2026-07-10T00:00:00,2026-07-11T16:00:00,refund_issued,fraud
bf002c2e-05a1-4998-ab64-19764e585cba,00e984e99fdfd52943156d2d7eb4a5e6,63c11cf6-bc51-4e3d-b988-ec8cb0c3c472,REFUND,low,email,2026-07-02T00:00:00,2026-07-03T07:00:00,info_provided,fraud
ca1b5f2f-c2bb-4b29-94fb-d7be822c7847,00e984e99fdfd52943156d2d7eb4a5e6,ee88c853-dfde-4f4d-b56b-739c9354dda8,FRAUD_REVIEW,high,app,2026-07-16T00:00:00,2026-07-16T04:00:00,escalated_to_human,fraud
4dc6a6e2-ec2d-47c2-ace5-e01c411702ec,00e984e99fdfd52943156d2d7eb4a5e6,3a8bb3a5-4e08-4afb-b93a-ec3714631d75,CANCELLATION,low,chat,2026-07-08T00:00:00,2026-07-10T20:00:00,auto_resolved,fraud
dbbb3ea5-a585-49d0-a003-450f44579cc5,00e984e99fdfd52943156d2d7eb4a5e6,4539bbb8-1ffc-42d5-9b36-5b9e900c5d81,ORDER_STATUS,high,chat,2026-07-21T00:00:00,2026-07-22T20:00:00,refund_issued,fraud
ffbab129-dca3-47b8-9bf0-3724e92cc283,00e984e99fdfd52943156d2d7eb4a5e6,8eb25ad4-3f32-4e46-ae3e-fdb557b78435,ACCOUNT,high,chat,2026-07-12T00:00:00,2026-07-14T09:00:00,escalated_to_human,fraud
7c3153e8-b01b-4011-a47b-f76985e614cd,00e984e99fdfd52943156d2d7eb4a5e6,8e11c127-3284-4936-8c47-c3f3a2ce6c35,SHIPPING_DELAY,high,email,2026-07-10T00:00:00,2026-07-12T14:00:00,escalated_to_human,fraud
5efcd5dd-d879-44ac-ba13-b35bfaa40018,00e984e99fdfd52943156d2d7eb4a5e6,485e107f-00a6-4ccd-89e5-8ddc7f259c25,SHIPPING_DELAY,medium,app,2026-07-02T00:00:00,2026-07-02T02:00:00,escalated_to_human,fraud
6a039f0d-d3ba-4595-b207-d24a14155b28,827bfe48960ca0dde2edc174b2311277,28e6361c-8b38-4590-b6b1-08c4017a67a4,SHIPPING_DELAY,low,email,2026-07-24T00:00:00,2026-07-25T15:00:00,info_provided,new
053c9a3a-416b-4070-a368-6d8ce0e50fc6,2057c4a178808ef5a87a40c6adf2d89c,e4e6861a-324e-4dc8-8525-63060cd386b6,REFUND,low,email,2026-07-11T00:00:00,2026-07-14T00:00:00,escalated_to_human,existing
687c243c-f579-4487-b1b1-2562dfb6742b,bfb5363db41e6d47d3f16a1ba3e880ab,3ba10639-5cee-41b7-9def-4dba4e9b6043,PAYMENT_ISSUE,medium,app,2026-06-05T00:00:00,2026-06-05T22:00:00,refund_issued,existing
3c6e6449-a7a2-4559-95e0-fad090bac64f,bfb5363db41e6d47d3f16a1ba3e880ab,213706b4-9518-4ae3-ace6-f6c49cca8e18,CANCELLATION,low,email,2026-05-08T00:00:00,2026-05-09T00:00:00,refund_issued,existing
7105331b-fbcc-421e-af2a-b23b8f861c99,701ada356e78d72bfd5b279280762b79,24fa01ca-023a-4c86-930b-fd6e305a53a9,SHIPPING_DELAY,medium,chat,2026-07-11T00:00:00,2026-07-13T16:00:00,escalated_to_human,fraud
713b3989-b959-4b37-8ea5-9120c1d5c1e8,701ada356e78d72bfd5b279280762b79,b38efd5f-a8f8-4067-87ca-b0a346d8d824,REFUND,medium,chat,2026-07-03T00:00:00,2026-07-03T14:00:00,escalated_to_human,fraud
666ffb87-f8a3-4cb8-ace1-ffc8a1df313a,701ada356e78d72bfd5b279280762b79,7f9dfe79-662e-482b-9b05-e927eb01afcb,ACCOUNT,medium,chat,2026-07-16T00:00:00,2026-07-17T05:00:00,auto_resolved,fraud
fab1909b-17a5-43c2-a24b-c1af02260a2e,701ada356e78d72bfd5b279280762b79,ffc18011-5c88-4b2d-b5df-b1b9b0289870,REFUND,medium,email,2026-07-10T00:00:00,2026-07-13T00:00:00,auto_resolved,fraud
83af89c0-5b16-4da4-9483-6a6cc79b9e71,4ac6ec83ece04605a854d931c8e8d8c7,15aaed95-657f-4805-abc6-aada82e63fe4,DAMAGED_ITEM,medium,app,2026-07-12T00:00:00,2026-07-15T00:00:00,auto_resolved,new
02f55e58-a86d-4bf2-8558-61a53bb20d8f,4f8959e75186c78246b83bfb4219e419,2a474593-c41c-419e-b373-bc06e114857a,PAYMENT_ISSUE,medium,email,2026-05-08T00:00:00,2026-05-08T22:00:00,escalated_to_human,existing
eafce832-7070-46b8-9cd5-d83790e577f0,df2162a9aaf73bf42e812408330969a0,4663d0c9-945a-42b1-9bbb-b6251748b492,REFUND,high,email,2026-07-21T00:00:00,2026-07-22T23:00:00,escalated_to_human,existing
d9913f18-482e-4414-a4d7-ee79d4270b28,df2162a9aaf73bf42e812408330969a0,692a87ae-3911-43af-bfef-393732db4731,ORDER_STATUS,low,app,2026-07-04T00:00:00,2026-07-04T14:00:00,refund_issued,existing
92d24497-40b1-490c-8cd9-1569da74f7a5,df2162a9aaf73bf42e812408330969a0,1dc30700-bfd8-488a-aa9c-b24274ff52c4,DAMAGED_ITEM,medium,email,2026-06-13T00:00:00,2026-06-14T02:00:00,info_provided,existing
17f78178-4da9-47a3-9b90-b27267bb00f5,f988e05b9c8653f57178a723dc42cfe9,a70c3ca6-8dea-41d2-bb06-5b138d9ef6a3,ORDER_STATUS,medium,chat,2026-06-26T00:00:00,2026-06-27T11:00:00,escalated_to_human,existing
766ab5a9-3171-4046-836f-b8fe0d9f4e51,a214e70576ced674f9ff61d283ab272e,89b91c6f-4df5-474e-87c3-116ad0533426,DAMAGED_ITEM,high,chat,2026-06-08T00:00:00,2026-06-10T01:00:00,auto_resolved,existing
ec629e53-f875-4d35-bf03-e6b1d1049ebe,4394cce7a16aac93ea8f2c18124b1f92,def466c2-d745-4440-94cb-fe5186e50bda,DAMAGED_ITEM,medium,app,2026-07-08T00:00:00,2026-07-08T13:00:00,refund_issued,new
aa9ae515-9f7e-46ff-9d2c-dbde177addc2,587d22544f4d6f17b39a30723a53a305,685f22ad-c4c3-41d2-8669-06856a972bf7,SHIPPING_DELAY,low,email,2026-05-09T00:00:00,2026-05-11T08:00:00,auto_resolved,fraud
da078141-f820-424a-a8a5-71e83eb1c241,587d22544f4d6f17b39a30723a53a305,c0849b04-fec8-41e1-bf97-4120209eef01,ACCOUNT,low,chat,2025-07-17T00:00:00,2025-07-18T11:00:00,refund_issued,fraud
b86d518c-f6a0-42de-9cd3-399afe4be108,587d22544f4d6f17b39a30723a53a305,86c379de-7045-4e0e-ae0c-59257cad4df3,REFUND,high,app,2025-04-26T00:00:00,2025-04-28T02:00:00,auto_resolved,fraud
743d9343-0991-41f8-a7e3-8b9907027e90,587d22544f4d6f17b39a30723a53a305,058cc3fc-e4a1-447c-90b9-ee52602eb3eb,FRAUD_REVIEW,high,app,2024-05-17T00:00:00,2024-05-17T18:00:00,escalated_to_human,fraud
9cf9d862-ed1b-4c7f-bf78-25d8dee83e50,587d22544f4d6f17b39a30723a53a305,9b44cd0e-8de9-4824-b3c4-4408ae702c34,CANCELLATION,medium,app,2025-07-29T00:00:00,2025-07-29T19:00:00,refund_issued,fraud
c5633e42-ac08-4822-a61e-8983627ec846,587d22544f4d6f17b39a30723a53a305,4ce05fe9-78c0-4ad0-8710-677da5d75908,FRAUD_REVIEW,high,app,2025-08-11T00:00:00,2025-08-13T10:00:00,escalated_to_human,fraud
c22e6fdc-aa81-4d67-aea9-84da30862165,5ef5f96d508fff087a06648c19201333,5c7aa625-722e-487f-9e40-15a704bb5136,CANCELLATION,medium,chat,2026-06-23T00:00:00,2026-06-25T07:00:00,escalated_to_human,existing
774311cc-59bc-483b-a155-cec961fb4b19,62de6068da9506dca753598fcfbdcd16,23b88c26-60d7-4a09-900d-2326a26b1928,CANCELLATION,low,app,2026-07-02T00:00:00,2026-07-04T16:00:00,info_provided,new
283e6caf-b6de-4a40-b992-b86381a1ff4e,62de6068da9506dca753598fcfbdcd16,d9b2a307-c59b-4f2b-8225-5b4516ba4953,REFUND,medium,chat,2026-07-17T00:00:00,2026-07-18T06:00:00,auto_resolved,new
f78cdb89-4303-4db7-8786-3d3c6be1251f,f2a4f4165b72d65a5e7d10bbce13cecf,3e71adc1-1891-448a-8e21-113d8b6368d7,CANCELLATION,high,chat,2025-12-31T00:00:00,2026-01-01T05:00:00,info_provided,existing
df1902f5-0d87-410f-a7e5-455b87c9aad7,0a5f289d0908859e4f749900cfaa6eb9,2e87d51b-9c18-4cbf-ab59-07410356975f,CANCELLATION,medium,email,2026-01-16T00:00:00,2026-01-18T18:00:00,auto_resolved,existing
c1a8bc42-8db1-4de0-b4be-7f38d46d5dfc,4b0cbf5ea22869c5ea269442f9b849e7,eee29c8c-1d85-453a-87bf-94ef67ba0c6b,PAYMENT_ISSUE,high,chat,2026-07-19T00:00:00,2026-07-20T23:00:00,escalated_to_human,fraud
60d1b3ac-b54b-4bee-a938-a6f160c35c6e,4b0cbf5ea22869c5ea269442f9b849e7,82220b24-f822-4ea5-84d8-0578c7a903d6,REFUND,high,email,2026-05-17T00:00:00,2026-05-17T04:00:00,escalated_to_human,fraud
f5a97391-66c8-4d28-b1b8-222f8794b864,4b0cbf5ea22869c5ea269442f9b849e7,0ae95142-7525-4341-ba7e-75d69f68ddf1,ORDER_STATUS,low,chat,2026-06-18T00:00:00,2026-06-20T08:00:00,escalated_to_human,fraud
178efd9e-6c4f-45ea-831b-e4b23c5bc9d4,4b0cbf5ea22869c5ea269442f9b849e7,77d8f605-0871-4b94-828e-86edf102efa0,PAYMENT_ISSUE,high,email,2026-07-13T00:00:00,2026-07-15T05:00:00,auto_resolved,fraud
d0b68903-3156-48a5-a8a7-ba5a67523a65,4b0cbf5ea22869c5ea269442f9b849e7,f12dab91-9748-4a04-a3d5-6216495e8311,REFUND,high,chat,2026-07-08T00:00:00,2026-07-09T19:00:00,escalated_to_human,fraud
08cd6ee4-64d5-49bb-b2f8-b733b932fa83,4b0cbf5ea22869c5ea269442f9b849e7,3f494d94-44fc-4482-8672-13b7e76ab96d,ACCOUNT,high,chat,2026-07-30T00:00:00,2026-07-30T02:00:00,auto_resolved,fraud
10b2211e-d183-483f-a949-16333223c060,4b0cbf5ea22869c5ea269442f9b849e7,29fd69f7-9e12-489e-bb7f-cc45d84ac406,DAMAGED_ITEM,high,email,2026-07-02T00:00:00,2026-07-02T08:00:00,info_provided,fraud
9521db74-c386-4e92-a88d-dd48a3936a64,4b0cbf5ea22869c5ea269442f9b849e7,291e873a-9d9c-48c6-a2a3-4a91541cfcb7,SHIPPING_DELAY,low,app,2026-06-21T00:00:00,2026-06-23T19:00:00,auto_resolved,fraud
36a98305-b7a4-425c-b9d4-458ad9cbf160,4b0cbf5ea22869c5ea269442f9b849e7,bd67fa71-29b2-43ac-8228-623746dac353,REFUND,medium,app,2026-07-08T00:00:00,2026-07-10T03:00:00,refund_issued,fraud
ce189d63-cb14-41bc-8355-f60fe342dbb3,4b0cbf5ea22869c5ea269442f9b849e7,7abbeba1-b2ea-424c-be63-9f15fdc90933,FRAUD_REVIEW,high,chat,2026-07-12T00:00:00,2026-07-14T15:00:00,escalated_to_human,fraud
4fcc8eff-4e85-4ea3-95c9-273970756f53,4b0cbf5ea22869c5ea269442f9b849e7,0459537f-818b-4a7c-8c3b-30fd65734481,CANCELLATION,low,email,2026-06-16T00:00:00,2026-06-18T20:00:00,escalated_to_human,fraud
11f6357f-917f-4dc3-a3e0-bab506e8b01c,4b0cbf5ea22869c5ea269442f9b849e7,cc5dd66c-37d3-42c6-871d-6265725f00a7,REFUND,high,app,2026-06-08T00:00:00,2026-06-09T21:00:00,escalated_to_human,fraud
b0a80172-5fd5-416e-a1ba-94196b0336bb,4b0cbf5ea22869c5ea269442f9b849e7,c0025711-ccfe-457e-8e61-f1432d271966,DAMAGED_ITEM,high,chat,2026-05-27T00:00:00,2026-05-27T22:00:00,info_provided,fraud
d579f9b3-5e13-4dab-94a7-d75072657c23,4b0cbf5ea22869c5ea269442f9b849e7,6bbb45af-915e-4bfc-a2bf-9d96ab398bfb,SHIPPING_DELAY,medium,chat,2026-05-29T00:00:00,2026-05-31T10:00:00,refund_issued,fraud
2615030b-3eab-4862-9644-4fbf8a7cb16b,4b0cbf5ea22869c5ea269442f9b849e7,a66fbc9d-4b51-43b3-a6b1-9769fae01d6f,SHIPPING_DELAY,medium,chat,2026-05-23T00:00:00,2026-05-25T10:00:00,auto_resolved,fraud
3c77f1ef-839f-4507-90be-58e4b42d0a27,4b0cbf5ea22869c5ea269442f9b849e7,0f486a6d-4b84-4aa6-9994-ea57ac3f3fba,ORDER_STATUS,high,email,2026-07-03T00:00:00,2026-07-03T13:00:00,refund_issued,fraud
72da535a-e6b5-49ea-ac25-5daeadfaa0e7,4b0cbf5ea22869c5ea269442f9b849e7,b8c89294-d3cb-47b8-a5b7-b081ca6637d3,ORDER_STATUS,medium,app,2026-05-26T00:00:00,2026-05-27T11:00:00,info_provided,fraud
fa718c67-a1d0-48ac-935c-9c99444153d6,4b0cbf5ea22869c5ea269442f9b849e7,4132334b-a91b-4e36-a455-6e1a86ac3234,ACCOUNT,high,app,2026-06-14T00:00:00,2026-06-14T15:00:00,info_provided,fraud
8f893aed-35b0-463d-beca-a18a1834ec5c,4b0cbf5ea22869c5ea269442f9b849e7,63766e42-e6b0-4293-a117-77d600016d45,PAYMENT_ISSUE,medium,chat,2026-07-20T00:00:00,2026-07-21T01:00:00,info_provided,fraud
8a9b55fb-6241-4907-851a-b38e409edf95,4b0cbf5ea22869c5ea269442f9b849e7,cde62b9f-7117-4026-8f76-6518b5646513,ACCOUNT,medium,app,2026-06-05T00:00:00,2026-06-05T08:00:00,auto_resolved,fraud
a51ca147-d1b4-4a4c-91db-8153f6f6c7e2,4b0cbf5ea22869c5ea269442f9b849e7,1dad2908-175b-45f3-be21-1c2e728e026c,ORDER_STATUS,high,app,2026-06-04T00:00:00,2026-06-06T11:00:00,auto_resolved,fraud
66dd2a44-688f-41e3-82e0-2a4ea6aed5ac,4b0cbf5ea22869c5ea269442f9b849e7,99f486e2-a30c-42d3-a450-9cc3eb5cbb28,SHIPPING_DELAY,low,app,2026-07-20T00:00:00,2026-07-21T20:00:00,auto_resolved,fraud
da0fc88f-bcd1-45ed-8d43-f968cfad4f43,84b0bf771f3b14f21e6dd37e2fe2eee6,33998f02-bcd3-4bd6-8f49-060d7457b65b,ACCOUNT,low,app,2026-07-17T00:00:00,2026-07-17T08:00:00,auto_resolved,fraud
75016be3-e271-47f6-a442-2ab90e815b69,84b0bf771f3b14f21e6dd37e2fe2eee6,4fd7b736-7b9b-43b6-9319-2644a48497cd,ORDER_STATUS,high,app,2026-07-12T00:00:00,2026-07-14T12:00:00,escalated_to_human,fraud
3171c320-a234-4954-be06-3f21f8ab259f,84b0bf771f3b14f21e6dd37e2fe2eee6,1fd4f6fd-2b70-443c-88bd-7ad4a8b9f879,SHIPPING_DELAY,medium,app,2026-07-19T00:00:00,2026-07-19T21:00:00,refund_issued,fraud
b35bc2d0-ab56-4ae2-9e5d-fef2ff3bb96e,84b0bf771f3b14f21e6dd37e2fe2eee6,3533f359-ca47-48d3-a7a9-0c61d535a0c0,REFUND,low,chat,2026-07-10T00:00:00,2026-07-12T09:00:00,info_provided,fraud
e8d358c0-0c3b-4d4e-952d-e87504dde950,84b0bf771f3b14f21e6dd37e2fe2eee6,5bc14185-17d5-463b-a5ed-071025a2282c,ORDER_STATUS,medium,chat,2026-07-19T00:00:00,2026-07-21T21:00:00,escalated_to_human,fraud
51630bf6-2890-4d0d-9599-9f559865b014,84b0bf771f3b14f21e6dd37e2fe2eee6,f041d942-3b9b-4ac0-957b-80e33179689c,CANCELLATION,medium,email,2026-07-24T00:00:00,2026-07-26T04:00:00,refund_issued,fraud
9f997604-9c94-4c0c-808e-8bfa0969cb48,84b0bf771f3b14f21e6dd37e2fe2eee6,7136b1a2-ba02-4810-85e7-0141104f1be0,REFUND,low,app,2026-06-28T00:00:00,2026-06-28T08:00:00,info_provided,fraud
63a0acb9-9ea0-4f13-8030-961458d8a4c6,84b0bf771f3b14f21e6dd37e2fe2eee6,d31a59b4-001a-4459-8bfd-0c9ee9d5fd30,DAMAGED_ITEM,low,chat,2026-07-25T00:00:00,2026-07-27T19:00:00,auto_resolved,fraud
b74a78dc-3a15-425e-beea-54098ece1c5f,84b0bf771f3b14f21e6dd37e2fe2eee6,bb9aa3b1-98ef-421e-a3b8-b7fb76afbe40,CANCELLATION,high,email,2026-07-16T00:00:00,2026-07-18T05:00:00,refund_issued,fraud
3424e31e-874b-42e0-a912-04e0c1ace6b9,68879d9986551c8c9e7bd1686195402d,f5a9de89-2b30-473a-b268-69e81bf029c6,DAMAGED_ITEM,low,email,2026-07-03T00:00:00,2026-07-03T15:00:00,escalated_to_human,new
31e2094c-eeda-4c0f-98ae-d253e13e86fb,c849085aa9f5d4af92baaa56a112d686,6fa28e00-45ef-4719-9937-9e5e793bebf2,DAMAGED_ITEM,low,app,2026-06-23T00:00:00,2026-06-24T05:00:00,info_provided,existing
c4e64853-2bec-4feb-aaa4-a904a7e525eb,5a3ee05d197e24b7bafaac3e2cbc7e55,3ebef2fd-013c-480b-a35d-5fe1311ad313,ORDER_STATUS,medium,app,2026-07-26T00:00:00,2026-07-27T00:00:00,auto_resolved,fraud
312349a5-f1f7-4b8f-87dc-f79dad88b735,5a3ee05d197e24b7bafaac3e2cbc7e55,995e5d26-60fa-44ea-a788-d02fbc6c9d0c,ACCOUNT,low,email,2026-07-02T00:00:00,2026-07-03T07:00:00,refund_issued,fraud
dc2ccec4-91d5-4c00-ac8d-b1dc45db75a9,5a3ee05d197e24b7bafaac3e2cbc7e55,9b6ca048-942f-4351-96b8-83f1553663cc,SHIPPING_DELAY,high,chat,2026-07-11T00:00:00,2026-07-12T16:00:00,refund_issued,fraud
2a252de5-4def-4cb0-a85d-84e8711f71e2,5a3ee05d197e24b7bafaac3e2cbc7e55,7e09d3d8-25da-4f50-9818-814ebcb077c7,FRAUD_REVIEW,high,email,2026-07-13T00:00:00,2026-07-14T04:00:00,escalated_to_human,fraud
556085d0-5226-49e0-a689-730644ce814c,5a3ee05d197e24b7bafaac3e2cbc7e55,0ad19805-1ebd-4534-8675-9050e6a9e852,REFUND,medium,email,2026-07-08T00:00:00,2026-07-10T18:00:00,escalated_to_human,fraud
f97c6f98-c5fb-4aa3-90e1-f7819e493d97,5a3ee05d197e24b7bafaac3e2cbc7e55,04e73d09-c68f-4a24-99c5-f7b9fe57a4f5,ORDER_STATUS,low,email,2026-07-06T00:00:00,2026-07-06T14:00:00,escalated_to_human,fraud
ed9491b5-a0b8-40c9-8505-18d5b9e39a85,5a3ee05d197e24b7bafaac3e2cbc7e55,d64ed313-84f6-4f71-9a27-cf03519e3e89,REFUND,low,chat,2026-07-05T00:00:00,2026-07-07T06:00:00,escalated_to_human,fraud
1a8993c4-7c68-437d-a0a3-725e6f29ac81,5a3ee05d197e24b7bafaac3e2cbc7e55,e07d0be2-0836-4964-b104-a24895a19533,FRAUD_REVIEW,high,email,2026-07-22T00:00:00,2026-07-23T04:00:00,escalated_to_human,fraud
366a4f1d-714c-4abc-b869-f046a33aa13d,5a3ee05d197e24b7bafaac3e2cbc7e55,9a770981-da97-442f-ab90-58b2c01da24a,ORDER_STATUS,low,email,2026-07-16T00:00:00,2026-07-18T09:00:00,auto_resolved,fraud
960db8bd-c6c3-4254-87d7-d0ee718549bf,5a3ee05d197e24b7bafaac3e2cbc7e55,e61fd440-efa5-4e33-90c0-57dc1b62aeb0,ACCOUNT,high,email,2026-07-25T00:00:00,2026-07-26T20:00:00,escalated_to_human,fraud
ecfa8f24-c878-40db-84d0-c9092283d2ae,5a3ee05d197e24b7bafaac3e2cbc7e55,86df30b0-47d9-4966-8f3e-cb2a204f8cf8,SHIPPING_DELAY,low,chat,2026-06-27T00:00:00,2026-06-28T03:00:00,info_provided,fraud
75208416-a3ad-4fb1-b762-b9819023025f,5a3ee05d197e24b7bafaac3e2cbc7e55,57d537b1-c26e-463d-b604-ed4dccc88cf8,DAMAGED_ITEM,medium,chat,2026-07-06T00:00:00,2026-07-06T08:00:00,info_provided,fraud
b24b3b0c-329d-4170-a21e-0ae6f7d8e01d,5a3ee05d197e24b7bafaac3e2cbc7e55,011ae7c9-e9b0-432d-ae75-4c0c10b4c205,REFUND,medium,email,2026-07-01T00:00:00,2026-07-01T01:00:00,auto_resolved,fraud
4116b0e8-7421-49d2-a5ac-0ee24db8ed12,5a3ee05d197e24b7bafaac3e2cbc7e55,f71c18db-62ff-4cac-81a3-a0464bc3980b,FRAUD_REVIEW,high,email,2026-07-14T00:00:00,2026-07-14T13:00:00,escalated_to_human,fraud
e7e9d3b0-6fca-463e-ac66-fcd3911345ad,5a3ee05d197e24b7bafaac3e2cbc7e55,5b3056df-94dc-47f8-b985-d1c675e5d2ed,CANCELLATION,medium,email,2026-08-01T00:00:00,2026-08-01T01:00:00,escalated_to_human,fraud
d9e7f20a-48ad-4227-9972-583ee66da134,5a3ee05d197e24b7bafaac3e2cbc7e55,527ee0ed-4ee0-4787-ae3f-3b6e831427b8,REFUND,high,app,2026-07-02T00:00:00,2026-07-04T17:00:00,escalated_to_human,fraud
779ab7af-351e-4248-b644-375505c315ae,5a3ee05d197e24b7bafaac3e2cbc7e55,7ccb208d-1d6c-4690-80cc-c7e1b7506387,ORDER_STATUS,medium,email,2026-07-07T00:00:00,2026-07-07T01:00:00,auto_resolved,fraud
8c884c75-6570-453b-8332-ebca2447716a,5a3ee05d197e24b7bafaac3e2cbc7e55,929b02e3-a052-43bf-8c98-fb81b812d0f6,CANCELLATION,medium,app,2026-07-13T00:00:00,2026-07-14T08:00:00,info_provided,fraud
be5be2f7-8da3-4546-a76d-7a401d5502d5,5a3ee05d197e24b7bafaac3e2cbc7e55,30c2dbdc-763f-4649-b98b-c6ed4d9fadd5,ACCOUNT,high,chat,2026-07-17T00:00:00,2026-07-17T16:00:00,auto_resolved,fraud
7835b740-b102-41b4-a83d-d17963c1bd67,5a3ee05d197e24b7bafaac3e2cbc7e55,1e30593d-9381-46e9-b0f8-a0a2a52c1ab2,SHIPPING_DELAY,medium,chat,2026-07-24T00:00:00,2026-07-25T15:00:00,refund_issued,fraud
ad5aa226-0785-47f7-b001-18969164c0fa,5a3ee05d197e24b7bafaac3e2cbc7e55,8e65bb5b-d6f9-4310-ae6c-b2a2ad432884,DAMAGED_ITEM,high,email,2026-07-17T00:00:00,2026-07-18T04:00:00,refund_issued,fraud
5fb9c6f6-a540-4a19-b9a3-7689b19b8f60,5a3ee05d197e24b7bafaac3e2cbc7e55,fc0c86e1-6ba5-4a18-a00c-829850306b3e,FRAUD_REVIEW,high,app,2026-07-19T00:00:00,2026-07-21T10:00:00,escalated_to_human,fraud
2f7aaf6e-ba74-4474-b81c-d20659835e69,5a3ee05d197e24b7bafaac3e2cbc7e55,a141648f-e207-4448-87d8-2cddf69a7e13,SHIPPING_DELAY,medium,email,2026-06-24T00:00:00,2026-06-25T04:00:00,auto_resolved,fraud
697f4f2c-dd73-4045-8c44-75299ef4e7a5,5a3ee05d197e24b7bafaac3e2cbc7e55,a536530f-dc14-4bf6-bc76-e40e7c87cf77,FRAUD_REVIEW,high,email,2026-07-06T00:00:00,2026-07-08T16:00:00,escalated_to_human,fraud
bd0512cc-3d26-41d3-ab88-5ba64422d5fb,5a3ee05d197e24b7bafaac3e2cbc7e55,aa70c9cc-b795-440e-8ff8-fcd5b23ae528,ACCOUNT,high,email,2026-07-11T00:00:00,2026-07-13T03:00:00,auto_resolved,fraud
63a59870-5b4b-44b3-8b4d-18845b506c01,5a3ee05d197e24b7bafaac3e2cbc7e55,2db7e697-b1d3-4bed-9233-3bed401495a0,FRAUD_REVIEW,high,email,2026-06-29T00:00:00,2026-06-29T21:00:00,escalated_to_human,fraud
679f4bd9-367e-4b31-8a1d-9cc635bb5897,5a3ee05d197e24b7bafaac3e2cbc7e55,10a6aace-4a3c-4e06-b5bc-5bac80b4fada,REFUND,high,chat,2026-07-11T00:00:00,2026-07-13T19:00:00,escalated_to_human,fraud
a1a3f626-5633-44f2-bfe3-22ddb0435520,5a3ee05d197e24b7bafaac3e2cbc7e55,7f778310-6d14-4d4e-8f4a-5212742db08f,FRAUD_REVIEW,high,chat,2026-07-12T00:00:00,2026-07-13T11:00:00,escalated_to_human,fraud
4cb77924-ee79-4b09-a98c-8047fc52836f,5a3ee05d197e24b7bafaac3e2cbc7e55,8b8c3d51-1c09-4e2c-8358-99e2f0c4b937,PAYMENT_ISSUE,medium,app,2026-06-29T00:00:00,2026-07-01T18:00:00,info_provided,fraud
28fb0aae-cd6f-4581-af76-ece09d3839b9,5a3ee05d197e24b7bafaac3e2cbc7e55,0427c628-4f91-41e5-b9ae-b9b1d03ef382,CANCELLATION,high,app,2026-06-23T00:00:00,2026-06-25T20:00:00,info_provided,fraud
cf443510-0178-41f9-9779-209bf0945eb9,5a3ee05d197e24b7bafaac3e2cbc7e55,38ec0ef6-e617-48ef-9c74-8978435e08a0,CANCELLATION,high,chat,2026-07-06T00:00:00,2026-07-07T09:00:00,info_provided,fraud
2de7d12d-705d-45f2-a54a-a2c257fad190,5a3ee05d197e24b7bafaac3e2cbc7e55,1667983b-76ff-4bd3-8212-52c5c92f3717,PAYMENT_ISSUE,medium,app,2026-07-01T00:00:00,2026-07-01T12:00:00,refund_issued,fraud
ea456d2e-c3d0-4f6f-b53a-8b2c7796fdf8,5a3ee05d197e24b7bafaac3e2cbc7e55,5a079df9-8323-455e-8195-180854230d5d,PAYMENT_ISSUE,medium,app,2026-06-30T00:00:00,2026-07-02T21:00:00,escalated_to_human,fraud
1769d357-eeae-4b1e-9391-3c26cdc01635,5a3ee05d197e24b7bafaac3e2cbc7e55,a37064a9-29e8-4e20-be32-814dc38b338a,FRAUD_REVIEW,high,email,2026-07-08T00:00:00,2026-07-08T03:00:00,escalated_to_human,fraud
22934a3c-a1c0-4e3e-ab2b-c89d161ad406,5a3ee05d197e24b7bafaac3e2cbc7e55,e5779d77-24aa-4bcb-b8b1-22a52ad908aa,ACCOUNT,high,chat,2026-07-09T00:00:00,2026-07-09T09:00:00,info_provided,fraud
7562f7ff-de92-4329-82f1-9571e4913765,5a3ee05d197e24b7bafaac3e2cbc7e55,81b316fe-0048-41c2-b8c9-714268493128,ORDER_STATUS,low,chat,2026-07-10T00:00:00,2026-07-12T03:00:00,info_provided,fraud
c3b45513-0159-4ef6-af63-f9843e60743d,5a3ee05d197e24b7bafaac3e2cbc7e55,f7bf5d46-e812-4c21-8ffa-f44575e87692,DAMAGED_ITEM,medium,email,2026-07-26T00:00:00,2026-07-28T05:00:00,auto_resolved,fraud
7a97bc20-cd89-485a-8664-243e8bb95770,5a3ee05d197e24b7bafaac3e2cbc7e55,aad2ddf8-16a4-43e2-a748-59c494f65dbe,REFUND,low,chat,2026-07-02T00:00:00,2026-07-02T04:00:00,escalated_to_human,fraud
e750b09e-32f3-4c19-975e-2ad628d18f77,5a3ee05d197e24b7bafaac3e2cbc7e55,52635e18-c2aa-44f2-bfc9-2248f1822388,ACCOUNT,low,app,2026-07-12T00:00:00,2026-07-14T10:00:00,escalated_to_human,fraud
e0155393-5e37-4ab4-a4a7-70a2a5bd0ceb,5a3ee05d197e24b7bafaac3e2cbc7e55,e2abe95d-e890-4f1b-a705-1a507a18268e,DAMAGED_ITEM,low,email,2026-07-09T00:00:00,2026-07-09T19:00:00,info_provided,fraud
fcb5147d-76da-47c8-b840-895fb95c75e0,5a3ee05d197e24b7bafaac3e2cbc7e55,a2eda97b-cdef-48fc-886a-5ef6e81b5275,PAYMENT_ISSUE,medium,app,2026-07-17T00:00:00,2026-07-19T20:00:00,auto_resolved,fraud
a9c6c640-d6a9-48bf-af59-43128d81e19c,5a3ee05d197e24b7bafaac3e2cbc7e55,87a745c1-3d24-448a-9397-234be67090c4,DAMAGED_ITEM,high,email,2026-07-16T00:00:00,2026-07-16T04:00:00,escalated_to_human,fraud
da89d308-f7ae-4ad3-adea-d161b4241558,5a3ee05d197e24b7bafaac3e2cbc7e55,b957d727-8b95-4b9c-af21-08d4a6b0b5bb,REFUND,medium,email,2026-07-04T00:00:00,2026-07-06T11:00:00,info_provided,fraud
6ca19134-1d52-48e7-b073-9fedc35305c0,5a3ee05d197e24b7bafaac3e2cbc7e55,e57be43c-adf5-49ee-a752-d585b5a8fcf2,FRAUD_REVIEW,high,app,2026-07-28T00:00:00,2026-07-29T19:00:00,escalated_to_human,fraud
3f67259d-afaf-4151-9c2e-591bbffde551,5a3ee05d197e24b7bafaac3e2cbc7e55,4d70f2b4-a8b2-4e65-bc2c-08e3f281ce2c,DAMAGED_ITEM,medium,app,2026-07-18T00:00:00,2026-07-20T11:00:00,refund_issued,fraud
e4aff2c8-b44e-4b51-9912-dd9e882115cf,5a3ee05d197e24b7bafaac3e2cbc7e55,eebebe2c-d993-4375-9f4a-83ae86788143,CANCELLATION,low,chat,2026-06-30T00:00:00,2026-07-02T14:00:00,auto_resolved,fraud
3814c3ad-7b82-4dbd-a2b5-e662dbe2dc35,5a3ee05d197e24b7bafaac3e2cbc7e55,61810ead-68bc-439b-84ab-fba413538975,ACCOUNT,low,app,2026-07-14T00:00:00,2026-07-15T05:00:00,auto_resolved,fraud
130a5994-3c40-4cc0-a788-af1813882c37,5a3ee05d197e24b7bafaac3e2cbc7e55,c2e16318-9ee6-4a42-9bf1-41ecc5988e6b,SHIPPING_DELAY,low,chat,2026-07-23T00:00:00,2026-07-23T06:00:00,auto_resolved,fraud
eebb5659-a1d5-4305-818b-505a9b0d1872,5a3ee05d197e24b7bafaac3e2cbc7e55,617a2030-7339-49b5-a889-51308f455e55,DAMAGED_ITEM,low,email,2026-07-23T00:00:00,2026-07-24T00:00:00,refund_issued,fraud
bffd49c3-fc7e-417c-88a5-0b897a657248,5a3ee05d197e24b7bafaac3e2cbc7e55,5c070078-fb60-4fec-94fd-ce9ca9cf9d0c,SHIPPING_DELAY,medium,chat,2026-07-07T00:00:00,2026-07-07T15:00:00,refund_issued,fraud
e94a9671-3ab8-4b74-bbca-ec8b53335d10,5a3ee05d197e24b7bafaac3e2cbc7e55,c0ded064-b876-4f4b-8e8b-37b21f0b1a28,REFUND,high,app,2026-06-26T00:00:00,2026-06-27T16:00:00,auto_resolved,fraud
adecd012-c586-4090-a677-9b8afa32af32,5a3ee05d197e24b7bafaac3e2cbc7e55,c7a02788-316f-4c12-9e69-bfc97d33a34b,ACCOUNT,high,chat,2026-07-02T00:00:00,2026-07-02T15:00:00,info_provided,fraud
08a11034-4ed2-4266-9478-e4f07a85453d,5a3ee05d197e24b7bafaac3e2cbc7e55,d81c8a6a-c48b-45cd-8bb8-578d732af5eb,REFUND,medium,chat,2026-07-19T00:00:00,2026-07-21T17:00:00,escalated_to_human,fraud
c599a73c-2800-4490-b76c-61634bf94f97,5a3ee05d197e24b7bafaac3e2cbc7e55,4e10b707-24ce-4faa-b6f3-d6b7a2168153,ACCOUNT,medium,app,2026-07-13T00:00:00,2026-07-13T18:00:00,auto_resolved,fraud
fecf42e8-2879-4917-88bd-ff5e9b8046f8,5a3ee05d197e24b7bafaac3e2cbc7e55,b111d00c-8014-45f3-a4a6-bb203c03751a,FRAUD_REVIEW,high,chat,2026-06-25T00:00:00,2026-06-26T09:00:00,escalated_to_human,fraud
7044f5d1-739b-4443-8ef9-fdb3831a2a9c,5a3ee05d197e24b7bafaac3e2cbc7e55,4ce64633-679a-4c6c-8319-a692ea67fa81,FRAUD_REVIEW,high,chat,2026-07-12T00:00:00,2026-07-14T05:00:00,escalated_to_human,fraud
81c0fade-17a6-4e35-9fd4-254f9be2e6da,5a3ee05d197e24b7bafaac3e2cbc7e55,7407ba36-ab40-4a31-a43f-21760f574937,ACCOUNT,medium,app,2026-07-13T00:00:00,2026-07-15T09:00:00,refund_issued,fraud
ae816301-57bb-4607-a1bc-59231901c21c,5a3ee05d197e24b7bafaac3e2cbc7e55,e7a1fde9-ca5e-42f8-b07c-6be08c9f8e8d,REFUND,medium,chat,2026-07-24T00:00:00,2026-07-25T20:00:00,refund_issued,fraud
fb98f620-145b-4650-8cba-a5e85a7f2a81,5a3ee05d197e24b7bafaac3e2cbc7e55,eb5e97c8-3450-4c9c-bfb3-045d93a4d1f9,CANCELLATION,high,email,2026-07-22T00:00:00,2026-07-23T11:00:00,auto_resolved,fraud
48711e8b-eaed-463c-902a-75128bd780a1,5a3ee05d197e24b7bafaac3e2cbc7e55,55e98b3d-715c-43e2-8082-90297fb69f6d,REFUND,high,email,2026-07-24T00:00:00,2026-07-27T00:00:00,refund_issued,fraud
2a81ac1d-ebdc-417d-8d31-e5ff57b43317,5a3ee05d197e24b7bafaac3e2cbc7e55,74428169-5ee1-479b-87ea-3997c99e757f,SHIPPING_DELAY,low,email,2026-07-18T00:00:00,2026-07-18T10:00:00,escalated_to_human,fraud
4e6bd323-10d2-4873-b808-1d3c2514de69,5a3ee05d197e24b7bafaac3e2cbc7e55,6f515d4c-914e-4287-b976-d602ac528173,REFUND,high,email,2026-07-09T00:00:00,2026-07-10T08:00:00,escalated_to_human,fraud
06455611-922a-4836-8dc5-b4e4f0e8f367,5a3ee05d197e24b7bafaac3e2cbc7e55,e7c5147d-ea99-4d07-a6c8-664e26de427a,DAMAGED_ITEM,high,chat,2026-06-23T00:00:00,2026-06-25T19:00:00,refund_issued,fraud
2fa82806-7dac-4fd4-ac42-48006a056cb3,5a3ee05d197e24b7bafaac3e2cbc7e55,61a0fbf5-2396-495f-9335-f18d4de5bacb,ORDER_STATUS,low,chat,2026-07-06T00:00:00,2026-07-06T14:00:00,escalated_to_human,fraud
201eecdc-c62f-4427-b855-bec075ed77cb,5a3ee05d197e24b7bafaac3e2cbc7e55,20fbe6c9-1901-4c63-99fe-30fc4d05c5e3,REFUND,medium,app,2026-07-19T00:00:00,2026-07-20T20:00:00,escalated_to_human,fraud
96e6d1ef-480e-4877-ba65-f97fdf460d87,5a3ee05d197e24b7bafaac3e2cbc7e55,d8ae4bae-7fa2-4bb1-be90-ed91239e7c27,FRAUD_REVIEW,high,chat,2026-07-01T00:00:00,2026-07-02T15:00:00,escalated_to_human,fraud
95a392ec-7941-4fe0-bf27-6b022ec7e0fb,5a3ee05d197e24b7bafaac3e2cbc7e55,2646f270-9c03-43f9-b7ae-27c9807c3ec6,DAMAGED_ITEM,high,email,2026-07-09T00:00:00,2026-07-11T09:00:00,info_provided,fraud
7bb7613e-dc05-40e9-bc64-10200b288a24,5a3ee05d197e24b7bafaac3e2cbc7e55,0666e9e9-760e-4c3c-ad27-7e53322223e4,DAMAGED_ITEM,low,chat,2026-07-07T00:00:00,2026-07-09T09:00:00,auto_resolved,fraud
b965c121-59f4-430a-9d5d-394c7443d087,5a3ee05d197e24b7bafaac3e2cbc7e55,847ff19c-67f5-4f3b-ba05-6207b5f88a2b,ORDER_STATUS,medium,email,2026-07-09T00:00:00,2026-07-10T00:00:00,escalated_to_human,fraud
9b88e045-81eb-4e65-a23a-0462d39a886d,5a3ee05d197e24b7bafaac3e2cbc7e55,a8d2c5a6-36db-4c08-8579-dd0665dbf73e,REFUND,medium,chat,2026-07-21T00:00:00,2026-07-23T21:00:00,escalated_to_human,fraud
ed232c6e-7a17-472b-accb-49d18426e678,5a3ee05d197e24b7bafaac3e2cbc7e55,c665b176-e9e1-48cf-b77b-ba7748540c52,SHIPPING_DELAY,medium,app,2026-07-09T00:00:00,2026-07-10T21:00:00,refund_issued,fraud
72bdcac5-1b78-4128-a101-13a35c2402b3,5a3ee05d197e24b7bafaac3e2cbc7e55,09c344a5-09da-4cc6-98b2-022d6a2c18a9,SHIPPING_DELAY,high,email,2026-07-05T00:00:00,2026-07-07T12:00:00,auto_resolved,fraud
e74c5414-a16d-4b2a-a433-7ddb74640130,5a3ee05d197e24b7bafaac3e2cbc7e55,61479131-4f47-4a5e-b04e-9a2ca8922044,FRAUD_REVIEW,high,chat,2026-07-05T00:00:00,2026-07-06T15:00:00,escalated_to_human,fraud
18026701-b672-4649-b3c4-1cfa9b3b37fb,5a3ee05d197e24b7bafaac3e2cbc7e55,b1ef2116-4653-431a-852d-13d4078028c4,ORDER_STATUS,low,email,2026-07-17T00:00:00,2026-07-18T05:00:00,info_provided,fraud
f6ff8c6d-e917-4a0a-96d7-f797b7ace842,5a3ee05d197e24b7bafaac3e2cbc7e55,0c2aed5d-483c-4f3e-b17b-06788c25343c,SHIPPING_DELAY,high,chat,2026-06-27T00:00:00,2026-06-28T11:00:00,escalated_to_human,fraud
4e28a1f6-014c-4507-ab76-be8a4ac245f7,5a3ee05d197e24b7bafaac3e2cbc7e55,ac1074ec-fb02-417e-a614-e66a8e1ea68a,FRAUD_REVIEW,high,chat,2026-07-20T00:00:00,2026-07-22T00:00:00,escalated_to_human,fraud
dc5c9093-1bf0-4341-a4d7-650e90d11f42,5a3ee05d197e24b7bafaac3e2cbc7e55,bef3fa73-30f8-42e2-8cfc-adb67f6d1a14,REFUND,high,email,2026-07-08T00:00:00,2026-07-09T05:00:00,info_provided,fraud
b923174e-9a89-403f-9ec3-2a9d421afff2,5a3ee05d197e24b7bafaac3e2cbc7e55,3d17f17f-3d09-47ad-87dc-3a0bbbcf97ac,REFUND,high,app,2026-06-30T00:00:00,2026-07-02T18:00:00,refund_issued,fraud
353dda27-093d-4337-8385-dbbff5debd7c,5a3ee05d197e24b7bafaac3e2cbc7e55,c852537a-56c1-417e-b8c5-eb6f1422569d,REFUND,low,chat,2026-07-20T00:00:00,2026-07-21T17:00:00,info_provided,fraud
9220dba5-95de-4483-b1b3-cd1bf7bc0a0d,5a3ee05d197e24b7bafaac3e2cbc7e55,c2c9b173-0a47-4839-b485-cba75c6204f1,REFUND,high,chat,2026-07-11T00:00:00,2026-07-11T10:00:00,refund_issued,fraud
b88599a7-0e89-4655-805d-abd86370498f,5a3ee05d197e24b7bafaac3e2cbc7e55,d9c6ef3a-54f3-4db2-838d-116c448a9548,ACCOUNT,high,chat,2026-07-09T00:00:00,2026-07-09T06:00:00,auto_resolved,fraud
0a3fd0bf-f4bd-4d7a-a3d9-a29c9e81ee69,5a3ee05d197e24b7bafaac3e2cbc7e55,4509b641-7018-4bc7-bfd0-d6d2157142ff,PAYMENT_ISSUE,medium,email,2026-07-18T00:00:00,2026-07-20T17:00:00,auto_resolved,fraud
d05e0bd0-0c58-47e3-a4ce-6d389e954753,5a3ee05d197e24b7bafaac3e2cbc7e55,dd2b297e-5320-4981-af49-42d21b2e8af6,SHIPPING_DELAY,medium,email,2026-07-22T00:00:00,2026-07-23T08:00:00,escalated_to_human,fraud
c41d75e3-71e5-4621-af1b-2ce68cc672a2,5a3ee05d197e24b7bafaac3e2cbc7e55,cfefea3c-b328-452c-8614-6c5c49c32dc5,ACCOUNT,low,app,2026-07-01T00:00:00,2026-07-01T08:00:00,escalated_to_human,fraud
167e2e52-cb41-496c-9498-547e32e3868d,5a3ee05d197e24b7bafaac3e2cbc7e55,653e6dad-76d4-459d-acb2-e1948ccbfa84,FRAUD_REVIEW,high,email,2026-07-08T00:00:00,2026-07-08T14:00:00,escalated_to_human,fraud
7ea948d5-cd9e-4365-bfe7-6f6e79489630,5a3ee05d197e24b7bafaac3e2cbc7e55,f3eea41e-45bb-43c5-b4d9-1f32e545aa42,FRAUD_REVIEW,high,app,2026-07-27T00:00:00,2026-07-28T11:00:00,escalated_to_human,fraud
ca77605b-2c5d-4ca5-adc4-9b105152e107,5a3ee05d197e24b7bafaac3e2cbc7e55,74d45e2e-6f7b-4a78-94f1-5a2d14610339,DAMAGED_ITEM,medium,chat,2026-06-29T00:00:00,2026-07-01T12:00:00,auto_resolved,fraud
ad25cfe5-b20e-468a-ab16-41d946d64cd9,5a3ee05d197e24b7bafaac3e2cbc7e55,b3fc8532-d3cd-4b44-a50c-de42333943f4,REFUND,medium,app,2026-07-17T00:00:00,2026-07-17T22:00:00,refund_issued,fraud
79b0a490-6885-4bab-a8e6-5c6492e752a6,5a3ee05d197e24b7bafaac3e2cbc7e55,7185f1c4-1591-411b-bd55-be144e972427,REFUND,high,app,2026-07-16T00:00:00,2026-07-17T03:00:00,escalated_to_human,fraud
36defd6e-92c8-413a-8a89-c420d8cae3d5,5a3ee05d197e24b7bafaac3e2cbc7e55,e75ec6cc-8cc3-4867-a4fc-6217238d2e5b,FRAUD_REVIEW,high,email,2026-06-28T00:00:00,2026-06-29T04:00:00,escalated_to_human,fraud
298ecebf-87fc-4910-a5bc-02d0bf71e5a5,5a3ee05d197e24b7bafaac3e2cbc7e55,c74d2dc3-5da1-4a02-bebd-9e18ae4212d3,FRAUD_REVIEW,high,email,2026-07-09T00:00:00,2026-07-09T19:00:00,escalated_to_human,fraud
4654c716-3a28-4026-ad35-d0cdf6e762e7,5a3ee05d197e24b7bafaac3e2cbc7e55,72627175-1693-43b2-9495-1709c75f8710,SHIPPING_DELAY,medium,email,2026-07-10T00:00:00,2026-07-10T14:00:00,escalated_to_human,fraud
3f8769f4-6c97-4e0b-af54-4b33201686de,5a3ee05d197e24b7bafaac3e2cbc7e55,c93a813e-a66d-432c-86a0-f4a9a794c22f,FRAUD_REVIEW,high,chat,2026-07-12T00:00:00,2026-07-14T14:00:00,escalated_to_human,fraud
56964ebc-5fe6-4cfd-a6c4-f8dd3f69c074,5a3ee05d197e24b7bafaac3e2cbc7e55,f4858daa-96a7-4668-a6bf-d7e9c0bb5b71,CANCELLATION,medium,chat,2026-07-22T00:00:00,2026-07-24T04:00:00,info_provided,fraud
9bbd19af-df92-4584-86d4-8271a9861099,5a3ee05d197e24b7bafaac3e2cbc7e55,a350f0c6-1ac0-461c-aeff-f40796ac0202,PAYMENT_ISSUE,medium,chat,2026-07-03T00:00:00,2026-07-04T21:00:00,refund_issued,fraud
c547b6ae-03a7-4746-bcfc-ea22f4bea195,5a3ee05d197e24b7bafaac3e2cbc7e55,77bd42a6-dffd-4d13-9096-4edc90f9e9c3,PAYMENT_ISSUE,high,app,2026-07-26T00:00:00,2026-07-26T02:00:00,refund_issued,fraud
2b9bbce3-744c-4f61-8e8a-56d8ae0c5f9b,5a3ee05d197e24b7bafaac3e2cbc7e55,7f7c6009-f5f5-4971-a5d0-acea18986517,CANCELLATION,low,chat,2026-06-29T00:00:00,2026-06-29T03:00:00,info_provided,fraud
b8b191d1-f6e5-416c-978d-969844f9d570,5a3ee05d197e24b7bafaac3e2cbc7e55,483acb3d-d9d8-4b48-8cd9-03eb76fa4638,ACCOUNT,medium,app,2026-07-12T00:00:00,2026-07-14T22:00:00,info_provided,fraud
1e1c91bf-6ecc-4203-9359-13d589f84728,5a3ee05d197e24b7bafaac3e2cbc7e55,1cdd1faf-dc68-4a0e-96a8-662c212f59cd,ORDER_STATUS,high,chat,2026-07-28T00:00:00,2026-07-29T12:00:00,escalated_to_human,fraud
df15b6b4-de33-41e3-8f1f-c6707437c400,5a3ee05d197e24b7bafaac3e2cbc7e55,83c84bfa-95f4-4f34-a105-a5876fbc87ea,REFUND,medium,chat,2026-07-03T00:00:00,2026-07-05T01:00:00,info_provided,fraud
45ea2dce-15a2-4439-bd0a-c6a15a2c00e4,5a3ee05d197e24b7bafaac3e2cbc7e55,15a64557-f5ef-4e0a-be67-51f829235a73,DAMAGED_ITEM,medium,chat,2026-07-13T00:00:00,2026-07-13T07:00:00,info_provided,fraud
1381de4a-4159-4761-be52-30f0ebbd825a,5a3ee05d197e24b7bafaac3e2cbc7e55,9c6b4f7a-e623-40e7-8390-395259b27155,REFUND,high,chat,2026-07-14T00:00:00,2026-07-16T11:00:00,auto_resolved,fraud
b2820609-b29b-48da-9e44-b1935f0c6942,5a3ee05d197e24b7bafaac3e2cbc7e55,8a8059b4-2f36-4929-9a86-1a7c3808a169,FRAUD_REVIEW,high,chat,2026-07-02T00:00:00,2026-07-03T02:00:00,escalated_to_human,fraud
77db028d-7587-4264-b63a-4d6f5f602d1d,5a3ee05d197e24b7bafaac3e2cbc7e55,c78c05b7-85d7-4596-a931-fd88b6b5f26a,ORDER_STATUS,medium,email,2026-07-14T00:00:00,2026-07-14T21:00:00,info_provided,fraud
8e0a5bee-45a4-44e5-bfb4-daa41e4edb7a,5a3ee05d197e24b7bafaac3e2cbc7e55,39378406-c739-45a2-8f80-2ff74f2b8bc0,SHIPPING_DELAY,medium,email,2026-07-01T00:00:00,2026-07-01T18:00:00,refund_issued,fraud
7b67b9c6-9fc9-4cd0-b94f-dac20a7269f6,5a3ee05d197e24b7bafaac3e2cbc7e55,b653f2b0-5660-4b81-aed3-0ad6474e60cd,CANCELLATION,high,chat,2026-07-05T00:00:00,2026-07-07T04:00:00,escalated_to_human,fraud
7d537c60-ddde-43cc-a707-5fc875a25afe,5a3ee05d197e24b7bafaac3e2cbc7e55,80a14af9-d64f-40f8-a8de-730a6eeb1f80,ACCOUNT,high,email,2026-07-11T00:00:00,2026-07-13T02:00:00,escalated_to_human,fraud
66874669-638d-4924-a6c0-e36dac032b3f,5a3ee05d197e24b7bafaac3e2cbc7e55,02d18911-fa5a-4108-a3fc-bbfc24ce70ca,ORDER_STATUS,medium,email,2026-07-04T00:00:00,2026-07-07T00:00:00,info_provided,fraud
ca0f811a-9cbb-4f85-b882-042fd3d59689,5a3ee05d197e24b7bafaac3e2cbc7e55,78c8dcde-1020-4659-bd34-76ad0aed6dc3,ACCOUNT,low,app,2026-07-14T00:00:00,2026-07-16T10:00:00,info_provided,fraud
c644a2fd-a8c2-4b45-a013-c0c463800c38,5a3ee05d197e24b7bafaac3e2cbc7e55,76d84106-57c5-4bd4-993a-426dc46f1cba,ACCOUNT,medium,app,2026-06-28T00:00:00,2026-06-30T18:00:00,info_provided,fraud
cd18646a-c8b0-48d3-91f9-83f5b8e2491a,5a3ee05d197e24b7bafaac3e2cbc7e55,c51a35ec-1125-4818-aa3c-766614d83813,SHIPPING_DELAY,high,app,2026-06-29T00:00:00,2026-06-29T03:00:00,auto_resolved,fraud
04c379db-1c3d-4931-85b7-72db53caeec3,5a3ee05d197e24b7bafaac3e2cbc7e55,100e10a7-338e-404a-8026-353b2c862eca,ORDER_STATUS,low,chat,2026-07-04T00:00:00,2026-07-05T14:00:00,escalated_to_human,fraud
c6efafad-214c-4735-a155-0808a99db01b,5a3ee05d197e24b7bafaac3e2cbc7e55,e7ce83f8-7cc6-4577-8aae-e336c31baa21,SHIPPING_DELAY,medium,app,2026-07-17T00:00:00,2026-07-19T21:00:00,refund_issued,fraud
825c824d-7689-4657-be15-7ddeac075a3b,5a3ee05d197e24b7bafaac3e2cbc7e55,3eea3956-f640-44af-ae0e-80d08905ec9e,CANCELLATION,low,app,2026-07-09T00:00:00,2026-07-11T11:00:00,escalated_to_human,fraud
c42ea1d6-5873-4bf3-9d9d-61d9b67860d4,5a3ee05d197e24b7bafaac3e2cbc7e55,5c5f3339-2add-418f-b1cf-a940a5a3a014,ORDER_STATUS,low,email,2026-07-26T00:00:00,2026-07-28T06:00:00,escalated_to_human,fraud
a71159f5-cc4b-4b9b-a173-841da9f1153c,5a3ee05d197e24b7bafaac3e2cbc7e55,79fe7aa4-ec00-4429-844b-b9f7e0e45790,SHIPPING_DELAY,high,email,2026-07-15T00:00:00,2026-07-17T06:00:00,info_provided,fraud
73501e9a-e8bf-4063-ac9d-1c23cf5f9f7d,5a3ee05d197e24b7bafaac3e2cbc7e55,0e1aded1-b0b4-4705-a6e6-2f8a1e4b12d5,ORDER_STATUS,medium,app,2026-07-29T00:00:00,2026-07-31T02:00:00,escalated_to_human,fraud
d8baf60f-6669-43a5-b43d-149218044358,5a3ee05d197e24b7bafaac3e2cbc7e55,7088ed85-ff7f-4656-9fdb-551563af5b30,REFUND,high,email,2026-07-20T00:00:00,2026-07-22T15:00:00,info_provided,fraud
5ee97881-9395-42fe-b528-03428d57e60c,5a3ee05d197e24b7bafaac3e2cbc7e55,31b35ffc-5933-45c5-a561-ebe546b47147,ORDER_STATUS,medium,email,2026-07-03T00:00:00,2026-07-03T06:00:00,auto_resolved,fraud
bca06db0-b40d-48c1-9001-e06d86a16d63,5a3ee05d197e24b7bafaac3e2cbc7e55,fda4bbb8-45f0-4c25-b811-f2bd331fb2f6,CANCELLATION,medium,app,2026-07-03T00:00:00,2026-07-04T00:00:00,auto_resolved,fraud
734bff67-00c0-4113-996b-c2c299f2e68e,5a3ee05d197e24b7bafaac3e2cbc7e55,d8ee4450-954f-4192-9afe-bd1a52f140d7,DAMAGED_ITEM,low,app,2026-07-18T00:00:00,2026-07-20T02:00:00,refund_issued,fraud
e6ef3c0c-763b-4635-b521-81356fd574e3,5a3ee05d197e24b7bafaac3e2cbc7e55,44a6de37-e11f-48e0-9eba-9743f5880a09,FRAUD_REVIEW,high,email,2026-07-04T00:00:00,2026-07-05T21:00:00,escalated_to_human,fraud
76cdf3b5-f97c-40c9-b866-984d6fd76817,5a3ee05d197e24b7bafaac3e2cbc7e55,b7533cac-e90c-4ccb-aec2-6d5b29bb9c5e,SHIPPING_DELAY,low,app,2026-07-09T00:00:00,2026-07-09T07:00:00,auto_resolved,fraud
67a6a347-b5fd-42ea-ac5d-878c64e2cc65,5a3ee05d197e24b7bafaac3e2cbc7e55,8b2cff00-85f2-480c-947b-487c2a70a8bd,DAMAGED_ITEM,low,email,2026-06-27T00:00:00,2026-06-27T14:00:00,info_provided,fraud
0597a4e7-056d-4b15-b09a-a64164e7a99c,5a3ee05d197e24b7bafaac3e2cbc7e55,194808c8-f886-47f1-84eb-cfc79e84a7d2,CANCELLATION,medium,email,2026-07-27T00:00:00,2026-07-27T05:00:00,refund_issued,fraud
bcad0703-e93f-4090-a0c4-87d43a5c97be,5a3ee05d197e24b7bafaac3e2cbc7e55,f3253a59-4dfd-4d71-a037-914938931fac,REFUND,low,email,2026-07-15T00:00:00,2026-07-16T23:00:00,auto_resolved,fraud
f72e298a-8d7e-4d76-a382-a791583c43f6,5a3ee05d197e24b7bafaac3e2cbc7e55,7b7d57cd-8972-43f7-8113-b8dfd7aa9185,CANCELLATION,high,app,2026-07-22T00:00:00,2026-07-23T22:00:00,info_provided,fraud
2851eacd-5a58-4292-8ce5-580d9abf9bfe,5a3ee05d197e24b7bafaac3e2cbc7e55,8d13703d-b8ff-4c82-a55f-4d894b8d54e5,REFUND,high,email,2026-07-21T00:00:00,2026-07-21T23:00:00,refund_issued,fraud
8a7230ee-e597-4885-a1b9-b8375d0aeddd,5a3ee05d197e24b7bafaac3e2cbc7e55,606f16b6-7c3a-425a-8b47-5a8ddc46bc5f,FRAUD_REVIEW,high,email,2026-06-30T00:00:00,2026-06-30T03:00:00,escalated_to_human,fraud
01a11ad0-3eb1-4d9d-a12e-17874e2738b6,5a3ee05d197e24b7bafaac3e2cbc7e55,c097313e-8a40-47a0-bff2-c9f33b82359c,CANCELLATION,high,chat,2026-06-27T00:00:00,2026-06-28T15:00:00,auto_resolved,fraud
a59cf1c6-8662-4efd-b9bb-21315d324e44,5a3ee05d197e24b7bafaac3e2cbc7e55,7bcae0ee-83d0-4b06-b5e3-9c7649e603f3,ACCOUNT,medium,chat,2026-07-19T00:00:00,2026-07-19T09:00:00,auto_resolved,fraud
7e7fe22c-4060-4466-b071-3fe7a4ef2101,5a3ee05d197e24b7bafaac3e2cbc7e55,edec5b1d-c6f0-48f2-ae3a-1e9d76f86b4b,SHIPPING_DELAY,high,email,2026-07-19T00:00:00,2026-07-20T18:00:00,info_provided,fraud
30b52c9f-feda-4837-b8c0-4ba7493d304b,5a3ee05d197e24b7bafaac3e2cbc7e55,aea32931-a831-455b-8d6a-21ded82e65b6,SHIPPING_DELAY,medium,email,2026-07-11T00:00:00,2026-07-12T17:00:00,escalated_to_human,fraud
fa1d9600-674a-4e66-bdfa-f015c48fa132,5a3ee05d197e24b7bafaac3e2cbc7e55,99bd1ee2-b512-4128-8ea2-f61458c1a95e,FRAUD_REVIEW,high,app,2026-06-30T00:00:00,2026-07-01T22:00:00,escalated_to_human,fraud
89651ebd-2141-4ce6-993d-920e9675297b,5a3ee05d197e24b7bafaac3e2cbc7e55,693711a5-1621-453f-b12c-e5aac00e25e8,ACCOUNT,medium,chat,2026-07-01T00:00:00,2026-07-02T00:00:00,auto_resolved,fraud
a85ac33e-9af8-47e8-9f45-4fa7e0fdedb7,5a3ee05d197e24b7bafaac3e2cbc7e55,db23e54f-6132-42bd-8406-78ca69e5cf89,REFUND,low,email,2026-07-05T00:00:00,2026-07-07T10:00:00,escalated_to_human,fraud
2a89fb53-6044-4565-b1f3-4e04da6e87c3,5a3ee05d197e24b7bafaac3e2cbc7e55,1d3b8568-1df0-48bd-8ba8-df9c3e21a8fb,CANCELLATION,medium,app,2026-07-04T00:00:00,2026-07-06T14:00:00,refund_issued,fraud
439c2e1a-b167-4f8d-8832-7bcd97d255ce,5a3ee05d197e24b7bafaac3e2cbc7e55,d0bafab8-018f-404e-b13b-81825d209270,PAYMENT_ISSUE,high,app,2026-07-18T00:00:00,2026-07-19T09:00:00,escalated_to_human,fraud
69a37ff2-665c-405c-ad65-c418c53325c6,5a3ee05d197e24b7bafaac3e2cbc7e55,2bae5b17-b170-4d75-ac6a-dade63535071,ACCOUNT,low,app,2026-07-21T00:00:00,2026-07-23T15:00:00,refund_issued,fraud
2eef6c03-cc2f-4fbf-8727-bc8aa5f05378,5a3ee05d197e24b7bafaac3e2cbc7e55,f50f9767-7fec-4abd-b07a-b80d35e7cda6,REFUND,medium,email,2026-07-09T00:00:00,2026-07-11T01:00:00,auto_resolved,fraud
c489b49d-cf61-41e7-b4c0-a0803de9d0ca,5a3ee05d197e24b7bafaac3e2cbc7e55,012b1a64-ba63-4e47-8c09-263015355334,FRAUD_REVIEW,high,app,2026-07-11T00:00:00,2026-07-12T11:00:00,escalated_to_human,fraud
18bf8020-0f8f-4775-b96d-5696af836560,5a3ee05d197e24b7bafaac3e2cbc7e55,0e1e4b78-ac4e-40da-88de-98c57a7119af,CANCELLATION,medium,email,2026-06-22T00:00:00,2026-06-22T14:00:00,auto_resolved,fraud
96c7e6f8-bb91-44ca-a6f8-39784c13e6b2,5a3ee05d197e24b7bafaac3e2cbc7e55,4417f73a-d9ae-43ea-8ad4-29532a275397,FRAUD_REVIEW,high,app,2026-07-08T00:00:00,2026-07-09T12:00:00,escalated_to_human,fraud
3d75969e-dda1-4dd7-8796-4f0cff0cf3e7,5a3ee05d197e24b7bafaac3e2cbc7e55,65c3a581-edb3-4c32-a970-a8eb322333a3,CANCELLATION,high,chat,2026-06-25T00:00:00,2026-06-26T04:00:00,auto_resolved,fraud
b79bde1e-3bfd-4003-9523-c08f786d6acc,5a3ee05d197e24b7bafaac3e2cbc7e55,d7f126c2-e86a-43b0-a1ff-0b8596dd4240,PAYMENT_ISSUE,medium,chat,2026-07-08T00:00:00,2026-07-10T14:00:00,escalated_to_human,fraud
3120b7e5-f20e-4b83-bb4e-9b63e54129a3,5a3ee05d197e24b7bafaac3e2cbc7e55,d1c717b7-d8b9-448c-a4d3-5ee38f57eadf,SHIPPING_DELAY,medium,email,2026-06-28T00:00:00,2026-06-29T17:00:00,escalated_to_human,fraud
d7ba0594-3210-4180-a364-ab67b1e6bb00,5a3ee05d197e24b7bafaac3e2cbc7e55,dcb6a7a3-7692-436f-a745-d2f1420a3026,REFUND,low,chat,2026-06-28T00:00:00,2026-06-29T04:00:00,auto_resolved,fraud
346034ce-53a1-401b-b8fe-2e9f9d239c90,5a3ee05d197e24b7bafaac3e2cbc7e55,b93fb0ec-0c35-47e8-8290-9aaf15b1c71a,CANCELLATION,medium,email,2026-07-11T00:00:00,2026-07-11T13:00:00,auto_resolved,fraud
1ef31d90-132b-459f-9859-cb7e3740b854,5a3ee05d197e24b7bafaac3e2cbc7e55,ebed976a-4315-4c16-adde-fb89a1c9e996,PAYMENT_ISSUE,medium,app,2026-06-29T00:00:00,2026-06-29T18:00:00,info_provided,fraud
45c1125a-0d48-49e6-9ebb-c6f4e311b133,5a3ee05d197e24b7bafaac3e2cbc7e55,ec7168ac-0172-41ce-bb25-774d976717e6,SHIPPING_DELAY,low,email,2026-06-22T00:00:00,2026-06-22T08:00:00,info_provided,fraud
c18042e4-f238-4453-8756-a5a6f7a7eea1,5a3ee05d197e24b7bafaac3e2cbc7e55,67a866ac-6c43-4162-b861-6dc543e4c4d6,DAMAGED_ITEM,high,chat,2026-07-17T00:00:00,2026-07-17T03:00:00,refund_issued,fraud
915a32fe-9cf6-41f7-b2fe-10d63988db37,5a3ee05d197e24b7bafaac3e2cbc7e55,787ab81f-57f1-466d-a020-8be39c59816b,REFUND,medium,email,2026-07-05T00:00:00,2026-07-06T15:00:00,escalated_to_human,fraud
3f1e79b0-768b-43b3-b86e-35c58144d26a,5a3ee05d197e24b7bafaac3e2cbc7e55,c649679a-e414-456d-9a7b-f06dfb053a87,ORDER_STATUS,low,email,2026-07-05T00:00:00,2026-07-05T07:00:00,escalated_to_human,fraud
ebc9aaa3-86df-4270-9b8f-31029fbba816,5a3ee05d197e24b7bafaac3e2cbc7e55,de2c7111-e8df-468f-88e8-2672eaa596f1,SHIPPING_DELAY,high,chat,2026-07-19T00:00:00,2026-07-21T14:00:00,info_provided,fraud
224b7054-cd17-4a32-ae41-b674657d5132,5a3ee05d197e24b7bafaac3e2cbc7e55,ca7dce1a-b172-4142-a90c-be9f801dce01,FRAUD_REVIEW,high,email,2026-07-17T00:00:00,2026-07-19T06:00:00,escalated_to_human,fraud
cf1b4354-8077-4fce-a44e-7f80e99de90c,5a3ee05d197e24b7bafaac3e2cbc7e55,e915e474-36a0-4730-93bd-fcd3c3feff6a,ACCOUNT,low,chat,2026-07-01T00:00:00,2026-07-03T02:00:00,escalated_to_human,fraud
bc402cc1-6852-41f3-903c-eed52fd4c330,5a3ee05d197e24b7bafaac3e2cbc7e55,833d9962-a930-4672-a153-5a6c88e92c3b,SHIPPING_DELAY,low,app,2026-07-06T00:00:00,2026-07-07T20:00:00,info_provided,fraud
e9c59450-33ed-443b-937d-33b2ccbe8ba3,5a3ee05d197e24b7bafaac3e2cbc7e55,a98e6956-b2e2-4fef-ab99-da3b8ffd32c9,DAMAGED_ITEM,high,app,2026-07-10T00:00:00,2026-07-12T07:00:00,info_provided,fraud
886a4112-4207-4295-9d7f-61643c388346,5a3ee05d197e24b7bafaac3e2cbc7e55,953a9c41-8daa-400b-bc6e-623a073efc3f,PAYMENT_ISSUE,high,chat,2026-06-24T00:00:00,2026-06-26T11:00:00,info_provided,fraud
ed44d9e8-4bca-4446-a66d-fac45d71385e,5a3ee05d197e24b7bafaac3e2cbc7e55,f5ef6981-e264-440a-b9bf-c2be476c8345,PAYMENT_ISSUE,high,chat,2026-06-29T00:00:00,2026-07-01T21:00:00,info_provided,fraud
a51ef0bb-1514-4fda-ab3d-c83124b4735d,5a3ee05d197e24b7bafaac3e2cbc7e55,930f5fcf-2c37-4971-b37a-973aba76823f,PAYMENT_ISSUE,medium,app,2026-07-29T00:00:00,2026-07-30T21:00:00,auto_resolved,fraud
ce0cbe89-e9f9-4678-926b-34d5a4c4e5bd,5a3ee05d197e24b7bafaac3e2cbc7e55,d10930eb-97e1-4638-914a-e3349ba706a8,PAYMENT_ISSUE,low,app,2026-07-10T00:00:00,2026-07-10T19:00:00,info_provided,fraud
f320fd9e-e30d-41a7-90e3-3a668aa8c7c8,5a3ee05d197e24b7bafaac3e2cbc7e55,1bc866c9-9596-4662-8e4b-7a90bbcc13d1,ORDER_STATUS,low,email,2026-07-18T00:00:00,2026-07-18T07:00:00,info_provided,fraud
6ef4c730-0c18-4b03-9158-9faa30bcf5dc,5a3ee05d197e24b7bafaac3e2cbc7e55,4b0f07dc-7f54-4934-bd81-2f05300f1def,PAYMENT_ISSUE,high,app,2026-07-26T00:00:00,2026-07-28T07:00:00,info_provided,fraud
59924ed9-1a9a-4a71-92f2-97836b199778,5a3ee05d197e24b7bafaac3e2cbc7e55,0440b9c3-33aa-4909-af90-720481b95f03,ACCOUNT,low,email,2026-07-27T00:00:00,2026-07-28T02:00:00,info_provided,fraud
781e2bed-9f2a-4f0f-9ac6-ddd2a3b36a54,5a3ee05d197e24b7bafaac3e2cbc7e55,c3e4a9d7-b031-4a2c-96c4-65b183567114,ORDER_STATUS,medium,chat,2026-06-30T00:00:00,2026-07-02T00:00:00,escalated_to_human,fraud
2104f9fa-91d4-422c-b451-3c43abb8e124,5a3ee05d197e24b7bafaac3e2cbc7e55,d36aea5c-28d6-4304-a788-fd124efdabca,FRAUD_REVIEW,high,app,2026-07-11T00:00:00,2026-07-13T23:00:00,escalated_to_human,fraud
119196a3-da9a-4e09-991a-79391ee1595b,5a3ee05d197e24b7bafaac3e2cbc7e55,c6e8f0fd-710e-4719-943a-42233f7269fd,REFUND,medium,app,2026-07-03T00:00:00,2026-07-04T10:00:00,escalated_to_human,fraud
b3eae18e-0b0f-43fb-9aae-20e70f4a15c8,5a3ee05d197e24b7bafaac3e2cbc7e55,87b20090-8e69-4aba-b286-fc51b59d4082,ORDER_STATUS,high,app,2026-07-16T00:00:00,2026-07-18T04:00:00,auto_resolved,fraud
0cfd6169-3f04-496a-838b-1610305064e7,5a3ee05d197e24b7bafaac3e2cbc7e55,27e731c8-d4f9-401d-aacf-5ce86e242073,REFUND,high,app,2026-07-05T00:00:00,2026-07-05T13:00:00,refund_issued,fraud
99872396-d6f0-4dcb-86aa-44b495bab463,5a3ee05d197e24b7bafaac3e2cbc7e55,31be9074-24eb-4d1f-8404-de22739f866d,REFUND,high,email,2026-07-08T00:00:00,2026-07-08T21:00:00,info_provided,fraud
12c4d434-5edb-4ef2-9ad4-a647b2168a0f,5a3ee05d197e24b7bafaac3e2cbc7e55,c9742c71-7128-4f17-9897-b5149f7f15ff,SHIPPING_DELAY,high,email,2026-07-26T00:00:00,2026-07-26T03:00:00,escalated_to_human,fraud
c1cb87a1-b1b2-4dcf-b602-d3c4909c24fb,5a3ee05d197e24b7bafaac3e2cbc7e55,efeff6c5-4bd3-4b31-9436-8c6bc0836f11,REFUND,low,chat,2026-06-30T00:00:00,2026-07-02T20:00:00,auto_resolved,fraud
1813c7a3-1b77-4a0c-8963-0e380b51c0e5,5a3ee05d197e24b7bafaac3e2cbc7e55,cd3adb42-0ac8-4f65-a67d-5c3f8dd7326f,ORDER_STATUS,medium,chat,2026-07-04T00:00:00,2026-07-06T10:00:00,escalated_to_human,fraud
cf344cca-b4fc-47eb-ad6e-c9bd95423725,5a3ee05d197e24b7bafaac3e2cbc7e55,75100bee-236f-4aa1-a38a-140cc0544f08,REFUND,high,chat,2026-07-14T00:00:00,2026-07-14T02:00:00,auto_resolved,fraud
b27666fe-9191-4378-a617-e6f63b114429,5a3ee05d197e24b7bafaac3e2cbc7e55,befc68b6-a3fd-47bf-9c57-56cb2831f6ac,FRAUD_REVIEW,high,app,2026-07-10T00:00:00,2026-07-12T10:00:00,escalated_to_human,fraud
9196f239-e4da-461c-9c7f-ac4ea1c7e529,5a3ee05d197e24b7bafaac3e2cbc7e55,e88c4869-55dd-45e5-8e9f-fbb9d1852c96,PAYMENT_ISSUE,medium,email,2026-07-01T00:00:00,2026-07-02T13:00:00,info_provided,fraud
93b5be38-950d-4b56-8cb8-9781cd649cfe,5a3ee05d197e24b7bafaac3e2cbc7e55,7d58ae88-cc7d-485a-a304-327add544e2a,FRAUD_REVIEW,high,chat,2026-07-03T00:00:00,2026-07-04T13:00:00,escalated_to_human,fraud
34d22abc-a724-41c6-b6e2-babfd9dd54c6,5a3ee05d197e24b7bafaac3e2cbc7e55,7cfe6653-698f-4276-9bd3-914df3140885,FRAUD_REVIEW,high,app,2026-07-20T00:00:00,2026-07-21T05:00:00,escalated_to_human,fraud
403f6dbf-3c5e-44fb-91d0-37eeb24f89dc,5a3ee05d197e24b7bafaac3e2cbc7e55,03bd7a9a-0955-4f7d-876d-1bdd418ab506,REFUND,high,email,2026-07-07T00:00:00,2026-07-08T19:00:00,refund_issued,fraud
646503ab-cb87-4db4-a099-d036b8543c4e,5a3ee05d197e24b7bafaac3e2cbc7e55,1f05c426-3bf2-449b-b29e-85b8b78f8978,PAYMENT_ISSUE,low,email,2026-07-11T00:00:00,2026-07-13T17:00:00,refund_issued,fraud
564114dc-fc3c-42dd-b417-b68b23b2120b,5a3ee05d197e24b7bafaac3e2cbc7e55,e57b11f9-ca0e-463d-b246-c65fcbbd991f,FRAUD_REVIEW,high,app,2026-06-26T00:00:00,2026-06-28T19:00:00,escalated_to_human,fraud
b6e2e007-fa4b-4555-9e57-90879fd44573,5a3ee05d197e24b7bafaac3e2cbc7e55,6b74ef5d-f565-4e98-bcf4-b2b46ea26ff1,ACCOUNT,low,email,2026-07-09T00:00:00,2026-07-09T14:00:00,info_provided,fraud
41383b60-b7b0-40d6-bfe4-5e4d4b263c54,5a3ee05d197e24b7bafaac3e2cbc7e55,98416e11-1ef3-430f-85d5-372b5ec3ab30,ACCOUNT,low,email,2026-07-20T00:00:00,2026-07-21T06:00:00,refund_issued,fraud
fcb96666-bbba-4bc9-86c3-c86971a597c9,5a3ee05d197e24b7bafaac3e2cbc7e55,4f00808f-383a-4444-b451-208c1543f686,FRAUD_REVIEW,high,chat,2026-07-26T00:00:00,2026-07-26T18:00:00,escalated_to_human,fraud
505f5544-301b-43bf-843e-4e13be8267f3,5a3ee05d197e24b7bafaac3e2cbc7e55,8ade249f-171f-4367-816f-7ec5e8e163e0,REFUND,low,app,2026-07-10T00:00:00,2026-07-10T19:00:00,auto_resolved,fraud
4b1dbca2-cd38-4528-b6af-de33bca1c1c0,5a3ee05d197e24b7bafaac3e2cbc7e55,4113df24-4f5f-48b5-8f88-b2eb8e7a1097,CANCELLATION,high,chat,2026-06-29T00:00:00,2026-06-30T07:00:00,auto_resolved,fraud
260287aa-5667-4e47-8914-d31605335933,5a3ee05d197e24b7bafaac3e2cbc7e55,ecbeeb00-b0d9-421b-b550-a1db339e04a4,FRAUD_REVIEW,high,chat,2026-07-18T00:00:00,2026-07-18T07:00:00,escalated_to_human,fraud
078565e0-bc2f-46cb-a2d7-8c75a3d3af28,5a3ee05d197e24b7bafaac3e2cbc7e55,726c416f-8957-40f8-bd44-c9418a8dca0b,SHIPPING_DELAY,high,email,2026-07-02T00:00:00,2026-07-04T03:00:00,info_provided,fraud
6f72bbaf-0e73-4587-be39-d49a45916e36,5a3ee05d197e24b7bafaac3e2cbc7e55,12381301-d4d4-41fb-bdc9-4887bc6666c9,CANCELLATION,low,email,2026-07-11T00:00:00,2026-07-13T21:00:00,auto_resolved,fraud
ba01352c-0a4f-4ccc-998c-033a6b810922,5a3ee05d197e24b7bafaac3e2cbc7e55,7bcba320-438b-46ea-a192-9fee9b14a364,FRAUD_REVIEW,high,app,2026-07-06T00:00:00,2026-07-06T11:00:00,escalated_to_human,fraud
a1896c1d-c4f7-4971-a05e-02a27115305d,5a3ee05d197e24b7bafaac3e2cbc7e55,08af6e8f-1fff-44f6-9a4b-2bf0567e963c,ACCOUNT,high,app,2026-06-30T00:00:00,2026-07-01T12:00:00,auto_resolved,fraud
bf54531e-3b0c-47a4-8666-f5d20af3c547,5a3ee05d197e24b7bafaac3e2cbc7e55,cccba74e-bd0f-42e3-8489-d8e3263d6089,SHIPPING_DELAY,low,app,2026-07-11T00:00:00,2026-07-13T14:00:00,auto_resolved,fraud
da945305-5166-4863-a56e-e0f02e73bc47,5a3ee05d197e24b7bafaac3e2cbc7e55,6030c166-a125-4682-b3a4-b0f010e375cf,ACCOUNT,medium,chat,2026-07-05T00:00:00,2026-07-07T12:00:00,info_provided,fraud
58136635-2619-46ee-8645-3213bba3ff5b,5a3ee05d197e24b7bafaac3e2cbc7e55,050efe71-aa65-42f1-a55f-ec8af203da0e,PAYMENT_ISSUE,high,app,2026-07-22T00:00:00,2026-07-24T13:00:00,escalated_to_human,fraud
2f55dcdd-4a62-4214-b6d8-360465545d3a,5a3ee05d197e24b7bafaac3e2cbc7e55,6749e00c-12b0-4951-9f70-2909b19e316b,DAMAGED_ITEM,high,chat,2026-07-07T00:00:00,2026-07-10T00:00:00,refund_issued,fraud
7150281a-8e90-4391-86df-dee13450a3e4,5a3ee05d197e24b7bafaac3e2cbc7e55,81d004ed-a09a-4d2b-8984-2774e1404235,FRAUD_REVIEW,high,app,2026-07-21T00:00:00,2026-07-22T16:00:00,escalated_to_human,fraud
2da3cdd6-33e4-47b7-8c7c-7cd78286a71e,5a3ee05d197e24b7bafaac3e2cbc7e55,6b75d423-bfa3-47d3-bf1a-b694ba48889d,FRAUD_REVIEW,high,email,2026-07-23T00:00:00,2026-07-25T06:00:00,escalated_to_human,fraud
badf6e20-9868-4339-a445-2c69c29289ba,5a3ee05d197e24b7bafaac3e2cbc7e55,4510cd24-6fbc-4ba5-b618-588e6c0e1550,SHIPPING_DELAY,high,email,2026-07-13T00:00:00,2026-07-13T19:00:00,escalated_to_human,fraud
be74b513-bbb8-475b-9781-94f84a26552e,5a3ee05d197e24b7bafaac3e2cbc7e55,57aa2b98-ccc1-452e-b936-1850c6750927,REFUND,medium,chat,2026-07-17T00:00:00,2026-07-17T02:00:00,refund_issued,fraud
ab88b872-3a41-4486-ad3b-983f4aac6daf,5a3ee05d197e24b7bafaac3e2cbc7e55,2374ed96-7080-4877-8edd-4c7692f03b1b,SHIPPING_DELAY,high,app,2026-07-10T00:00:00,2026-07-10T23:00:00,auto_resolved,fraud
3551501d-5401-4222-a511-2e27ec82d200,5a3ee05d197e24b7bafaac3e2cbc7e55,44718e12-fb8f-4f95-b740-c178140b9a0c,DAMAGED_ITEM,medium,chat,2026-06-26T00:00:00,2026-06-28T14:00:00,escalated_to_human,fraud
6b66aa1d-6e21-4a43-b292-b9a626d4bc36,5a3ee05d197e24b7bafaac3e2cbc7e55,7801984c-0576-4439-88fa-6133191aeab4,FRAUD_REVIEW,high,chat,2026-06-30T00:00:00,2026-07-02T04:00:00,escalated_to_human,fraud
6aad67e1-a911-443d-89fe-8f6d7385479e,5a3ee05d197e24b7bafaac3e2cbc7e55,5e20a815-96b9-460c-a56a-a201d5e1e1ed,ACCOUNT,high,chat,2026-07-18T00:00:00,2026-07-19T18:00:00,auto_resolved,fraud
7a96b800-f43e-4729-ae65-dd635eb2bc19,5a3ee05d197e24b7bafaac3e2cbc7e55,2275efe6-e31a-451d-b4f5-d6f590887775,PAYMENT_ISSUE,high,app,2026-07-04T00:00:00,2026-07-06T00:00:00,refund_issued,fraud
50a78ac4-6a17-4678-84ec-3442c6315275,5a3ee05d197e24b7bafaac3e2cbc7e55,c2a9cf86-836d-404f-92b2-2860fadbcff9,REFUND,medium,app,2026-07-12T00:00:00,2026-07-12T20:00:00,info_provided,fraud
6561afb8-72a4-4d34-b5a7-a898bbecec2e,5a3ee05d197e24b7bafaac3e2cbc7e55,10e3da49-e2d6-4c12-8ab0-a8dd11bef31d,CANCELLATION,high,email,2026-06-21T00:00:00,2026-06-23T03:00:00,refund_issued,fraud
ca46fb60-5391-4cd8-a3fe-6f2824205c61,5a3ee05d197e24b7bafaac3e2cbc7e55,aba5351e-85bd-418c-ae45-66fa3c7ba2dd,FRAUD_REVIEW,high,email,2026-07-17T00:00:00,2026-07-18T14:00:00,escalated_to_human,fraud
94be5d2d-2b53-4def-b065-adb5a602888e,5a3ee05d197e24b7bafaac3e2cbc7e55,2f1e3d27-21f8-4f09-b5dc-173dd2f26553,FRAUD_REVIEW,high,email,2026-07-11T00:00:00,2026-07-11T09:00:00,escalated_to_human,fraud
639ee534-c266-4c9d-84b0-59155e5b6afd,5a3ee05d197e24b7bafaac3e2cbc7e55,8dc0ded0-c13b-477f-99ca-e850a0af0498,CANCELLATION,medium,email,2026-07-12T00:00:00,2026-07-12T15:00:00,refund_issued,fraud
b528f841-28be-44e7-b4c6-0b8d80d0d54c,5a3ee05d197e24b7bafaac3e2cbc7e55,5f2e1553-9f92-41c4-95b2-db774ccb649b,CANCELLATION,high,chat,2026-07-01T00:00:00,2026-07-01T11:00:00,escalated_to_human,fraud
a988cdc7-5fa5-4fba-9fbc-5e11d6ab4491,5a3ee05d197e24b7bafaac3e2cbc7e55,cdf6ae53-5572-40a5-b65c-5cc63ec1f149,DAMAGED_ITEM,medium,app,2026-07-09T00:00:00,2026-07-09T21:00:00,auto_resolved,fraud
1477b205-0d42-4c90-b628-962750757473,5a3ee05d197e24b7bafaac3e2cbc7e55,80410e57-963a-45a8-a852-40105514a3ea,DAMAGED_ITEM,low,email,2026-07-13T00:00:00,2026-07-13T22:00:00,escalated_to_human,fraud
08f86f91-2763-427b-b379-48284ced5d40,5a3ee05d197e24b7bafaac3e2cbc7e55,51caf8f5-7b47-4374-8183-7e43227ba3ea,REFUND,medium,chat,2026-07-20T00:00:00,2026-07-22T20:00:00,auto_resolved,fraud
b8780c07-0269-4ddb-b2f6-b362719635ce,5a3ee05d197e24b7bafaac3e2cbc7e55,db30b465-1ec1-430c-93d6-17aa1e761fe2,REFUND,high,app,2026-07-03T00:00:00,2026-07-05T03:00:00,info_provided,fraud
144a3bdd-45d3-44c2-9f6a-3e9e06d09ee3,5a3ee05d197e24b7bafaac3e2cbc7e55,87a80efa-62ae-4dd1-b957-425a106fb9c0,REFUND,high,app,2026-07-07T00:00:00,2026-07-08T08:00:00,escalated_to_human,fraud
3e059cbc-943b-48e3-8db1-807bafb26113,5a3ee05d197e24b7bafaac3e2cbc7e55,b0fc03e6-f0d6-4561-8848-986cbaa5c132,SHIPPING_DELAY,high,email,2026-07-12T00:00:00,2026-07-13T16:00:00,info_provided,fraud
75250a95-c36c-4b78-b464-2d50c2a78220,5a3ee05d197e24b7bafaac3e2cbc7e55,f77fa2e8-28cf-4eb8-a46e-19c9db1e784c,ORDER_STATUS,medium,app,2026-07-30T00:00:00,2026-07-30T05:00:00,auto_resolved,fraud
d34a985d-9bfb-4f73-bbe6-ad47cccdbbfb,5a3ee05d197e24b7bafaac3e2cbc7e55,7c5740c9-bdd8-4827-9d76-12bcd3995ae8,DAMAGED_ITEM,medium,chat,2026-06-30T00:00:00,2026-07-01T14:00:00,auto_resolved,fraud
92e7ad41-3059-4196-82af-b85de508717f,5a3ee05d197e24b7bafaac3e2cbc7e55,6cc65b39-3e9c-4e8a-bc86-94ce6b367560,ACCOUNT,medium,email,2026-07-19T00:00:00,2026-07-19T22:00:00,auto_resolved,fraud
80f97593-1c44-4c0a-a318-3c6546c14896,5a3ee05d197e24b7bafaac3e2cbc7e55,6f91bac1-1dae-43cb-b861-34d3b2097ff7,FRAUD_REVIEW,high,chat,2026-07-08T00:00:00,2026-07-08T10:00:00,escalated_to_human,fraud
c56b22b5-7e62-487a-aced-73fa211aacea,5a3ee05d197e24b7bafaac3e2cbc7e55,1f287d75-b684-4873-8446-e18f1bccd04c,FRAUD_REVIEW,high,chat,2026-07-29T00:00:00,2026-07-31T21:00:00,escalated_to_human,fraud
ef596439-844d-4195-92b1-d5b8bebf3fd4,5a3ee05d197e24b7bafaac3e2cbc7e55,e8f8f7f0-0b4b-4446-84c3-6e78f81714af,PAYMENT_ISSUE,medium,app,2026-07-18T00:00:00,2026-07-18T02:00:00,info_provided,fraud
d938aa5b-2f16-4299-a318-28201cbf8e43,5a3ee05d197e24b7bafaac3e2cbc7e55,b9e5663a-bdeb-46e6-98b7-14a024875fc4,PAYMENT_ISSUE,low,chat,2026-07-16T00:00:00,2026-07-18T04:00:00,refund_issued,fraud
086f0232-803c-4336-a6a9-06f173d032df,5a3ee05d197e24b7bafaac3e2cbc7e55,59a0607d-eee0-424c-a7d7-27115bab45b7,FRAUD_REVIEW,high,email,2026-07-16T00:00:00,2026-07-16T20:00:00,escalated_to_human,fraud
a271ff13-6f07-409f-a9b7-79c8d4661c55,5a3ee05d197e24b7bafaac3e2cbc7e55,0463093b-768e-469d-8e5b-964a8ba9672d,SHIPPING_DELAY,medium,chat,2026-07-14T00:00:00,2026-07-16T22:00:00,auto_resolved,fraud
bfba1522-9e0e-44c3-ae89-788a56b8973f,5a3ee05d197e24b7bafaac3e2cbc7e55,a27458e9-49f0-4524-bf9f-c8bdf42d40ae,FRAUD_REVIEW,high,chat,2026-07-09T00:00:00,2026-07-10T17:00:00,escalated_to_human,fraud
7292cb77-a1ec-45e8-aee5-613db024a059,5a3ee05d197e24b7bafaac3e2cbc7e55,d5978595-df2d-4cc0-b696-08c0f11bb9d3,DAMAGED_ITEM,high,chat,2026-07-12T00:00:00,2026-07-13T11:00:00,auto_resolved,fraud
38f0c127-5070-4b48-9eb0-0034730beb9f,5a3ee05d197e24b7bafaac3e2cbc7e55,e07c4ea8-9ed1-4f69-bc19-d3c76af11a7f,REFUND,low,email,2026-06-27T00:00:00,2026-06-29T05:00:00,info_provided,fraud
79133505-7017-4ec1-9f86-7a673429231e,5a3ee05d197e24b7bafaac3e2cbc7e55,8a2cf0e2-c649-4d21-a16e-cbc2c90532a1,REFUND,low,chat,2026-07-15T00:00:00,2026-07-16T10:00:00,refund_issued,fraud
a90c73d7-cb41-486a-85dd-64f06fcec809,5a3ee05d197e24b7bafaac3e2cbc7e55,ac1588f8-999c-4c3d-b0bd-0b2087e7a354,FRAUD_REVIEW,high,app,2026-07-05T00:00:00,2026-07-06T06:00:00,escalated_to_human,fraud
59172d32-8e16-4f5d-826a-e3102fc1a1b1,5a3ee05d197e24b7bafaac3e2cbc7e55,f4c68015-b6ad-4fe3-8534-cde9a67fedd6,FRAUD_REVIEW,high,chat,2026-07-11T00:00:00,2026-07-12T06:00:00,escalated_to_human,fraud
c62764e6-023e-43cd-a465-6e18c1173263,5a3ee05d197e24b7bafaac3e2cbc7e55,a585aa2d-c312-486c-8b9a-47b2f4019b43,DAMAGED_ITEM,medium,chat,2026-07-03T00:00:00,2026-07-05T13:00:00,refund_issued,fraud
96ec2f8b-adb3-4686-8525-e7fec47a7725,5a3ee05d197e24b7bafaac3e2cbc7e55,8ce0b2b1-71f0-4596-9677-7dfd2e7e2a39,REFUND,high,email,2026-07-03T00:00:00,2026-07-05T07:00:00,escalated_to_human,fraud
8c18a172-c2e8-4f06-8770-1ed0580514d1,5a3ee05d197e24b7bafaac3e2cbc7e55,3480440a-afe5-4ff2-9ee8-1fc85177b938,SHIPPING_DELAY,high,app,2026-07-13T00:00:00,2026-07-14T20:00:00,auto_resolved,fraud
60cff4b4-3508-49f4-91da-9514953e523e,5a3ee05d197e24b7bafaac3e2cbc7e55,778b06f8-ddf2-4597-be7f-0edf4d1d62b4,REFUND,medium,chat,2026-07-15T00:00:00,2026-07-17T08:00:00,info_provided,fraud
95325689-ddf0-41b3-9718-e4b3fa1f05ae,5a3ee05d197e24b7bafaac3e2cbc7e55,c7dfef92-3eb8-4a6e-8993-72a1e77dcf71,CANCELLATION,low,email,2026-07-18T00:00:00,2026-07-20T15:00:00,refund_issued,fraud
d50f998d-7402-4797-a982-ff245d9edd9a,5a3ee05d197e24b7bafaac3e2cbc7e55,88395bae-8f7c-40c4-a7e0-6083d294465f,ORDER_STATUS,high,email,2026-07-26T00:00:00,2026-07-27T03:00:00,info_provided,fraud
624b2ddc-fd1b-4369-b4ee-878755ad54d5,5a3ee05d197e24b7bafaac3e2cbc7e55,7fff9131-279b-42f4-980a-19fa7cb7bb26,CANCELLATION,high,app,2026-07-16T00:00:00,2026-07-18T18:00:00,refund_issued,fraud
31462c88-59b4-43c2-bf0e-d0e82d24e06f,5a3ee05d197e24b7bafaac3e2cbc7e55,c641b8df-1a10-45cd-a025-2962061dac57,FRAUD_REVIEW,high,email,2026-07-17T00:00:00,2026-07-17T12:00:00,escalated_to_human,fraud
dc5ef689-89cf-48d8-affe-49b7f594b36d,5a3ee05d197e24b7bafaac3e2cbc7e55,1b0e73b6-b0ff-4928-b4d7-38483058deae,REFUND,high,app,2026-07-20T00:00:00,2026-07-22T22:00:00,refund_issued,fraud
e34371c2-2ac3-4b1b-8897-8683901f2780,5a3ee05d197e24b7bafaac3e2cbc7e55,420fda36-4c0e-475f-8b13-102c3e116030,FRAUD_REVIEW,high,email,2026-06-25T00:00:00,2026-06-26T07:00:00,escalated_to_human,fraud
bd8a6134-5ce9-4b45-8eda-83f7439063a5,5a3ee05d197e24b7bafaac3e2cbc7e55,57d03500-b8c5-4e3f-829f-a6930366e824,FRAUD_REVIEW,high,email,2026-07-10T00:00:00,2026-07-12T13:00:00,escalated_to_human,fraud
4595f4ff-a9f6-490e-b052-ce6c7eb09fb1,5a3ee05d197e24b7bafaac3e2cbc7e55,eb7a0f8e-fb0a-400c-a30b-17776ecba737,FRAUD_REVIEW,high,chat,2026-07-19T00:00:00,2026-07-19T14:00:00,escalated_to_human,fraud
625162f3-fa46-4ff0-8e77-100684faf645,5a3ee05d197e24b7bafaac3e2cbc7e55,8e79edd9-c049-4526-ab1b-f3b4f7a6b496,REFUND,low,email,2026-07-05T00:00:00,2026-07-07T01:00:00,info_provided,fraud
6803495f-eee3-4c96-95cc-08e8dab96960,5a3ee05d197e24b7bafaac3e2cbc7e55,fadef9e1-66ab-4d39-b01b-d980ca2546ea,CANCELLATION,high,app,2026-07-27T00:00:00,2026-07-29T20:00:00,auto_resolved,fraud
0f4ae6d5-81c5-4e92-b0b3-c9f7e7cbc6cc,5a3ee05d197e24b7bafaac3e2cbc7e55,2b79b356-6e53-42db-91d3-ff99012d75c0,REFUND,low,email,2026-07-06T00:00:00,2026-07-07T03:00:00,escalated_to_human,fraud
7d0e0ad7-bdf4-4b13-97b2-ec8d6b1c53ab,5a3ee05d197e24b7bafaac3e2cbc7e55,2ee3bb23-7f2c-4dcb-97af-f415aabfb26e,CANCELLATION,low,email,2026-06-30T00:00:00,2026-07-01T19:00:00,auto_resolved,fraud
147729aa-4120-450b-8131-d4e98058c876,5a3ee05d197e24b7bafaac3e2cbc7e55,3cd5ad15-b7fc-4daa-aded-618232a25808,PAYMENT_ISSUE,medium,chat,2026-07-03T00:00:00,2026-07-03T01:00:00,auto_resolved,fraud
8e00eed4-9ec6-4c73-b40d-1e8ee628e3ea,5a3ee05d197e24b7bafaac3e2cbc7e55,df363b31-993e-49f0-95a4-66e27d83cc5c,CANCELLATION,high,app,2026-07-18T00:00:00,2026-07-20T10:00:00,refund_issued,fraud
fe46842e-a7b7-4c5b-8382-b06f1a520461,5a3ee05d197e24b7bafaac3e2cbc7e55,2c6cfaa2-2587-4240-9c0b-32b0839bb575,REFUND,high,chat,2026-07-15T00:00:00,2026-07-16T04:00:00,refund_issued,fraud
a9ad9bc8-bb44-4bee-be20-ef6387f495de,5a3ee05d197e24b7bafaac3e2cbc7e55,96ab1e40-55bd-4beb-acee-c2ba5ef35901,FRAUD_REVIEW,high,chat,2026-07-19T00:00:00,2026-07-21T04:00:00,escalated_to_human,fraud
a9125b9d-f11c-4090-a399-6b932ff9f5f9,5a3ee05d197e24b7bafaac3e2cbc7e55,339d0b30-6c9c-4ddb-8822-9ebce12f7eda,DAMAGED_ITEM,medium,app,2026-07-25T00:00:00,2026-07-27T13:00:00,info_provided,fraud
afe1ab9a-0ae6-454f-a7dd-521043388f5b,5a3ee05d197e24b7bafaac3e2cbc7e55,23cd830f-ca63-4c4a-8242-3c164e9b3c01,ORDER_STATUS,medium,email,2026-06-30T00:00:00,2026-07-02T09:00:00,auto_resolved,fraud
6a084151-9fef-4f56-b333-9d5dcafdc994,5a3ee05d197e24b7bafaac3e2cbc7e55,8a263a24-b298-48c4-8c23-d51d1554243b,SHIPPING_DELAY,low,app,2026-07-10T00:00:00,2026-07-10T01:00:00,info_provided,fraud
c5e5dfd9-a028-4cc3-8468-fe04d4b81840,5a3ee05d197e24b7bafaac3e2cbc7e55,3c0c029d-d42b-4b71-b193-6e193e3f6fd8,ACCOUNT,medium,email,2026-07-08T00:00:00,2026-07-09T07:00:00,escalated_to_human,fraud
752d0be8-a94a-4d24-87a1-fab1d91eac06,5a3ee05d197e24b7bafaac3e2cbc7e55,45329195-692f-42d5-ba31-61877828da47,DAMAGED_ITEM,low,chat,2026-07-19T00:00:00,2026-07-19T01:00:00,auto_resolved,fraud
8ae2e4d1-1870-41b2-b911-5d93b600573b,5a3ee05d197e24b7bafaac3e2cbc7e55,c0fe9cef-577c-44bf-a60f-b35592b79124,REFUND,medium,chat,2026-07-09T00:00:00,2026-07-10T11:00:00,escalated_to_human,fraud
225377db-d451-4d80-9473-2ddadec3bac9,5a3ee05d197e24b7bafaac3e2cbc7e55,8f6d1ad3-9964-49f8-b31a-67780920a42f,ORDER_STATUS,low,app,2026-06-27T00:00:00,2026-06-27T14:00:00,auto_resolved,fraud
05bb7d96-d482-4a1c-945f-0e061f048472,5a3ee05d197e24b7bafaac3e2cbc7e55,93ad7f24-5238-4155-9c26-f438f0b86147,FRAUD_REVIEW,high,email,2026-07-12T00:00:00,2026-07-14T20:00:00,escalated_to_human,fraud
542ba048-e94f-4b72-a1b1-141220a75ce6,5a3ee05d197e24b7bafaac3e2cbc7e55,c5807904-216d-4b2a-b02b-26cd40f51e23,FRAUD_REVIEW,high,chat,2026-06-26T00:00:00,2026-06-28T02:00:00,escalated_to_human,fraud
e2b39530-df59-4385-9af9-dac6888419dd,5a3ee05d197e24b7bafaac3e2cbc7e55,9a6653dd-7ecb-450e-a848-3564bce205a8,SHIPPING_DELAY,high,email,2026-07-20T00:00:00,2026-07-20T15:00:00,auto_resolved,fraud
1fb92bae-4b5d-4a60-bba8-439a96819199,5a3ee05d197e24b7bafaac3e2cbc7e55,087f080a-80b4-4d6b-aeab-42cf8b31fea2,PAYMENT_ISSUE,high,chat,2026-07-20T00:00:00,2026-07-20T21:00:00,info_provided,fraud
e2463747-18e0-494a-b578-9b2a902887db,5a3ee05d197e24b7bafaac3e2cbc7e55,9dd5115b-34e6-4eff-9e2a-dd2b90a23590,ORDER_STATUS,medium,app,2026-07-04T00:00:00,2026-07-04T16:00:00,auto_resolved,fraud
a52745e0-3225-415b-91c6-78c076fecafc,5a3ee05d197e24b7bafaac3e2cbc7e55,80e22dba-06ae-48fe-b341-1169d9987cc4,SHIPPING_DELAY,medium,email,2026-06-28T00:00:00,2026-06-29T12:00:00,refund_issued,fraud
75e83373-9779-49a6-b584-fcaab81738ec,5a3ee05d197e24b7bafaac3e2cbc7e55,b1f468ea-8799-47a4-8bc5-36351de36d32,REFUND,low,chat,2026-07-15T00:00:00,2026-07-15T10:00:00,auto_resolved,fraud
724e22ec-4285-4c6a-9b94-0d74ebd33655,5a3ee05d197e24b7bafaac3e2cbc7e55,0acdc745-e9d4-4bc7-9571-f2b14db53bf2,PAYMENT_ISSUE,high,chat,2026-07-07T00:00:00,2026-07-08T17:00:00,refund_issued,fraud
f5ba4c08-2e6d-4b3c-8b28-b11e038308fc,5a3ee05d197e24b7bafaac3e2cbc7e55,ba54f52f-6781-4399-9185-48baa208b9e7,DAMAGED_ITEM,medium,app,2026-07-22T00:00:00,2026-07-24T23:00:00,info_provided,fraud
501b89e8-4757-4284-8510-5cfdc89c4f3b,5a3ee05d197e24b7bafaac3e2cbc7e55,6a0117ea-7d89-4c27-b98f-8fae36e3c699,ORDER_STATUS,high,app,2026-07-03T00:00:00,2026-07-05T10:00:00,auto_resolved,fraud
a6743106-babb-439b-8125-a7d11463ab68,5a3ee05d197e24b7bafaac3e2cbc7e55,3105b24d-08fd-4162-b21d-18c3f3c1cc61,SHIPPING_DELAY,low,app,2026-07-11T00:00:00,2026-07-13T08:00:00,refund_issued,fraud
201927d7-3fc8-4e64-bc0e-116d9bf32cdd,5a3ee05d197e24b7bafaac3e2cbc7e55,b5c97ccc-827a-486f-9b99-633f0b06fe5f,FRAUD_REVIEW,high,email,2026-07-04T00:00:00,2026-07-04T05:00:00,escalated_to_human,fraud
f666992d-442f-47a8-966b-9cbb067dc02f,5a3ee05d197e24b7bafaac3e2cbc7e55,1efbe3b0-f634-4b82-b27e-9aef6f419881,SHIPPING_DELAY,high,app,2026-07-15T00:00:00,2026-07-16T21:00:00,info_provided,fraud
954d2795-ee22-4ebe-a893-197049002d3a,5a3ee05d197e24b7bafaac3e2cbc7e55,1bfa3a5e-d7f7-4a62-84c6-05aa4741f228,ACCOUNT,medium,chat,2026-07-17T00:00:00,2026-07-18T20:00:00,escalated_to_human,fraud
c3f72f29-f167-434b-a0c0-301ff21e347b,5a3ee05d197e24b7bafaac3e2cbc7e55,40d7f5cb-09e6-4346-aa3d-b86f5126473c,DAMAGED_ITEM,medium,app,2026-07-10T00:00:00,2026-07-12T14:00:00,auto_resolved,fraud
576ae7c5-08ca-4039-b55c-d15ea39a8aec,5a3ee05d197e24b7bafaac3e2cbc7e55,c1466fdb-e7b9-4c49-ba32-9fe73344c997,PAYMENT_ISSUE,high,email,2026-06-26T00:00:00,2026-06-28T00:00:00,refund_issued,fraud
2daed744-3420-4997-8dc9-449f19847de5,5a3ee05d197e24b7bafaac3e2cbc7e55,fea009e7-bfee-4305-ac26-ddf11ee15901,ORDER_STATUS,medium,email,2026-07-12T00:00:00,2026-07-13T15:00:00,info_provided,fraud
08e8cbaa-bfbe-4736-93a8-ce04ed8bfa5d,5a3ee05d197e24b7bafaac3e2cbc7e55,5cd69d12-2e1c-464b-a4c5-681de05f83e9,REFUND,low,chat,2026-07-18T00:00:00,2026-07-19T20:00:00,escalated_to_human,fraud
48e27780-5c2d-4433-a703-a17e276e012b,5a3ee05d197e24b7bafaac3e2cbc7e55,c510da27-3900-40fd-9480-45f07ca3cb20,ACCOUNT,medium,chat,2026-07-14T00:00:00,2026-07-15T02:00:00,info_provided,fraud
6ea3987e-f33b-4dbf-a28f-e720a5877fc0,5a3ee05d197e24b7bafaac3e2cbc7e55,e5b73100-7883-4ac7-a798-d0ad14a7bab8,REFUND,high,email,2026-07-03T00:00:00,2026-07-05T13:00:00,auto_resolved,fraud
366a8c62-79c1-48b8-ad29-f5c167af5942,5a3ee05d197e24b7bafaac3e2cbc7e55,06b83542-c28d-47fb-a676-a69b1a3d78b6,FRAUD_REVIEW,high,email,2026-07-03T00:00:00,2026-07-05T09:00:00,escalated_to_human,fraud
cb1bac9d-fc51-4622-9584-fff56748f738,5a3ee05d197e24b7bafaac3e2cbc7e55,78914ddb-e8c6-4569-a0e8-5fdd5d9573e0,REFUND,high,chat,2026-07-06T00:00:00,2026-07-06T19:00:00,info_provided,fraud
0109fca5-b5b7-4e7e-9d36-252cb7e91dd3,5a3ee05d197e24b7bafaac3e2cbc7e55,10def41b-cd27-41a9-b809-434c4d8c5946,REFUND,low,chat,2026-06-26T00:00:00,2026-06-27T16:00:00,auto_resolved,fraud
89a7e0d2-b516-43e7-9e4f-e0fad7145db4,5a3ee05d197e24b7bafaac3e2cbc7e55,89b1c5e9-75e3-46c5-8261-5e4ec122558c,SHIPPING_DELAY,high,email,2026-07-19T00:00:00,2026-07-20T08:00:00,auto_resolved,fraud
bc01e89c-368e-4772-98bc-e74bd44314a6,5a3ee05d197e24b7bafaac3e2cbc7e55,b5e63dc5-034f-499c-917f-b122ebd95af8,SHIPPING_DELAY,high,email,2026-07-01T00:00:00,2026-07-01T20:00:00,escalated_to_human,fraud
2f9e632e-e040-46a7-9052-ec3ccdf8c68e,5a3ee05d197e24b7bafaac3e2cbc7e55,e1ea2ddf-2059-45bb-97e6-5e9f5c325bf0,SHIPPING_DELAY,low,email,2026-07-16T00:00:00,2026-07-17T05:00:00,info_provided,fraud
a328bb1c-bc66-4e13-a1d5-4dff18b0af0d,5a3ee05d197e24b7bafaac3e2cbc7e55,132787c7-410e-43ac-a206-0c13c329ff3b,REFUND,low,email,2026-06-30T00:00:00,2026-07-02T19:00:00,auto_resolved,fraud
952c3132-c4ea-4d7b-a635-154b3a9e4632,5a3ee05d197e24b7bafaac3e2cbc7e55,bc15f298-42fe-44c5-ac36-c5e8bf7e2dbf,CANCELLATION,high,chat,2026-06-27T00:00:00,2026-06-29T10:00:00,auto_resolved,fraud
e11ce92d-79ba-490e-9c7c-e3ed4d7d5c53,5a3ee05d197e24b7bafaac3e2cbc7e55,6f5f595d-d6c8-41fb-808e-a811eba105dd,PAYMENT_ISSUE,high,chat,2026-06-28T00:00:00,2026-06-29T13:00:00,escalated_to_human,fraud
6ec5c0ae-e02c-437f-ac81-8cfdc4948693,5a3ee05d197e24b7bafaac3e2cbc7e55,93852e09-d366-4637-9935-4e437f46cf32,FRAUD_REVIEW,high,chat,2026-07-14T00:00:00,2026-07-16T22:00:00,escalated_to_human,fraud
62eb492b-d247-424d-aebb-02906156b3a6,5a3ee05d197e24b7bafaac3e2cbc7e55,1bc9fd9f-872b-4902-952c-2f1fa596a01d,REFUND,high,email,2026-07-08T00:00:00,2026-07-09T21:00:00,refund_issued,fraud
63b511ac-e66f-4235-82ef-18c01f850100,5a3ee05d197e24b7bafaac3e2cbc7e55,52842097-918a-4c86-b8f4-aa486495b3f0,SHIPPING_DELAY,high,chat,2026-07-21T00:00:00,2026-07-21T21:00:00,auto_resolved,fraud
1c5f1619-bdcf-4d6b-ae94-d514702238f6,5a3ee05d197e24b7bafaac3e2cbc7e55,6a91c954-c1b4-4be1-99ee-cf816cbc4a47,PAYMENT_ISSUE,high,email,2026-07-09T00:00:00,2026-07-11T18:00:00,escalated_to_human,fraud
fd5a5fd5-18ac-49ed-8f17-7a5015d29936,5a3ee05d197e24b7bafaac3e2cbc7e55,d8d45092-8780-440a-83dd-98d5c0b1c95c,FRAUD_REVIEW,high,chat,2026-07-06T00:00:00,2026-07-07T06:00:00,escalated_to_human,fraud
d73ef0ae-3824-45ac-a2a3-b12ad75aa26b,5a3ee05d197e24b7bafaac3e2cbc7e55,9c00569e-6d49-4f34-bc79-e81c44b9dc2b,REFUND,medium,chat,2026-07-04T00:00:00,2026-07-06T17:00:00,escalated_to_human,fraud
a91514ec-5bfb-470a-9fab-44fedfb26fbd,5a3ee05d197e24b7bafaac3e2cbc7e55,f4939b10-31a6-467a-aa4d-dd9c78e5d35a,SHIPPING_DELAY,medium,app,2026-06-26T00:00:00,2026-06-27T12:00:00,info_provided,fraud
772168cf-384d-481b-96dd-a84e09f63740,5a3ee05d197e24b7bafaac3e2cbc7e55,2b3d1edf-0877-4ff4-882d-8efcdec0d1f6,FRAUD_REVIEW,high,app,2026-07-10T00:00:00,2026-07-10T19:00:00,escalated_to_human,fraud
be13f946-430f-4805-85fb-eb3320e0983c,5a3ee05d197e24b7bafaac3e2cbc7e55,360e2102-c44b-4bd1-b3fd-385790ac323e,REFUND,high,chat,2026-06-26T00:00:00,2026-06-27T16:00:00,auto_resolved,fraud
c4d14bba-f492-4dca-b288-6a3d1dc61fdc,5a3ee05d197e24b7bafaac3e2cbc7e55,28d35750-200d-44a2-9e29-6c0a24c27506,PAYMENT_ISSUE,low,chat,2026-07-07T00:00:00,2026-07-09T15:00:00,auto_resolved,fraud
48296a4c-f155-4c80-bdf6-427533254cb1,5a3ee05d197e24b7bafaac3e2cbc7e55,ea87c019-fe94-4cd3-a7af-c184d2b5ff2b,PAYMENT_ISSUE,medium,chat,2026-07-12T00:00:00,2026-07-12T10:00:00,auto_resolved,fraud
3a37c3a6-beee-44f1-84d1-26a9afdceec8,5a3ee05d197e24b7bafaac3e2cbc7e55,486a29aa-51de-43e9-a402-40c205a39cdd,FRAUD_REVIEW,high,email,2026-07-10T00:00:00,2026-07-10T20:00:00,escalated_to_human,fraud
0fc27d69-e25e-4311-b334-23ebae7f742c,5a3ee05d197e24b7bafaac3e2cbc7e55,0c1eb3eb-2150-414a-aed9-264d121a2344,CANCELLATION,high,chat,2026-07-20T00:00:00,2026-07-21T14:00:00,auto_resolved,fraud
43db6d5f-0e91-4cc3-bfe7-655174122da8,5a3ee05d197e24b7bafaac3e2cbc7e55,294c4ebf-c4eb-409b-822a-42fcffe91265,FRAUD_REVIEW,high,chat,2026-07-03T00:00:00,2026-07-03T20:00:00,escalated_to_human,fraud
ed4a7976-075c-4e04-9b11-d9fe2c95a341,5a3ee05d197e24b7bafaac3e2cbc7e55,0316b020-9c93-4bf8-bb1e-e3f6a3ee07e2,CANCELLATION,medium,app,2026-07-18T00:00:00,2026-07-18T12:00:00,escalated_to_human,fraud
4d97e66c-37e6-4f5e-84c0-0d63dc185448,5a3ee05d197e24b7bafaac3e2cbc7e55,6e97f084-8d6f-412c-ae89-5b8e50bbb78f,SHIPPING_DELAY,medium,chat,2026-07-04T00:00:00,2026-07-05T00:00:00,escalated_to_human,fraud
24166f5e-5494-47f0-9a54-45d4bd9dc675,5a3ee05d197e24b7bafaac3e2cbc7e55,966230e9-8c2a-474a-8f42-444ae3f95cd7,SHIPPING_DELAY,high,email,2026-07-25T00:00:00,2026-07-26T22:00:00,info_provided,fraud
75929b91-73a1-43ec-83b3-68163e31db1d,5a3ee05d197e24b7bafaac3e2cbc7e55,8bfc7a0a-d318-40b2-b8aa-d353b9d0ac31,ACCOUNT,high,email,2026-07-10T00:00:00,2026-07-12T22:00:00,auto_resolved,fraud
9e190111-1602-4478-a9a3-fa99534fc93a,5a3ee05d197e24b7bafaac3e2cbc7e55,4305f033-9ab7-4de6-8196-4ac51adbbf42,REFUND,low,email,2026-07-04T00:00:00,2026-07-06T19:00:00,auto_resolved,fraud
0c0b9a78-73a9-4e8f-908e-43ca254a1c62,5a3ee05d197e24b7bafaac3e2cbc7e55,a0cad604-e3d0-4ca9-bb02-6666a4a8ed18,SHIPPING_DELAY,medium,chat,2026-07-01T00:00:00,2026-07-03T22:00:00,escalated_to_human,fraud
52c3db8e-085c-41a9-b862-f13415570746,5a3ee05d197e24b7bafaac3e2cbc7e55,f19b1ff2-250f-4e3d-9ede-d67d248c5587,REFUND,low,chat,2026-07-20T00:00:00,2026-07-22T10:00:00,escalated_to_human,fraud
6fc14779-d5a8-43f8-a498-e61b6a596435,5a3ee05d197e24b7bafaac3e2cbc7e55,c5e2d54a-d636-4b12-ac41-12ae7726eafc,PAYMENT_ISSUE,high,chat,2026-07-28T00:00:00,2026-07-28T12:00:00,info_provided,fraud
5e73a674-f960-46aa-a22b-0985bd9dbcf3,5a3ee05d197e24b7bafaac3e2cbc7e55,4805f4c9-ffb2-4770-ad1b-b8b9a0775083,FRAUD_REVIEW,high,app,2026-07-23T00:00:00,2026-07-23T11:00:00,escalated_to_human,fraud
82ce2982-5336-427a-ac90-319fda17dd8a,5a3ee05d197e24b7bafaac3e2cbc7e55,2a50933a-0041-4a7f-ab6b-212d67805448,DAMAGED_ITEM,low,email,2026-07-20T00:00:00,2026-07-21T09:00:00,auto_resolved,fraud
fb63fc2e-0c78-47d7-8cc9-3a112002a25b,5a3ee05d197e24b7bafaac3e2cbc7e55,f3205080-e71d-4fe6-8894-9dd5706ef5fa,ACCOUNT,medium,app,2026-07-04T00:00:00,2026-07-05T20:00:00,escalated_to_human,fraud
36686076-8061-4629-aecb-a0fe05db9cdc,5a3ee05d197e24b7bafaac3e2cbc7e55,d4e36126-4bfd-4428-ac50-cebd8687d9cb,SHIPPING_DELAY,low,chat,2026-07-14T00:00:00,2026-07-16T08:00:00,refund_issued,fraud
27911db7-4c74-47e4-aaba-2e81db3b7541,5a3ee05d197e24b7bafaac3e2cbc7e55,67997eb2-ff31-4385-acd4-87c8a45d3e3c,PAYMENT_ISSUE,high,email,2026-06-29T00:00:00,2026-07-02T00:00:00,info_provided,fraud
a5748e92-1996-455e-93e9-1695807e71e9,5a3ee05d197e24b7bafaac3e2cbc7e55,7cea62e4-8fb1-4898-b595-ff183095ab32,CANCELLATION,medium,email,2026-07-17T00:00:00,2026-07-19T19:00:00,escalated_to_human,fraud
5de9601c-0459-4d73-ba09-15ab452b8dd3,5a3ee05d197e24b7bafaac3e2cbc7e55,b512eed8-f6a4-4352-9a1c-56974da9cff6,CANCELLATION,high,email,2026-06-27T00:00:00,2026-06-29T16:00:00,info_provided,fraud
8758f544-b960-46a1-b314-e5b0f811a9db,5a3ee05d197e24b7bafaac3e2cbc7e55,45f4f08a-464f-4fce-a6f0-845eb6b8a1d8,ORDER_STATUS,low,email,2026-07-26T00:00:00,2026-07-28T02:00:00,info_provided,fraud
815c10a6-6e93-455a-a24c-f0a80d33b233,5a3ee05d197e24b7bafaac3e2cbc7e55,e5ba560c-cab6-4995-b1b4-4616c64624fb,SHIPPING_DELAY,high,email,2026-08-01T00:00:00,2026-08-01T08:00:00,escalated_to_human,fraud
daef92fa-594a-4407-80f1-94ab2cfe4410,5a3ee05d197e24b7bafaac3e2cbc7e55,32b1fc02-db0c-40ad-a69d-2842d0f7d1d5,FRAUD_REVIEW,high,app,2026-07-03T00:00:00,2026-07-05T12:00:00,escalated_to_human,fraud
b72b2936-5e67-4bbd-9f66-e5cac99262c2,5a3ee05d197e24b7bafaac3e2cbc7e55,175d9ebb-0adb-4e58-b5b2-3ba78aad41db,SHIPPING_DELAY,medium,email,2026-07-10T00:00:00,2026-07-10T05:00:00,auto_resolved,fraud
9ea37cfc-db4d-4c04-932b-a928e1ac3410,5a3ee05d197e24b7bafaac3e2cbc7e55,771fd576-f3f8-4633-9444-1960cdd862e0,FRAUD_REVIEW,high,email,2026-07-11T00:00:00,2026-07-13T20:00:00,escalated_to_human,fraud
43d07ad4-2fd6-4bbd-bba6-912cb5d152b9,5a3ee05d197e24b7bafaac3e2cbc7e55,9cb09263-7f97-4b6e-918f-0a3749b7779c,CANCELLATION,medium,app,2026-07-03T00:00:00,2026-07-05T03:00:00,auto_resolved,fraud
6441aa73-7170-44c3-9680-ae020e10bedf,5a3ee05d197e24b7bafaac3e2cbc7e55,879c93b9-5ce1-49ad-b995-ca805327ecbe,REFUND,high,chat,2026-06-29T00:00:00,2026-06-30T21:00:00,refund_issued,fraud
b4dd9373-96ac-4d8d-8e1b-1836be6bf08c,5a3ee05d197e24b7bafaac3e2cbc7e55,a3e01697-abf5-4850-8b40-7574608ca11e,REFUND,low,email,2026-06-26T00:00:00,2026-06-27T02:00:00,auto_resolved,fraud
c534ab77-fa81-4b30-ab98-728c063aceb4,5a3ee05d197e24b7bafaac3e2cbc7e55,fe3fbb19-8271-40cc-9e6c-9f18f3c3799b,PAYMENT_ISSUE,high,app,2026-07-19T00:00:00,2026-07-19T06:00:00,refund_issued,fraud
a9d06a33-6881-49f2-bcf8-358989fdee4d,5a3ee05d197e24b7bafaac3e2cbc7e55,0cd1cae7-0775-47c5-8b10-0ecb7435cf7b,REFUND,high,app,2026-07-09T00:00:00,2026-07-11T19:00:00,escalated_to_human,fraud
fef088cf-fd2d-4d75-9b8a-052b35cab0f6,5a3ee05d197e24b7bafaac3e2cbc7e55,3ac3bd85-e7b3-41ae-82f2-93c0f9209987,PAYMENT_ISSUE,high,app,2026-07-17T00:00:00,2026-07-17T07:00:00,info_provided,fraud
bf243ee3-c8e9-4ae7-a9c1-3b953b502678,5a3ee05d197e24b7bafaac3e2cbc7e55,ec66798e-c3c8-493a-8c54-90592403c0fd,DAMAGED_ITEM,medium,email,2026-07-22T00:00:00,2026-07-23T14:00:00,refund_issued,fraud
1a089f8d-985f-41dd-a326-e3640137b85b,5a3ee05d197e24b7bafaac3e2cbc7e55,3f01d7ea-9a89-4ea7-939f-f7b3689d4099,FRAUD_REVIEW,high,app,2026-06-30T00:00:00,2026-06-30T05:00:00,escalated_to_human,fraud
562110e3-e83e-46e0-9384-01bff2fc4693,5a3ee05d197e24b7bafaac3e2cbc7e55,885f1b38-3d7e-469b-89d8-ec922686a7ca,SHIPPING_DELAY,low,email,2026-06-25T00:00:00,2026-06-25T07:00:00,escalated_to_human,fraud
18133cde-ab62-4728-a1e5-c969c0d2f8f9,5a3ee05d197e24b7bafaac3e2cbc7e55,af6747a4-4011-444a-b1b6-f2e323b8e56f,ORDER_STATUS,low,chat,2026-07-22T00:00:00,2026-07-24T03:00:00,escalated_to_human,fraud
fd07553e-afc0-409d-93bb-19a7f12afce5,5a3ee05d197e24b7bafaac3e2cbc7e55,7d4ed542-397f-4f1a-9fc5-9f12c27c3b35,FRAUD_REVIEW,high,app,2026-07-14T00:00:00,2026-07-16T18:00:00,escalated_to_human,fraud
7efdd0cf-164c-425c-9203-106ce563ebd8,5a3ee05d197e24b7bafaac3e2cbc7e55,8a3c46d2-758f-4702-8148-bafb1d846729,FRAUD_REVIEW,high,app,2026-07-22T00:00:00,2026-07-23T16:00:00,escalated_to_human,fraud
83bad090-c9ec-417c-ab21-9255959c0f5e,5a3ee05d197e24b7bafaac3e2cbc7e55,e37def99-465d-4202-85b6-87cb3195f1f6,FRAUD_REVIEW,high,chat,2026-07-16T00:00:00,2026-07-17T09:00:00,escalated_to_human,fraud
e5055b2b-4515-4bcd-8812-1101be9ccbed,5a3ee05d197e24b7bafaac3e2cbc7e55,a81ac220-2535-42eb-8212-f8291d1e8e7a,REFUND,medium,app,2026-07-10T00:00:00,2026-07-12T12:00:00,refund_issued,fraud
8d929b6a-52aa-493a-9cbe-19d7b821b75b,5a3ee05d197e24b7bafaac3e2cbc7e55,275d94af-7d21-402f-8b98-bde6ac817c61,SHIPPING_DELAY,medium,chat,2026-07-13T00:00:00,2026-07-13T17:00:00,auto_resolved,fraud
79bf7986-f1bf-464b-ac54-59bcf01830dc,5a3ee05d197e24b7bafaac3e2cbc7e55,0c30e322-678a-4ec9-b76e-26d8f67611c3,CANCELLATION,medium,email,2026-07-15T00:00:00,2026-07-16T01:00:00,auto_resolved,fraud
5b14d85a-11f2-4151-8468-227f80f246fa,5a3ee05d197e24b7bafaac3e2cbc7e55,32ee0daf-75f0-4f52-9809-037ca0b1d113,ORDER_STATUS,high,app,2026-07-07T00:00:00,2026-07-10T00:00:00,escalated_to_human,fraud
9816a6da-8e5b-4fb8-8596-40c783e5165c,5a3ee05d197e24b7bafaac3e2cbc7e55,a450cc07-1b79-49ed-9475-dc68ccdc7384,SHIPPING_DELAY,high,email,2026-07-04T00:00:00,2026-07-06T23:00:00,auto_resolved,fraud
629155e8-9f3c-4570-87cd-42d243a45298,5a3ee05d197e24b7bafaac3e2cbc7e55,73558483-b556-4e75-9564-c96218ac4dd7,CANCELLATION,low,email,2026-07-20T00:00:00,2026-07-21T02:00:00,info_provided,fraud
e6c483ee-0366-4e19-b157-24c492ccd0b0,5a3ee05d197e24b7bafaac3e2cbc7e55,a77c7fd9-1e3d-414f-bb69-cf4c8fe3b270,SHIPPING_DELAY,low,chat,2026-07-15T00:00:00,2026-07-16T17:00:00,info_provided,fraud
68d7e3f6-e5df-431e-a0fc-511b4f5578c9,5a3ee05d197e24b7bafaac3e2cbc7e55,3c5f93c2-7f30-46e7-bf63-83f6138f695e,REFUND,low,app,2026-07-14T00:00:00,2026-07-14T21:00:00,refund_issued,fraud
a3d553e7-6043-4e60-b637-79bd478adc34,5a3ee05d197e24b7bafaac3e2cbc7e55,d346c977-fda0-4598-8a1d-2bc199373911,CANCELLATION,medium,app,2026-07-22T00:00:00,2026-07-23T19:00:00,refund_issued,fraud
f0dace68-139c-4f90-87df-fd72b02da320,5a3ee05d197e24b7bafaac3e2cbc7e55,7d1f1666-358c-463a-9990-01f1be789571,ORDER_STATUS,high,email,2026-07-27T00:00:00,2026-07-28T07:00:00,info_provided,fraud
165d8172-a6da-4609-af23-8dd76114effe,5a3ee05d197e24b7bafaac3e2cbc7e55,b175bd89-2030-4ee8-b004-a7af242cf98a,FRAUD_REVIEW,high,email,2026-07-15T00:00:00,2026-07-15T09:00:00,escalated_to_human,fraud
4fda6a89-e6a2-4ea9-b1e6-58ea2329ff32,5a3ee05d197e24b7bafaac3e2cbc7e55,f884da48-012c-4afc-a5cb-ed25df581042,ORDER_STATUS,medium,chat,2026-07-28T00:00:00,2026-07-28T06:00:00,auto_resolved,fraud
741e5368-46ba-4697-822f-c316583c9134,5a3ee05d197e24b7bafaac3e2cbc7e55,6a2dc8b3-40db-4b0b-a79e-267d24654ee6,FRAUD_REVIEW,high,email,2026-07-06T00:00:00,2026-07-07T04:00:00,escalated_to_human,fraud
619e5211-ac19-4a29-a8d8-b3d8fc0595a3,5a3ee05d197e24b7bafaac3e2cbc7e55,9c1b464b-0ac4-42c6-8514-d5fe73b65119,PAYMENT_ISSUE,high,chat,2026-07-16T00:00:00,2026-07-16T11:00:00,auto_resolved,fraud
2d77c8c1-b3e6-4884-910d-4077fa05d9fb,5a3ee05d197e24b7bafaac3e2cbc7e55,9974e240-73d6-45f8-85a7-230a6c20049f,DAMAGED_ITEM,high,app,2026-07-21T00:00:00,2026-07-23T23:00:00,auto_resolved,fraud
f4fbb37c-48c5-45fb-a71f-6eb6b3fac717,5a3ee05d197e24b7bafaac3e2cbc7e55,071f6b6d-ed26-4c2a-bb1e-b112b9e5deee,ACCOUNT,high,email,2026-07-05T00:00:00,2026-07-05T21:00:00,auto_resolved,fraud
b74a4cc2-bf36-4f2f-a92d-97a06f469fa7,5a3ee05d197e24b7bafaac3e2cbc7e55,d74544cd-e846-43fe-946c-948490f245f5,FRAUD_REVIEW,high,app,2026-07-15T00:00:00,2026-07-15T10:00:00,escalated_to_human,fraud
b4503c01-9a16-4781-a2ea-5d93208ab27b,5a3ee05d197e24b7bafaac3e2cbc7e55,c84cf1d6-3f10-4915-85c8-b65e764b5a08,SHIPPING_DELAY,low,app,2026-07-06T00:00:00,2026-07-06T13:00:00,auto_resolved,fraud
ddb9b428-a1c9-4c72-bc9d-e6cec34120be,5a3ee05d197e24b7bafaac3e2cbc7e55,cfaf322f-b493-4b9c-8d8d-2d832bcbe391,ACCOUNT,low,chat,2026-06-25T00:00:00,2026-06-27T06:00:00,refund_issued,fraud
755eb1ff-146b-4e83-b6b9-b521d4fce286,5a3ee05d197e24b7bafaac3e2cbc7e55,e77f66d0-e167-4d79-8a20-6a5b18938598,SHIPPING_DELAY,low,email,2026-07-08T00:00:00,2026-07-08T15:00:00,refund_issued,fraud
0ca83130-f61b-45ed-9cbc-c8abc3196ed2,5a3ee05d197e24b7bafaac3e2cbc7e55,fd423b7f-6b73-4a3a-8fdf-358019263516,REFUND,high,app,2026-07-05T00:00:00,2026-07-05T10:00:00,escalated_to_human,fraud
12c7e809-2503-42cd-a077-98dd88d2f54c,5a3ee05d197e24b7bafaac3e2cbc7e55,a4e1c67c-0b1e-435d-9354-3c4e146a01b5,REFUND,low,email,2026-06-20T00:00:00,2026-06-21T22:00:00,auto_resolved,fraud
90d2dedf-9d72-44ef-9a48-2255d7ac3023,5a3ee05d197e24b7bafaac3e2cbc7e55,0096a7a2-e8d9-4cd2-9c36-f2647b44c797,ORDER_STATUS,low,app,2026-06-27T00:00:00,2026-06-28T16:00:00,refund_issued,fraud
46bae799-564d-40a4-91c5-99e22f1da3f3,5a3ee05d197e24b7bafaac3e2cbc7e55,702e763b-363b-4312-a59b-3352118803ad,DAMAGED_ITEM,medium,app,2026-07-25T00:00:00,2026-07-26T22:00:00,auto_resolved,fraud
8854a73e-50c3-4bcd-89da-fd7f4477c32d,5a3ee05d197e24b7bafaac3e2cbc7e55,8d926fa0-d985-44ab-a51e-6afe7cef5b00,CANCELLATION,high,email,2026-07-26T00:00:00,2026-07-27T17:00:00,refund_issued,fraud
a30e1b28-d96e-46e5-8148-c20c120f054f,5a3ee05d197e24b7bafaac3e2cbc7e55,2110380e-30b3-488b-a372-f4e5df08335f,FRAUD_REVIEW,high,email,2026-07-16T00:00:00,2026-07-18T03:00:00,escalated_to_human,fraud
cb0a2f70-c844-4769-bc2e-cdebbb78e9ca,5a3ee05d197e24b7bafaac3e2cbc7e55,34cf237e-bccd-431b-863a-b0d97c81d231,FRAUD_REVIEW,high,app,2026-07-13T00:00:00,2026-07-13T12:00:00,escalated_to_human,fraud
ac7c89b1-5a0b-4f6e-b24f-352ca806dc9f,5a3ee05d197e24b7bafaac3e2cbc7e55,2a12f459-e881-48fd-9d76-968fb29cda81,REFUND,high,chat,2026-07-21T00:00:00,2026-07-21T14:00:00,info_provided,fraud
4caf60d2-8c04-4795-ae57-3e0be67e313c,5a3ee05d197e24b7bafaac3e2cbc7e55,315fc3c5-c550-47d4-94ef-1e0af5ed7289,SHIPPING_DELAY,low,email,2026-07-25T00:00:00,2026-07-27T21:00:00,info_provided,fraud
73702be0-a55b-4294-bfdb-3117e9790ffe,5a3ee05d197e24b7bafaac3e2cbc7e55,808dca8e-beb6-445f-bb2d-14ea6ba5e7dc,FRAUD_REVIEW,high,chat,2026-07-09T00:00:00,2026-07-11T23:00:00,escalated_to_human,fraud
ed33ed49-1cfd-4122-9365-37e055e41213,5a3ee05d197e24b7bafaac3e2cbc7e55,6cf5678b-70d9-4625-adb0-256bac132843,FRAUD_REVIEW,high,chat,2026-07-14T00:00:00,2026-07-16T04:00:00,escalated_to_human,fraud
5403b162-3c77-49f2-856a-a1c2335e9463,5a3ee05d197e24b7bafaac3e2cbc7e55,019bf6a0-cee8-43cd-a9e1-ae0a6c08d243,REFUND,low,app,2026-07-18T00:00:00,2026-07-20T05:00:00,escalated_to_human,fraud
a11b3c87-e4b6-420c-80b8-aa9f0ce2b25c,5a3ee05d197e24b7bafaac3e2cbc7e55,eafdd4d7-fbd3-451b-90e9-bf43e1393e14,FRAUD_REVIEW,high,email,2026-06-24T00:00:00,2026-06-26T02:00:00,escalated_to_human,fraud
7f651013-25c0-49d1-9680-fac39bb46e08,5a3ee05d197e24b7bafaac3e2cbc7e55,285ac092-3232-45c7-86be-164f05dfc0f4,PAYMENT_ISSUE,low,chat,2026-07-04T00:00:00,2026-07-06T20:00:00,auto_resolved,fraud
fabe342f-5ff5-4b8b-95f0-8d89474860a0,5a3ee05d197e24b7bafaac3e2cbc7e55,dad11fe2-bd2f-4360-8788-c21d5304bca8,FRAUD_REVIEW,high,chat,2026-06-29T00:00:00,2026-07-01T12:00:00,escalated_to_human,fraud
7e6c1989-73e3-4a00-8ed4-43dfe596b36a,5a3ee05d197e24b7bafaac3e2cbc7e55,68fff91f-4980-48fa-8aad-5bb819c93f6d,FRAUD_REVIEW,high,app,2026-07-07T00:00:00,2026-07-09T22:00:00,escalated_to_human,fraud
0a87bcd4-5db9-4757-a8ad-ab4d5e7c7f95,5a3ee05d197e24b7bafaac3e2cbc7e55,7cf45e57-ebe3-4aa8-8c45-eef5c4a0add1,REFUND,high,app,2026-07-11T00:00:00,2026-07-13T12:00:00,escalated_to_human,fraud
51f1ceec-9c47-4b41-a3ef-90ac2fed67a6,5a3ee05d197e24b7bafaac3e2cbc7e55,ca59a482-2ca0-46bc-bd9c-87d6ca6c903e,SHIPPING_DELAY,high,chat,2026-07-04T00:00:00,2026-07-05T12:00:00,info_provided,fraud
3c54b2b5-b23d-42e4-851b-0bd7039636e9,5a3ee05d197e24b7bafaac3e2cbc7e55,6f2775ff-4dc1-4b33-9827-5feab99d150c,REFUND,low,app,2026-07-22T00:00:00,2026-07-22T03:00:00,auto_resolved,fraud
25b81728-5000-4570-bfaf-918a11f6166a,5a3ee05d197e24b7bafaac3e2cbc7e55,d25a7c8d-8af3-4e04-b187-ce695d347996,REFUND,medium,chat,2026-06-25T00:00:00,2026-06-25T20:00:00,auto_resolved,fraud
29d6e4f9-4b84-4e67-854c-b96456260804,5a3ee05d197e24b7bafaac3e2cbc7e55,2a77e7e5-8426-4c99-b2ce-0b1754a83eb8,ACCOUNT,medium,email,2026-07-20T00:00:00,2026-07-21T10:00:00,escalated_to_human,fraud
e4e18bd0-27b9-4cae-b862-7aaa71421350,5a3ee05d197e24b7bafaac3e2cbc7e55,2621e625-d873-4f02-99c4-97060886d7cb,ACCOUNT,medium,chat,2026-07-19T00:00:00,2026-07-21T07:00:00,escalated_to_human,fraud
55c95163-48ef-41a2-9682-121b43fe7a13,5a3ee05d197e24b7bafaac3e2cbc7e55,75ada3df-ca51-4fa8-aa32-7e0021e102fe,REFUND,low,email,2026-07-05T00:00:00,2026-07-06T16:00:00,escalated_to_human,fraud
1691eaa4-ef6b-45b8-b8a4-ff7cfcec7d1d,5a3ee05d197e24b7bafaac3e2cbc7e55,3c1b0c5b-cec3-48d6-b62c-af2b739e8ff3,REFUND,high,chat,2026-07-04T00:00:00,2026-07-06T02:00:00,auto_resolved,fraud
bc61b33b-6df5-48c4-b4f8-204464f91f35,5a3ee05d197e24b7bafaac3e2cbc7e55,b1db4425-2cbd-4a9d-b258-47930e108560,FRAUD_REVIEW,high,email,2026-07-15T00:00:00,2026-07-17T00:00:00,escalated_to_human,fraud
5845314f-e58d-41a7-ae69-ceffd1337602,5a3ee05d197e24b7bafaac3e2cbc7e55,1910f64b-6d9b-4b8c-a17c-3663f7d99b61,PAYMENT_ISSUE,low,app,2026-07-22T00:00:00,2026-07-24T19:00:00,refund_issued,fraud
2d327bda-d201-45ea-b55a-a6fd94fbc1e5,5a3ee05d197e24b7bafaac3e2cbc7e55,9983293a-0b80-4e7c-b240-fb4aff66284d,ACCOUNT,high,chat,2026-07-08T00:00:00,2026-07-10T18:00:00,auto_resolved,fraud
40a098c4-cee7-4df3-b8ac-2e136669023c,5a3ee05d197e24b7bafaac3e2cbc7e55,edaf2002-1d42-4304-9941-698b49dcd0dc,FRAUD_REVIEW,high,chat,2026-07-19T00:00:00,2026-07-19T02:00:00,escalated_to_human,fraud
81b0e9fd-8137-409a-b910-bfaff5ef1ff3,5a3ee05d197e24b7bafaac3e2cbc7e55,5933484a-51ca-4423-bf43-87f73e636da1,PAYMENT_ISSUE,high,app,2026-07-05T00:00:00,2026-07-05T17:00:00,escalated_to_human,fraud
65aab5ab-1318-440a-af93-1bef71b4ffd5,5a3ee05d197e24b7bafaac3e2cbc7e55,03748070-89ec-4c66-b3d7-3235c90ed244,PAYMENT_ISSUE,low,chat,2026-06-25T00:00:00,2026-06-27T13:00:00,auto_resolved,fraud
3afd4b61-d05e-4ac8-bbc8-522e56ca5e45,5a3ee05d197e24b7bafaac3e2cbc7e55,7571405b-87b2-438f-b8e3-68753ecec189,FRAUD_REVIEW,high,app,2026-07-13T00:00:00,2026-07-13T06:00:00,escalated_to_human,fraud
b52a0eeb-519c-42cc-bb0f-b2187e1e49c9,5a3ee05d197e24b7bafaac3e2cbc7e55,be3d6e3b-5f96-425e-9d89-bd4538f5a8a1,ORDER_STATUS,medium,app,2026-07-25T00:00:00,2026-07-27T05:00:00,refund_issued,fraud
c44bc3e1-1ae9-47e3-9a92-e415eb17c643,5a3ee05d197e24b7bafaac3e2cbc7e55,1da12436-1c5b-476c-8dac-a2c9092ad6f6,CANCELLATION,high,email,2026-06-30T00:00:00,2026-07-02T16:00:00,auto_resolved,fraud
1ddbab2b-5f81-4a43-89ec-0a6093f55246,5a3ee05d197e24b7bafaac3e2cbc7e55,97063d49-5017-4c6c-bba8-6adaf633f453,ORDER_STATUS,high,chat,2026-07-21T00:00:00,2026-07-22T00:00:00,auto_resolved,fraud
8b7cbb45-5482-4e5b-b426-eacd90467712,5a3ee05d197e24b7bafaac3e2cbc7e55,91184305-ee1b-4856-84b1-bdd61414bfb3,FRAUD_REVIEW,high,chat,2026-07-01T00:00:00,2026-07-01T08:00:00,escalated_to_human,fraud
f445acf2-4aea-425a-960b-1f390359c792,5a3ee05d197e24b7bafaac3e2cbc7e55,475d7616-ba76-43d1-85d4-df6c95d96ef0,SHIPPING_DELAY,low,chat,2026-07-09T00:00:00,2026-07-10T04:00:00,escalated_to_human,fraud
63f442b1-9cd4-4cbc-a5be-1d956659d96d,5a3ee05d197e24b7bafaac3e2cbc7e55,a9d201b2-df08-4f63-9082-5f934fe80a1f,SHIPPING_DELAY,medium,chat,2026-07-18T00:00:00,2026-07-19T01:00:00,info_provided,fraud
fa98dcb5-60d8-436d-90b1-cddb3de500cb,5a3ee05d197e24b7bafaac3e2cbc7e55,a1243588-824a-4d24-bb96-818bb794814a,ACCOUNT,high,email,2026-07-13T00:00:00,2026-07-15T00:00:00,refund_issued,fraud
8985592b-0ba6-4dd4-9aa8-7af688391b8d,5a3ee05d197e24b7bafaac3e2cbc7e55,05a4e609-0e61-4318-93ec-4e588fd76d68,FRAUD_REVIEW,high,chat,2026-06-24T00:00:00,2026-06-25T11:00:00,escalated_to_human,fraud
d548fa7f-ea9f-45bb-a80a-83ccb5a1a44e,5a3ee05d197e24b7bafaac3e2cbc7e55,751a74c2-d3a9-4d21-ac83-f13ee3cdaa8c,ACCOUNT,medium,app,2026-06-24T00:00:00,2026-06-26T06:00:00,info_provided,fraud
eac114e8-929b-4b24-b996-a9c15a71bfcb,5a3ee05d197e24b7bafaac3e2cbc7e55,b58876e1-f7b4-4ce6-9396-adaaeac69c21,REFUND,low,chat,2026-07-12T00:00:00,2026-07-12T03:00:00,refund_issued,fraud
529464d2-656f-4b82-b766-69851deb25de,5a3ee05d197e24b7bafaac3e2cbc7e55,88c29e83-fb4a-491d-a2a4-32578f7e96dc,FRAUD_REVIEW,high,app,2026-07-27T00:00:00,2026-07-27T07:00:00,escalated_to_human,fraud
f81cea89-badc-471a-85f8-269e355469bd,5a3ee05d197e24b7bafaac3e2cbc7e55,0566128c-b16a-4d36-8c3f-b0d345df8bcd,REFUND,low,email,2026-07-11T00:00:00,2026-07-11T18:00:00,escalated_to_human,fraud
05d108ac-f22f-48d9-912c-6491a8bb4fde,5a3ee05d197e24b7bafaac3e2cbc7e55,66d328c2-e967-4d81-a16d-1c2c1d34c8cd,SHIPPING_DELAY,medium,chat,2026-07-13T00:00:00,2026-07-15T12:00:00,refund_issued,fraud
d6d7c961-b334-4e4f-ab9a-3bb4ecc28a2f,5a3ee05d197e24b7bafaac3e2cbc7e55,fb6aa82c-a9aa-4f28-a1ee-a4dbee218084,CANCELLATION,medium,app,2026-06-26T00:00:00,2026-06-27T21:00:00,auto_resolved,fraud
2796a3ae-7736-48ff-9b2f-f710e4b6a89a,5a3ee05d197e24b7bafaac3e2cbc7e55,f1c9efd9-f6da-460b-b1e7-d8449e1c7665,REFUND,low,email,2026-07-17T00:00:00,2026-07-17T03:00:00,refund_issued,fraud
1a733849-0b04-4545-8099-5efb28b67548,5a3ee05d197e24b7bafaac3e2cbc7e55,450a8fdd-68a8-472d-a2b9-ff5f360678bf,DAMAGED_ITEM,medium,app,2026-07-28T00:00:00,2026-07-28T21:00:00,escalated_to_human,fraud
bcd931c3-7857-4e40-af6f-eebe2dd73fba,5a3ee05d197e24b7bafaac3e2cbc7e55,f1f5d364-49d7-4354-ab93-408ac15a766a,CANCELLATION,medium,app,2026-06-29T00:00:00,2026-06-29T11:00:00,escalated_to_human,fraud
5eb1bf38-dc97-48c7-87de-fdf7d2d8a785,5a3ee05d197e24b7bafaac3e2cbc7e55,0398a5d0-6055-4f14-89e3-46ebe3a3672b,FRAUD_REVIEW,high,app,2026-06-23T00:00:00,2026-06-23T21:00:00,escalated_to_human,fraud
2acd2cea-d87c-4e71-bd96-1896ea6f998c,5a3ee05d197e24b7bafaac3e2cbc7e55,47d33dde-bf62-4c95-9cf5-d6640c234f01,DAMAGED_ITEM,high,app,2026-07-04T00:00:00,2026-07-04T19:00:00,auto_resolved,fraud
c961c9b6-aad4-4ee4-b317-0ab9c61a1a67,5a3ee05d197e24b7bafaac3e2cbc7e55,6226aa14-f82d-4b5e-a3c8-9f0568149542,ORDER_STATUS,low,app,2026-07-09T00:00:00,2026-07-11T05:00:00,info_provided,fraud
f11ea72e-3af6-4798-9127-04cc2deb02de,5a3ee05d197e24b7bafaac3e2cbc7e55,3aef965c-f50d-44e6-a418-12aa6e027d1b,FRAUD_REVIEW,high,app,2026-06-29T00:00:00,2026-07-01T12:00:00,escalated_to_human,fraud
4ae53eab-2232-48ef-b7bd-af686c763657,5a3ee05d197e24b7bafaac3e2cbc7e55,994f949a-13a0-4743-b137-2658e983c6d6,REFUND,high,chat,2026-07-28T00:00:00,2026-07-30T11:00:00,refund_issued,fraud
6a4fc336-2371-4e9a-a975-a4dfabee8f37,5a3ee05d197e24b7bafaac3e2cbc7e55,248aa6e9-e171-422d-b845-7217da55ffc1,FRAUD_REVIEW,high,chat,2026-07-31T00:00:00,2026-07-31T01:00:00,escalated_to_human,fraud
d8c124db-753a-4d83-95b9-dc03c18a431b,5a3ee05d197e24b7bafaac3e2cbc7e55,86d46ff9-8702-4428-b57c-aa9a969fe444,ORDER_STATUS,medium,chat,2026-06-25T00:00:00,2026-06-25T19:00:00,auto_resolved,fraud
58a244c6-05d9-4555-95c4-38b6f13225b2,5a3ee05d197e24b7bafaac3e2cbc7e55,1b6ee8fc-b1c3-4811-a3b6-2c95ee07763f,FRAUD_REVIEW,high,app,2026-07-15T00:00:00,2026-07-15T02:00:00,escalated_to_human,fraud
0544a3a2-46ef-4dbf-b1b1-589020678962,5a3ee05d197e24b7bafaac3e2cbc7e55,dfe0376e-4f2b-40b9-91db-c818cf84833d,SHIPPING_DELAY,high,chat,2026-07-19T00:00:00,2026-07-20T23:00:00,escalated_to_human,fraud
5134cca3-5986-43d4-8ab3-35b2da6a23f9,5a3ee05d197e24b7bafaac3e2cbc7e55,386859ab-7599-4232-8080-56f68b74f92e,CANCELLATION,low,chat,2026-07-16T00:00:00,2026-07-18T10:00:00,auto_resolved,fraud
7713c161-d671-4aa5-b1c4-9a45c5aeb1e0,5a3ee05d197e24b7bafaac3e2cbc7e55,e43a5fb5-2ecc-4313-aa11-d57ad0421ac8,REFUND,medium,app,2026-07-22T00:00:00,2026-07-24T02:00:00,refund_issued,fraud
082cd9de-e4fb-409f-9300-eb769c1842ee,5a3ee05d197e24b7bafaac3e2cbc7e55,4dd63a08-3f5e-41c5-9f07-606b9da8c3d6,ACCOUNT,medium,app,2026-07-24T00:00:00,2026-07-24T09:00:00,info_provided,fraud
e602e361-5986-4e1b-aab7-047e150d4e9e,5a3ee05d197e24b7bafaac3e2cbc7e55,06338b90-9401-4261-9ca6-a13706d9c570,SHIPPING_DELAY,medium,app,2026-07-27T00:00:00,2026-07-29T10:00:00,refund_issued,fraud
8a75bc41-0d27-4c63-ad94-5eaf8cfc8a6b,5a3ee05d197e24b7bafaac3e2cbc7e55,0fa099bb-0dbc-4fcb-9c16-401598d538a9,REFUND,low,app,2026-07-15T00:00:00,2026-07-16T17:00:00,escalated_to_human,fraud
efd528ff-e35c-4d4f-b9f1-2cc235b088b3,5a3ee05d197e24b7bafaac3e2cbc7e55,314e9e66-2db5-4eb5-b493-044b66048467,PAYMENT_ISSUE,medium,chat,2026-07-08T00:00:00,2026-07-08T22:00:00,refund_issued,fraud
2a5f30b2-8f6a-4d07-bb1c-54e30714d75d,5a3ee05d197e24b7bafaac3e2cbc7e55,e96efed4-e786-43d6-8a87-dedbf76cdddd,DAMAGED_ITEM,high,app,2026-07-17T00:00:00,2026-07-17T19:00:00,info_provided,fraud
40f27fbe-e33a-4690-ae5b-ac37ebc88c30,5a3ee05d197e24b7bafaac3e2cbc7e55,4fc5f212-1de3-4d7b-8a92-308dd1ba4711,SHIPPING_DELAY,high,app,2026-07-14T00:00:00,2026-07-15T01:00:00,info_provided,fraud
f6dc3f2f-4dbd-433b-be44-82c4738db665,5a3ee05d197e24b7bafaac3e2cbc7e55,86b95f49-1084-4a30-ad8e-336b041ce0fb,REFUND,high,app,2026-07-27T00:00:00,2026-07-28T08:00:00,refund_issued,fraud
c2cc882a-b1bf-428f-8b81-d1dbb8ff9657,5a3ee05d197e24b7bafaac3e2cbc7e55,23bb8c69-e4fb-4b2f-a610-63dca294fdb3,REFUND,low,app,2026-07-22T00:00:00,2026-07-24T15:00:00,refund_issued,fraud
39bd27f5-b217-43b2-9d2c-b02383565c53,5a3ee05d197e24b7bafaac3e2cbc7e55,aff42147-91ed-4429-be05-9f4b34469d61,PAYMENT_ISSUE,medium,chat,2026-06-27T00:00:00,2026-06-28T04:00:00,escalated_to_human,fraud
5c8700f7-3207-41f0-88f0-9df410b1c134,5a3ee05d197e24b7bafaac3e2cbc7e55,c4d0f39e-e32e-4af8-b451-9f12a559be5e,REFUND,medium,chat,2026-07-05T00:00:00,2026-07-07T15:00:00,refund_issued,fraud
ca80992b-044b-42e2-b0b0-84f30a199ea4,5a3ee05d197e24b7bafaac3e2cbc7e55,1b461017-4dba-4829-ac97-7df328126fb3,FRAUD_REVIEW,high,email,2026-07-07T00:00:00,2026-07-09T02:00:00,escalated_to_human,fraud
8d26aa00-bc1e-4e2b-bf19-6e43ad642abc,5a3ee05d197e24b7bafaac3e2cbc7e55,b14ce245-2818-4ba8-b18c-e23392de9765,FRAUD_REVIEW,high,app,2026-07-16T00:00:00,2026-07-18T18:00:00,escalated_to_human,fraud
0e743ffe-500a-42e4-a75d-84186aae8a22,5a3ee05d197e24b7bafaac3e2cbc7e55,3303f982-ad13-4999-ad5e-abdb5ae24a9b,FRAUD_REVIEW,high,email,2026-06-30T00:00:00,2026-06-30T07:00:00,escalated_to_human,fraud
5ca75f31-6a56-47e1-967b-3e64cb1ea194,5a3ee05d197e24b7bafaac3e2cbc7e55,811506ab-5d54-4a0b-be90-92761d48e3a9,SHIPPING_DELAY,low,chat,2026-06-30T00:00:00,2026-07-02T07:00:00,escalated_to_human,fraud
ab8a8e2c-b5b7-4957-b627-7ea4008677f7,5a3ee05d197e24b7bafaac3e2cbc7e55,b99c688c-22b5-4e6d-aba2-93543c6a81ed,FRAUD_REVIEW,high,chat,2026-07-21T00:00:00,2026-07-22T01:00:00,escalated_to_human,fraud
c7f44a92-ad00-4582-91bb-cc06f2448d98,5a3ee05d197e24b7bafaac3e2cbc7e55,0ea6d1b5-a284-4eb0-aa67-1bb6474f190e,SHIPPING_DELAY,high,chat,2026-07-01T00:00:00,2026-07-03T00:00:00,refund_issued,fraud
62ca2e01-d2cd-48c6-8dee-fa678cd157c7,5a3ee05d197e24b7bafaac3e2cbc7e55,dce84fe4-0085-46a7-b46f-03a8b4d0f482,REFUND,low,email,2026-07-23T00:00:00,2026-07-23T22:00:00,info_provided,fraud
eeb9166e-4fa7-4047-a7d9-a21c7dbf3c5a,5a3ee05d197e24b7bafaac3e2cbc7e55,cac8eaae-9e6b-4f1f-9a2c-537dd99098f5,REFUND,medium,chat,2026-07-12T00:00:00,2026-07-13T12:00:00,auto_resolved,fraud
a3940e4e-26d7-4bf2-b5c8-9d26ae92ebe9,5a3ee05d197e24b7bafaac3e2cbc7e55,c3eb5808-e73c-4c59-92ee-ec9e341f2e7f,ORDER_STATUS,high,email,2026-06-30T00:00:00,2026-07-02T02:00:00,info_provided,fraud
1b43c6db-f65f-4964-936b-6465185f66ca,5a3ee05d197e24b7bafaac3e2cbc7e55,0872f38c-4861-4ba8-a1b4-d13bb0fbf00b,REFUND,low,chat,2026-07-19T00:00:00,2026-07-20T11:00:00,info_provided,fraud
9acae83c-2f33-4a5e-a74c-6e3972544071,5a3ee05d197e24b7bafaac3e2cbc7e55,db460fea-fef1-4c89-9d30-5f57d7da30ad,ACCOUNT,low,app,2026-07-10T00:00:00,2026-07-11T08:00:00,auto_resolved,fraud
7eaba986-7398-451c-bcf6-70e1943271ac,5a3ee05d197e24b7bafaac3e2cbc7e55,a674a919-0db0-485a-93f8-f5724cd40f5f,REFUND,low,email,2026-06-23T00:00:00,2026-06-25T07:00:00,info_provided,fraud
c52fc814-c646-42c6-acc4-12fc31a7fc23,5a3ee05d197e24b7bafaac3e2cbc7e55,5d46d012-7171-4fdb-82ff-afc2900d9331,REFUND,medium,app,2026-07-21T00:00:00,2026-07-23T11:00:00,refund_issued,fraud
7b1fa58e-4917-48ae-8faa-ca4807bff3ea,5a3ee05d197e24b7bafaac3e2cbc7e55,2f5f148f-c979-4a93-8c57-2e15ee7be9df,ACCOUNT,low,email,2026-07-17T00:00:00,2026-07-17T09:00:00,info_provided,fraud
f5acb3cd-a803-49a6-a591-0c87abd0087e,5a3ee05d197e24b7bafaac3e2cbc7e55,4f74cffa-73b6-4a0b-bcef-2a83c77b77b7,REFUND,high,app,2026-07-19T00:00:00,2026-07-19T19:00:00,refund_issued,fraud
6076dfd0-8b5f-4d7a-a59f-e58b2a3143ae,5a3ee05d197e24b7bafaac3e2cbc7e55,22da3dab-2607-4a75-bd6c-04507082a10a,REFUND,high,email,2026-06-25T00:00:00,2026-06-26T18:00:00,refund_issued,fraud
0944bb4e-3bb9-46c2-826b-4d4ca6d9c88c,5a3ee05d197e24b7bafaac3e2cbc7e55,e3162c7c-eb5a-4edf-b3af-f1cc116fbded,PAYMENT_ISSUE,low,chat,2026-06-25T00:00:00,2026-06-26T22:00:00,info_provided,fraud
baed3797-14d5-4204-98d9-e15cb431363b,5a3ee05d197e24b7bafaac3e2cbc7e55,a3ec18da-cd41-4dd2-b726-a8eb3d73035d,ACCOUNT,low,app,2026-07-06T00:00:00,2026-07-08T09:00:00,escalated_to_human,fraud
4de2a20e-9b41-4062-af98-4e12de816069,5a3ee05d197e24b7bafaac3e2cbc7e55,6649dde7-cd9b-45d6-9696-060e8f0376b5,PAYMENT_ISSUE,low,chat,2026-06-30T00:00:00,2026-07-01T03:00:00,escalated_to_human,fraud
bb0e5a28-5fa6-4d1a-a6e6-194729699ba9,5a3ee05d197e24b7bafaac3e2cbc7e55,7d6bad14-4f8c-4a76-ab3b-77a58cd8a563,SHIPPING_DELAY,low,app,2026-07-20T00:00:00,2026-07-21T08:00:00,auto_resolved,fraud
6ca055c1-6649-4da6-8225-dd837ebd6973,5a3ee05d197e24b7bafaac3e2cbc7e55,e9d9493d-6a79-483f-90fa-0769638b33e3,FRAUD_REVIEW,high,chat,2026-07-13T00:00:00,2026-07-14T22:00:00,escalated_to_human,fraud
6067729f-b6b6-4da1-8ca9-af39a0b0f396,5a3ee05d197e24b7bafaac3e2cbc7e55,e1026e4d-4144-4d30-b909-9354555c5cda,SHIPPING_DELAY,high,app,2026-07-17T00:00:00,2026-07-18T14:00:00,auto_resolved,fraud
2f394666-35fd-4613-8d37-85937688f339,5a3ee05d197e24b7bafaac3e2cbc7e55,9a74dfe2-4683-4ce0-a76d-85b039bb670d,ACCOUNT,low,email,2026-07-08T00:00:00,2026-07-10T03:00:00,escalated_to_human,fraud
134bbc34-e8e5-42f2-86fc-c4b32bb9cbbc,5a3ee05d197e24b7bafaac3e2cbc7e55,7158f456-67c6-48eb-b55e-0f384861d340,REFUND,medium,chat,2026-07-18T00:00:00,2026-07-19T19:00:00,escalated_to_human,fraud
1079d67d-c4ce-46a8-bce9-2398bcbc7e51,5a3ee05d197e24b7bafaac3e2cbc7e55,c2b1521e-2976-49c9-8d6f-f2d16f473319,FRAUD_REVIEW,high,chat,2026-06-29T00:00:00,2026-07-01T07:00:00,escalated_to_human,fraud
cdbbbd9d-8e90-434f-adb5-ad9a2b2040ae,5a3ee05d197e24b7bafaac3e2cbc7e55,a491f9d5-91f8-4982-bee7-c0cb34798934,CANCELLATION,low,chat,2026-07-05T00:00:00,2026-07-06T12:00:00,auto_resolved,fraud
381ee322-8be0-481e-a08f-d60fac241e6d,5a3ee05d197e24b7bafaac3e2cbc7e55,a888b348-c720-43ff-8689-572fdbfed42d,CANCELLATION,medium,chat,2026-06-29T00:00:00,2026-06-30T04:00:00,auto_resolved,fraud
d9c1776c-a76c-460c-9eb9-f2c3528b9ce2,5a3ee05d197e24b7bafaac3e2cbc7e55,99febc8a-67f9-42ab-9a47-aaaa576fcf7f,SHIPPING_DELAY,low,chat,2026-06-21T00:00:00,2026-06-22T12:00:00,refund_issued,fraud
776b2607-73e3-40e9-ad02-a4b3280a0e24,5a3ee05d197e24b7bafaac3e2cbc7e55,855a3010-fc06-4129-bd94-eed308ed87e8,CANCELLATION,high,email,2026-07-11T00:00:00,2026-07-12T05:00:00,auto_resolved,fraud
2352b714-69e3-4f7a-bf62-5bf6bc49aa2a,5a3ee05d197e24b7bafaac3e2cbc7e55,f96f6962-ff53-42ba-a016-9db3d76f885f,REFUND,medium,chat,2026-07-05T00:00:00,2026-07-06T11:00:00,info_provided,fraud
3ddedbda-8b40-452b-ad84-9c03dcbbccf6,5a3ee05d197e24b7bafaac3e2cbc7e55,18bab140-ae23-4a16-ae1d-a666e0e37351,REFUND,low,chat,2026-07-17T00:00:00,2026-07-19T22:00:00,escalated_to_human,fraud
b9063851-36f2-4d80-8e08-1f4535913bec,5a3ee05d197e24b7bafaac3e2cbc7e55,d0c0cc9d-69c7-45ef-b112-1049c0d16c14,SHIPPING_DELAY,high,chat,2026-07-02T00:00:00,2026-07-03T02:00:00,info_provided,fraud
7a00b792-c73a-40bf-aac3-630bed8fca21,5a3ee05d197e24b7bafaac3e2cbc7e55,fdef0c44-19f9-4e51-983f-bfb7a11ce0eb,ACCOUNT,low,chat,2026-07-13T00:00:00,2026-07-14T19:00:00,refund_issued,fraud
15063b51-c18f-4d84-955c-1477995b0478,5a3ee05d197e24b7bafaac3e2cbc7e55,e0c5892f-4b04-4b50-ba3e-af789f2a6077,FRAUD_REVIEW,high,email,2026-06-26T00:00:00,2026-06-26T13:00:00,escalated_to_human,fraud
8299ec8e-2513-4ed8-8cec-24e8ad218f2e,5a3ee05d197e24b7bafaac3e2cbc7e55,33f34b66-698e-437c-a588-bb57c8c8471a,DAMAGED_ITEM,medium,app,2026-07-27T00:00:00,2026-07-28T23:00:00,info_provided,fraud
25dbb983-1b80-42e8-826b-afb19ff4dd26,5a3ee05d197e24b7bafaac3e2cbc7e55,a5b02f3c-ce4a-4671-880f-f989d2d00895,REFUND,high,app,2026-06-25T00:00:00,2026-06-27T20:00:00,info_provided,fraud
466345f4-3b50-4d0d-8589-669afa5bfe01,5a3ee05d197e24b7bafaac3e2cbc7e55,a4cb66d8-831c-47b4-8f00-26d7dc81a770,SHIPPING_DELAY,high,email,2026-07-05T00:00:00,2026-07-07T23:00:00,info_provided,fraud
9360bac0-debd-46c3-b8e4-c45da6b6e3b8,5a3ee05d197e24b7bafaac3e2cbc7e55,c6ac6b1e-c68e-48f2-b46a-b3d99746cba4,ACCOUNT,low,app,2026-07-11T00:00:00,2026-07-12T20:00:00,info_provided,fraud
3a1a9345-c0b4-406c-8cfc-2590e27eb89c,5a3ee05d197e24b7bafaac3e2cbc7e55,227bebd9-42be-457e-a941-eb6615d65620,CANCELLATION,medium,email,2026-07-25T00:00:00,2026-07-27T01:00:00,escalated_to_human,fraud
5bd3f4a7-4585-48a7-9ad6-471294aba046,5a3ee05d197e24b7bafaac3e2cbc7e55,6b495ef5-966a-463a-bf61-14d573147ad4,PAYMENT_ISSUE,medium,chat,2026-07-02T00:00:00,2026-07-02T16:00:00,refund_issued,fraud
cac2731c-a3d0-4f14-acc3-ec92639473a4,5a3ee05d197e24b7bafaac3e2cbc7e55,a06688bb-b056-42ff-985c-688a64f989a5,REFUND,high,app,2026-07-13T00:00:00,2026-07-13T11:00:00,auto_resolved,fraud
16615381-98da-42c5-bd47-46e3446a2da9,5a3ee05d197e24b7bafaac3e2cbc7e55,9875957c-99df-4277-965d-e0d3f5186b44,ORDER_STATUS,low,chat,2026-07-26T00:00:00,2026-07-26T19:00:00,refund_issued,fraud
10b99a9e-d45b-444b-a1c1-07c34df94e3d,5a3ee05d197e24b7bafaac3e2cbc7e55,e41aab2d-6fc9-4d89-8087-04f31f07b913,CANCELLATION,medium,chat,2026-07-02T00:00:00,2026-07-04T20:00:00,info_provided,fraud
d64fa63a-a74b-4219-9714-1a4cbbe5d492,5a3ee05d197e24b7bafaac3e2cbc7e55,b87b0315-00d3-46e7-a175-974a176ea416,SHIPPING_DELAY,medium,chat,2026-07-14T00:00:00,2026-07-16T06:00:00,auto_resolved,fraud
ddc35def-7514-4d78-9dbd-909a09edce61,5a3ee05d197e24b7bafaac3e2cbc7e55,e971e3f0-2b41-4f54-a18b-dbf840c66fd6,ACCOUNT,high,chat,2026-07-04T00:00:00,2026-07-06T14:00:00,auto_resolved,fraud
e84de389-074b-47c7-97e1-a49e331e567d,5a3ee05d197e24b7bafaac3e2cbc7e55,4827c5a8-9d8f-4255-a722-9e768916e293,ORDER_STATUS,low,email,2026-07-04T00:00:00,2026-07-04T08:00:00,refund_issued,fraud
944f1fb2-2a36-4861-85fd-657b87bee497,5a3ee05d197e24b7bafaac3e2cbc7e55,42961082-08da-4f01-8c87-95b15e5d1960,SHIPPING_DELAY,medium,app,2026-07-24T00:00:00,2026-07-25T11:00:00,auto_resolved,fraud
865e2044-e37f-4fe6-a75c-83c19baff4db,5a3ee05d197e24b7bafaac3e2cbc7e55,433be93e-582f-46fa-b28e-05853099ccb6,ORDER_STATUS,medium,chat,2026-07-29T00:00:00,2026-07-31T14:00:00,refund_issued,fraud
ddfd8ebf-5307-4511-a514-2b3f5d51d387,5a3ee05d197e24b7bafaac3e2cbc7e55,faa1b1d0-8320-4459-81b8-c6873e73a802,FRAUD_REVIEW,high,chat,2026-07-08T00:00:00,2026-07-08T08:00:00,escalated_to_human,fraud
b23cd713-5825-4af6-b80f-5d7b92992a5b,5a3ee05d197e24b7bafaac3e2cbc7e55,6904fca7-bdc5-403c-a098-ed67a2f0b6e3,SHIPPING_DELAY,low,email,2026-06-27T00:00:00,2026-06-27T22:00:00,info_provided,fraud
304feb6e-ea3f-46f9-a9b1-71caa6c87d57,5a3ee05d197e24b7bafaac3e2cbc7e55,475f7399-f5b8-4fc5-a85a-eb993135adb4,REFUND,low,chat,2026-06-29T00:00:00,2026-06-30T23:00:00,escalated_to_human,fraud
eabc3682-93c7-4a3f-958c-3a78930fe92a,5a3ee05d197e24b7bafaac3e2cbc7e55,09b5801b-06b7-49df-9655-90471ab365fa,PAYMENT_ISSUE,high,email,2026-07-07T00:00:00,2026-07-07T13:00:00,auto_resolved,fraud
859fc2b7-1867-4a7f-ad80-37d5ed75a901,5a3ee05d197e24b7bafaac3e2cbc7e55,df2ddd38-6e63-4752-a567-8e231dcd4a20,PAYMENT_ISSUE,low,chat,2026-06-19T00:00:00,2026-06-21T12:00:00,refund_issued,fraud
fa4ccd7a-5741-4455-b2dd-c3124b3a14a4,5a3ee05d197e24b7bafaac3e2cbc7e55,c77eace7-50b6-47ca-9df7-9805fdd130f1,SHIPPING_DELAY,medium,chat,2026-07-27T00:00:00,2026-07-29T23:00:00,info_provided,fraud
6929de9a-7545-4312-bbcd-fceaec398639,5a3ee05d197e24b7bafaac3e2cbc7e55,a16553f5-f3ff-43a6-9352-3097a33b3045,REFUND,medium,chat,2026-07-14T00:00:00,2026-07-16T17:00:00,escalated_to_human,fraud
b3970641-2f90-4a1b-9838-545d188b66e4,208f290481193105f0bdc2d8f543904e,3389c92a-7d99-4037-9c7f-467521589f7f,ACCOUNT,high,app,2026-07-05T00:00:00,2026-07-07T19:00:00,refund_issued,fraud
d6a518a8-be15-4e71-a1d4-ff96ea0cee73,208f290481193105f0bdc2d8f543904e,26949301-8552-4671-9753-a0ce62ee8dce,REFUND,low,app,2026-07-23T00:00:00,2026-07-25T11:00:00,info_provided,fraud
64db83a0-06f3-4c7f-ac1d-a8b5ee7da9b5,208f290481193105f0bdc2d8f543904e,f6399baf-352b-4800-a286-00955ba1880e,REFUND,high,email,2026-06-19T00:00:00,2026-06-19T04:00:00,auto_resolved,fraud
23b42c77-1089-431d-8bf3-c696af853bbf,208f290481193105f0bdc2d8f543904e,f5594993-e566-4890-90f8-02fddd19306b,ACCOUNT,low,chat,2026-07-07T00:00:00,2026-07-08T04:00:00,info_provided,fraud
5e9e6d18-78a2-4f43-a895-fa41c4c1efc1,208f290481193105f0bdc2d8f543904e,e35bf490-2446-4438-8805-8a09a91f9cbd,FRAUD_REVIEW,high,app,2026-06-25T00:00:00,2026-06-25T14:00:00,escalated_to_human,fraud
c0345cdb-d123-4190-add0-d51c02e0b9ba,208f290481193105f0bdc2d8f543904e,043f8cf0-614f-4cab-a0f2-2120d369bd9f,REFUND,high,chat,2026-07-14T00:00:00,2026-07-16T13:00:00,escalated_to_human,fraud
81bb81a1-30b7-4880-b251-7e03f954ef79,208f290481193105f0bdc2d8f543904e,b3e4938d-f9d5-400c-92f2-c800efe68942,ACCOUNT,high,email,2026-07-13T00:00:00,2026-07-13T08:00:00,refund_issued,fraud
771163f9-c64e-4e5b-b661-52bd7d398d4a,208f290481193105f0bdc2d8f543904e,bb077310-fcd6-43ff-92cd-dd5dd410a369,FRAUD_REVIEW,high,chat,2026-07-21T00:00:00,2026-07-23T17:00:00,escalated_to_human,fraud
b0e39788-c7b9-48af-ae9f-a4e77f80a66b,208f290481193105f0bdc2d8f543904e,9668ab20-6cea-44a5-9604-38e4be7654db,FRAUD_REVIEW,high,chat,2026-07-02T00:00:00,2026-07-02T20:00:00,escalated_to_human,fraud
78ac1fec-8d7d-4dcc-b88b-e59f650d9ff1,208f290481193105f0bdc2d8f543904e,843fab5a-7680-40a1-bbc7-df0990ee049e,ORDER_STATUS,medium,chat,2026-06-28T00:00:00,2026-06-29T18:00:00,escalated_to_human,fraud
e49854ab-44fb-4828-8b18-5f05e5fac43e,208f290481193105f0bdc2d8f543904e,6321cd81-b8e6-422a-ab55-bfeb227f71f2,ORDER_STATUS,high,chat,2026-06-22T00:00:00,2026-06-23T14:00:00,refund_issued,fraud
13745f1d-110d-4bae-9711-e3607c4a61cc,208f290481193105f0bdc2d8f543904e,71da7d75-9acb-439d-ba28-ced46db7bd4b,FRAUD_REVIEW,high,chat,2026-07-21T00:00:00,2026-07-21T02:00:00,escalated_to_human,fraud
a9f66831-8cf2-41b6-b10e-07258a4125a7,4be1583defacacfea129170626a62569,d9b06a12-ad9a-4e1f-93e9-2e9a56ccee09,DAMAGED_ITEM,medium,chat,2026-07-06T00:00:00,2026-07-06T02:00:00,escalated_to_human,existing
5e3bc9e2-4900-43fc-8b01-a57120dc5729,4be1583defacacfea129170626a62569,dd2bc154-59a4-4e38-838e-30a06eb3cdfb,CANCELLATION,low,chat,2026-07-10T00:00:00,2026-07-12T10:00:00,escalated_to_human,existing
7b66e2c2-c5b1-4b0b-919e-99554525d98c,07df139093b720d6512c49da2980e3ee,55a3bb2f-959e-4647-a403-8ce9e0c79844,REFUND,medium,email,2026-06-28T00:00:00,2026-06-29T10:00:00,refund_issued,existing
717a5ee1-07a5-4c87-a32d-c64e4d465de5,b4a9706266706041c10bac3e7ec4316a,c42326cd-b4ae-4f1f-b40f-5337c222bc6f,SHIPPING_DELAY,low,chat,2026-06-16T00:00:00,2026-06-18T15:00:00,info_provided,existing
884ca985-d819-4af1-a77a-1f56aa2ce754,e97109680b052ee858d93a539597bba7,33bb009f-b561-4d10-995e-07cce97a90a4,PAYMENT_ISSUE,low,app,2025-10-17T00:00:00,2025-10-17T06:00:00,auto_resolved,existing
28fcb737-be8c-4974-8912-dd9f2132713b,ce5c267bd53f4e6683c66f7cb5c5c067,9e00877d-78eb-4be1-9c2e-14a51cf4c6e3,PAYMENT_ISSUE,high,app,2026-07-21T00:00:00,2026-07-22T14:00:00,auto_resolved,existing
bfdc8b64-3ae2-4b02-ad77-08973ebc3ac6,e1881c7d99c20ca24a49cf18f115db40,4ef60822-c7ff-4576-adad-95afb3d72e46,ORDER_STATUS,high,email,2026-06-06T00:00:00,2026-06-07T10:00:00,refund_issued,existing
65d9c8d6-6042-4bf3-8ad8-c0197e1d0e88,4bbaf6f7a10a7e26a8777aa5cb6d5864,a025f42d-8478-45aa-a9ea-f48810f4187f,REFUND,high,email,2026-07-23T00:00:00,2026-07-23T06:00:00,refund_issued,fraud
8e0dd2d2-4e40-4aa4-a271-9c8dffbd6844,4bbaf6f7a10a7e26a8777aa5cb6d5864,15b05ca6-5fbe-45ad-8d7b-5de215806b82,SHIPPING_DELAY,medium,app,2026-07-09T00:00:00,2026-07-10T10:00:00,auto_resolved,fraud
84bbc1e1-a79a-43b1-b6b8-97194cf6e0ba,4bbaf6f7a10a7e26a8777aa5cb6d5864,959462ac-b82f-4a01-b8b2-4f6eb49ea184,REFUND,low,email,2026-06-25T00:00:00,2026-06-27T17:00:00,escalated_to_human,fraud
47264262-6643-4c18-9ca1-29f0d34ac62c,4bbaf6f7a10a7e26a8777aa5cb6d5864,736fdae7-f9f7-4bc3-955f-b8ed636df4cd,SHIPPING_DELAY,high,email,2026-07-12T00:00:00,2026-07-13T12:00:00,escalated_to_human,fraud
722b77e6-1a4e-4fba-b36a-097e4f726231,0ff6bebd4c4327455d347885e2697876,53a5ec2e-b66a-40c3-a5c2-dcffd7451c88,SHIPPING_DELAY,low,app,2026-07-13T00:00:00,2026-07-15T20:00:00,auto_resolved,existing
d105eb64-6a88-44a9-a257-3d7b01c3c84d,ad2cbd768be693c2a51c4d9fc3209400,d4e39adb-b654-4f30-8354-98b981e1a61a,ORDER_STATUS,low,app,2025-02-26T00:00:00,2025-02-28T18:00:00,auto_resolved,existing
9414096e-3e6a-44ff-bc06-f70196ecb153,7d3c23d715240f2f77f201483d3cb276,6b5c6f1e-74df-4740-ba22-1d6b3edffacc,ACCOUNT,low,app,2026-06-27T00:00:00,2026-06-27T15:00:00,auto_resolved,new
2d28d7a0-4d38-49b9-b92d-a5b201ceb7a1,a806f4bac8089496de66aa3f1d640155,4f774097-f911-440f-b2bb-0def6b75f221,PAYMENT_ISSUE,high,chat,2026-05-29T00:00:00,2026-05-31T05:00:00,refund_issued,existing
a1dcc88b-d9f8-4a12-8e07-a04978185e2d,a806f4bac8089496de66aa3f1d640155,fe303caf-8707-4844-b4c2-5e8d534cedf9,ACCOUNT,low,app,2026-05-25T00:00:00,2026-05-26T17:00:00,refund_issued,existing
218bf6e3-a50b-41b1-8c87-c4128779a9a9,54c7b4f48fb9e911bf328bf9884ca61d,dd1e2084-8158-4b72-b652-96b5701b197a,PAYMENT_ISSUE,medium,email,2026-07-03T00:00:00,2026-07-04T16:00:00,refund_issued,existing
0f2c63a5-1da8-48d9-b8af-ba22509ffc1b,55584b2bdf6ec728549eced086ec8694,4d1cd0ee-aad0-45b8-a8e3-b9dc3fc39f42,ACCOUNT,medium,chat,2026-06-25T00:00:00,2026-06-27T13:00:00,refund_issued,existing
d858c535-c929-4605-9a55-229c52cb0586,60aee6970bd57744ad0435997b0a91ae,6a477657-0e6c-42f9-97dc-2f5ad8503720,DAMAGED_ITEM,low,app,2026-07-06T00:00:00,2026-07-06T01:00:00,refund_issued,existing
31fd423f-5892-421e-add9-67fb2adf929b,07342638d0e0aad32c3cf0efc1a37ba5,e89c1e3a-c5b0-4424-9d94-76cdef7ea3e0,CANCELLATION,low,email,2026-07-13T00:00:00,2026-07-13T06:00:00,info_provided,new
51968ebd-04cd-4fbc-9c14-413281fbb20c,8d11f32a56d967b7e09d3a5ed6cf9991,7862db0b-c861-446a-b021-50bd52315386,ORDER_STATUS,medium,app,2026-06-25T00:00:00,2026-06-25T17:00:00,auto_resolved,existing
c9b86b15-f4e2-43bb-aac5-e081358c2bdb,bf031ca9921548300245c13a81fdd17d,c1b88cad-88ba-453d-a9ff-d6f159c83501,ORDER_STATUS,high,email,2026-07-19T00:00:00,2026-07-20T23:00:00,info_provided,new
d13e86f3-b8d1-41e3-adc6-aa9a5203d89b,c85df1c6ef6f7bb605e1c49d34f172ee,761c946a-354e-4ff4-a940-456d1606bdb2,SHIPPING_DELAY,high,app,2026-07-25T00:00:00,2026-07-27T12:00:00,info_provided,fraud
b58e213f-57c8-42d8-816f-622d443280ec,c85df1c6ef6f7bb605e1c49d34f172ee,e81dd797-6060-42cf-8860-a22fd76b8055,REFUND,low,chat,2026-07-12T00:00:00,2026-07-14T02:00:00,escalated_to_human,fraud
a3362f1d-dab4-47e9-b527-5e97bae3750e,c85df1c6ef6f7bb605e1c49d34f172ee,54e923a6-cfe8-4994-9011-0d407082dbea,DAMAGED_ITEM,medium,email,2026-07-17T00:00:00,2026-07-18T09:00:00,escalated_to_human,fraud
c30b1e26-3064-4b5f-bda1-09734b141599,c85df1c6ef6f7bb605e1c49d34f172ee,3ecab1fe-29d1-4b28-8dc8-0a1cde97d7f5,CANCELLATION,low,chat,2026-07-13T00:00:00,2026-07-14T10:00:00,refund_issued,fraud
c64fba11-2e42-4daa-b23d-e0b74aec68c4,c85df1c6ef6f7bb605e1c49d34f172ee,f48d9f8e-277d-41f7-8abf-58a805f8cfd3,REFUND,high,email,2026-07-06T00:00:00,2026-07-07T16:00:00,refund_issued,fraud
cb296709-ba90-41cb-84cd-1ba9a29a1a9a,1717cd357c7bbb3158e701005cf8e50b,169f431d-6ac8-4d80-a047-d30b6492e106,CANCELLATION,high,email,2026-07-25T00:00:00,2026-07-26T19:00:00,escalated_to_human,new
3aa8a64b-be41-4e8a-8bb3-5458027f6511,1717cd357c7bbb3158e701005cf8e50b,38449291-8d85-4b42-852d-f8dc0e43e9f6,DAMAGED_ITEM,low,app,2026-07-13T00:00:00,2026-07-14T21:00:00,info_provided,new
d12c0b02-bfd5-4020-b152-53bb4703a955,145ecf95ce49b37e4590a8b5e635b586,f70f80bb-7902-4894-b1f8-8f74bd4c9f7d,PAYMENT_ISSUE,medium,app,2026-05-31T00:00:00,2026-06-03T00:00:00,info_provided,churn_risk
46278c02-483b-47f5-8519-935d8b749a74,57b1f68c8d93b167ff6606951edccfeb,da471793-9ba0-49f4-a0a8-bcca6b18db96,REFUND,low,app,2026-06-16T00:00:00,2026-06-17T17:00:00,escalated_to_human,new
1ef4210e-c384-4972-bbca-2e2d14032f10,079ad4f138ec38e726e7d9ac51ae1410,889c3ce2-c193-4a7a-92b4-d9f8d7920467,PAYMENT_ISSUE,low,chat,2026-06-27T00:00:00,2026-06-27T04:00:00,escalated_to_human,churn_risk
6407423d-e541-4238-99cb-e92b8e3df7d1,f7c7677be77763b1b2cf982a5e67fa61,e1392903-79b2-4997-833b-6a16aafb70be,SHIPPING_DELAY,medium,chat,2026-07-28T00:00:00,2026-07-28T21:00:00,refund_issued,fraud
8e603ff3-a0c5-4c6d-80ed-db314476cde7,f7c7677be77763b1b2cf982a5e67fa61,c3f3ac10-9e5c-4191-98aa-1fa74f4ab5ff,REFUND,high,email,2026-07-16T00:00:00,2026-07-17T10:00:00,refund_issued,fraud
08c90eeb-c0ea-4c48-b363-e42efbce6463,f7c7677be77763b1b2cf982a5e67fa61,6ab64862-58bc-4a2e-a1ba-a0f39c4d2560,REFUND,medium,email,2026-07-08T00:00:00,2026-07-10T07:00:00,info_provided,fraud
15b3e553-7c00-41cc-9004-d3e84ac62117,f7c7677be77763b1b2cf982a5e67fa61,2af5e982-4ea9-419f-b5aa-171be0e898ec,DAMAGED_ITEM,medium,chat,2026-07-06T00:00:00,2026-07-08T12:00:00,info_provided,fraud
f934d9b2-091e-4d27-8788-f0071bb6df09,f7c7677be77763b1b2cf982a5e67fa61,684010d8-9380-45e6-9af2-3ea3870d0075,FRAUD_REVIEW,high,app,2026-06-27T00:00:00,2026-06-27T20:00:00,escalated_to_human,fraud
f34b09ff-7aed-4ec7-9546-14243ae72636,f7c7677be77763b1b2cf982a5e67fa61,651cc23d-4148-46fc-92e8-f2204e8e1b2d,CANCELLATION,high,chat,2026-07-28T00:00:00,2026-07-28T17:00:00,refund_issued,fraud
36a193f0-2891-4d73-a667-53f528fe6b2f,f7c7677be77763b1b2cf982a5e67fa61,7ce17287-30a0-4881-829f-5721a5a26717,REFUND,high,app,2026-06-30T00:00:00,2026-07-02T10:00:00,refund_issued,fraud
ba3e0335-50f7-4297-a9e0-a7b757bc0206,f7c7677be77763b1b2cf982a5e67fa61,82fd3743-c3f3-4c39-8c4b-4c454ab6626d,REFUND,low,app,2026-07-01T00:00:00,2026-07-01T04:00:00,auto_resolved,fraud
af4e0e8e-64f5-426d-a77c-30631f339682,f7c7677be77763b1b2cf982a5e67fa61,595cd6b3-3d71-4d0b-a3a4-502fbf68898c,ORDER_STATUS,high,app,2026-07-13T00:00:00,2026-07-13T03:00:00,auto_resolved,fraud
c0043d5c-e85a-4e6e-9bcd-ff2d38b75438,f7c7677be77763b1b2cf982a5e67fa61,eac3bcd1-47e4-4000-98df-2f0fd0e71078,PAYMENT_ISSUE,high,app,2026-07-15T00:00:00,2026-07-16T10:00:00,refund_issued,fraud
5a649eca-2683-45fa-b60f-7739abf82c65,f7c7677be77763b1b2cf982a5e67fa61,a1cdbc2d-5c3a-4a88-90af-d3dcec8213b9,ORDER_STATUS,medium,email,2026-06-25T00:00:00,2026-06-27T07:00:00,refund_issued,fraud
59069034-763c-4db5-b48e-585d3bda4d0c,f7c7677be77763b1b2cf982a5e67fa61,f3476580-d8bb-4c34-867c-9164fd6c5fc8,SHIPPING_DELAY,low,chat,2026-07-30T00:00:00,2026-07-31T03:00:00,escalated_to_human,fraud
4e7edbac-629e-45e5-bb36-3f4b42410b0a,f7c7677be77763b1b2cf982a5e67fa61,98f6599f-7d6a-4059-aced-67004813fe5e,ORDER_STATUS,low,email,2026-07-30T00:00:00,2026-07-30T06:00:00,escalated_to_human,fraud
c63f75ff-2615-4db8-9221-31b352fcfaeb,f7c7677be77763b1b2cf982a5e67fa61,42d6fa96-bb42-461d-a96d-956377dcb509,SHIPPING_DELAY,low,chat,2026-07-18T00:00:00,2026-07-20T13:00:00,info_provided,fraud
9a1a632d-7cf7-407d-84aa-d70aa4bd0a0a,f7c7677be77763b1b2cf982a5e67fa61,216e917f-2ae7-4c06-87ca-a56ff2fb1e9f,DAMAGED_ITEM,low,chat,2026-07-25T00:00:00,2026-07-26T17:00:00,refund_issued,fraud
2535b50e-2626-4e42-9b58-40cd05c07b09,f7c7677be77763b1b2cf982a5e67fa61,9e8d3791-5bf7-48a1-882b-9009ced77c05,ORDER_STATUS,medium,app,2026-07-17T00:00:00,2026-07-17T05:00:00,auto_resolved,fraud
0d5c73a2-9c7f-493e-9e5c-ec1328ad9877,3159faae98c743546432be5a500179a1,e0f41f21-0b3c-412b-a4c6-36d95a3d4c8b,ACCOUNT,high,email,2026-07-15T00:00:00,2026-07-17T11:00:00,refund_issued,existing
07e0d59f-6c41-4c97-8e0f-ff4d67178071,2fc9fb9b48197a04c6d31ae67029e233,11c23969-0c1c-4fff-85ef-af400352e377,REFUND,medium,email,2026-07-26T00:00:00,2026-07-28T01:00:00,auto_resolved,new
f1c76c0f-910a-493c-b745-2e25125b38d1,4fcc54152e34b2fb77f850f57582a2f1,74e04d06-7cb8-4570-a736-964d01639a21,REFUND,high,email,2026-07-24T00:00:00,2026-07-25T19:00:00,auto_resolved,new
28c8c8c9-fd18-45b2-a4cc-6b3ef90ce22a,699003f10173022740145aa4aaeaccd5,5882662a-c1b5-4dea-968e-32620cec7c35,REFUND,low,chat,2026-07-05T00:00:00,2026-07-05T10:00:00,info_provided,new
8e522519-83fd-4f89-b92e-9e5117ed1e99,ceb8b329e744b3e8982e6f9d51269ed3,8ddd8b7f-92eb-4239-a08c-23a384cf68c3,FRAUD_REVIEW,high,chat,2026-07-24T00:00:00,2026-07-25T11:00:00,escalated_to_human,fraud
509d1e2b-336a-4469-bf24-d49cc2bec2f1,ceb8b329e744b3e8982e6f9d51269ed3,efc383bd-9824-43c1-8834-38eb2a45050c,REFUND,low,email,2026-07-26T00:00:00,2026-07-27T14:00:00,escalated_to_human,fraud
9eab89c8-e0a3-4f3b-a6f8-49a530237db1,ceb8b329e744b3e8982e6f9d51269ed3,2ab657d0-a672-4c77-b7b6-9b794ff76455,PAYMENT_ISSUE,high,chat,2026-07-19T00:00:00,2026-07-21T21:00:00,auto_resolved,fraud
82eae30c-c1cf-45be-b17d-0b489a50bf91,ceb8b329e744b3e8982e6f9d51269ed3,cb1d4824-9337-4db0-bb66-179ccfe2ee24,PAYMENT_ISSUE,low,email,2026-07-31T00:00:00,2026-08-01T23:00:00,escalated_to_human,fraud
71c0e7a9-5ae5-4283-bd02-17561e07f247,ceb8b329e744b3e8982e6f9d51269ed3,14e38424-3cf0-4437-a949-aa65cf29915e,DAMAGED_ITEM,medium,chat,2026-07-10T00:00:00,2026-07-11T12:00:00,escalated_to_human,fraud
ca753bea-adb5-45b6-b041-5dd5cd14d918,ceb8b329e744b3e8982e6f9d51269ed3,50dd969e-6c37-42b6-9f39-549c6a308685,SHIPPING_DELAY,high,chat,2026-06-27T00:00:00,2026-06-28T04:00:00,escalated_to_human,fraud
21a2bca7-b1e6-4704-a581-5a0ce138733e,ceb8b329e744b3e8982e6f9d51269ed3,444c26db-ecf0-45d1-8c54-34819d781784,REFUND,low,email,2026-07-20T00:00:00,2026-07-20T02:00:00,auto_resolved,fraud
2af9fd04-548d-4afe-b741-920039758056,ceb8b329e744b3e8982e6f9d51269ed3,e8e9b10b-1488-44bc-9196-098d392f491f,ACCOUNT,high,app,2026-07-09T00:00:00,2026-07-11T07:00:00,escalated_to_human,fraud
2a29d235-2a6e-40a0-aaff-54020e719e68,2e5b5e44efa832c60072aeb33027cd65,b878ce7a-69cf-4719-a8ac-eb1db8597c73,ACCOUNT,high,app,2026-07-19T00:00:00,2026-07-19T03:00:00,info_provided,fraud
13be39e1-6e3c-4e85-9514-67fce6ab8ce4,2e5b5e44efa832c60072aeb33027cd65,d3057830-1dbc-4564-be5f-c27cf71026d3,FRAUD_REVIEW,high,app,2026-07-21T00:00:00,2026-07-22T12:00:00,escalated_to_human,fraud
be635d98-1599-436a-8bac-6a10a4d56df7,2e5b5e44efa832c60072aeb33027cd65,2fbdfabd-77e6-4ab3-b812-d0baeab10704,DAMAGED_ITEM,medium,email,2026-07-07T00:00:00,2026-07-09T08:00:00,escalated_to_human,fraud
226185e3-06e3-4109-8e70-8c68de5dfa4f,2e5b5e44efa832c60072aeb33027cd65,1be9d9ce-0034-45ec-aa9c-ff9620da38c4,REFUND,medium,email,2026-07-24T00:00:00,2026-07-26T19:00:00,auto_resolved,fraud
f6e2cc4a-d956-4aea-8408-4669179fbf30,f52a8a57228f8fc586dc65983d39904b,8ccdf321-cd5a-4c9f-99ad-a6379dd130e4,SHIPPING_DELAY,high,email,2026-06-19T00:00:00,2026-06-19T21:00:00,auto_resolved,fraud
5b25ba2e-8474-48cf-bd0d-75b7440bb5de,f52a8a57228f8fc586dc65983d39904b,e4859ad8-6b23-405f-bcbf-e488d329d069,FRAUD_REVIEW,high,email,2026-06-20T00:00:00,2026-06-21T05:00:00,escalated_to_human,fraud
5cec61e4-617f-4941-9a58-fa859d0e7b08,f52a8a57228f8fc586dc65983d39904b,681f116e-a579-40c4-8093-7f6b1ef841c1,PAYMENT_ISSUE,low,email,2026-05-31T00:00:00,2026-06-01T06:00:00,auto_resolved,fraud
6cb3ae14-26c7-422e-a3fa-056e00092da0,f52a8a57228f8fc586dc65983d39904b,28299806-8c2f-45bc-a1f9-e6db7d4ce7cd,REFUND,medium,app,2026-06-05T00:00:00,2026-06-05T21:00:00,auto_resolved,fraud
2825a809-ac64-42e2-b817-622cc4813e2c,f52a8a57228f8fc586dc65983d39904b,61bc35cc-80f9-4f3f-b96b-bd27876cb432,CANCELLATION,low,chat,2026-06-14T00:00:00,2026-06-15T05:00:00,refund_issued,fraud
9949b5d4-0222-4c3f-87d1-c5da8f0fcea7,f52a8a57228f8fc586dc65983d39904b,59e7f464-b707-436d-9b06-5d85f1a53a97,ACCOUNT,medium,chat,2026-05-28T00:00:00,2026-05-28T03:00:00,escalated_to_human,fraud
c460e7dd-35eb-45f3-82f8-b901adf3ffe2,7bf5c9596fc39d41078cb46a86b23831,6cc8469c-de47-491a-b404-388d846c4bd3,REFUND,high,app,2026-03-21T00:00:00,2026-03-23T10:00:00,refund_issued,existing
4c7bab19-6bea-446d-aaa8-53eeae30a67c,690f1daf39d150896d05b876490b6fc5,da08212b-7fe3-4203-ad5d-3f47b3c8b502,PAYMENT_ISSUE,medium,email,2026-05-15T00:00:00,2026-05-15T11:00:00,refund_issued,existing
9eac8a93-e71d-4478-b30a-d6dc44e53fa4,1004c2882ad356c7e8532c14f1b08e63,8727443e-e2e2-4a51-8e0a-119b63fc6014,ACCOUNT,high,chat,2026-08-01T00:00:00,2026-08-03T19:00:00,auto_resolved,new
4f320cbb-cc54-4a77-a771-eaa9d1017150,1004c2882ad356c7e8532c14f1b08e63,fc9443c1-c2f1-498c-b523-40a17ac83210,DAMAGED_ITEM,medium,email,2026-07-08T00:00:00,2026-07-08T22:00:00,refund_issued,new
d520227a-9c1c-4e7e-a37d-3d23f8e9b630,3104479007b9d538df0c9c2afe2caa1b,47f887dc-92cf-444b-bb94-82142bd68458,PAYMENT_ISSUE,high,chat,2026-02-15T00:00:00,2026-02-17T04:00:00,auto_resolved,existing
ac221fa8-ba37-4099-8fbe-fb8cb044c061,3fd7c033b9809fe0d4536b4ea3b1e0dd,d5821c88-a0d3-4cd6-88dd-afd23d24dcdb,REFUND,low,app,2026-07-29T00:00:00,2026-07-29T22:00:00,escalated_to_human,fraud
87ab17ba-79c0-44a7-8005-17417011cff7,3fd7c033b9809fe0d4536b4ea3b1e0dd,a7299a61-035b-44ca-b9ec-85ecf5342bd4,SHIPPING_DELAY,high,chat,2026-07-03T00:00:00,2026-07-04T06:00:00,auto_resolved,fraud
2061f787-220b-4088-a6f9-f10d3579f039,3fd7c033b9809fe0d4536b4ea3b1e0dd,833b4a66-0c49-462c-ba24-d224cf729279,ACCOUNT,low,app,2026-07-18T00:00:00,2026-07-19T13:00:00,refund_issued,fraud
d0f3b4ef-dc80-47a8-981c-1ebad30a5c63,cee8e1f2b6da0d4a835a0341f3d109f6,caf3d9f5-b601-47f6-ac5e-b5dd669eb00d,SHIPPING_DELAY,high,chat,2026-04-27T00:00:00,2026-04-28T14:00:00,refund_issued,existing
027f0c4c-86c0-454f-befc-ef533a353292,a10fe3c477989c968aa284bd448b1d5b,229a776e-2cb3-445f-adcf-61cf8bfaccb9,SHIPPING_DELAY,high,email,2026-06-27T00:00:00,2026-06-29T00:00:00,info_provided,existing
22fe93e2-b8f7-4aed-8cf7-73d5122caf1f,b89e8adcd81b4e77d1d67eed240eb456,2f564538-48b6-4d4d-ae5d-c6dcd9b678f2,DAMAGED_ITEM,medium,email,2026-07-02T00:00:00,2026-07-03T03:00:00,escalated_to_human,existing
09d8879a-a061-43b5-a0b2-6d66a8648c5e,cb2b7396e93f306c9076b63930b1a332,126a1a23-6045-4a77-9c46-8210f6df1c12,REFUND,high,email,2026-07-15T00:00:00,2026-07-17T12:00:00,auto_resolved,new
3b481e1f-a2bd-4dea-903a-4b9b65e1dc30,27f610da50d98eb94f1f0745606bc9f1,edcf293a-b1d3-4a3c-bfc2-b2f943e77201,ACCOUNT,high,email,2026-07-23T00:00:00,2026-07-25T08:00:00,auto_resolved,existing
f7ae32ca-bda2-449a-b85b-52fcdff8a424,f1d32fc4daad97978a28051b160ca25e,a26e8ecd-d343-47fe-9d32-c96a6bad6817,FRAUD_REVIEW,high,email,2026-07-20T00:00:00,2026-07-20T15:00:00,escalated_to_human,fraud
c14d1673-d94c-4720-b6aa-6670c82e5696,f1d32fc4daad97978a28051b160ca25e,04da6be7-dab2-4432-8e65-c065dc68ecbd,REFUND,low,email,2026-07-12T00:00:00,2026-07-13T02:00:00,escalated_to_human,fraud
7307dda4-c5a8-43e9-abce-a15bdb90cc00,f1d32fc4daad97978a28051b160ca25e,69d5a305-7148-43a5-98b4-a2de596b7744,ORDER_STATUS,medium,chat,2026-07-16T00:00:00,2026-07-16T03:00:00,refund_issued,fraud
1009f2fb-e54d-4840-ac52-f384cf342ce6,6a4a6b6ca4705fbb205db9348233410c,0a758532-2dec-4c72-bc47-537f6b3c3ec1,ACCOUNT,high,email,2026-06-25T00:00:00,2026-06-27T18:00:00,auto_resolved,existing
25d9e823-544f-4080-aa9b-691ea5c851a6,167df41b0f249b15af37f592fb5c8c15,db5a8a28-0509-4675-b800-f45e2942eb0e,REFUND,low,chat,2026-06-23T00:00:00,2026-06-26T00:00:00,escalated_to_human,new
cf263b5b-bc63-42c2-b367-f63a73c9eebe,cecd5e9d39fddb69384c1c31bdfac666,f298d78b-fb6d-4a7a-9fd0-c4024a6190eb,REFUND,medium,email,2026-07-02T00:00:00,2026-07-02T02:00:00,refund_issued,fraud
ad656c95-5e8f-4b90-95ea-4cba51014671,cecd5e9d39fddb69384c1c31bdfac666,12c83a1c-a811-4c25-87ae-5544459aca4d,SHIPPING_DELAY,medium,app,2026-07-21T00:00:00,2026-07-22T12:00:00,auto_resolved,fraud
a4265955-0269-4fc4-b72f-425ebcf0c90a,cecd5e9d39fddb69384c1c31bdfac666,6612df5a-b6e2-42c4-879d-901234d64ad3,REFUND,high,email,2026-07-17T00:00:00,2026-07-18T07:00:00,auto_resolved,fraud
41e52667-2ee1-43f5-bcbd-9ce98cf2f2dd,c107527184a9e9f426fc5a3e89cfb7e1,e097c1a3-d66c-4475-98c1-85b6d6431ed5,SHIPPING_DELAY,low,email,2026-07-01T00:00:00,2026-07-03T08:00:00,info_provided,existing
4e92b1df-b91a-4af3-a154-2cb254a6aa25,f23ceb8f983987bd6b0f3bde040fdade,905abeeb-6acd-4068-8b22-a8ca4233ec2b,PAYMENT_ISSUE,high,chat,2026-06-26T00:00:00,2026-06-27T14:00:00,escalated_to_human,fraud
4def9944-cdd6-4a7d-ad66-60ddd5de76d5,f23ceb8f983987bd6b0f3bde040fdade,a1142017-fbff-4d74-9a22-cdcfd2a3ad36,SHIPPING_DELAY,medium,app,2026-07-15T00:00:00,2026-07-17T00:00:00,refund_issued,fraud
7fd83678-0b1f-48c7-8be4-6a80d326c847,f23ceb8f983987bd6b0f3bde040fdade,575d4779-ee69-4ea0-97dd-78856938f08d,PAYMENT_ISSUE,high,chat,2026-07-09T00:00:00,2026-07-10T23:00:00,auto_resolved,fraud
8cc2e257-0a63-4e47-852d-948b2306586d,c1a83a518dec21a938b5ca2a66e47ef0,d5efcd47-d63b-46e5-bf52-8a954ba5f1ca,DAMAGED_ITEM,low,app,2026-07-22T00:00:00,2026-07-23T01:00:00,escalated_to_human,fraud
b5a326fe-acd1-431a-bd4e-ca19b72c949a,c1a83a518dec21a938b5ca2a66e47ef0,70e2d2db-6592-45e2-889f-eb3be0b84ecb,REFUND,medium,email,2026-07-13T00:00:00,2026-07-14T07:00:00,info_provided,fraud
6f6b2743-7cd9-4ccc-933f-2607d1428583,c1a83a518dec21a938b5ca2a66e47ef0,1d85e9ee-68d3-469a-9f0c-6b0b6f2de5bd,SHIPPING_DELAY,high,app,2026-07-17T00:00:00,2026-07-18T07:00:00,auto_resolved,fraud
8d7a656b-aed1-4f4f-974d-a8c936630c48,c1a83a518dec21a938b5ca2a66e47ef0,87e25d51-850b-40cf-956b-99f74ba042e7,REFUND,medium,app,2026-07-22T00:00:00,2026-07-23T19:00:00,auto_resolved,fraud
4610512d-454b-4ffa-9c0b-8b71df45c991,485fa1b8db05ed6fa0062ece4ce80d2e,62a41515-960c-429c-b32d-ef9af43b5b6c,ORDER_STATUS,medium,email,2026-06-09T00:00:00,2026-06-10T20:00:00,escalated_to_human,existing
ecfce165-3536-4575-ac31-69f3777d221c,c6d5793d0b594c9c3599c407f62458d6,47448f91-da3d-4654-b6fc-78f64fd16dd3,DAMAGED_ITEM,low,app,2026-07-05T00:00:00,2026-07-06T04:00:00,info_provided,existing
2190d07e-023a-476c-8588-9d0c110f6599,cc31282a9d20caa9b70e578d1d5a7062,b718487e-f481-4738-aa3f-1e1d991022d3,ORDER_STATUS,medium,app,2026-05-22T00:00:00,2026-05-23T02:00:00,auto_resolved,fraud
4c5391bb-5436-4d76-9203-10429156d39c,cc31282a9d20caa9b70e578d1d5a7062,ce6176e8-ebbf-487f-b6c7-895a6e810bf4,REFUND,low,email,2026-05-04T00:00:00,2026-05-06T09:00:00,escalated_to_human,fraud
ab0808b2-fd1c-4af5-84a4-bbdf2a473d67,cc31282a9d20caa9b70e578d1d5a7062,10e77f48-9c50-48ef-816e-addbe866f67a,FRAUD_REVIEW,high,app,2026-05-13T00:00:00,2026-05-13T17:00:00,escalated_to_human,fraud
9edf4fd3-13ea-4dc4-9068-754691a65ae6,cc31282a9d20caa9b70e578d1d5a7062,c8330b44-e06a-4707-8001-85dc40f60e7a,REFUND,high,email,2026-07-13T00:00:00,2026-07-13T13:00:00,escalated_to_human,fraud
9d57527d-c055-4a5f-bf2f-33e149fcb280,cc31282a9d20caa9b70e578d1d5a7062,8c4bdabc-7daf-4b6a-b87f-3bf58ed4a437,REFUND,low,chat,2026-05-22T00:00:00,2026-05-24T09:00:00,auto_resolved,fraud
3bafd0dd-4368-4bea-a76d-68dfabae2ce9,9abd58f6bc7412a8da01a98351e6b989,5570ae0f-18db-40c4-ad6f-9cf7fde3bf8d,REFUND,high,chat,2026-07-13T00:00:00,2026-07-15T22:00:00,info_provided,existing
3a0ac25f-6bfa-4800-8840-43068e18dd92,5beb6ddd92a5f785780c5a7a08e9bca4,83636926-f66b-4ecb-ab6e-737984aa9c2d,ACCOUNT,low,app,2026-07-24T00:00:00,2026-07-25T01:00:00,escalated_to_human,fraud
8048f9ee-6a88-4f9a-9ec5-720546dc0504,5beb6ddd92a5f785780c5a7a08e9bca4,2c643aef-8436-474e-999f-5022d5fb4da2,REFUND,medium,app,2026-07-12T00:00:00,2026-07-13T00:00:00,escalated_to_human,fraud
9d16bde3-99d5-4a54-9839-ad3f13d1fda9,5beb6ddd92a5f785780c5a7a08e9bca4,41db7c70-98a1-4e21-9de0-71df98f73bcf,REFUND,medium,chat,2026-06-29T00:00:00,2026-06-29T04:00:00,refund_issued,fraud
d760412a-3905-41f6-8244-325c6a55905d,57378b07a6c91c06c139bfff05a246ab,938fea38-8b1d-43e8-ab63-4af0ac318463,REFUND,low,chat,2026-07-09T00:00:00,2026-07-11T07:00:00,refund_issued,new
4b26e6c4-6782-47ab-9f42-05c474572566,d22fa88d87b7b3e2efeb587ea5c9a742,cb163b04-dded-43ff-83fc-c10ebd168331,SHIPPING_DELAY,low,chat,2026-07-04T00:00:00,2026-07-06T03:00:00,info_provided,churn_risk
d7b96675-8e3d-44fb-81ec-4fbceb34a5bb,98d073c472d6309957c0ee7999c8804f,4796f01c-9790-4d01-b76e-475ecbd136e2,ORDER_STATUS,high,email,2026-07-04T00:00:00,2026-07-06T03:00:00,info_provided,new
5efdd507-4cfd-4d51-8191-b42595e7b2b6,e3a5f5e65ff3b780847f89dcc81c344b,6cd3fa95-1b58-47e8-9681-e4acd3e59f7b,REFUND,high,app,2026-06-24T00:00:00,2026-06-24T13:00:00,refund_issued,existing
5d12d667-12fb-4ae9-8a5e-f3b2bb2b5d48,e3a5f5e65ff3b780847f89dcc81c344b,47faa473-3a0e-476d-8dc1-23ab34380a88,ORDER_STATUS,high,app,2026-05-20T00:00:00,2026-05-22T21:00:00,refund_issued,existing
655273d3-3e4c-4ad7-8add-3b26d76c160e,9a376ff06ccaae65a04b1b1c5535fc75,c92a66e1-906a-41ed-9774-744492459336,ORDER_STATUS,high,email,2026-07-18T00:00:00,2026-07-18T09:00:00,info_provided,new
7f2f4f50-1ea5-433a-9366-89a57db694fa,56987d3e10c71d7d4e0fc479e65a35b6,3528e99a-2aac-4707-bafd-9a74e2115f55,REFUND,medium,app,2026-06-14T00:00:00,2026-06-16T10:00:00,escalated_to_human,existing
43c0e571-6ba4-4e03-b873-44ecb89cf8ed,3de675e6f79e135540ee0144844d26a7,a5a7a063-87ba-4e05-a61e-1e4f5f1233f1,PAYMENT_ISSUE,low,app,2026-07-04T00:00:00,2026-07-06T04:00:00,escalated_to_human,churn_risk
3d266e79-a498-4f56-9af2-18a03897f935,96d97637a814355ed5e0913942533b21,182b4270-41af-4326-85bd-03d7d13781b1,ACCOUNT,medium,app,2022-09-21T00:00:00,2022-09-22T16:00:00,auto_resolved,existing
38b79328-5371-4b00-8098-a73ea2a01c8d,96d97637a814355ed5e0913942533b21,3af33178-c1de-4348-8b53-9ccfbce02260,SHIPPING_DELAY,low,app,2022-12-12T00:00:00,2022-12-12T15:00:00,refund_issued,existing
5b8ff5d9-bdef-4650-8d46-9aabe827b9f6,96d97637a814355ed5e0913942533b21,63cbed0e-ddef-49f6-867d-1c1f5076f4bb,CANCELLATION,medium,chat,2024-03-24T00:00:00,2024-03-25T07:00:00,refund_issued,existing
15a39f5a-2ee1-4b7d-9ea0-bb2228bdf0da,3edc2805e049db7e556130362bb517fc,9d69ff26-d965-4c3e-856f-72f54d88934f,ORDER_STATUS,medium,chat,2026-06-27T00:00:00,2026-06-29T01:00:00,escalated_to_human,existing
b83870ed-2cd6-4bb5-adee-2e004a0dca59,f8e72998ed5d90531072d0f39d6bc9de,190f680d-480a-4698-bb8e-311fdc18fcf8,REFUND,low,chat,2026-05-15T00:00:00,2026-05-16T09:00:00,escalated_to_human,existing
0e5fda05-0a9c-413d-bf60-cef4d4d0e888,cf5c7635240dca5beb6f7e5e7d9a08d6,2ded2864-666c-45b1-a62a-ddbe4a0b00da,REFUND,high,app,2026-07-22T00:00:00,2026-07-24T08:00:00,info_provided,new
2c15e27a-5e1b-4aa2-beff-f09df4525f83,e2c59e02e343f49861fc454410cab380,1bfe3ae6-6d55-453b-8149-7bbf6fd6fabc,CANCELLATION,low,chat,2026-06-24T00:00:00,2026-06-25T23:00:00,auto_resolved,existing
ba9f2f07-313c-42c8-b39c-501333aa1939,fe947af6540d580b9703d0332d04f0e3,79914816-e29e-4ed8-becd-b850cf7ad467,FRAUD_REVIEW,high,chat,2026-07-21T00:00:00,2026-07-22T05:00:00,escalated_to_human,fraud
c74cce67-9601-413e-bd3a-2970944ff0c8,fe947af6540d580b9703d0332d04f0e3,3af204d9-2118-4597-8b67-82175694d08d,FRAUD_REVIEW,high,app,2026-07-05T00:00:00,2026-07-05T02:00:00,escalated_to_human,fraud
b9c9dde3-76e9-4441-9e25-ab79a7decbac,ea8c130ad7f684ae458672c78e0dfd00,cb62e3aa-a86c-459c-b495-95d8d42b319e,ACCOUNT,high,email,2026-04-06T00:00:00,2026-04-07T22:00:00,info_provided,existing
7e8ac4cb-1eb1-4a42-8132-b0ee3389adb5,ea8c130ad7f684ae458672c78e0dfd00,142e0c34-2de4-44a9-838f-3c653c523ebf,DAMAGED_ITEM,medium,app,2026-02-03T00:00:00,2026-02-05T19:00:00,info_provided,existing
51da12de-e7cc-439a-a406-bd84f6a4426d,ea8c130ad7f684ae458672c78e0dfd00,aadbfc43-464e-4508-8ef6-2ce83eb53ff6,REFUND,high,email,2026-03-21T00:00:00,2026-03-21T18:00:00,info_provided,existing
9ce3a876-de77-41cf-800c-0b3740bc3070,606441378b517f9eeb89f9154a1c4d4f,4d303b72-487b-4fa9-b1a5-b4d49c4112e5,CANCELLATION,medium,app,2026-07-01T00:00:00,2026-07-02T02:00:00,refund_issued,existing
0a45dbe1-0463-4f72-b81e-ff58134e4542,e87cdd2fb9f1d3ff3438a9d02e454793,63e6bf91-2045-4321-8b64-130bf32af613,ORDER_STATUS,medium,email,2026-07-12T00:00:00,2026-07-13T21:00:00,info_provided,new
bd5dad29-d977-4159-8d6f-8fb434c8e584,7c9b935f3b97a9c5ef678418932ae8e8,7a830e75-e14c-4eb7-9317-de186a642b38,DAMAGED_ITEM,medium,app,2026-07-13T00:00:00,2026-07-13T22:00:00,refund_issued,existing
a3597450-34cc-4eb4-ad97-436d10974b80,7c9b935f3b97a9c5ef678418932ae8e8,e3523ec1-65a9-4f11-b5e4-5d2253c83f11,SHIPPING_DELAY,high,email,2026-07-07T00:00:00,2026-07-07T13:00:00,refund_issued,existing
25c5f26f-eb7a-4a3b-9025-5da5179f4354,0998bf56b5b6f78fed7d753b59254727,7ac75511-f943-4e06-8701-0a771c8a4520,SHIPPING_DELAY,low,email,2026-06-21T00:00:00,2026-06-22T10:00:00,escalated_to_human,existing
75277bc9-5f7b-42df-a62d-4986180ae04e,9d74adedec2d8b3f568c85f97e0563c5,48763882-0052-4b17-82e9-3040181ce211,SHIPPING_DELAY,low,email,2026-07-30T00:00:00,2026-07-30T06:00:00,escalated_to_human,new
8228e52b-405f-4c04-908d-fc75ebfe0c0f,9bb17125558a326bc9db37d5ba89cbff,b67efcd4-2e3b-46eb-9d0f-5ef364bf3680,CANCELLATION,low,chat,2026-07-09T00:00:00,2026-07-11T23:00:00,escalated_to_human,fraud
23e18d77-6200-49e1-a798-99e2b85b3410,9bb17125558a326bc9db37d5ba89cbff,b5a41ce2-200c-49af-b1f1-27e2f3f24f88,REFUND,high,chat,2026-07-23T00:00:00,2026-07-23T09:00:00,refund_issued,fraud
548f095c-82b7-4e74-aa77-8ebf5e51499a,804eb66464db178ab95f5f4ced1f4a9a,6e92437a-c01c-4310-9f69-ca88c28b9910,SHIPPING_DELAY,high,email,2026-06-02T00:00:00,2026-06-02T09:00:00,auto_resolved,fraud
3162a628-e061-4d6c-a468-86075c7933fc,804eb66464db178ab95f5f4ced1f4a9a,0fdf89c3-8ce1-4387-96fb-f5af209f9b40,DAMAGED_ITEM,low,chat,2026-06-18T00:00:00,2026-06-20T11:00:00,auto_resolved,fraud
b906616b-2788-4de3-9074-6e8744158a69,804eb66464db178ab95f5f4ced1f4a9a,feb74a63-08d4-44b0-a7fb-7c0328029349,REFUND,high,app,2026-06-18T00:00:00,2026-06-20T17:00:00,refund_issued,fraud
1338effb-51c9-4ac3-b379-a9b53b92c22a,804eb66464db178ab95f5f4ced1f4a9a,b465450e-e947-4243-86e4-e0ffe57f5d37,DAMAGED_ITEM,medium,email,2026-05-16T00:00:00,2026-05-17T01:00:00,refund_issued,fraud
97faf444-8e82-432b-8a15-d1aef39484bd,b3a8a8097a47f8a79016a801b6b94dd2,4db76281-af9d-4a89-a96d-f916604a827b,REFUND,medium,chat,2026-04-23T00:00:00,2026-04-25T17:00:00,info_provided,new
d25cc46c-530f-43ed-bd48-bb0cbf2c3d74,ef9dd09d99cdfc6a10281e30f85d525f,bf963be9-b3fe-4031-9d90-97c1fce4ab73,SHIPPING_DELAY,low,email,2026-07-19T00:00:00,2026-07-21T19:00:00,escalated_to_human,new
09bd720a-0424-4cac-80de-94a1bd385bb6,5616f75d22507069b5383854a1d8c414,7d028989-6d44-4896-a475-261bd244249b,DAMAGED_ITEM,high,email,2026-06-30T00:00:00,2026-07-02T08:00:00,info_provided,churn_risk
228e746a-72cd-4fa4-9c64-754c15cad174,553ad73e3267ba622039c309c8c477df,7a888772-a6fc-4bb9-9afd-758ca519ee9f,DAMAGED_ITEM,low,chat,2026-05-29T00:00:00,2026-05-29T10:00:00,refund_issued,churn_risk
8e0c890b-6921-4de3-9221-ac86ce6959d5,684fda5905aa430123c7b293106a337b,7a5cdb36-e305-4b17-bf43-4979e8fc9e54,SHIPPING_DELAY,low,chat,2026-07-22T00:00:00,2026-07-24T13:00:00,auto_resolved,fraud
45f5ca4b-3351-4ce0-85ec-1fb1c2b37dd2,684fda5905aa430123c7b293106a337b,a63aa0c1-1c9b-4088-8d1c-96158f0bc918,SHIPPING_DELAY,high,chat,2026-07-27T00:00:00,2026-07-28T06:00:00,escalated_to_human,fraud
b19a7c3e-5eec-4afa-a142-e84c72d5569d,684fda5905aa430123c7b293106a337b,507a78c2-da2a-4662-8fdb-22d2554cd052,SHIPPING_DELAY,low,email,2026-07-15T00:00:00,2026-07-17T23:00:00,escalated_to_human,fraud
0f7c2a58-e3ee-4bcd-bd9e-131b9399f39f,684fda5905aa430123c7b293106a337b,240a5b92-e0bc-4c26-a7de-04d3b5f84e59,REFUND,high,email,2026-07-03T00:00:00,2026-07-04T20:00:00,auto_resolved,fraud
ee5ccd2a-6391-4150-b71d-553e4fa5451c,a40fd948c7052f309fbbb0c6e3d0999d,947c8fad-7ff1-4a98-ba90-3259015aa824,REFUND,low,chat,2026-07-12T00:00:00,2026-07-12T16:00:00,info_provided,new
fee93b3a-eec5-4d9d-80f3-237b67bfae99,a40fd948c7052f309fbbb0c6e3d0999d,ce2d1c5d-2ddf-4190-88fe-2d2ed8533fe4,PAYMENT_ISSUE,high,app,2026-07-09T00:00:00,2026-07-10T13:00:00,escalated_to_human,new
ebf6263f-3598-4839-b35c-08638651c57a,a40fd948c7052f309fbbb0c6e3d0999d,e4a31ab7-f0e3-45a1-a178-5143f1f156f6,DAMAGED_ITEM,low,chat,2026-07-03T00:00:00,2026-07-05T14:00:00,escalated_to_human,new
b7392240-25e5-4559-9b13-2545657d6467,d8e40a4b16990a6fd1095feae46aa1af,16f9d07c-6cd8-4115-a8aa-e2d53c77fd05,ACCOUNT,medium,chat,2026-07-16T00:00:00,2026-07-16T09:00:00,escalated_to_human,existing
dd2651de-b8c7-4697-9eae-7ead225efa05,4795fb1b0d025528a80e2e9ed5b35a85,a7b7504f-93f1-4e6d-8253-430b0367e3d4,SHIPPING_DELAY,low,app,2026-07-24T00:00:00,2026-07-26T21:00:00,auto_resolved,new
b16c7cfb-8a37-44d3-a5c3-dc512600012a,24058044dcbcb7313582db0305dbe7f4,19a5de92-391a-419f-9d4a-152d37d0cd46,CANCELLATION,high,email,2026-05-07T00:00:00,2026-05-09T15:00:00,auto_resolved,existing
13b9b4a9-c1f6-443b-8905-043699b06f5a,3ed4235d521c24fec4f77d4254e070b8,10f85167-6601-427c-bbbe-697a44fee977,DAMAGED_ITEM,low,email,2026-07-14T00:00:00,2026-07-16T00:00:00,info_provided,existing
c25a87df-8bc4-4b74-9819-1d1df76c758b,b66b993b8c12ef14d25a717b22708dbd,24af3349-a58e-44ba-8efe-275dc59ce2e1,DAMAGED_ITEM,low,chat,2026-07-08T00:00:00,2026-07-09T18:00:00,info_provided,churn_risk
323526c8-b802-4816-a408-cb7414dd8f27,de5f2d4aa1e29e756ca9225b1f157474,7f61ef2f-d510-4a10-854b-325214ca1864,REFUND,low,chat,2026-05-05T00:00:00,2026-05-06T05:00:00,auto_resolved,new
c549014e-c073-4e50-a43e-28649cbe0e70,082f8d0d83744f4fa435269cf705a07c,50692505-e2fb-4535-a873-4e12927a7697,CANCELLATION,medium,email,2026-07-13T00:00:00,2026-07-13T22:00:00,escalated_to_human,new
ebc192e9-d59e-4174-bfc9-939a643aa3cb,f14a94df58861cb1811f48b40271884e,b9bbb91e-686b-4018-8811-4a658bc461f8,REFUND,medium,chat,2026-07-26T00:00:00,2026-07-28T20:00:00,refund_issued,fraud
4e8cd3c0-8cf8-47ed-9e2b-a946b2699afc,f14a94df58861cb1811f48b40271884e,64c6e9fd-4302-4124-853e-ce091fd183c0,ACCOUNT,low,chat,2026-06-09T00:00:00,2026-06-10T17:00:00,refund_issued,fraud
9c9e4568-d24d-4b51-b5f0-207ac1280ca9,f14a94df58861cb1811f48b40271884e,f1dc1870-7d8a-4b96-9240-a197c12f1073,ACCOUNT,low,email,2026-07-22T00:00:00,2026-07-24T09:00:00,escalated_to_human,fraud
5c5f9eb1-2a9a-487d-8ae6-a5153af4d165,f14a94df58861cb1811f48b40271884e,ba22196e-824e-4d41-ae08-f4ce4905cdd0,DAMAGED_ITEM,medium,app,2026-06-20T00:00:00,2026-06-20T09:00:00,auto_resolved,fraud
bdedc590-3d4f-44a8-8ecf-244ac92eea60,f14a94df58861cb1811f48b40271884e,a990a2db-3c73-4ec9-aabe-e6717d28f16c,CANCELLATION,high,app,2026-07-10T00:00:00,2026-07-11T21:00:00,auto_resolved,fraud
2e1f758f-75ba-4c4d-8d9a-8faa7bb47033,f14a94df58861cb1811f48b40271884e,b8a0ba76-393a-4281-895e-461000b73372,CANCELLATION,low,email,2026-07-08T00:00:00,2026-07-10T20:00:00,auto_resolved,fraud
9f8e4280-04fa-4d80-909c-c65da1fddf66,f14a94df58861cb1811f48b40271884e,65246591-cddf-4960-8068-6eb0f397e3a6,ORDER_STATUS,high,email,2026-06-15T00:00:00,2026-06-16T07:00:00,info_provided,fraud
87588d63-171b-41fc-bc6b-cba78879a98f,f14a94df58861cb1811f48b40271884e,6ee28b16-7014-4423-b36f-836d2e08a998,REFUND,high,email,2026-07-01T00:00:00,2026-07-03T00:00:00,refund_issued,fraud
bd61e152-49e1-4dc9-934e-d19d601dfde8,f14a94df58861cb1811f48b40271884e,d1b58a1c-9d59-4851-b492-ce866d00364e,SHIPPING_DELAY,high,chat,2026-06-08T00:00:00,2026-06-10T14:00:00,refund_issued,fraud
68d41dd7-ff1e-4a3d-aa2f-c8bda2ea0bfd,f14a94df58861cb1811f48b40271884e,043aef12-7e74-494d-a00e-5eb93e6d6df9,REFUND,high,email,2026-06-25T00:00:00,2026-06-25T14:00:00,info_provided,fraud
1dea6b83-7307-49d8-a4be-c8733ec933ca,f14a94df58861cb1811f48b40271884e,a98fc58d-c324-417c-82d0-729d90a308f3,SHIPPING_DELAY,low,app,2026-06-21T00:00:00,2026-06-23T12:00:00,auto_resolved,fraud
4acb02fe-8422-454d-84b1-de87b1921a34,f14a94df58861cb1811f48b40271884e,f430f404-c144-4864-bf55-29086b971235,REFUND,high,chat,2026-05-30T00:00:00,2026-06-01T12:00:00,auto_resolved,fraud
fe7fc9ed-929e-44de-a5ee-44020fe8bd86,f14a94df58861cb1811f48b40271884e,afcb0d70-6bc7-4238-808f-fa5ba61d0745,FRAUD_REVIEW,high,email,2026-07-07T00:00:00,2026-07-09T01:00:00,escalated_to_human,fraud
945adf5e-0474-4c22-bc28-0f7baaefaa54,f14a94df58861cb1811f48b40271884e,be418f0c-caf4-4d6e-9f26-3cafc56e218c,FRAUD_REVIEW,high,app,2026-06-13T00:00:00,2026-06-13T09:00:00,escalated_to_human,fraud
3ca4dc8a-61e0-4b60-8465-6412b8a67a04,f14a94df58861cb1811f48b40271884e,2495970e-aa74-4b21-84cf-ab3d6dcf293c,SHIPPING_DELAY,medium,email,2026-06-13T00:00:00,2026-06-15T18:00:00,info_provided,fraud
a0207365-13f6-4951-9f25-4381ef7d201f,f14a94df58861cb1811f48b40271884e,50a3acbd-dfbc-425b-8c33-89ebea2bc317,FRAUD_REVIEW,high,chat,2026-06-29T00:00:00,2026-06-30T05:00:00,escalated_to_human,fraud
05171d8f-bd4c-4218-a5ca-92f4fa2fb743,f14a94df58861cb1811f48b40271884e,6d5470fd-67f8-4b9f-8d70-0e9de49d6f39,ORDER_STATUS,low,chat,2026-06-01T00:00:00,2026-06-01T05:00:00,info_provided,fraud
1a8d6a34-8644-40ee-84f6-8de303ae0a4a,daeb283b71a3cc8f49c2c878bb86e15f,c578ffb6-e3ba-4a33-bf27-fd0204617383,ORDER_STATUS,low,email,2026-07-04T00:00:00,2026-07-04T09:00:00,refund_issued,existing
83d2cfed-d6a1-44f4-a48e-78a41a6a04de,d925bd95427392b209f0f2fe80c239d6,42fdc1be-d6ae-45b4-bd7f-5857a3063ff6,SHIPPING_DELAY,high,app,2026-07-23T00:00:00,2026-07-24T09:00:00,info_provided,existing
17df2c6b-53f7-411e-ba85-608b20945d15,71f88676a49942af16839e9690b97f54,70bb4d43-3b39-43f9-81d9-2163e56af701,SHIPPING_DELAY,high,chat,2026-07-13T00:00:00,2026-07-13T09:00:00,refund_issued,new
bde31881-5046-4b89-b1e0-68731f48212c,22c05efd13a78e3d82eca52589e0313c,c14f2b1d-b8d0-4017-90f4-15b29de9a1af,PAYMENT_ISSUE,medium,email,2026-06-11T00:00:00,2026-06-11T23:00:00,auto_resolved,existing
ea4308e5-2da6-4134-ac16-634b99094aa3,22c05efd13a78e3d82eca52589e0313c,491fbed2-51fe-4af5-8d9f-4e6deba4fd8d,ORDER_STATUS,low,chat,2026-06-15T00:00:00,2026-06-17T13:00:00,auto_resolved,existing
2f8dbdfe-893d-494a-8ca5-de44f04f0165,1bbadaadd0914e2ef6bcb4098f56e7eb,c441747f-b20c-43e2-9755-b5e686123e8c,DAMAGED_ITEM,high,chat,2026-07-06T00:00:00,2026-07-07T19:00:00,refund_issued,new
9c7dd8cc-a562-4a82-9930-e6ca0707d696,89be91f6d069773a65226b2773313752,1a223c44-1c5e-41a7-aab8-ec548f4feb04,REFUND,high,app,2026-06-25T00:00:00,2026-06-27T17:00:00,auto_resolved,new
97f90791-833d-4840-9ee7-fd69b98ef296,517b7fc61e9aa8194ad8f298c015e97d,2d48781a-8d5c-4281-b9bf-50e13566ce81,REFUND,medium,app,2026-07-27T00:00:00,2026-07-28T18:00:00,escalated_to_human,new
9a8700e4-ace7-4ff5-bb22-567e7ce35d36,f72d1ee92d55688d07ca88506300715e,791f456b-173d-4b71-a744-dde7be6127c7,PAYMENT_ISSUE,medium,email,2026-06-16T00:00:00,2026-06-18T10:00:00,auto_resolved,existing
963f994b-aef5-40af-ae07-664a07e8997f,f72d1ee92d55688d07ca88506300715e,0703c82c-a5db-49c4-9666-28b963970f1b,SHIPPING_DELAY,medium,chat,2026-07-12T00:00:00,2026-07-14T08:00:00,auto_resolved,existing
48e8ed82-c64c-4bb7-916c-678083ae91ef,daf01deafc412b92fd052d5a9e9e6525,ffdc7f43-653f-407d-bd30-093933d63927,DAMAGED_ITEM,medium,app,2026-07-05T00:00:00,2026-07-05T22:00:00,refund_issued,existing
553501fc-90b1-4ee2-a5a3-2c387d9df9c6,068bf1b6ad5389ef7fd0b25926059be9,2d51c704-6d6a-4b37-95a7-888bc7c03497,DAMAGED_ITEM,medium,app,2026-07-01T00:00:00,2026-07-02T11:00:00,auto_resolved,existing
5c9ef9c6-0563-40f5-882e-b241be0f9789,9751244bd65fd1f1166ab7f3e10a31ab,ac6fffab-372c-456e-9681-bab401f8135f,CANCELLATION,low,app,2026-06-25T00:00:00,2026-06-25T01:00:00,escalated_to_human,existing
f1d47b62-3951-4c28-8d52-d1856ca07b2d,12ae9d27e5e84221c11f93fd2d2656bb,bb88820e-ebe1-43cb-835e-c7c82f160557,ACCOUNT,high,email,2026-06-17T00:00:00,2026-06-18T22:00:00,auto_resolved,new
aa65e086-46b8-4054-9919-3a3ea17046c9,980612b4526788a3ebb91b6e372db0af,0d2ce22e-7ede-431d-88f9-b50a88a48d63,DAMAGED_ITEM,high,chat,2026-07-04T00:00:00,2026-07-04T10:00:00,escalated_to_human,existing
b97465bb-1515-40f7-9059-741b4dcb2c3f,474dc55152d9636a4f660ca32374afcc,b38a00cd-37a3-46a0-af79-b64180a823e1,ORDER_STATUS,medium,app,2026-07-08T00:00:00,2026-07-09T09:00:00,info_provided,existing
fb171170-b5f6-4a0f-afbe-7672f44be5b4,474dc55152d9636a4f660ca32374afcc,614d1d6f-94cb-4e58-9020-a466700df7e1,DAMAGED_ITEM,medium,chat,2026-07-29T00:00:00,2026-07-29T09:00:00,info_provided,existing
9d89c5bf-766c-41cf-bb3e-c500835e68ba,6140e284b4e76e928d4cefbf30df1e01,ae42fa17-e34b-4883-8431-62073764d114,PAYMENT_ISSUE,low,email,2026-06-18T00:00:00,2026-06-19T02:00:00,info_provided,existing
4aac41d9-79ba-4b13-8ff6-61f6cd8e5e0e,3f10bb8c1f2cbbbaee66cb7b8aade13a,554f5304-5146-498a-a769-b1bd9575596b,ACCOUNT,high,chat,2023-07-25T00:00:00,2023-07-27T10:00:00,auto_resolved,existing
b596a27e-816a-4e7d-810d-1b3b4ce06a1e,3f10bb8c1f2cbbbaee66cb7b8aade13a,17bb3bd5-51ea-4a9d-99ba-2248a13cbe89,REFUND,low,chat,2023-10-27T00:00:00,2023-10-28T08:00:00,escalated_to_human,existing
6be9a1b3-203d-467d-8e8c-60f07aa5dd55,46799d0831910f2c477c49a994961510,71cc2361-3f60-452f-9ffc-3ac6c8778316,DAMAGED_ITEM,low,app,2026-03-24T00:00:00,2026-03-24T12:00:00,auto_resolved,existing
0def1f9b-dbb1-441c-bad8-ef63918da585,daddad443c8d1bd86fa6ea8395e69e82,694f5946-3063-4de4-bbe4-abff488609d1,ORDER_STATUS,low,email,2026-07-10T00:00:00,2026-07-11T16:00:00,info_provided,new
f9d1e82e-e495-41ae-88a0-db25bae5401b,cb5d14426ba66f929f72e01bb92fc3cf,476cdfc8-d2f0-4768-9333-3b26a6604c46,SHIPPING_DELAY,low,app,2026-06-24T00:00:00,2026-06-26T00:00:00,info_provided,existing
8f8526bb-60b3-4173-b3d6-126c24f6ef16,5729c597c0f53d54a91b45f64461a958,b2969a7f-8030-4f2b-a973-fd50dae865f7,SHIPPING_DELAY,high,email,2026-07-05T00:00:00,2026-07-06T20:00:00,escalated_to_human,new
251c42f3-71b8-4142-b29d-b4512fcf80ba,2f7597687aeb6a542aa308ee8618fc72,70bcb8da-a53e-469f-8416-9de31dda672a,REFUND,low,email,2026-06-30T00:00:00,2026-06-30T07:00:00,info_provided,existing
177fda13-6a1f-4e26-8c8c-493a174623f5,68ef37029e128c6e666b338276b2a47f,8951487c-46c6-428f-9ad6-9b9d6afcef61,CANCELLATION,high,app,2026-07-04T00:00:00,2026-07-05T00:00:00,info_provided,existing
4a5935c3-1888-4614-ad79-d54782374a1f,68ef37029e128c6e666b338276b2a47f,fd9f0251-efa5-462a-8d37-78672e5b3ff8,DAMAGED_ITEM,low,app,2026-07-02T00:00:00,2026-07-03T18:00:00,auto_resolved,existing
8233d603-1229-4a00-8339-2d5e9ac79fda,6e046f72846b475feea9265ae8447835,19454086-b955-4043-90a4-606d9e3bff5a,SHIPPING_DELAY,high,email,2026-07-15T00:00:00,2026-07-15T03:00:00,escalated_to_human,new
bae5fb1c-544c-4bc2-946b-0a604e837f57,6e046f72846b475feea9265ae8447835,1f96512d-0ecb-4110-b1d4-fe86f7375791,ORDER_STATUS,low,email,2026-07-23T00:00:00,2026-07-24T23:00:00,info_provided,new
ff0334c8-0a67-4ff3-a215-d1dd672614f1,076efbad08f34a6316ec570ea20a0568,542c8ba6-5c56-4987-a607-f5f9d67d190c,SHIPPING_DELAY,high,chat,2026-07-06T00:00:00,2026-07-07T09:00:00,auto_resolved,new
1f346a47-b0fb-44d2-858c-8fbb6bfe2adb,508cae50c5c1e72079d266a513bca9ae,8c91bced-7af7-4dc4-9639-3dc3988090d2,PAYMENT_ISSUE,medium,app,2026-07-18T00:00:00,2026-07-19T10:00:00,escalated_to_human,existing
282b4b25-db48-4d91-b39c-4d626a2e32ce,74a79b917483257286bedb2355c729f8,6565c315-d929-4763-94b8-3ee9e1ee1c3f,SHIPPING_DELAY,medium,chat,2026-05-12T00:00:00,2026-05-14T08:00:00,info_provided,churn_risk
72deed4a-1e4c-4dc9-a1dd-e71de976e97e,ca042e1c4a76949e979abfb74159e9ab,c9b4af7b-41bb-479a-83f3-ff2261064e36,PAYMENT_ISSUE,low,email,2026-06-29T00:00:00,2026-06-30T19:00:00,info_provided,existing
ed476014-60f6-40cc-81f3-7030d61b56ff,ca042e1c4a76949e979abfb74159e9ab,c47554c0-0e79-42f0-9328-2bce1871d63c,ORDER_STATUS,medium,chat,2026-06-21T00:00:00,2026-06-22T04:00:00,escalated_to_human,existing
5122cf93-acee-4363-be06-3bbf10bb2c5e,ca042e1c4a76949e979abfb74159e9ab,965fb93f-2f30-4760-9183-d9073dae011a,DAMAGED_ITEM,medium,chat,2026-06-29T00:00:00,2026-07-01T07:00:00,info_provided,existing
7fe0cb31-720b-49f0-82d0-fba7f96e33a1,ece8fc191a00edb90d32f45d67a3a178,a6588f35-8824-4562-a9e2-52962b5f44aa,SHIPPING_DELAY,medium,app,2026-05-01T00:00:00,2026-05-03T04:00:00,refund_issued,existing
f229d358-728f-4ffa-8f79-87c2dd4c26f0,b2e803d748d08864a69aa128447a1358,a0f15c96-eddf-4b25-9901-7e33de1b8a37,SHIPPING_DELAY,medium,app,2026-07-13T00:00:00,2026-07-15T04:00:00,refund_issued,new
7dacfb41-68b2-4274-9205-821ed4964577,b2e803d748d08864a69aa128447a1358,a5412101-d66a-4531-bae8-d8ee87614154,REFUND,high,app,2026-07-13T00:00:00,2026-07-13T10:00:00,escalated_to_human,new
8aad9bda-380e-4deb-9790-3b9062c285b5,3ebf883fc9d9a5dca8de826c31689e41,2a0f7846-b4f9-4a54-830a-db564339df3e,CANCELLATION,high,email,2026-07-14T00:00:00,2026-07-14T22:00:00,auto_resolved,new
7613cdba-97ec-4a4a-a8ba-439765c52d84,de1d1dd6e8c55cf4f5110ceb372c02a6,7074449e-25c1-4636-8914-85bc45fc2380,REFUND,low,email,2026-07-11T00:00:00,2026-07-12T06:00:00,escalated_to_human,existing
dc9f13b1-cb71-4cc3-921a-737ff7149714,2b8649d1a9912afc25d2943a04782756,6c75a050-e44e-4cce-b5f9-2f77b877d91b,ACCOUNT,low,chat,2026-07-21T00:00:00,2026-07-21T20:00:00,refund_issued,new
8f688024-4d73-46fc-8161-329740ea2981,2b8649d1a9912afc25d2943a04782756,5b3b7aea-475f-465f-9cb6-5742eda1a6ff,ACCOUNT,high,app,2026-07-13T00:00:00,2026-07-14T22:00:00,info_provided,new
fd50aed8-cdda-4952-8505-f2f51683d66d,5ad76b2e1b9830ec678ccda420872dcf,8c9a0ae5-f534-49fe-b0e2-addb24842e7b,ACCOUNT,high,chat,2026-06-10T00:00:00,2026-06-10T15:00:00,refund_issued,existing
bbf57897-1331-4a7c-b96f-43164c713a2c,a8bf8a5a3f01ec3bab15b75fb1920205,5e57f3d2-b85f-4db6-b62d-9d4a383af236,SHIPPING_DELAY,high,email,2026-07-21T00:00:00,2026-07-23T22:00:00,refund_issued,fraud
88b79308-7fbf-461a-88cd-8c4c814e1d4f,a8bf8a5a3f01ec3bab15b75fb1920205,34089a33-12a5-4157-87b5-6d165652839e,FRAUD_REVIEW,high,app,2026-07-29T00:00:00,2026-07-29T22:00:00,escalated_to_human,fraud
703dea21-667c-44fb-b1bc-d61897e387ca,a8bf8a5a3f01ec3bab15b75fb1920205,952be538-1dfa-48ba-ac50-e6c583fea14b,FRAUD_REVIEW,high,app,2026-07-17T00:00:00,2026-07-17T03:00:00,escalated_to_human,fraud
8bc48f42-6aaf-4a56-b991-45ba7f662d3b,61575c95d9e40ecb8277a9cd8ace01c8,5a698947-fead-4706-88f8-dfde86c9aab1,ACCOUNT,high,chat,2026-07-27T00:00:00,2026-07-27T09:00:00,escalated_to_human,new
